recorded_date,tail_number,aircraft,date,time,flt_num,dept/dest,altitude,oat,latitude,cg(%mac)_(%),gross_wt_x_1000_(kg),gen_load(%_of_max),lhv,thrust_setting,thrust_setting_dev,thrust_dev_(%),ff_dev_due_to_thrust_setting_(%),book_fn/eng_(kg),book_fn/delta/eng_(kg),fn/delta_eng1_(kg),fn/delta_eng2_(kg),fn/delta_eng3_(kg),fn/delta_eng4_(kg),actual_fn_eng1_(kg),actual_fn_eng2_(kg),actual_fn_eng3_(kg),actual_fn_eng4_(kg),book_ff_eng_1,%ff_dev_eng1_(%),book_ff_eng_2,%ff_dev_eng2_(%),book_ff_eng_3_(%),%ff_dev_eng3_(%),book_ff_eng_4_(%),%ff_dev_eng4_(%),fuel_flow,book_value_of_total_ff,%ff_dev_total_(%),perf_factor,book_fm,fm_dev_(%),mach,cas_(kts),tas_(kts),ground_speed_(kts),dvg/dt,dhp/dt,quality_factor,wt/delta_(kg),sn_eng_1,sn_eng_2,sn_eng_3,sn_eng_4,timestamp,is_year_plausible,perf_factor_isna,fuel_flow_isna,%ff_dev_total_(%)_filtered
2022-06-11,FHMRF,FHMRF,2022/06/11,05:52:29,CMA921,LFPGLFBO,350,-20,47 N,22.0,175.1,30.0,18612.0,78.405,-0.485,-2.1,-2.0,10794.0,45872.0,44913.,44896.,0.0,0.,10568.,10564.0,0.,0.0,6101.,3.8,6098.0,3.8,0.0,0.0,0.,0.0,12660.0,12199.,3.8,0.03793,0.03859,-1.7,0.825,281,480.,465.,0.016,-0.003,0,1640010.,901629,901630, , ,2022-06-11 05:52:29,True,False,False,3.787928195540361
2022-06-11,FHMRF,FHMRF,2022/06/11,05:56:32,CMA921,LFPGLFBO,350,-19,47 N,22.0,174.7,30.0,18623.2,78.370,-0.313,-1.4,-1.3,10683.0,45402.0,44777.,44780.,0.0,0.,10536.,10537.0,0.,0.0,6084.,2.5,6084.0,2.4,0.0,0.0,0.,0.0,12465.0,12168.,2.4,0.03854,0.03895,-1.0,0.825,281,480.,467.,0.006,-0.003,0,1636304.,901629,901630, , ,2022-06-11 05:56:32,True,False,False,3.725928910633358
2022-06-17,FHMRF,FHMRF,2022/06/17,11:48:13,QTR8247,OTHHEBBR,360,-8,29 N,28.7,237.1,26.0,18668.8,85.300,-0.387,-1.7,-1.3,12733.0,56758.0,55800.,55804.,0.0,0.,12518.,12519.0,0.,0.0,7337.,1.8,7336.0,2.1,0.0,0.0,0.,0.0,14956.0,14673.,1.9,0.03306,0.03324,-0.5,0.832,278,494.,486.,-0.002,0.004,0,2333958.,901629,901630, , ,2022-06-17 11:48:13,True,False,False,3.6641786568555244
2022-06-17,FHMRF,FHMRF,2022/06/17,23:56:43,QTR8248,EBBROTHH,370,-11,30 N,28.3,231.6,24.0,18581.4,85.710,-0.098,-0.4,-0.7,12503.0,58480.0,58235.,58235.,0.0,0.,12450.,12450.0,0.,0.0,7211.,3.1,7211.0,3.3,0.0,0.0,0.,0.0,14888.0,14423.,3.2,0.03333,0.03418,-2.5,0.84,274,496.,518.,-0.004,-0.013,0,2375408.,901629,901630, , ,2022-06-17 23:56:43,True,False,False,3.6027593419449935
2022-06-18,FHMRF,FHMRF,2022/06/18,00:29:29,QTR8248,EBBROTHH,370,-10,29 N,28.3,227.9,24.0,18580.8,85.350,-0.295,-1.3,-1.0,12287.0,57470.0,56735.,56732.,0.0,0.,12130.,12129.0,0.,0.0,7137.,2.0,7137.0,2.6,0.0,0.0,0.,0.0,14600.0,14274.,2.3,0.03404,0.03446,-1.2,0.84,274,497.,506.,-0.007,0.010,0,2337857.,901629,901630, , ,2022-06-18 00:29:29,True,False,False,3.541752077024323
2022-06-20,FHMRF,FHMRF,2022/06/20,04:49:10,QTR8265,OTHHEHBK,340,-16,45 N,26.9,268.3,26.0,18666.7,84.840,-0.559,-2.4,-2.0,14623.0,59271.0,57867.,57867.,0.0,0.,14277.,14277.0,0.,0.0,8190.,1.7,8190.0,1.7,0.0,0.0,0.,0.0,16658.0,16379.,1.7,0.02945,0.02935,0.3,0.838,293,491.,467.,0.008,0.000,0,2402325.,901629,901630, , ,2022-06-20 04:49:10,True,False,False,3.481236929294494
2022-06-21,FHMRF,FHMRF,2022/06/21,22:49:20,QTR8222,EDDFOTHH,350,-6,27 N,26.8,236.8,26.0,18612.0,84.600,-0.485,-1.8,-1.5,12883.0,54752.0,53743.,53747.,0.0,0.,12646.,12647.0,0.,0.0,7501.,1.8,7500.0,1.9,0.0,0.0,0.,0.0,15283.0,15002.,1.9,0.03276,0.03286,-0.3,0.84,287,501.,505.,-0.004,0.008,0,2207421.,901629,901630, , ,2022-06-21 22:49:20,True,False,False,3.421292679822892
2022-06-21,FHMRF,FHMRF,2022/06/21,23:13:52,QTR8222,EDDFOTHH,310,5,27 N,26.8,234.0,26.0,18612.0,83.600,-0.024,-0.1,-0.0,13588.0,47898.0,47852.,47852.,0.0,0.,13575.,13575.0,0.,0.0,8269.,0.8,8269.0,1.3,0.0,0.0,0.,0.0,16712.0,16537.,1.1,0.03057,0.03089,-1.0,0.84,314,511.,508.,-0.01,0.000,0,1808740.,901629,901630, , ,2022-06-21 23:13:52,True,False,False,3.3619965877609364
2022-06-22,FHMRF,FHMRF,2022/06/22,08:44:35,QTR8247,OTHHEBBR,380,-14,27 N,29.6,224.3,28.0,18664.8,85.810,-0.453,-2.0,-1.6,12308.0,60396.0,59198.,59198.,0.0,0.,12063.,12063.0,0.,0.0,6981.,3.6,6981.0,3.1,0.0,0.0,0.,0.0,14435.0,13962.,3.4,0.03382,0.0344,-1.7,0.83,264,488.,475.,0.018,0.097,0,2430001.,901629,901630, , ,2022-06-22 08:44:35,True,False,False,3.303424162214224
2022-06-22,FHMRF,FHMRF,2022/06/22,11:27:00,QTR8247,OTHHEBBR,380,-13,35 N,28.1,207.5,28.0,18666.6,84.630,-0.158,-0.7,-0.5,11537.0,56619.0,56220.,56220.,0.0,0.,11456.,11456.0,0.,0.0,6692.,2.5,6692.0,2.1,0.0,0.0,0.,0.0,13687.0,13384.,2.3,0.03617,0.0368,-1.7,0.842,269,495.,429.,0.005,0.012,0,2246594.,901629,901630, , ,2022-06-22 11:27:00,True,False,False,3.2456489428616626
2022-06-23,FHMRF,FHMRF,2022/06/23,21:11:27,QTR8252,LFPGOTHH,370,-10,28 N,26.8,225.2,26.0,18639.5,84.615,-0.723,-3.0,-2.6,12088.0,56542.0,54817.,54830.,0.0,0.,11720.,11722.0,0.,0.0,6866.,2.3,6870.0,2.8,0.0,0.0,0.,0.0,14083.0,13735.,2.5,0.035,0.03494,0.2,0.832,271,493.,504.,-0.002,-0.002,0,2310413.,901629,901630, , ,2022-06-23 21:11:27,True,False,False,3.188742290290736
2022-06-25,FHMRF,FHMRF,2022/06/25,00:40:25,QTR8253,OTHHLFPG,360,-11,34 N,26.8,221.3,29.0,18679.5,83.505,-0.979,-3.7,-3.2,12327.0,54951.0,52889.,52907.,0.0,0.,11864.,11868.0,0.,0.0,6993.,1.2,6996.0,1.8,0.0,0.0,0.,0.0,14200.0,13990.,1.5,0.03514,0.03452,1.8,0.845,282,499.,414.,-0.003,-0.039,0,2177216.,901629,901630, , ,2022-06-25 00:40:25,True,False,False,3.1327731869025195
2022-06-27,FHMRF,FHMRF,2022/06/27,18:11:44,QTR8887,EBBROTHH,370,-23,46 N,28.3,222.7,30.0,18585.4,82.880,-0.336,-1.5,-1.2,12082.0,56511.0,55656.,55656.,0.0,0.,11899.,11899.0,0.,0.0,6775.,2.8,6775.0,3.0,0.0,0.0,0.,0.0,13945.0,13550.,2.9,0.03439,0.03496,-1.6,0.83,271,480.,506.,0.015,0.002,0,2289630.,901629,901630, , ,2022-06-27 18:11:44,True,False,False,3.07780804914998
2022-07-08,FHMRF,FHMRF,2022/07/08,08:59:54,QTR8854,OTHHLFOK,400,-15,37 N,26.6,187.4,27.0,18658.4,84.280,-0.351,-1.6,-1.2,10484.0,56639.0,55747.,55747.,0.0,0.,10319.,10319.0,0.,0.0,6069.,1.5,6069.0,2.0,0.0,0.0,0.,0.0,12353.0,12137.,1.8,0.03997,0.04021,-0.6,0.842,257,494.,472.,0.003,-0.014,0,2231466.,901629,901630, , ,2022-07-08 08:59:54,True,False,False,3.0239105517961278
2022-07-08,FHMRF,FHMRF,2022/07/08,09:08:00,QTR8854,OTHHLFOK,400,-14,37 N,26.6,186.6,28.0,18645.4,84.515,-0.248,-1.1,-0.7,10483.0,56638.0,56021.,55996.,0.0,0.,10369.,10364.0,0.,0.0,6115.,1.6,6112.0,1.9,0.0,0.0,0.,0.0,12437.0,12227.,1.7,0.03981,0.04019,-1.0,0.843,257,495.,454.,0.002,-0.004,0,2225076.,901629,901630, , ,2022-07-08 09:08:00,True,False,False,2.971141464801472
2022-07-08,FHMRF,FHMRF,2022/07/08,09:14:09,QTR8854,OTHHLFOK,400,-13,38 N,26.5,186.1,28.0,18656.3,84.515,-0.251,-1.1,-0.8,10459.0,56507.0,55881.,55855.,0.0,0.,10343.,10338.0,0.,0.0,6102.,1.9,6100.0,2.1,0.0,0.0,0.,0.0,12442.0,12202.,2.0,0.03982,0.0403,-1.2,0.843,257,495.,449.,0.002,-0.014,0,2218757.,901629,901630, , ,2022-07-08 09:14:09,True,False,False,2.9195585033694895
2022-07-08,FHMRF,FHMRF,2022/07/08,09:19:05,QTR8854,OTHHLFOK,400,-13,38 N,26.5,185.6,28.0,18660.2,84.170,-0.223,-0.9,-0.6,10252.0,55387.0,54874.,54874.,0.0,0.,10157.,10157.0,0.,0.0,6015.,2.0,6015.0,2.0,0.0,0.0,0.,0.0,12266.0,12030.,2.0,0.04051,0.04107,-1.4,0.845,258,497.,445.,-0.021,0.010,0,2213216.,901629,901630, , ,2022-07-08 09:19:05,True,False,False,2.8692161915956924
2022-07-08,FHMRF,FHMRF,2022/07/08,10:09:53,QTR8854,OTHHLFOK,400,-12,41 N,26.2,180.8,28.0,18663.7,84.260,-0.496,-2.1,-1.8,10361.0,55976.0,54798.,54798.,0.0,0.,10143.,10143.0,0.,0.0,6003.,1.6,6003.0,2.2,0.0,0.0,0.,0.0,12233.0,12005.,1.9,0.04074,0.04079,-0.1,0.846,258,498.,447.,0.004,0.016,0,2156938.,901629,901630, , ,2022-07-08 10:09:53,True,False,False,2.8201657400795184
2022-07-09,FHMRF,FHMRF,2022/07/09,03:32:02,QTR8253,OTHHLFPG,360,-5,36 N,29.1,220.5,28.0,18680.9,84.800,-0.167,-0.6,-0.4,12106.0,53970.0,53624.,53621.,0.0,0.,12029.,12028.0,0.,0.0,7157.,1.0,7158.0,1.6,0.0,0.0,0.,0.0,14501.0,14315.,1.3,0.03466,0.03496,-0.9,0.841,281,503.,474.,-0.007,0.007,0,2167576.,901629,901630, , ,2022-07-09 03:32:02,True,False,False,2.7724549377690484
2022-07-09,FHMRF,FHMRF,2022/07/09,03:42:36,QTR8253,OTHHLFPG,360,-5,37 N,29.0,219.4,28.0,18678.8,84.920,-0.239,-0.9,-0.7,12200.0,54386.0,53892.,53888.,0.0,0.,12090.,12089.0,0.,0.0,7194.,1.8,7195.0,1.7,0.0,0.0,0.,0.0,14643.0,14389.,1.8,0.03435,0.03473,-1.1,0.842,282,503.,455.,0.0,0.026,0,2158554.,901629,901630, , ,2022-07-09 03:42:36,True,False,False,2.7261280582196323
2022-07-09,FHMRF,FHMRF,2022/07/09,04:08:03,QTR8253,OTHHLFPG,360,-4,39 N,28.7,216.6,28.0,18676.0,84.370,-0.343,-1.3,-1.3,11969.0,53355.0,52643.,52647.,0.0,0.,11809.,11810.0,0.,0.0,7017.,1.5,7016.0,1.5,0.0,0.0,0.,0.0,14243.0,14033.,1.5,0.03545,0.03551,-0.2,0.844,282,505.,442.,-0.015,0.007,0,2131919.,901629,901630, , ,2022-07-09 04:08:03,True,False,False,2.6812257803588504
2022-07-09,FHMRF,FHMRF,2022/07/09,04:14:33,QTR8253,OTHHLFPG,360,-4,39 N,28.7,215.9,28.0,18674.3,84.690,-0.307,-1.2,-1.2,12109.0,53976.0,53338.,53341.,0.0,0.,11965.,11966.0,0.,0.0,7096.,1.5,7095.0,2.0,0.0,0.0,0.,0.0,14440.0,14191.,1.8,0.03492,0.03512,-0.6,0.843,282,504.,435.,0.001,-0.021,0,2125010.,901629,901630, , ,2022-07-09 04:14:33,True,False,False,2.637785123758277
2022-07-09,FHMRF,FHMRF,2022/07/09,07:15:51,QTR8253,OTHHLFPG,360,-23,47 N,28.0,196.9,26.0,18675.5,80.760,-0.109,-0.5,-0.6,11567.0,51562.0,51289.,51293.,0.0,0.,11506.,11507.0,0.,0.0,6559.,2.0,6558.0,2.2,0.0,0.0,0.,0.0,13396.0,13117.,2.1,0.03634,0.0369,-1.5,0.844,282,487.,459.,0.015,0.006,0,1938970.,901629,901630, , ,2022-07-09 07:15:51,True,False,False,2.595839398316884
2022-07-09,FHMRF,FHMRF,2022/07/09,15:41:47,QTR8254,LFPGOTHH,370,-8,37 N,26.8,228.1,26.0,18643.4,85.785,-0.443,-1.9,-1.7,12418.0,58085.0,56972.,56997.,0.0,0.,12180.,12186.0,0.,0.0,7153.,2.9,7156.0,2.8,0.0,0.0,0.,0.0,14711.0,14309.,2.8,0.03389,0.03425,-1.1,0.839,274,499.,494.,-0.002,-0.017,0,2347429.,901629,901630, , ,2022-07-09 15:41:47,True,False,False,2.55541816816712
2022-07-09,FHMRF,FHMRF,2022/07/09,15:44:47,QTR8254,LFPGOTHH,370,-8,36 N,26.8,227.8,26.0,18643.4,85.800,-0.438,-1.9,-1.6,12405.0,58019.0,56931.,56934.,0.0,0.,12172.,12173.0,0.,0.0,7165.,2.2,7164.0,2.3,0.0,0.0,0.,0.0,14646.0,14329.,2.2,0.03401,0.03421,-0.6,0.838,274,498.,493.,0.0,-0.014,0,2343844.,901629,901630, , ,2022-07-09 15:44:47,True,False,False,2.5165472295315605
2022-07-09,FHMRF,FHMRF,2022/07/09,16:01:28,QTR8254,LFPGOTHH,370,-8,34 N,26.8,226.0,26.0,18647.3,86.070,-0.597,-2.5,-2.2,12644.0,59137.0,57652.,57656.,0.0,0.,12326.,12327.0,0.,0.0,7244.,2.1,7243.0,2.3,0.0,0.0,0.,0.0,14811.0,14488.,2.2,0.03362,0.03363,-0.0,0.838,273,498.,493.,0.025,-0.008,0,2326338.,901629,901630, , ,2022-07-09 16:01:28,True,False,False,2.4792486021940143
2022-07-09,FHMRF,FHMRF,2022/07/09,22:51:19,QTR8888,OTHHLFPG,340,1,30 N,35.4,272.6,24.0,18673.4,87.800,-0.28,-1.2,-0.9,14610.0,59218.0,58535.,58535.,0.0,0.,14442.,14442.0,0.,0.0,8584.,2.0,8584.0,1.9,0.0,0.0,0.,0.0,17503.0,17167.,2.0,0.02888,0.02918,-1.0,0.837,292,505.,518.,0.002,-0.008,0,2438638.,901629,901630, , ,2022-07-09 22:51:19,True,False,False,2.4435405342074605
2022-07-10,FHMRF,FHMRF,2022/07/10,21:55:32,QTR8889,LFPGOTHH,350,-19,48 N,27.8,238.0,28.0,18641.7,82.900,-0.326,-1.3,-1.0,12996.0,55231.0,54534.,54534.,0.0,0.,12832.,12832.0,0.,0.0,7361.,1.8,7361.0,1.4,0.0,0.0,0.,0.0,14959.0,14723.,1.6,0.03257,0.03277,-0.6,0.838,286,487.,534.,0.009,0.000,0,2224073.,901629,901630, , ,2022-07-10 21:55:32,True,False,False,2.4094375194357487
2022-07-10,FHMRF,FHMRF,2022/07/10,22:10:58,QTR8889,LFPGOTHH,350,-20,48 N,27.5,236.3,28.0,18641.8,82.525,-0.078,-0.3,-0.1,12720.0,54058.0,53901.,53880.,0.0,0.,12683.,12678.0,0.,0.0,7276.,2.1,7273.0,1.9,0.0,0.0,0.,0.0,14846.0,14549.,2.0,0.03279,0.03342,-1.9,0.838,287,487.,532.,-0.006,0.008,0,2207758.,901629,901630, , ,2022-07-10 22:10:58,True,False,False,2.376950327503715
2022-07-11,FHMRF,FHMRF,2022/07/11,02:22:12,QTR8889,LFPGOTHH,390,-12,29 N,26.2,209.0,24.0,18645.6,85.790,-0.285,-1.2,-1.0,11539.0,59415.0,58690.,58690.,0.0,0.,11398.,11398.0,0.,0.0,6656.,1.9,6656.0,2.2,0.0,0.0,0.,0.0,13583.0,13312.,2.0,0.03639,0.03677,-1.0,0.839,261,494.,464.,0.007,0.013,0,2364760.,901629,901630, , ,2022-07-11 02:22:12,True,False,False,2.34608604570094
2022-07-11,FHMRF,FHMRF,2022/07/11,23:25:07,QTR8202,EHAMOTHH,370,-7,29 N,24.7,217.8,24.0,18593.6,85.550,-0.265,-1.2,-0.9,12143.0,56798.0,56140.,56140.,0.0,0.,12002.,12002.0,0.,0.0,7104.,2.5,7104.0,2.5,0.0,0.0,0.,0.0,14560.0,14208.,2.5,0.03428,0.0348,-1.5,0.839,274,499.,491.,0.013,-0.001,0,2238923.,901629,901630, , ,2022-07-11 23:25:07,True,False,False,2.316848132345864
2022-07-12,FHMRF,FHMRF,2022/07/12,08:45:43,QTR8203,OTHHEHAM,360,-19,51 N,27.3,240.0,26.0,18667.9,84.705,-0.274,-1.2,-0.9,13313.0,59346.0,58660.,58638.,0.0,0.,13159.,13154.0,0.,0.0,7517.,2.5,7513.0,2.6,0.0,0.0,0.,0.0,15409.0,15030.,2.5,0.03166,0.03216,-1.6,0.838,280,488.,434.,0.021,0.000,0,2364512.,901629,901630, , ,2022-07-12 08:45:43,True,False,False,2.289236481075711
2022-07-13,FHMRF,FHMRF,2022/07/13,22:04:35,QTR8242,ELLXOTHH,330,2,31 N,26.1,258.8,24.0,18592.3,86.015,-0.528,-1.9,-1.6,14210.0,54954.0,53899.,53878.,0.0,0.,13937.,13932.0,0.,0.0,8403.,1.9,8400.0,2.0,0.0,0.0,0.,0.0,17130.0,16803.,1.9,0.02966,0.02975,-0.3,0.839,300,508.,508.,0.006,-0.009,0,2198385.,901629,901630, , ,2022-07-13 22:04:35,True,False,False,2.2632474954936006
2022-07-16,FHMRF,FHMRF,2022/07/16,10:10:19,QTR8221,OTHHEDDM,380,-10,34 N,28.7,216.8,26.0,18661.7,85.740,-0.635,-2.7,-2.2,12044.0,59108.0,57524.,57524.,0.0,0.,11721.,11721.0,0.,0.0,6888.,1.8,6888.0,1.8,0.0,0.0,0.,0.0,14020.0,13775.,1.8,0.03539,0.03521,0.5,0.838,267,496.,514.,0.019,0.028,0,2342154.,901629,901630, , ,2022-07-16 10:10:19,True,False,False,2.2388741735840374
2022-07-16,FHMRF,FHMRF,2022/07/16,10:13:45,QTR8221,OTHHEDDM,380,-10,34 N,28.6,216.4,28.0,18666.9,85.760,-0.296,-1.3,-0.9,11894.0,58373.0,57635.,57635.,0.0,0.,11744.,11744.0,0.,0.0,6896.,2.1,6896.0,1.7,0.0,0.0,0.,0.0,14049.0,13792.,1.9,0.0353,0.03563,-0.9,0.838,267,496.,516.,0.009,0.002,0,2338310.,901629,901630, , ,2022-07-16 10:13:45,True,False,False,2.21610620129902
2022-07-17,FHMRF,FHMRF,2022/07/17,15:13:01,QTR8232,LKPROTHH,330,-17,47 N,24.5,270.4,28.0,18627.6,83.420,-0.304,-1.2,-1.1,14378.0,55605.0,54914.,54907.,0.0,0.,14200.,14198.0,0.,0.0,8130.,2.1,8132.0,2.3,0.0,0.0,0.,0.0,16612.0,16262.,2.2,0.0294,0.02971,-1.1,0.836,299,488.,543.,-0.009,-0.010,0,2300022.,901629,901630, , ,2022-07-17 15:13:01,True,False,False,2.1949300547088995
2022-07-18,FHMRF,FHMRF,2022/07/18,09:44:16,QTR8266,EHBKOTHH,370,-23,52 N,26.7,234.8,28.0,18594.5,83.795,-0.381,-1.6,-1.4,12675.0,59285.0,58323.,58298.,0.0,0.,12470.,12464.0,0.,0.0,7079.,3.0,7076.0,3.7,0.0,0.0,0.,0.0,14627.0,14156.,3.3,0.03305,0.03367,-1.8,0.838,274,483.,501.,-0.003,0.016,0,2415704.,901629,901630, , ,2022-07-18 09:44:16,True,False,False,2.1753291100971133
2022-07-18,FHMRF,FHMRF,2022/07/18,14:06:11,QTR8266,EHBKOTHH,370,-8,30 N,24.8,206.7,24.0,18601.4,84.450,-0.499,-1.9,-1.6,11766.0,55029.0,53993.,53985.,0.0,0.,11544.,11542.0,0.,0.0,6848.,2.0,6849.0,2.3,0.0,0.0,0.,0.0,13988.0,13697.,2.1,0.0357,0.03588,-0.5,0.841,274,499.,499.,0.018,0.016,0,2122651.,901629,901630, , ,2022-07-18 14:06:11,True,False,False,2.1572837613599165
2022-07-19,FHMRF,FHMRF,2022/07/19,16:54:27,QTR8253,OTHHLFPG,340,-13,46 N,19.6,261.6,24.0,18661.9,85.210,-0.615,-2.6,-2.2,14650.0,59376.0,57839.,57836.,0.0,0.,14271.,14270.0,0.,0.0,8225.,1.8,8226.0,2.0,0.0,0.0,0.,0.0,16767.0,16451.,1.9,0.02939,0.02928,0.4,0.838,293,493.,480.,0.015,0.026,0,2343358.,901629,901630, , ,2022-07-19 16:54:27,True,False,False,2.1407715440640342
2022-07-20,FHMRF,FHMRF,2022/07/20,01:40:48,QTR8254,LFPGOTHH,370,-7,33 N,24.4,219.3,24.0,18642.3,85.680,-0.556,-2.4,-2.1,12308.0,57568.0,56191.,56191.,0.0,0.,12013.,12013.0,0.,0.0,7101.,2.5,7101.0,2.5,0.0,0.0,0.,0.0,14560.0,14202.,2.5,0.03432,0.03446,-0.4,0.839,274,500.,509.,0.02,0.003,0,2253520.,901629,901630, , ,2022-07-20 01:40:48,True,False,False,2.1257672655245794
2022-07-21,FHMRF,FHMRF,2022/07/21,17:15:29,QTR8252,LFPGOTHH,350,-1,34 N,22.5,218.0,26.0,18650.1,84.690,-0.359,-1.4,-1.1,12475.0,53015.0,52276.,52276.,0.0,0.,12301.,12301.0,0.,0.0,7389.,1.7,7389.0,2.0,0.0,0.0,0.,0.0,15054.0,14777.,1.9,0.03361,0.03385,-0.7,0.841,287,506.,495.,0.009,0.007,0,2039301.,901629,901630, , ,2022-07-21 17:15:29,True,False,False,2.1122431402857846
2022-07-24,FHMRF,FHMRF,2022/07/24,17:56:04,QTR822A,EDDMOTHH,370,-15,42 N,27.3,236.9,30.0,18659.8,85.850,-0.275,-1.2,-1.1,13025.0,60922.0,60189.,60189.,0.0,0.,12868.,12868.0,0.,0.0,7379.,2.7,7379.0,3.0,0.0,0.0,0.,0.0,15176.0,14758.,2.8,0.03225,0.03281,-1.7,0.835,272,489.,536.,0.019,-0.003,0,2433676.,901629,901630, , ,2022-07-24 17:56:04,True,False,False,2.100168930404928
2022-07-24,FHMRF,FHMRF,2022/07/24,20:27:50,QTR822A,EDDMOTHH,290,5,27 N,26.9,220.3,26.0,18662.9,78.700,-0.079,-0.3,-0.3,11978.0,38546.0,38409.,38417.,0.0,0.,11935.,11937.0,0.,0.0,6959.,1.3,6957.0,1.7,0.0,0.0,0.,0.0,14126.0,13916.,1.5,0.03182,0.0322,-1.2,0.727,280,449.,448.,0.005,0.006,0,1556470.,901629,901630, , ,2022-07-24 20:27:50,True,False,False,2.0895120899505
2022-07-25,FHMRF,FHMRF,2022/07/25,10:16:37,QTR8888,OTHHLFPG,360,-15,46 N,27.4,210.6,25.0,18670.8,82.620,-0.333,-1.3,-1.1,11954.0,53288.0,52585.,52581.,0.0,0.,11796.,11796.0,0.,0.0,6864.,2.1,6865.0,2.5,0.0,0.0,0.,0.0,14044.0,13729.,2.3,0.03511,0.03553,-1.2,0.842,281,493.,464.,0.01,-0.006,0,2074379.,901629,901630, , ,2022-07-25 10:16:37,True,False,False,2.0802379131336317
2022-07-26,FHMRF,FHMRF,2022/07/26,23:49:13,QTR8889,LFPGOTHH,350,-9,42 N,28.5,240.3,29.0,18636.5,84.395,-0.353,-1.3,-1.2,12965.0,55100.0,54355.,54372.,0.0,0.,12790.,12794.0,0.,0.0,7479.,1.9,7483.0,2.4,0.0,0.0,0.,0.0,15284.0,14962.,2.2,0.0325,0.0328,-0.9,0.838,286,497.,546.,-0.003,0.000,0,2244258.,901629,901630, , ,2022-07-26 23:49:13,True,False,False,2.0723096855002066
2022-07-26,FHMRF,FHMRF,2022/07/26,23:52:13,QTR8889,LFPGOTHH,350,-9,42 N,28.5,240.0,30.0,18636.5,84.440,-0.352,-1.3,-1.1,12962.0,55088.0,54355.,54352.,0.0,0.,12790.,12789.0,0.,0.0,7509.,2.1,7510.0,2.2,0.0,0.0,0.,0.0,15336.0,15018.,2.1,0.0324,0.03272,-1.0,0.838,286,497.,545.,-0.002,-0.010,0,2240967.,901629,901630, , ,2022-07-26 23:52:13,True,False,False,2.0656888376178615
2022-07-26,FHMRF,FHMRF,2022/07/26,23:55:54,QTR8889,LFPGOTHH,350,-9,42 N,28.5,239.6,30.0,18632.8,84.540,-0.076,-0.3,-0.1,12827.0,54514.0,54358.,54354.,0.0,0.,12791.,12790.0,0.,0.0,7516.,1.7,7517.0,2.0,0.0,0.0,0.,0.0,15307.0,15033.,1.8,0.03246,0.03301,-1.7,0.837,286,497.,545.,-0.009,-0.001,0,2236917.,901629,901630, , ,2022-07-26 23:55:54,True,False,False,2.0603351006957085
2022-07-27,FHMRF,FHMRF,2022/07/27,11:35:48,QTR8247,OTHHEBBR,380,-12,43 N,26.5,216.4,24.0,18657.6,85.500,-0.224,-1.0,-0.7,11928.0,58534.0,57972.,57972.,0.0,0.,11813.,11813.0,0.,0.0,6894.,1.9,6894.0,2.3,0.0,0.0,0.,0.0,14079.0,13788.,2.1,0.03515,0.03564,-1.4,0.84,268,495.,446.,0.002,0.024,0,2345180.,901629,901630, , ,2022-07-27 11:35:48,True,False,False,2.056206663576911
2022-07-27,FHMRF,FHMRF,2022/07/27,11:46:34,QTR8247,OTHHEBBR,380,-12,44 N,26.5,215.3,24.0,18661.5,85.240,-0.277,-1.2,-0.9,11837.0,58088.0,57391.,57391.,0.0,0.,11695.,11695.0,0.,0.0,6835.,2.5,6835.0,2.6,0.0,0.0,0.,0.0,14021.0,13670.,2.6,0.03537,0.03593,-1.6,0.842,269,496.,443.,-0.006,0.012,0,2333222.,901629,901630, , ,2022-07-27 11:46:34,True,False,False,2.053260330546174
2022-07-27,FHMRF,FHMRF,2022/07/27,18:46:21,QTR8248,EBBROTHH,350,-5,42 N,27.5,235.3,29.0,18631.5,84.650,-0.285,-1.1,-0.9,12699.0,53970.0,53380.,53383.,0.0,0.,12561.,12561.0,0.,0.0,7450.,1.7,7449.0,2.3,0.0,0.0,0.,0.0,15200.0,14899.,2.0,0.03296,0.03331,-1.1,0.838,286,501.,529.,-0.01,0.001,0,2196757.,901629,901630, , ,2022-07-27 18:46:21,True,False,False,2.0514516793951216
2022-07-29,FHMRF,FHMRF,2022/07/29,04:15:04,QTR8201,OTHHEHAM,340,0,40 N,29.5,267.6,28.0,18655.8,87.170,-0.384,-1.6,-1.4,14397.0,58351.0,57413.,57413.,0.0,0.,14166.,14166.0,0.,0.0,8423.,2.6,8423.0,2.2,0.0,0.0,0.,0.0,17255.0,16846.,2.4,0.02931,0.02961,-1.0,0.839,293,506.,458.,-0.006,0.003,0,2395560.,901629,901630, , ,2022-07-29 04:15:04,True,False,False,2.05073521919064
2022-07-29,FHMRF,FHMRF,2022/07/29,13:51:02,QTR8202,EHAMOTHH,350,-1,38 N,24.3,241.4,27.0,18646.1,85.750,-0.277,-1.0,-0.8,12914.0,54884.0,54315.,54315.,0.0,0.,12781.,12781.0,0.,0.0,7642.,2.6,7642.0,2.6,0.0,0.0,0.,0.0,15679.0,15284.,2.6,0.03219,0.03275,-1.7,0.838,286,505.,545.,-0.02,0.017,2,2253012.,901629,901630, , ,2022-07-29 13:51:02,True,False,False,2.0510645471991884
2022-07-29,FHMRF,FHMRF,2022/07/29,13:54:02,QTR8202,EHAMOTHH,350,-1,37 N,24.3,241.1,27.0,18646.1,85.880,-0.554,-2.2,-1.9,13129.0,55796.0,54568.,54568.,0.0,0.,12840.,12840.0,0.,0.0,7670.,2.5,7670.0,2.6,0.0,0.0,0.,0.0,15731.0,15340.,2.5,0.03205,0.03225,-0.6,0.837,286,504.,544.,-0.001,-0.004,0,2249677.,901629,901630, , ,2022-07-29 13:54:02,True,False,False,2.0523925044356788
2022-07-30,FHMRF,FHMRF,2022/07/30,19:00:54,QTR8222,EDDMOTHH,350,-3,42 N,29.5,237.9,26.0,18663.9,84.860,-0.369,-1.4,-1.2,12706.0,53993.0,53233.,53233.,0.0,0.,12527.,12527.0,0.,0.0,7456.,1.8,7456.0,2.4,0.0,0.0,0.,0.0,15229.0,14912.,2.1,0.03304,0.03334,-0.9,0.839,287,503.,557.,-0.017,0.008,0,2220046.,901629,901630, , ,2022-07-30 19:00:54,True,False,False,2.054671329327652
2022-07-30,FHMRF,FHMRF,2022/07/30,19:03:52,QTR8222,EDDMOTHH,350,-3,42 N,29.5,237.5,26.0,18663.9,85.405,-0.229,-0.9,-0.7,12863.0,54666.0,54204.,54184.,0.0,0.,12755.,12750.0,0.,0.0,7578.,2.2,7575.0,2.7,0.0,0.0,0.,0.0,15526.0,15153.,2.5,0.03236,0.03293,-1.7,0.837,286,502.,556.,-0.001,0.003,0,2216924.,901629,901630, , ,2022-07-30 19:03:52,True,False,False,2.0578528090132076
2022-07-31,FHMRF,FHMRF,2022/07/31,21:16:24,QTR8252,LFPGOTHH,350,-2,38 N,24.8,237.7,24.0,18635.5,85.600,-0.252,-0.9,-0.7,12910.0,54864.0,54347.,54347.,0.0,0.,12788.,12788.0,0.,0.0,7625.,2.1,7625.0,2.7,0.0,0.0,0.,0.0,15619.0,15251.,2.4,0.03221,0.03275,-1.6,0.837,286,503.,548.,-0.005,-0.011,0,2218374.,901629,901630, , ,2022-07-31 21:16:24,True,False,False,2.0618884278223066
2022-08-04,FHMRF,FHMRF,2022/08/04,17:37:29,QTR8266,LIMCOTHH,370,-10,30 N,31.2,226.5,26.0,18613.0,85.210,-0.333,-1.4,-1.2,12254.0,57317.0,56487.,56487.,0.0,0.,12077.,12077.0,0.,0.0,7088.,2.8,7088.0,2.8,0.0,0.0,0.,0.0,14572.0,14176.,2.8,0.03406,0.03459,-1.5,0.839,274,496.,497.,0.001,-0.014,0,2328417.,901629,901630, , ,2022-08-04 17:37:29,True,False,False,2.0667295125219716
2022-08-04,FHMRF,FHMRF,2022/08/04,17:40:29,QTR8266,LIMCOTHH,370,-10,29 N,31.2,226.2,26.0,18616.9,85.305,-0.326,-1.4,-1.2,12284.0,57457.0,56655.,56630.,0.0,0.,12113.,12107.0,0.,0.0,7109.,2.4,7106.0,2.9,0.0,0.0,0.,0.0,14591.0,14215.,2.6,0.03402,0.03452,-1.4,0.839,274,496.,498.,0.004,0.014,0,2324916.,901629,901630, , ,2022-08-04 17:40:29,True,False,False,2.072327373935641
2022-08-05,FHMRF,FHMRF,2022/08/05,05:08:04,QTR8854,OTHHLFPG,320,4,30 N,29.4,230.8,28.0,18660.9,84.170,-0.265,-1.2,-1.1,13556.0,50037.0,49425.,49416.,0.0,0.,13390.,13387.0,0.,0.0,8093.,1.3,8095.0,2.1,0.0,0.0,0.,0.0,16467.0,16188.,1.7,0.03098,0.03117,-0.6,0.84,307,510.,497.,0.013,0.000,0,1878425.,901629,901630, , ,2022-08-05 05:08:04,True,False,False,2.0786334445791166
2022-08-05,FHMRF,FHMRF,2022/08/05,05:34:54,QTR8854,OTHHLFPG,360,-8,32 N,29.0,227.6,29.0,18665.6,84.900,-0.359,-1.5,-1.3,12506.0,55753.0,54931.,54920.,0.0,0.,12322.,12320.0,0.,0.0,7243.,2.3,7246.0,2.2,0.0,0.0,0.,0.0,14818.0,14489.,2.3,0.03368,0.034,-0.9,0.84,281,499.,484.,0.004,-0.012,0,2238041.,901629,901630, , ,2022-08-05 05:34:54,True,False,False,2.0855994119920616
2022-08-05,FHMRF,FHMRF,2022/08/05,06:52:17,QTR8854,OTHHLFPG,380,-12,39 N,28.4,219.0,29.0,18661.4,85.760,-0.296,-1.3,-1.0,12107.0,59419.0,58670.,58670.,0.0,0.,11955.,11955.0,0.,0.0,6961.,2.2,6961.0,1.9,0.0,0.0,0.,0.0,14207.0,13921.,2.1,0.03479,0.03514,-1.0,0.839,268,494.,441.,0.011,0.007,0,2373795.,901629,901630, , ,2022-08-05 06:52:17,True,False,False,2.093177347479632
2022-08-05,FHMRF,FHMRF,2022/08/05,07:07:59,QTR8854,OTHHLFPG,380,-12,40 N,28.3,217.3,29.0,18663.7,85.315,-0.252,-1.1,-0.9,11804.0,57926.0,57306.,57281.,0.0,0.,11677.,11672.0,0.,0.0,6831.,2.6,6828.0,2.5,0.0,0.0,0.,0.0,14007.0,13659.,2.5,0.03541,0.036,-1.6,0.841,268,496.,447.,-0.011,0.005,0,2355216.,901629,901630, , ,2022-08-05 07:07:59,True,False,False,2.1013198300049005
2022-08-05,FHMRF,FHMRF,2022/08/05,09:00:57,QTR8854,OTHHLFPG,380,-21,45 N,28.0,205.5,26.0,18663.9,82.910,-0.27,-1.2,-0.9,11359.0,55746.0,55081.,55081.,0.0,0.,11223.,11223.0,0.,0.0,6451.,2.3,6451.0,2.6,0.0,0.0,0.,0.0,13218.0,12902.,2.5,0.03689,0.03744,-1.5,0.842,269,488.,484.,0.0,-0.008,0,2228020.,901629,901630, , ,2022-08-05 09:00:57,True,False,False,2.1099800649872766
2022-08-05,FHMRF,FHMRF,2022/08/05,18:38:47,QTR8855,LFPGOTHH,350,-5,42 N,27.2,244.1,30.0,18646.4,85.380,-0.57,-2.3,-2.0,13195.0,56077.0,54770.,54770.,0.0,0.,12888.,12888.0,0.,0.0,7597.,2.4,7597.0,2.9,0.0,0.0,0.,0.0,15595.0,15193.,2.6,0.03189,0.03206,-0.6,0.831,284,497.,556.,0.008,-0.018,0,2278572.,901629,901630, , ,2022-08-05 18:38:47,True,False,False,2.119111997772363
2022-08-06,FHMRF,FHMRF,2022/08/06,04:15:17,QTR8253,OTHHLFPG,400,-14,41 N,26.5,190.3,24.0,18675.6,85.190,-0.313,-1.4,-1.1,10887.0,58822.0,58027.,58027.,0.0,0.,10740.,10740.0,0.,0.0,6263.,2.3,6263.0,2.5,0.0,0.0,0.,0.0,12826.0,12526.,2.4,0.03848,0.03897,-1.3,0.841,256,494.,457.,0.029,-0.019,0,2269560.,901629,901630, , ,2022-08-06 04:15:17,True,False,False,2.1286704215537906
2022-08-06,FHMRF,FHMRF,2022/08/06,12:28:12,QTR8254,LFPGOTHH,370,-20,47 N,28.2,231.5,28.0,18649.0,83.870,-0.205,-0.9,-0.7,12342.0,57729.0,57207.,57207.,0.0,0.,12231.,12231.0,0.,0.0,6993.,2.4,6993.0,2.4,0.0,0.0,0.,0.0,14320.0,13985.,2.4,0.03395,0.03453,-1.7,0.838,274,486.,493.,-0.011,-0.015,0,2380389.,901629,901630, , ,2022-08-06 12:28:12,True,False,False,2.1386110795513593
2022-08-06,FHMRF,FHMRF,2022/08/06,12:31:20,QTR8254,LFPGOTHH,370,-20,47 N,28.2,231.1,28.0,18649.8,83.860,-0.325,-1.4,-1.2,12411.0,58050.0,57224.,57224.,0.0,0.,12234.,12234.0,0.,0.0,6993.,2.1,6993.0,2.4,0.0,0.0,0.,0.0,14302.0,13985.,2.3,0.03399,0.03436,-1.1,0.838,274,486.,491.,-0.005,0.008,0,2376915.,901629,901630, , ,2022-08-06 12:31:20,True,False,False,2.148890761279885
2022-08-06,FHMRF,FHMRF,2022/08/06,12:35:26,QTR8254,LFPGOTHH,370,-20,46 N,28.1,230.7,28.0,18645.4,83.990,-0.199,-0.9,-0.7,12364.0,57829.0,57323.,57323.,0.0,0.,12256.,12256.0,0.,0.0,7015.,2.6,7015.0,2.2,0.0,0.0,0.,0.0,14372.0,14030.,2.4,0.03386,0.03446,-1.7,0.838,274,487.,491.,-0.007,0.004,0,2372189.,901629,901630, , ,2022-08-06 12:35:26,True,False,False,2.1594673927742214
2022-08-06,FHMRF,FHMRF,2022/08/06,13:45:50,QTR8254,LFPGOTHH,370,-10,42 N,27.6,223.1,28.0,18651.1,85.495,-0.619,-2.6,-2.3,12558.0,58734.0,57201.,57180.,0.0,0.,12230.,12225.0,0.,0.0,7153.,2.2,7149.0,2.4,0.0,0.0,0.,0.0,14629.0,14302.,2.3,0.03389,0.03387,0.0,0.838,273,496.,520.,0.034,0.021,0,2292176.,901629,901630, , ,2022-08-06 13:45:50,True,False,False,2.1703001206636188
2022-08-06,FHMRF,FHMRF,2022/08/06,13:45:55,QTR8254,LFPGOTHH,370,-10,42 N,27.6,223.1,28.0,18651.1,85.500,-0.611,-2.6,-2.2,12556.0,58725.0,57201.,57205.,0.0,0.,12230.,12231.0,0.,0.0,7153.,2.0,7152.0,2.3,0.0,0.0,0.,0.0,14618.0,14305.,2.2,0.03391,0.03388,0.1,0.838,273,496.,520.,0.034,0.015,0,2292074.,901629,901630, , ,2022-08-06 13:45:55,True,False,False,2.1813493900114036
2022-08-06,FHMRF,FHMRF,2022/08/06,13:47:11,QTR8254,LFPGOTHH,370,-10,42 N,27.6,222.9,28.0,18651.1,85.550,-0.525,-2.2,-1.9,12531.0,58612.0,57301.,57305.,0.0,0.,12251.,12251.0,0.,0.0,7165.,2.2,7164.0,2.2,0.0,0.0,0.,0.0,14646.0,14329.,2.2,0.03385,0.03394,-0.3,0.838,273,496.,522.,0.033,-0.004,0,2290662.,901629,901630, , ,2022-08-06 13:47:11,True,False,False,2.192577015854532
2022-08-06,FHMRF,FHMRF,2022/08/06,13:48:52,QTR8254,LFPGOTHH,370,-10,42 N,27.6,222.7,28.0,18651.1,85.500,-0.553,-2.4,-2.0,12520.0,58561.0,57180.,57184.,0.0,0.,12225.,12226.0,0.,0.0,7151.,2.4,7150.0,2.4,0.0,0.0,0.,0.0,14640.0,14302.,2.4,0.03386,0.03396,-0.3,0.838,273,496.,526.,0.033,-0.007,0,2288665.,901629,901630, , ,2022-08-06 13:48:52,True,False,False,2.203946248392377
2022-08-06,FHMRF,FHMRF,2022/08/06,16:03:04,QTR8254,LFPGOTHH,390,-15,30 N,27.3,208.6,24.0,18651.3,84.540,-0.283,-1.3,-1.0,11143.0,57381.0,56661.,56666.,0.0,0.,11004.,11004.0,0.,0.0,6413.,2.1,6412.0,2.7,0.0,0.0,0.,0.0,13127.0,12825.,2.4,0.0375,0.03801,-1.3,0.84,262,492.,498.,-0.022,0.002,0,2359485.,901629,901630, , ,2022-08-06 16:03:04,True,False,False,2.2154218317851035
2022-08-10,FHMRF,FHMRF,2022/08/10,09:11:51,QTR8854,OTHHLFPG,340,-3,39 N,27.7,260.9,30.0,18673.8,86.490,-0.305,-1.3,-1.1,14176.0,57454.0,56711.,56711.,0.0,0.,13992.,13992.0,0.,0.0,8223.,2.4,8223.0,3.0,0.0,0.0,0.,0.0,16895.0,16447.,2.7,0.02946,0.02994,-1.6,0.829,289,498.,470.,0.014,-0.009,0,2336033.,901629,901630, , ,2022-08-10 09:11:51,True,False,False,2.2269700565304102
2022-08-10,FHMRF,FHMRF,2022/08/10,17:29:26,QTR8855,LFPGOTHH,350,-18,46 N,23.5,249.4,28.0,18645.9,84.050,-0.415,-1.8,-1.5,13626.0,57906.0,56863.,56852.,0.0,0.,13380.,13378.0,0.,0.0,7655.,2.1,7658.0,2.6,0.0,0.0,0.,0.0,15672.0,15313.,2.3,0.03112,0.03137,-0.8,0.837,286,488.,513.,0.008,-0.001,0,2329859.,901629,901630, , ,2022-08-10 17:29:26,True,False,False,2.2385588053967367
2022-08-10,FHMRF,FHMRF,2022/08/10,17:37:02,QTR8855,LFPGOTHH,350,-17,46 N,23.4,248.5,28.0,18639.2,84.210,-0.24,-1.1,-0.8,13525.0,57478.0,56876.,56865.,0.0,0.,13384.,13381.0,0.,0.0,7677.,2.2,7679.0,2.5,0.0,0.0,0.,0.0,15718.0,15356.,2.4,0.03109,0.03156,-1.5,0.837,286,489.,514.,0.003,0.049,0,2321254.,901629,901630, , ,2022-08-10 17:37:02,True,False,False,2.250157592904774
2022-08-11,FHMRF,FHMRF,2022/08/11,22:24:11,QTR8232,LKPROTHH,350,-5,37 N,27.1,235.0,29.0,18613.0,84.640,-0.121,-0.5,-0.2,12640.0,53719.0,53467.,53467.,0.0,0.,12581.,12581.0,0.,0.0,7493.,1.7,7493.0,2.2,0.0,0.0,0.,0.0,15280.0,14986.,2.0,0.03282,0.03339,-1.7,0.84,287,502.,510.,-0.018,-0.005,0,2196799.,901629,901630, , ,2022-08-11 22:24:11,True,False,False,2.2617375983674166
2022-08-13,FHMRF,FHMRF,2022/08/13,03:11:56,QTR8266,LIMCOTHH,350,-3,40 N,28.8,257.8,30.0,18602.9,86.940,-0.575,-2.4,-2.1,13956.0,59312.0,57903.,57899.,0.0,0.,13625.,13624.0,0.,0.0,8067.,2.5,8067.0,2.8,0.0,0.0,0.,0.0,16564.0,16134.,2.7,0.03024,0.03041,-0.6,0.835,285,501.,537.,0.009,-0.029,0,2406531.,901629,901630, , ,2022-08-13 03:11:56,True,False,False,2.273271692517098
2022-08-14,FHMRF,FHMRF,2022/08/14,08:01:41,QTR8231,OTHHLHBP,360,-6,31 N,26.6,251.8,28.0,18657.5,87.300,-0.421,-1.8,-1.6,13758.0,61333.0,60227.,60242.,0.0,0.,13510.,13514.0,0.,0.0,7906.,2.4,7903.0,2.5,0.0,0.0,0.,0.0,16191.0,15809.,2.4,0.03084,0.03108,-0.8,0.838,280,499.,497.,-0.001,-0.006,0,2476916.,901629,901630, , ,2022-08-14 08:01:41,True,False,False,2.284734457763864
2022-08-16,FHMRF,FHMRF,2022/08/16,15:36:38,QTR44,EHAMOTHH,350,-1,34 N,31.0,240.8,25.0,18651.3,86.750,-0.425,-1.8,-1.6,13683.0,58145.0,57086.,57078.,0.0,0.,13433.,13431.0,0.,0.0,8014.,3.0,8016.0,3.3,0.0,0.0,0.,0.0,16536.0,16030.,3.2,0.03089,0.03135,-1.5,0.851,291,511.,483.,0.007,-0.010,0,2251084.,901629,901630, , ,2022-08-16 15:36:38,True,False,False,2.296102202137083
2022-08-19,FHMRF,FHMRF,2022/08/19,08:06:52,QTR8854,OTHHLFPG,380,-8,39 N,28.4,220.8,28.0,18661.3,86.030,-0.23,-1.0,-0.8,11830.0,58060.0,57481.,57494.,0.0,0.,11712.,11715.0,0.,0.0,6903.,2.8,6901.0,2.7,0.0,0.0,0.,0.0,14187.0,13804.,2.8,0.03519,0.03587,-1.9,0.84,268,499.,458.,-0.021,0.003,0,2391789.,901629,901630, , ,2022-08-19 08:06:52,True,False,False,2.307352966974183
2022-08-19,FHMRF,FHMRF,2022/08/19,08:13:02,QTR8854,OTHHLFPG,380,-7,40 N,28.3,220.1,28.0,18660.2,86.100,-0.282,-1.2,-1.0,11851.0,58161.0,57453.,57466.,0.0,0.,11707.,11709.0,0.,0.0,6908.,2.2,6906.0,2.6,0.0,0.0,0.,0.0,14147.0,13814.,2.4,0.03532,0.03581,-1.4,0.84,268,500.,447.,-0.017,0.000,0,2384736.,901629,901630, , ,2022-08-19 08:13:02,True,False,False,2.31846652843899
2022-08-19,FHMRF,FHMRF,2022/08/19,09:46:30,QTR8854,OTHHLFPG,380,-13,43 N,28.0,210.0,24.0,18655.9,85.170,-0.212,-0.9,-0.7,11791.0,57865.0,57330.,57330.,0.0,0.,11682.,11682.0,0.,0.0,6823.,2.1,6823.0,2.2,0.0,0.0,0.,0.0,13937.0,13646.,2.1,0.03556,0.03606,-1.4,0.842,269,496.,428.,0.015,0.017,0,2276403.,901629,901630, , ,2022-08-19 09:46:30,True,False,False,2.3294243929832845
2022-08-21,FHMRF,FHMRF,2022/08/21,13:44:09,QTR8211,OTHHELLX,320,2,35 N,22.4,284.7,28.0,18660.3,87.380,-0.33,-1.4,-1.3,15715.0,58010.0,57211.,57208.,0.0,0.,15499.,15498.0,0.,0.0,9174.,2.3,9175.0,3.0,0.0,0.0,0.,0.0,18837.0,18348.,2.7,0.02686,0.02722,-1.3,0.836,306,506.,491.,0.013,0.022,0,2317894.,901629,901630, , ,2022-08-21 13:44:09,True,False,False,2.3402097869021503
2022-08-21,FHMRF,FHMRF,2022/08/21,14:10:53,QTR8211,OTHHELLX,320,0,38 N,22.0,281.0,28.0,18663.0,86.075,-0.588,-2.4,-2.2,15261.0,56331.0,54978.,54955.,0.0,0.,14894.,14888.0,0.,0.0,8817.,2.7,8815.0,2.7,0.0,0.0,0.,0.0,18109.0,17631.,2.7,0.02792,0.02803,-0.4,0.839,307,506.,471.,-0.009,0.001,0,2291480.,901629,901630, , ,2022-08-21 14:10:53,True,False,False,2.3508076401654567
2022-08-22,FHMRF,FHMRF,2022/08/22,21:42:22,QTR8242,ELLXOTHH,350,-7,41 N,27.8,259.3,29.0,18636.7,86.300,-0.636,-2.7,-2.2,13945.0,59264.0,57695.,57691.,0.0,0.,13576.,13575.0,0.,0.0,7989.,2.4,7990.0,2.6,0.0,0.0,0.,0.0,16372.0,15980.,2.5,0.03046,0.03052,-0.2,0.837,286,499.,535.,-0.002,-0.023,0,2421029.,901629,901630, , ,2022-08-22 21:42:22,True,False,False,2.361204564728366
2022-08-23,FHMRF,FHMRF,2022/08/23,12:17:59,QTR8245,OTHHLIMC,340,-3,35 N,29.2,272.0,28.0,18668.9,87.245,-0.406,-1.7,-1.4,14673.0,59471.0,58481.,58456.,0.0,0.,14429.,14423.0,0.,0.0,8510.,2.3,8507.0,2.5,0.0,0.0,0.,0.0,17428.0,17016.,2.4,0.0288,0.02908,-1.0,0.836,292,502.,486.,0.002,0.003,0,2431137.,901629,901630, , ,2022-08-23 12:17:59,True,False,False,2.371388827537676
2022-08-23,FHMRF,FHMRF,2022/08/23,12:42:36,QTR8245,OTHHLIMC,340,-3,38 N,28.9,268.8,28.0,18669.1,86.790,-0.484,-2.0,-1.7,14470.0,58651.0,57467.,57467.,0.0,0.,14178.,14178.0,0.,0.0,8379.,2.8,8379.0,2.2,0.0,0.0,0.,0.0,17177.0,16758.,2.5,0.02927,0.02949,-0.8,0.838,293,503.,478.,-0.004,-0.001,0,2405778.,901629,901630, , ,2022-08-23 12:42:36,True,False,False,2.381350318465607
2022-08-23,FHMRF,FHMRF,2022/08/23,12:47:54,QTR8245,OTHHLIMC,340,-3,38 N,28.9,268.1,28.0,18673.0,87.000,-0.364,-1.5,-1.2,14526.0,58877.0,57986.,57986.,0.0,0.,14306.,14306.0,0.,0.0,8441.,2.5,8441.0,2.6,0.0,0.0,0.,0.0,17308.0,16882.,2.5,0.02901,0.02938,-1.2,0.837,293,502.,476.,0.003,0.015,0,2400523.,901629,901630, , ,2022-08-23 12:47:54,True,False,False,2.39108051341937
2022-08-24,FHMRF,FHMRF,2022/08/24,10:58:20,QTR8241,OTHHELLX,320,4,36 N,29.2,269.1,28.0,18679.0,86.590,-0.676,-2.7,-2.4,15217.0,56172.0,54634.,54634.,0.0,0.,14800.,14800.0,0.,0.0,8929.,2.5,8929.0,1.9,0.0,0.0,0.,0.0,18250.0,17859.,2.2,0.02825,0.02818,0.2,0.85,311,515.,511.,0.005,0.000,0,2190439.,901629,901630, , ,2022-08-24 10:58:20,True,False,False,2.400572432889627
2022-08-25,FHMRF,FHMRF,2022/08/25,10:26:28,QTR8231,OTHHLHBP,340,-1,31 N,28.8,257.4,26.0,18648.6,86.310,-0.295,-1.3,-1.0,13920.0,56421.0,55699.,55699.,0.0,0.,13742.,13742.0,0.,0.0,8187.,1.9,8187.0,2.2,0.0,0.0,0.,0.0,16711.0,16375.,2.1,0.0302,0.03052,-1.0,0.839,293,505.,492.,-0.003,0.000,0,2302698.,901629,901630, , ,2022-08-25 10:26:28,True,False,False,2.4098205962112083
2022-08-25,FHMRF,FHMRF,2022/08/25,23:39:11,QTR8232,LKPROTHH,370,-9,32 N,29.0,239.8,24.0,18640.5,87.210,-0.555,-2.3,-2.1,13354.0,62464.0,61005.,61005.,0.0,0.,13042.,13042.0,0.,0.0,7603.,2.9,7603.0,2.7,0.0,0.0,0.,0.0,15629.0,15206.,2.8,0.03169,0.0319,-0.7,0.835,272,495.,499.,0.032,-0.011,0,2464199.,901629,901630, , ,2022-08-25 23:39:11,True,False,False,2.4188209718146805
2022-08-27,FHMRF,FHMRF,2022/08/27,15:04:27,QTR8247,OTHHEBBR,360,-20,46 N,28.8,225.1,26.0,18665.6,82.465,-0.311,-1.2,-1.0,12284.0,54756.0,54080.,54101.,0.0,0.,12132.,12137.0,0.,0.0,6946.,2.5,6948.0,2.5,0.0,0.0,0.,0.0,14241.0,13894.,2.5,0.03427,0.03476,-1.4,0.842,282,488.,456.,-0.006,0.006,0,2215948.,901629,901630, , ,2022-08-27 15:04:27,True,False,False,2.427570923747299
2022-08-27,FHMRF,FHMRF,2022/08/27,23:50:06,QTR8248,EBBROTHH,370,-9,36 N,21.3,226.8,26.0,18624.5,85.610,-0.229,-1.0,-0.8,12319.0,57621.0,57052.,57052.,0.0,0.,12197.,12197.0,0.,0.0,7170.,3.1,7170.0,3.0,0.0,0.0,0.,0.0,14776.0,14341.,3.0,0.03369,0.03445,-2.2,0.84,274,498.,505.,-0.018,-0.006,0,2333110.,901629,901630, , ,2022-08-27 23:50:06,True,False,False,2.4360691547385045
2022-08-28,FHMRF,FHMRF,2022/08/28,08:36:24,QTR8231,OTHHLHBP,360,-22,45 N,29.4,231.0,25.0,18659.8,83.030,-0.405,-1.8,-1.5,12722.0,56712.0,55681.,55681.,0.0,0.,12490.,12490.0,0.,0.0,7124.,2.6,7124.0,2.7,0.0,0.0,0.,0.0,14632.0,14249.,2.7,0.03318,0.03356,-1.2,0.839,280,485.,476.,0.016,-0.010,0,2274509.,901629,901630, , ,2022-08-28 08:36:24,True,False,False,2.4443156460848825
2022-08-30,FHMRF,FHMRF,2022/08/30,03:36:48,QTR8203,OTHHEHAM,320,2,34 N,30.1,275.1,30.0,18669.1,86.520,-0.432,-1.8,-1.5,15219.0,56178.0,55141.,55141.,0.0,0.,14938.,14938.0,0.,0.0,8910.,2.6,8910.0,2.4,0.0,0.0,0.,0.0,18266.0,17820.,2.5,0.02772,0.02797,-0.9,0.837,306,506.,508.,0.025,0.006,0,2238465.,901629,901630, , ,2022-08-30 03:36:48,True,False,False,2.452311594638614
2022-08-30,FHMRF,FHMRF,2022/08/30,12:08:25,QTR8204,EHAMOTHH,330,-16,51 N,27.6,263.2,29.0,18645.6,83.270,-0.17,-0.6,-0.5,14120.0,54603.0,54249.,54249.,0.0,0.,14028.,14028.0,0.,0.0,8065.,1.9,8065.0,2.4,0.0,0.0,0.,0.0,16482.0,16131.,2.2,0.02972,0.03022,-1.7,0.837,299,490.,529.,-0.001,0.006,0,2239501.,901629,901630, , ,2022-08-30 12:08:25,True,False,False,2.460059347202283
2022-08-30,FHMRF,FHMRF,2022/08/30,12:54:42,QTR8204,EHAMOTHH,350,-21,48 N,26.7,257.5,30.0,18640.2,84.150,-0.351,-1.5,-1.2,13901.0,59078.0,58187.,58187.,0.0,0.,13692.,13692.0,0.,0.0,7772.,2.4,7772.0,2.4,0.0,0.0,0.,0.0,15914.0,15544.,2.4,0.03046,0.0308,-1.1,0.836,286,485.,501.,0.005,-0.014,0,2408574.,901629,901630, , ,2022-08-30 12:54:42,True,False,False,2.467562332655159
2022-08-30,FHMRF,FHMRF,2022/08/30,15:20:16,QTR8204,EHAMOTHH,350,-8,38 N,25.5,240.2,26.0,18642.3,84.660,-0.475,-1.9,-1.6,13090.0,55627.0,54570.,54570.,0.0,0.,12841.,12841.0,0.,0.0,7553.,2.0,7553.0,2.6,0.0,0.0,0.,0.0,15452.0,15106.,2.3,0.03223,0.03245,-0.7,0.839,287,498.,514.,0.0,-0.004,0,2241501.,901629,901630, , ,2022-08-30 15:20:16,True,False,False,2.4748249921527794
2022-09-05,FHMRF,FHMRF,2022/09/05,06:23:22,QTR8265,OTHHEHBK,320,-9,47 N,21.0,266.8,26.0,18678.5,85.320,-0.698,-3.0,-2.7,15755.0,58157.0,56388.,56388.,0.0,0.,15275.,15275.0,0.,0.0,8954.,2.7,8954.0,2.2,0.0,0.0,0.,0.0,18343.0,17908.,2.4,0.02757,0.02749,0.3,0.854,313,506.,474.,0.011,-0.016,0,2176954.,901629,901630, , ,2022-09-05 06:23:22,True,False,False,2.48185270774731
2022-09-05,FHMRF,FHMRF,2022/09/05,06:25:27,QTR8265,OTHHEHBK,320,-9,47 N,21.0,266.6,26.0,18678.5,85.125,-0.651,-2.9,-2.5,15602.0,57592.0,55953.,55927.,0.0,0.,15158.,15151.0,0.,0.0,8894.,2.8,8890.0,2.6,0.0,0.0,0.,0.0,18264.0,17784.,2.7,0.02771,0.02775,-0.1,0.855,313,506.,474.,-0.004,0.013,0,2174527.,901629,901630, , ,2022-09-05 06:25:27,True,False,False,2.488651729771733
2022-09-05,FHMRF,FHMRF,2022/09/05,06:47:06,QTR8265,OTHHEHBK,320,-11,49 N,20.9,263.6,26.0,18673.5,85.090,-0.543,-2.4,-2.1,15708.0,57981.0,56600.,56600.,0.0,0.,15334.,15334.0,0.,0.0,8947.,2.3,8947.0,2.3,0.0,0.0,0.,0.0,18300.0,17894.,2.3,0.02753,0.02758,-0.2,0.854,313,504.,483.,0.02,0.004,0,2150418.,901629,901630, , ,2022-09-05 06:47:06,True,False,False,2.495229103322052
2022-09-05,FHMRF,FHMRF,2022/09/05,06:53:03,QTR8265,OTHHEHBK,320,-10,49 N,20.9,262.8,26.0,18677.5,84.830,-0.61,-2.7,-2.4,15532.0,57333.0,55780.,55780.,0.0,0.,15111.,15111.0,0.,0.0,8840.,2.4,8840.0,2.4,0.0,0.0,0.,0.0,18100.0,17680.,2.4,0.02789,0.02788,0.0,0.855,313,505.,492.,0.006,0.009,0,2143101.,901629,901630, , ,2022-09-05 06:53:03,True,False,False,2.501592594163829
2022-09-06,FHMRF,FHMRF,2022/09/06,22:20:18,QTR8272,LEZGOTHH,330,-1,28 N,25.9,238.8,24.0,18638.3,84.390,-0.093,-0.4,-0.3,13405.0,51838.0,51621.,51621.,0.0,0.,13349.,13349.0,0.,0.0,7991.,1.8,7991.0,1.9,0.0,0.0,0.,0.0,16274.0,15982.,1.8,0.03103,0.03152,-1.5,0.839,300,505.,516.,0.005,0.012,0,2025210.,901629,901630, , ,2022-09-06 22:20:18,True,False,False,2.5077506143843937
2022-09-06,FHMRF,FHMRF,2022/09/06,22:21:23,QTR8272,LEZGOTHH,330,-1,28 N,25.9,238.7,24.0,18638.3,84.310,-0.187,-0.8,-0.6,13408.0,51850.0,51412.,51412.,0.0,0.,13295.,13295.0,0.,0.0,7968.,1.5,7968.0,1.5,0.0,0.0,0.,0.0,16178.0,15936.,1.5,0.03126,0.03153,-0.9,0.84,300,506.,516.,0.004,0.004,0,2024070.,901629,901630, , ,2022-09-06 22:21:23,True,False,False,2.5137121481066
2022-09-07,FHMRF,FHMRF,2022/09/07,18:29:33,QTR8248,EBBROTHH,350,-20,45 N,25.5,252.1,30.0,18595.0,84.140,-0.334,-1.4,-1.3,13855.0,58882.0,58033.,58033.,0.0,0.,13655.,13655.0,0.,0.0,7741.,3.3,7741.0,3.4,0.0,0.0,0.,0.0,15994.0,15481.,3.3,0.03027,0.03086,-1.9,0.834,285,484.,536.,0.024,-0.004,0,2355090.,901629,901630, , ,2022-09-07 18:29:33,True,False,False,2.5194866775668694
2022-09-08,FHMRF,FHMRF,2022/09/08,13:52:53,QTR8266,LIMCOTHH,350,-19,42 N,30.4,244.3,29.0,18610.7,83.430,-0.433,-1.9,-1.6,13312.0,56574.0,55480.,55480.,0.0,0.,13055.,13055.0,0.,0.0,7501.,2.7,7501.0,2.7,0.0,0.0,0.,0.0,15410.0,15002.,2.7,0.03162,0.03196,-1.1,0.837,286,487.,516.,0.018,-0.017,0,2280895.,901629,901630, , ,2022-09-08 13:52:53,True,False,False,2.525084109834774
2022-09-08,FHMRF,FHMRF,2022/09/08,14:02:49,QTR8266,LIMCOTHH,350,-18,41 N,30.3,243.1,30.0,18614.7,83.500,-0.412,-1.8,-1.5,13238.0,56259.0,55219.,55219.,0.0,0.,12993.,12993.0,0.,0.0,7486.,2.8,7486.0,2.4,0.0,0.0,0.,0.0,15363.0,14972.,2.6,0.03178,0.03212,-1.1,0.837,286,488.,513.,0.016,-0.002,0,2270550.,901629,901630, , ,2022-09-08 14:02:49,True,False,False,2.5305147044197542
2022-09-09,FHMRF,FHMRF,2022/09/09,06:57:29,QTR8854,OTHHLFPG,380,-15,39 N,28.9,216.3,28.0,18655.9,85.405,-0.402,-1.7,-1.5,12183.0,59789.0,58735.,58760.,0.0,0.,11968.,11973.0,0.,0.0,6940.,2.6,6943.0,2.5,0.0,0.0,0.,0.0,14233.0,13882.,2.5,0.03465,0.035,-1.0,0.841,268,493.,423.,0.026,0.000,0,2343943.,901629,901630, , ,2022-09-09 06:57:29,True,False,False,2.5357890019881304
2022-09-09,FHMRF,FHMRF,2022/09/09,08:40:54,QTR8854,OTHHLFPG,400,-28,45 N,28.5,205.7,24.0,18652.8,84.020,-0.106,-0.5,-0.3,11337.0,61255.0,60963.,60963.,0.0,0.,11283.,11283.0,0.,0.0,6357.,2.4,6357.0,2.4,0.0,0.0,0.,0.0,13018.0,12714.,2.4,0.0369,0.03768,-2.1,0.841,256,480.,409.,0.003,-0.008,0,2453778.,901629,901630, , ,2022-09-09 08:40:54,True,False,False,2.540917754409572
2022-09-09,FHMRF,FHMRF,2022/09/09,08:43:16,QTR8854,OTHHLFPG,400,-28,45 N,28.5,205.4,24.0,18653.0,84.270,0.012,0.1,0.2,11396.0,61569.0,61600.,61600.,0.0,0.,11401.,11401.0,0.,0.0,6417.,2.6,6417.0,2.6,0.0,0.0,0.,0.0,13164.0,12833.,2.6,0.03646,0.03748,-2.7,0.84,256,480.,410.,0.012,0.006,0,2451013.,901629,901630, , ,2022-09-09 08:43:16,True,False,False,2.545911856360266
2022-09-09,FHMRF,FHMRF,2022/09/09,08:46:16,QTR8854,OTHHLFPG,400,-27,46 N,28.5,205.1,24.0,18652.3,83.990,-0.218,-1.0,-0.7,11339.0,61264.0,60665.,60665.,0.0,0.,11228.,11228.0,0.,0.0,6336.,2.4,6336.0,2.7,0.0,0.0,0.,0.0,12994.0,12671.,2.5,0.037,0.03766,-1.8,0.841,256,481.,412.,0.006,-0.022,0,2447509.,901629,901630, , ,2022-09-09 08:46:16,True,False,False,2.5507822787176075
2022-09-09,FHMRF,FHMRF,2022/09/09,09:01:15,QTR8854,OTHHLFPG,400,-25,47 N,28.5,203.7,24.0,18655.2,84.800,-0.235,-1.0,-0.8,11510.0,62183.0,61542.,61542.,0.0,0.,11391.,11391.0,0.,0.0,6453.,3.0,6453.0,3.1,0.0,0.0,0.,0.0,13300.0,12906.,3.0,0.03624,0.03705,-2.2,0.838,255,482.,421.,0.033,-0.001,0,2430006.,901629,901630, , ,2022-09-09 09:01:15,True,False,False,2.5555400039829848
2022-09-10,FHMRF,FHMRF,2022/09/10,01:46:17,QTR8253,OTHHLFPG,320,0,28 N,29.6,212.1,28.0,18665.9,82.430,-0.269,-1.1,-0.8,12828.0,47354.0,46834.,46831.,0.0,0.,12687.,12687.0,0.,0.0,7690.,0.8,7691.0,1.4,0.0,0.0,0.,0.0,15555.0,15381.,1.1,0.03254,0.03266,-0.4,0.839,307,506.,500.,0.002,-0.006,0,1726670.,901629,901630, , ,2022-09-10 01:46:17,True,False,False,2.5601959639678626
2022-09-10,FHMRF,FHMRF,2022/09/10,04:18:28,QTR8253,OTHHLFPG,380,-16,41 N,28.3,196.5,28.0,18665.6,82.930,-0.366,-1.4,-1.2,11063.0,54290.0,53512.,53512.,0.0,0.,10904.,10904.0,0.,0.0,6366.,2.2,6366.0,2.2,0.0,0.0,0.,0.0,13018.0,12732.,2.2,0.03793,0.03833,-1.0,0.845,270,494.,449.,-0.001,0.005,0,2128434.,901629,901630, , ,2022-09-10 04:18:28,True,False,False,2.5647609799760356
2022-09-12,FHMRF,FHMRF,2022/09/12,04:25:31,QTR8265,OTHHEHBK,320,-1,29 N,25.9,289.3,28.0,18673.1,87.160,-0.458,-1.9,-1.6,15884.0,58632.0,57514.,57514.,0.0,0.,15581.,15581.0,0.,0.0,9205.,2.3,9205.0,3.0,0.0,0.0,0.,0.0,18898.0,18411.,2.6,0.02669,0.02694,-0.9,0.837,306,504.,480.,0.013,-0.001,0,2358615.,901629,901630, , ,2022-09-12 04:25:31,True,False,False,2.569245705706849
2022-09-12,FHMRF,FHMRF,2022/09/12,08:08:50,QTR8265,OTHHEHBK,340,-17,50 N,24.6,259.7,25.0,18672.2,84.400,-0.419,-1.8,-1.5,14413.0,58420.0,57365.,57365.,0.0,0.,14153.,14153.0,0.,0.0,8090.,2.4,8090.0,2.7,0.0,0.0,0.,0.0,16589.0,16181.,2.5,0.02949,0.02978,-1.0,0.838,293,489.,451.,0.021,-0.001,0,2325516.,901629,901630, , ,2022-09-12 08:08:50,True,False,False,2.5736605730826008
2022-09-12,FHMRF,FHMRF,2022/09/12,10:49:42,QTR8266,EHBKLGAV,410,-32,50 N,21.2,164.6,28.0,18627.2,80.200,-0.213,-0.9,-0.7,9480.0,53740.0,53276.,53271.,0.0,0.,9398.,9397.0,0.,0.0,5327.,2.5,5327.0,2.8,0.0,0.0,0.,0.0,10936.0,10654.,2.6,0.04376,0.0446,-1.9,0.846,252,479.,512.,-0.001,-0.060,0,2051798.,901629,901630, , ,2022-09-12 10:49:42,True,False,False,2.578015741169598
2022-09-12,FHMRF,FHMRF,2022/09/12,11:03:25,QTR8266,EHBKLGAV,410,-33,49 N,21.2,163.5,28.0,18628.2,80.600,-0.299,-1.2,-1.0,9690.0,54932.0,54278.,54273.,0.0,0.,9575.,9574.0,0.,0.0,5403.,2.7,5403.0,3.1,0.0,0.0,0.,0.0,11118.0,10806.,2.9,0.04288,0.04367,-1.8,0.843,251,477.,515.,0.033,-0.008,0,2037477.,901629,901630, , ,2022-09-12 11:03:25,True,False,False,2.5823210483298524
2022-09-12,FHMRF,FHMRF,2022/09/12,11:10:11,QTR8266,EHBKLGAV,410,-32,48 N,21.1,162.9,28.0,18628.4,80.580,-0.256,-1.0,-0.8,9654.0,54722.0,54164.,54160.,0.0,0.,9555.,9554.0,0.,0.0,5395.,2.6,5396.0,2.9,0.0,0.0,0.,0.0,11088.0,10791.,2.8,0.04301,0.04382,-1.8,0.843,251,477.,525.,0.031,0.003,0,2030022.,901629,901630, , ,2022-09-12 11:10:11,True,False,False,2.5865859677211076
2022-09-12,FHMRF,FHMRF,2022/09/12,17:25:56,QTR8266,LGAVOTHH,350,-8,29 N,18.3,252.7,28.0,18627.3,86.100,-0.433,-1.8,-1.6,13889.0,59022.0,57949.,57949.,0.0,0.,13636.,13636.0,0.,0.0,7959.,2.2,7959.0,2.7,0.0,0.0,0.,0.0,16311.0,15919.,2.5,0.03045,0.0307,-0.8,0.836,285,497.,524.,0.0,0.015,0,2355698.,901629,901630, , ,2022-09-12 17:25:56,True,False,False,2.590819566258382
2022-09-12,FHMRF,FHMRF,2022/09/12,18:15:11,QTR8266,LGAVOTHH,350,-8,27 N,18.0,246.7,24.0,18634.1,85.740,-0.449,-1.9,-1.6,13621.0,57886.0,56774.,56774.,0.0,0.,13359.,13359.0,0.,0.0,7836.,2.1,7836.0,2.6,0.0,0.0,0.,0.0,16044.0,15673.,2.4,0.03102,0.03124,-0.7,0.837,286,498.,518.,0.003,0.002,0,2299400.,901629,901630, , ,2022-09-12 18:15:11,True,False,False,2.595030467155968
2022-09-13,FHMRF,FHMRF,2022/09/13,06:50:59,QTR8271,OTHHLEZG,340,-4,27 N,30.0,265.1,27.0,18665.6,86.460,-0.12,-0.5,-0.3,14152.0,57356.0,57061.,57061.,0.0,0.,14079.,14079.0,0.,0.0,8326.,1.8,8326.0,1.7,0.0,0.0,0.,0.0,16946.0,16653.,1.8,0.02971,0.03014,-1.4,0.841,294,503.,492.,-0.016,0.012,0,2372895.,901629,901630, , ,2022-09-13 06:50:59,True,False,False,2.599226816178483
2022-09-13,FHMRF,FHMRF,2022/09/13,06:54:08,QTR8271,OTHHLEZG,340,-4,27 N,29.9,264.7,27.0,18663.9,86.620,-0.178,-0.8,-0.5,14342.0,58132.0,57694.,57694.,0.0,0.,14234.,14234.0,0.,0.0,8395.,2.0,8395.0,2.0,0.0,0.0,0.,0.0,17130.0,16790.,2.0,0.02933,0.02977,-1.5,0.84,294,502.,489.,0.001,-0.002,0,2369360.,901629,901630, , ,2022-09-13 06:54:08,True,False,False,2.603416251734797
2022-09-13,FHMRF,FHMRF,2022/09/13,07:34:20,QTR8271,OTHHLEZG,340,-5,28 N,29.1,259.6,28.0,18662.2,85.780,-0.249,-1.1,-0.8,13932.0,56466.0,55853.,55853.,0.0,0.,13781.,13781.0,0.,0.0,8135.,1.8,8135.0,2.3,0.0,0.0,0.,0.0,16610.0,16270.,2.1,0.03018,0.03056,-1.2,0.839,293,501.,486.,-0.008,0.018,0,2322108.,901629,901630, , ,2022-09-13 07:34:20,True,False,False,2.607605878940444
2022-09-13,FHMRF,FHMRF,2022/09/13,07:37:52,QTR8271,OTHHLEZG,340,-5,28 N,29.1,259.1,28.0,18666.2,86.160,-0.34,-1.5,-1.2,14212.0,57602.0,56766.,56766.,0.0,0.,14005.,14005.0,0.,0.0,8251.,2.2,8251.0,2.1,0.0,0.0,0.,0.0,16856.0,16501.,2.2,0.02971,0.02999,-1.0,0.838,293,501.,486.,0.014,0.003,0,2318247.,901629,901630, , ,2022-09-13 07:37:52,True,False,False,2.611802247748009
2022-09-13,FHMRF,FHMRF,2022/09/13,07:46:36,QTR8271,OTHHLEZG,340,-5,28 N,28.9,258.0,28.0,18665.1,86.040,-0.307,-1.3,-1.0,14110.0,57191.0,56435.,56435.,0.0,0.,13924.,13924.0,0.,0.0,8209.,2.0,8209.0,2.3,0.0,0.0,0.,0.0,16770.0,16417.,2.1,0.02986,0.03019,-1.1,0.838,293,501.,485.,0.011,-0.001,0,2307965.,901629,901630, , ,2022-09-13 07:46:36,True,False,False,2.616011335204241
2022-09-13,FHMRF,FHMRF,2022/09/13,07:56:19,QTR8271,OTHHLEZG,340,-5,29 N,28.8,256.8,28.0,18668.0,85.675,-0.299,-1.3,-1.0,13923.0,56430.0,55705.,55681.,0.0,0.,13744.,13738.0,0.,0.0,8109.,2.1,8105.0,2.0,0.0,0.0,0.,0.0,16548.0,16214.,2.1,0.03028,0.03059,-1.0,0.839,293,501.,475.,0.0,0.013,0,2298622.,901629,901630, , ,2022-09-13 07:56:19,True,False,False,2.6202385318455774
2022-09-13,FHMRF,FHMRF,2022/09/13,08:10:33,QTR8271,OTHHLEZG,340,-5,29 N,28.6,255.0,28.0,18670.3,85.380,-0.357,-1.5,-1.2,13769.0,55807.0,54972.,54972.,0.0,0.,13563.,13563.0,0.,0.0,8018.,2.2,8018.0,2.2,0.0,0.0,0.,0.0,16388.0,16035.,2.2,0.03061,0.03091,-1.0,0.84,294,502.,470.,-0.006,-0.010,0,2282718.,901629,901630, , ,2022-09-13 08:10:33,True,False,False,2.6244886321974645
2022-09-13,FHMRF,FHMRF,2022/09/13,20:27:05,QTR8272,LEZGOTHH,350,-8,29 N,26.2,244.0,24.0,18617.9,85.150,-0.216,-1.0,-0.8,13177.0,56000.0,55463.,55463.,0.0,0.,13051.,13051.0,0.,0.0,7659.,2.2,7659.0,2.7,0.0,0.0,0.,0.0,15695.0,15318.,2.5,0.0317,0.03222,-1.6,0.837,286,498.,519.,0.0,-0.007,0,2274239.,901629,901630, , ,2022-09-13 20:27:05,True,False,False,2.6287658292991667
2022-09-13,FHMRF,FHMRF,2022/09/13,20:30:56,QTR8272,LEZGOTHH,350,-8,29 N,26.1,243.5,24.0,18616.0,85.105,-0.276,-1.2,-1.0,13147.0,55873.0,55205.,55184.,0.0,0.,12990.,12985.0,0.,0.0,7645.,2.4,7643.0,2.5,0.0,0.0,0.,0.0,15664.0,15288.,2.5,0.03178,0.03224,-1.4,0.837,286,498.,518.,-0.001,0.015,0,2269976.,901629,901630, , ,2022-09-13 20:30:56,True,False,False,2.6330737131343214
2022-09-13,FHMRF,FHMRF,2022/09/13,21:03:12,QTR8272,LEZGOTHH,350,-7,28 N,26.1,239.8,24.0,18616.0,84.900,-0.489,-2.0,-1.7,13124.0,55775.0,54670.,54670.,0.0,0.,12864.,12864.0,0.,0.0,7588.,2.4,7588.0,2.2,0.0,0.0,0.,0.0,15527.0,15175.,2.3,0.03211,0.03231,-0.6,0.838,286,499.,511.,0.007,0.003,0,2235047.,901629,901630, , ,2022-09-13 21:03:12,True,False,False,2.63741527280978
2022-09-14,FHMRF,FHMRF,2022/09/14,11:12:57,QTR8247,OTHHEBBR,340,-17,41 N,30.5,247.4,24.0,18650.2,82.795,-0.227,-0.9,-0.6,13317.0,53973.0,53505.,53484.,0.0,0.,13202.,13196.0,0.,0.0,7627.,1.5,7624.0,2.3,0.0,0.0,0.,0.0,15544.0,15251.,1.9,0.0316,0.032,-1.3,0.841,294,491.,452.,-0.01,0.007,0,2214784.,901629,901630, , ,2022-09-14 11:12:57,True,False,False,2.6417929022939917
2022-09-17,FHMRF,FHMRF,2022/09/17,04:01:20,QTR8253,OTHHLFPG,380,-22,40 N,29.0,223.5,29.0,18667.7,84.280,-0.403,-1.8,-1.5,12271.0,60219.0,59140.,59136.,0.0,0.,12051.,12050.0,0.,0.0,6851.,2.4,6852.0,3.4,0.0,0.0,0.,0.0,14101.0,13702.,2.9,0.03441,0.03487,-1.3,0.84,268,485.,436.,0.008,0.000,0,2421717.,901629,901630, , ,2022-09-17 04:01:20,True,False,False,2.6462084095007277
2022-09-17,FHMRF,FHMRF,2022/09/17,04:16:11,QTR8253,OTHHLFPG,380,-22,40 N,28.9,221.9,29.0,18670.0,84.200,-0.303,-1.3,-1.1,12126.0,59510.0,58725.,58721.,0.0,0.,11966.,11965.0,0.,0.0,6814.,3.3,6815.0,2.7,0.0,0.0,0.,0.0,14040.0,13628.,3.0,0.0346,0.03526,-1.9,0.84,268,486.,433.,0.004,-0.014,0,2404893.,901629,901630, , ,2022-09-17 04:16:11,True,False,False,2.6506630284798707
2022-09-17,FHMRF,FHMRF,2022/09/17,04:27:20,QTR8253,OTHHLFPG,380,-21,41 N,28.8,220.7,30.0,18668.9,83.920,-0.371,-1.6,-1.3,11935.0,58575.0,57629.,57625.,0.0,0.,11743.,11742.0,0.,0.0,6717.,2.9,6718.0,3.2,0.0,0.0,0.,0.0,13840.0,13435.,3.0,0.0352,0.03577,-1.6,0.841,268,487.,428.,-0.01,0.006,0,2392218.,901629,901630, , ,2022-09-17 04:27:20,True,False,False,2.6551574344530957
2022-09-17,FHMRF,FHMRF,2022/09/17,14:16:56,QTR8254,LFPGOTHH,370,-21,39 N,30.3,242.6,26.0,18648.9,85.290,-0.277,-1.2,-1.1,13255.0,61995.0,61251.,61247.,0.0,0.,13096.,13095.0,0.,0.0,7395.,3.5,7395.0,3.6,0.0,0.0,0.,0.0,15316.0,14790.,3.6,0.0316,0.03236,-2.3,0.835,273,484.,532.,0.02,0.008,0,2492480.,901629,901630, , ,2022-09-17 14:16:56,True,False,False,2.659691761415753
2022-09-18,FHMRF,FHMRF,2022/09/18,11:54:12,QTR8892,OTHHLFPG,400,-21,36 N,28.2,186.7,28.0,18664.4,82.900,-0.309,-1.3,-1.1,10321.0,55758.0,55009.,55013.,0.0,0.,10182.,10183.0,0.,0.0,5881.,2.9,5880.0,3.3,0.0,0.0,0.,0.0,12125.0,11761.,3.1,0.04032,0.04109,-1.9,0.844,257,489.,457.,-0.01,0.032,0,2223486.,901629,901630, , ,2022-09-18 11:54:12,True,False,False,2.6642656220272083
2022-09-19,FHMRF,FHMRF,2022/09/19,20:20:02,CMA600,LFPGVHHH,391,-18,25 N,29.0,171.5,25.0,18640.0,81.540,-0.337,-1.6,-1.3,10003.0,51756.0,50918.,50918.,0.0,0.,9841.,9841.0,0.,0.0,5779.,2.7,5779.0,3.0,0.0,0.0,0.,0.0,11888.0,11558.,2.9,0.04145,0.04207,-1.5,0.846,263,493.,480.,-0.002,-0.014,0,1947690.,901629,901630, , ,2022-09-19 20:20:02,True,False,False,2.6688781295339155
2022-09-20,FHMRF,FHMRF,2022/09/20,18:15:47,CMA602,LFPGVHHH,310,-12,46 N,27.4,306.8,31.0,18636.5,84.895,-0.517,-2.2,-2.0,16404.0,57828.0,56525.,56550.,0.0,0.,16035.,16042.0,0.,0.0,9216.,2.4,9220.0,2.6,0.0,0.0,0.,0.0,18895.0,18436.,2.5,0.02604,0.02615,-0.4,0.834,312,492.,568.,0.006,-0.084,0,2378102.,901629,901630, , ,2022-09-20 18:15:47,True,False,False,2.6735279215074934
2022-09-21,FHMRF,FHMRF,2022/09/21,01:36:33,CMA602,LFPGVHHH,351,-10,38 N,26.2,248.8,26.0,18633.1,85.435,-0.122,-0.5,-0.3,13412.0,57272.0,56981.,56956.,0.0,0.,13344.,13338.0,0.,0.0,7774.,2.3,7771.0,2.4,0.0,0.0,0.,0.0,15912.0,15546.,2.4,0.03103,0.03166,-2.0,0.834,284,494.,589.,0.005,-0.071,0,2332075.,901629,901630, , ,2022-09-21 01:36:33,True,False,False,2.6782131852229516
2022-09-21,FHMRF,FHMRF,2022/09/21,03:45:59,CMA602,LFPGVHHH,371,-13,24 N,25.7,233.6,26.0,18630.8,86.010,-0.256,-1.1,-0.9,12783.0,60080.0,59401.,59401.,0.0,0.,12639.,12639.0,0.,0.0,7347.,2.7,7347.0,2.6,0.0,0.0,0.,0.0,15086.0,14695.,2.7,0.03271,0.03329,-1.7,0.838,273,494.,464.,0.006,0.019,0,2408206.,901629,901630, , ,2022-09-21 03:45:59,True,False,False,2.682931684537002
2022-09-21,FHMRF,FHMRF,2022/09/21,20:52:01,CMA603,VHHHLFPG,320,-15,48 N,33.2,237.9,26.0,18638.7,81.690,-0.094,-0.4,-0.3,13689.0,50531.0,50305.,50305.,0.0,0.,13628.,13628.0,0.,0.0,7921.,2.3,7921.0,2.7,0.0,0.0,0.,0.0,16241.0,15842.,2.5,0.03034,0.03101,-2.2,0.84,307,493.,469.,0.016,0.036,0,1939531.,901629,901630, , ,2022-09-21 20:52:01,True,False,False,2.6876807881443376
2022-09-23,FHMRF,FHMRF,2022/09/23,09:26:28,CMA605,VHHHLFPG,340,-21,48 N,32.3,239.0,26.0,18630.8,82.100,-0.157,-0.6,-0.6,13302.0,53917.0,53582.,53582.,0.0,0.,13220.,13220.0,0.,0.0,7528.,2.8,7528.0,2.9,0.0,0.0,0.,0.0,15489.0,15056.,2.9,0.03141,0.03213,-2.2,0.84,294,487.,465.,0.019,0.013,0,2140369.,901629,901630, , ,2022-09-23 09:26:28,True,False,False,2.6924574990912715
2022-09-23,FHMRF,FHMRF,2022/09/23,20:53:38,CMA606,LFPGVHHH,350,-6,41 N,32.6,267.3,29.0,18630.8,87.630,-0.561,-2.3,-2.1,14639.0,62209.0,60754.,60754.,0.0,0.,14297.,14297.0,0.,0.0,8363.,3.0,8363.0,3.4,0.0,0.0,0.,0.0,17264.0,16727.,3.2,0.0288,0.02912,-1.1,0.833,285,497.,540.,0.027,0.044,0,2494504.,901629,901630, , ,2022-09-23 20:53:38,True,False,False,2.6972584854191677
2022-09-23,FHMRF,FHMRF,2022/09/23,22:47:36,CMA606,LFPGVHHH,351,-15,41 N,30.9,253.2,30.0,18633.1,84.730,-0.374,-1.6,-1.4,13610.0,58114.0,57177.,57177.,0.0,0.,13391.,13391.0,0.,0.0,7715.,2.8,7715.0,3.2,0.0,0.0,0.,0.0,15899.0,15430.,3.0,0.03081,0.03132,-1.6,0.835,285,490.,525.,0.009,0.021,0,2375913.,901629,901630, , ,2022-09-23 22:47:36,True,False,False,2.7020801118041424
2022-09-23,FHMRF,FHMRF,2022/09/23,22:54:07,CMA606,LFPGVHHH,351,-14,41 N,30.8,252.4,30.0,18633.1,85.130,-0.361,-1.5,-1.3,13749.0,58709.0,57804.,57804.,0.0,0.,13537.,13537.0,0.,0.0,7809.,2.5,7809.0,3.0,0.0,0.0,0.,0.0,16049.0,15618.,2.8,0.03058,0.03102,-1.4,0.835,285,491.,530.,0.021,0.014,0,2368431.,901629,901630, , ,2022-09-23 22:54:07,True,False,False,2.7069184720619397
2022-09-23,FHMRF,FHMRF,2022/09/23,23:17:07,CMA606,LFPGVHHH,351,-13,39 N,30.6,249.7,30.0,18637.0,84.790,-0.441,-1.9,-1.6,13471.0,57523.0,56420.,56420.,0.0,0.,13213.,13213.0,0.,0.0,7664.,2.7,7664.0,2.7,0.0,0.0,0.,0.0,15734.0,15327.,2.7,0.0313,0.03161,-1.0,0.836,285,493.,540.,0.01,-0.022,0,2341393.,901629,901630, , ,2022-09-23 23:17:07,True,False,False,2.711769422400328
2022-09-24,FHMRF,FHMRF,2022/09/24,01:45:34,CMA606,LFPGVHHH,371,-15,24 N,30.1,232.4,25.0,18633.1,85.185,-0.524,-2.2,-1.9,12649.0,59448.0,58136.,58111.,0.0,0.,12370.,12364.0,0.,0.0,7166.,2.8,7163.0,2.7,0.0,0.0,0.,0.0,14728.0,14330.,2.8,0.03339,0.03367,-0.8,0.838,273,492.,481.,0.012,-0.024,0,2395512.,901629,901630, , ,2022-09-24 01:45:34,True,False,False,2.716628615322115
2022-09-25,FHMRF,FHMRF,2022/09/25,03:35:01,CMA608,LFPGVHHH,350,-13,41 N,34.6,258.1,30.0,18628.5,85.530,-0.17,-0.7,-0.5,13848.0,58850.0,58422.,58425.,0.0,0.,13747.,13748.0,0.,0.0,7946.,2.6,7946.0,2.4,0.0,0.0,0.,0.0,16288.0,15892.,2.5,0.03022,0.0308,-1.9,0.836,286,492.,516.,0.011,-0.002,0,2409454.,901629,901630, , ,2022-09-25 03:35:01,True,False,False,2.721491534101947
2022-09-25,FHMRF,FHMRF,2022/09/25,04:59:09,CMA608,LFPGVHHH,331,-14,43 N,33.6,248.0,30.0,18633.5,82.530,-0.164,-0.7,-0.5,13455.0,52277.0,51933.,51936.,0.0,0.,13366.,13367.0,0.,0.0,7772.,1.8,7771.0,2.4,0.0,0.0,0.,0.0,15867.0,15542.,2.1,0.03108,0.03157,-1.6,0.839,299,493.,520.,-0.001,-0.028,0,2117696.,901629,901630, , ,2022-09-25 04:59:09,True,False,False,2.726353527773053
2022-09-26,FHMRF,FHMRF,2022/09/26,13:24:34,CMA600,LFPGVHHH,330,-12,41 N,36.0,258.5,28.0,18633.0,83.480,-0.209,-0.8,-0.6,13886.0,53700.0,53266.,53266.,0.0,0.,13774.,13774.0,0.,0.0,8016.,1.5,8016.0,2.0,0.0,0.0,0.,0.0,16311.0,16033.,1.7,0.03028,0.03061,-1.1,0.837,299,494.,533.,0.005,-0.007,0,2195682.,901629,901630, , ,2022-09-26 13:24:34,True,False,False,2.731209846563312
2022-09-26,FHMRF,FHMRF,2022/09/26,14:35:10,CMA600,LFPGVHHH,350,-15,41 N,33.8,249.9,30.0,18634.8,84.140,-0.251,-1.1,-0.9,13263.0,56365.0,55737.,55734.,0.0,0.,13115.,13114.0,0.,0.0,7578.,2.6,7579.0,2.8,0.0,0.0,0.,0.0,15567.0,15157.,2.7,0.0315,0.03207,-1.8,0.836,286,490.,569.,0.0,-0.015,0,2331460.,901629,901630, , ,2022-09-26 14:35:10,True,False,False,2.736055677710594
2022-09-27,FHMRF,FHMRF,2022/09/27,07:04:20,CMA601,VHHHLFPG,320,-10,41 N,35.5,284.4,25.0,18635.7,84.950,-0.12,-0.5,-0.5,15257.0,56321.0,56022.,56022.,0.0,0.,15176.,15176.0,0.,0.0,8779.,3.1,8779.0,3.1,0.0,0.0,0.,0.0,18099.0,17558.,3.1,0.02739,0.0281,-2.5,0.838,306,496.,451.,0.007,-0.009,0,2320177.,901629,901630, , ,2022-09-27 07:04:20,True,False,False,2.7408861815620194
2022-09-27,FHMRF,FHMRF,2022/09/27,07:36:48,CMA601,VHHHLFPG,320,-7,40 N,34.4,280.0,24.0,18630.7,84.990,-0.334,-1.3,-1.1,15026.0,55465.0,54738.,54738.,0.0,0.,14829.,14829.0,0.,0.0,8704.,2.3,8704.0,2.3,0.0,0.0,0.,0.0,17800.0,17408.,2.3,0.02807,0.02839,-1.1,0.839,306,500.,455.,0.002,0.014,0,2284165.,901629,901630, , ,2022-09-27 07:36:48,True,False,False,2.745696527824083
2022-09-27,FHMRF,FHMRF,2022/09/27,08:21:58,CMA601,VHHHLFPG,320,-10,40 N,33.3,274.0,29.0,18630.7,84.500,-0.156,-0.6,-0.4,14932.0,55116.0,54794.,54794.,0.0,0.,14844.,14844.0,0.,0.0,8650.,2.3,8650.0,2.3,0.0,0.0,0.,0.0,17700.0,17300.,2.3,0.02806,0.02859,-1.8,0.839,307,497.,456.,0.013,-0.009,0,2235024.,901629,901630, , ,2022-09-27 08:21:58,True,False,False,2.750481931793393
2022-10-05,FHMRF,FHMRF,2022/10/05,19:42:38,QTR8835,LFPGOTHH,350,-21,44 N,33.1,234.9,29.0,18636.7,82.135,0.055,0.2,0.5,12563.0,53392.0,53497.,53518.,0.0,0.,12588.,12593.0,0.,0.0,7248.,2.4,7250.0,2.2,0.0,0.0,0.,0.0,14832.0,14498.,2.3,0.03287,0.03379,-2.7,0.842,288,487.,466.,-0.014,0.000,0,2195556.,901629,901630, , ,2022-10-05 19:42:38,True,False,False,2.7552376903717946
2022-10-05,FHMRF,FHMRF,2022/10/05,22:05:54,QTR8835,LFPGOTHH,370,-15,33 N,33.0,219.3,25.0,18639.7,83.610,-0.203,-0.8,-0.6,11731.0,54868.0,54441.,54437.,0.0,0.,11639.,11638.0,0.,0.0,6764.,2.7,6765.0,3.0,0.0,0.0,0.,0.0,13919.0,13530.,2.9,0.03536,0.03614,-2.2,0.839,274,492.,524.,-0.009,-0.026,0,2252925.,901629,901630, , ,2022-10-05 22:05:54,True,False,False,2.7599592176518706
2022-10-06,FHMRF,FHMRF,2022/10/06,04:01:18,QTR8265,OTHHLIMC,320,0,27 N,28.9,197.1,28.0,18672.8,81.480,-0.274,-1.2,-1.0,12399.0,45767.0,45237.,45237.,0.0,0.,12255.,12255.0,0.,0.0,7426.,1.3,7426.0,2.3,0.0,0.0,0.,0.0,15122.0,14851.,1.8,0.03347,0.03375,-0.8,0.84,307,506.,466.,-0.005,-0.005,0,1603865.,901629,901630, , ,2022-10-06 04:01:18,True,False,False,2.764642079838683
2022-10-06,FHMRF,FHMRF,2022/10/06,04:16:47,QTR8265,OTHHLIMC,400,-21,29 N,28.7,195.1,28.0,18662.3,83.440,-0.306,-1.4,-1.2,10595.0,57236.0,56446.,56446.,0.0,0.,10448.,10448.0,0.,0.0,6017.,3.5,6017.0,4.5,0.0,0.0,0.,0.0,12514.0,12033.,4.0,0.039,0.04009,-2.7,0.843,257,488.,460.,-0.018,0.104,0,2322932.,901629,901630, , ,2022-10-06 04:16:47,True,False,False,2.76928202924771
2022-10-06,FHMRF,FHMRF,2022/10/06,04:17:06,QTR8265,OTHHLIMC,400,-21,29 N,28.7,195.1,28.0,18661.7,83.470,-0.309,-1.4,-1.2,10610.0,57321.0,56524.,56524.,0.0,0.,10462.,10462.0,0.,0.0,6024.,3.4,6024.0,3.9,0.0,0.0,0.,0.0,12487.0,12048.,3.6,0.03909,0.04004,-2.4,0.843,257,488.,459.,-0.016,0.075,0,2322692.,901629,901630, , ,2022-10-06 04:17:06,True,False,False,2.7738750370931955
2022-10-06,FHMRF,FHMRF,2022/10/06,04:17:10,QTR8265,OTHHLIMC,400,-21,29 N,28.7,195.1,27.0,18665.6,83.480,-0.293,-1.3,-1.1,10607.0,57308.0,56549.,56549.,0.0,0.,10467.,10467.0,0.,0.0,6025.,3.4,6025.0,3.9,0.0,0.0,0.,0.0,12489.0,12050.,3.6,0.03908,0.04005,-2.4,0.843,257,488.,459.,-0.016,0.064,0,2322617.,901629,901630, , ,2022-10-06 04:17:10,True,False,False,2.77841732476622
2022-10-06,FHMRF,FHMRF,2022/10/06,04:43:12,QTR8265,OTHHLIMC,400,-22,31 N,28.5,192.6,28.0,18665.9,83.450,-0.282,-1.3,-1.1,10631.0,57437.0,56707.,56707.,0.0,0.,10496.,10496.0,0.,0.0,6032.,2.6,6032.0,3.2,0.0,0.0,0.,0.0,12417.0,12065.,2.9,0.03926,0.03998,-1.8,0.843,257,488.,447.,-0.002,-0.009,0,2294452.,901629,901630, , ,2022-10-06 04:43:12,True,False,False,2.782905393309393
2022-10-06,FHMRF,FHMRF,2022/10/06,05:24:33,QTR8265,OTHHLIMC,400,-22,36 N,28.2,188.8,28.0,18670.4,82.675,-0.248,-1.1,-0.9,10306.0,55678.0,55081.,55060.,0.0,0.,10195.,10191.0,0.,0.0,5868.,2.8,5866.0,3.5,0.0,0.0,0.,0.0,12102.0,11733.,3.1,0.04027,0.04116,-2.2,0.844,257,487.,449.,-0.019,0.033,0,2247502.,901629,901630, , ,2022-10-06 05:24:33,True,False,False,2.7873360508301315
2022-10-06,FHMRF,FHMRF,2022/10/06,07:46:56,QTR8265,OTHHLIMC,400,-31,44 N,27.8,175.7,26.0,18671.9,80.830,-0.103,-0.4,-0.2,10061.0,54357.0,54129.,54129.,0.0,0.,10019.,10019.0,0.,0.0,5687.,3.2,5687.0,3.3,0.0,0.0,0.,0.0,11739.0,11373.,3.2,0.0411,0.04233,-2.9,0.851,260,483.,527.,-0.011,-0.001,0,2096782.,901629,901630, , ,2022-10-06 07:46:56,True,False,False,2.791706437646655
2022-10-06,FHMRF,FHMRF,2022/10/06,08:06:15,QTR8265,OTHHLIMC,400,-32,44 N,27.7,174.1,26.0,18669.8,79.950,-0.185,-0.8,-0.6,9793.0,52909.0,52504.,52504.,0.0,0.,9718.,9718.0,0.,0.0,5498.,2.9,5498.0,3.0,0.0,0.0,0.,0.0,11323.0,10996.,3.0,0.04222,0.04324,-2.4,0.844,257,478.,514.,-0.007,-0.016,0,2077088.,901629,901630, , ,2022-10-06 08:06:15,True,False,False,2.7960140490119434
2022-10-06,FHMRF,FHMRF,2022/10/06,12:52:53,QTR8266,LIMCOTHH,350,-18,44 N,26.5,237.0,30.0,18632.9,82.760,-0.473,-1.8,-1.7,12921.0,54912.0,53906.,53906.,0.0,0.,12684.,12684.0,0.,0.0,7292.,3.2,7292.0,3.1,0.0,0.0,0.,0.0,15042.0,14584.,3.1,0.03258,0.03304,-1.4,0.841,288,490.,467.,-0.002,0.014,0,2214225.,901629,901630, , ,2022-10-06 12:52:53,True,False,False,2.8002567553009294
2022-10-06,FHMRF,FHMRF,2022/10/06,13:19:38,QTR8266,LIMCOTHH,350,-17,43 N,26.2,234.0,30.0,18630.3,82.310,-0.349,-1.4,-1.2,12575.0,53439.0,52699.,52699.,0.0,0.,12401.,12401.0,0.,0.0,7165.,2.2,7165.0,2.8,0.0,0.0,0.,0.0,14685.0,14331.,2.5,0.03349,0.03389,-1.2,0.843,288,492.,441.,-0.023,0.003,0,2185954.,901629,901630, , ,2022-10-06 13:19:38,True,False,False,2.804432819576975
2022-10-06,FHMRF,FHMRF,2022/10/06,13:25:42,QTR8266,LIMCOTHH,350,-17,43 N,26.2,233.3,30.0,18634.3,82.380,-0.564,-2.2,-2.0,12717.0,54043.0,52846.,52846.,0.0,0.,12435.,12435.0,0.,0.0,7178.,2.9,7178.0,3.7,0.0,0.0,0.,0.0,14828.0,14355.,3.3,0.03313,0.03354,-1.2,0.842,288,491.,436.,-0.008,0.009,0,2179809.,901629,901630, , ,2022-10-06 13:25:42,True,False,False,2.8085409124791956
2022-10-06,FHMRF,FHMRF,2022/10/06,15:52:50,QTR8266,LIMCOTHH,370,-16,33 N,25.6,217.0,26.0,18632.8,83.410,-0.554,-2.2,-1.9,11874.0,55535.0,54312.,54315.,0.0,0.,11612.,11613.0,0.,0.0,6754.,3.0,6754.0,3.2,0.0,0.0,0.,0.0,13931.0,13508.,3.1,0.0353,0.03572,-1.2,0.84,274,492.,528.,-0.002,-0.008,0,2229187.,901629,901630, , ,2022-10-06 15:52:50,True,False,False,2.8125801243927606
2022-10-07,FHMRF,FHMRF,2022/10/07,15:00:41,QTR8202,EHAMOTHH,350,-12,38 N,22.6,251.2,26.0,18615.0,85.390,-0.403,-1.7,-1.6,13859.0,58899.0,57898.,57887.,0.0,0.,13624.,13621.0,0.,0.0,7865.,3.5,7867.0,2.9,0.0,0.0,0.,0.0,16234.0,15732.,3.2,0.03035,0.03083,-1.5,0.836,285,493.,528.,0.016,-0.010,0,2344342.,901629,901630, , ,2022-10-07 15:00:41,True,False,False,2.8165499748799783
2022-10-07,FHMRF,FHMRF,2022/10/07,15:20:01,QTR8202,EHAMOTHH,350,-11,35 N,22.5,248.8,26.0,18613.3,85.040,-1.182,-5.0,-4.4,13922.0,59164.0,56221.,56217.,0.0,0.,13229.,13228.0,0.,0.0,7728.,3.0,7729.0,2.9,0.0,0.0,0.,0.0,15912.0,15457.,2.9,0.03114,0.03064,1.6,0.838,286,496.,499.,0.023,-0.005,0,2326307.,901629,901630, , ,2022-10-07 15:20:01,True,False,False,2.8204504193648456
2022-10-07,FHMRF,FHMRF,2022/10/07,16:06:58,QTR8202,EHAMOTHH,350,-10,30 N,22.3,243.2,26.0,18615.8,84.930,-0.53,-2.3,-2.0,13375.0,56843.0,55528.,55525.,0.0,0.,13066.,13065.0,0.,0.0,7653.,2.9,7654.0,3.3,0.0,0.0,0.,0.0,15779.0,15307.,3.1,0.03143,0.03176,-1.0,0.837,286,496.,533.,0.009,-0.014,0,2270813.,901629,901630, , ,2022-10-07 16:06:58,True,False,False,2.824281853082727
2022-10-07,FHMRF,FHMRF,2022/10/07,16:21:22,QTR8202,EHAMOTHH,350,-8,28 N,22.3,241.5,26.0,18615.8,84.655,-0.515,-2.0,-1.7,13067.0,55529.0,54421.,54397.,0.0,0.,12806.,12800.0,0.,0.0,7545.,3.1,7543.0,2.7,0.0,0.0,0.,0.0,15526.0,15087.,2.9,0.03207,0.03244,-1.1,0.838,286,498.,536.,-0.01,-0.008,0,2253445.,901629,901630, , ,2022-10-07 16:21:22,True,False,False,2.8280451123299866
2022-10-08,FHMRF,FHMRF,2022/10/08,02:53:19,QTR8253,OTHHLFPG,320,-6,35 N,26.7,217.9,29.0,18660.9,82.050,-0.4,-1.9,-1.7,13317.0,49156.0,48208.,48205.,0.0,0.,13060.,13059.0,0.,0.0,7735.,2.1,7736.0,2.8,0.0,0.0,0.,0.0,15848.0,15471.,2.4,0.03158,0.03179,-0.7,0.84,307,500.,476.,0.028,0.006,0,1773430.,901629,901630, , ,2022-10-08 02:53:19,True,False,False,2.831741473071253
2022-10-08,FHMRF,FHMRF,2022/10/08,05:29:35,QTR8253,OTHHLFPG,380,-27,44 N,25.9,201.4,25.0,18656.3,81.290,-0.48,-1.9,-1.6,11181.0,54872.0,53831.,53831.,0.0,0.,10969.,10969.0,0.,0.0,6233.,3.0,6233.0,2.7,0.0,0.0,0.,0.0,12817.0,12465.,2.8,0.03765,0.0381,-1.2,0.844,269,483.,457.,-0.005,0.009,0,2183011.,901629,901630, , ,2022-10-08 05:29:35,True,False,False,2.835372646980028
2022-10-08,FHMRF,FHMRF,2022/10/08,05:32:35,QTR8253,OTHHLFPG,380,-27,44 N,25.9,201.1,25.0,18656.3,81.270,-0.383,-1.5,-1.2,11131.0,54628.0,53798.,53798.,0.0,0.,10962.,10962.0,0.,0.0,6228.,3.1,6228.0,3.3,0.0,0.0,0.,0.0,12856.0,12457.,3.2,0.03753,0.03826,-1.9,0.844,269,483.,456.,-0.008,-0.007,0,2179978.,901629,901630, , ,2022-10-08 05:32:35,True,False,False,2.8389407749983544
2022-10-08,FHMRF,FHMRF,2022/10/08,05:47:10,QTR8253,OTHHLFPG,380,-28,45 N,25.9,199.7,25.0,18655.2,81.300,0.015,0.1,0.2,11018.0,54072.0,54105.,54105.,0.0,0.,11025.,11025.0,0.,0.0,6247.,3.0,6247.0,3.0,0.0,0.0,0.,0.0,12872.0,12494.,3.0,0.03739,0.0386,-3.1,0.843,269,481.,452.,-0.01,-0.007,0,2164666.,901629,901630, , ,2022-10-08 05:47:10,True,False,False,2.8424484185026144
2022-10-08,FHMRF,FHMRF,2022/10/08,05:50:10,QTR8253,OTHHLFPG,380,-28,45 N,25.9,199.4,25.0,18659.2,81.380,-0.433,-1.7,-1.4,11274.0,55326.0,54369.,54369.,0.0,0.,11079.,11079.0,0.,0.0,6270.,3.2,6270.0,3.5,0.0,0.0,0.,0.0,12962.0,12539.,3.4,0.03712,0.03782,-1.9,0.843,269,481.,453.,0.013,0.007,0,2161440.,901629,901630, , ,2022-10-08 05:50:10,True,False,False,2.8458985481599632
2022-10-08,FHMRF,FHMRF,2022/10/08,06:01:54,QTR8253,OTHHLFPG,380,-28,46 N,25.9,198.2,25.0,18654.1,81.440,-0.68,-2.9,-2.5,11464.0,56261.0,54611.,54611.,0.0,0.,11128.,11128.0,0.,0.0,6292.,2.9,6292.0,3.5,0.0,0.0,0.,0.0,12982.0,12584.,3.2,0.03704,0.03724,-0.6,0.843,269,481.,470.,0.034,-0.002,0,2148887.,901629,901630, , ,2022-10-08 06:01:54,True,False,False,2.8492945305623114
2022-10-08,FHMRF,FHMRF,2022/10/08,14:47:26,QTR8254,LFPGOTHH,350,-20,44 N,30.4,252.1,30.0,18647.1,83.605,-0.448,-2.0,-1.8,13548.0,57574.0,56425.,56450.,0.0,0.,13278.,13284.0,0.,0.0,7545.,3.2,7548.0,3.5,0.0,0.0,0.,0.0,15599.0,15093.,3.4,0.03118,0.03164,-1.5,0.837,286,486.,511.,0.006,0.012,0,2355533.,901629,901630, , ,2022-10-08 14:47:26,True,False,False,2.852640112738365
2022-10-08,FHMRF,FHMRF,2022/10/08,17:47:38,QTR8254,LFPGOTHH,370,-15,30 N,29.9,231.2,26.0,18648.6,84.640,-0.405,-1.8,-1.5,12368.0,57850.0,56833.,56833.,0.0,0.,12151.,12151.0,0.,0.0,7040.,2.9,7040.0,2.9,0.0,0.0,0.,0.0,14489.0,14080.,2.9,0.03393,0.0344,-1.4,0.838,273,492.,513.,-0.007,-0.001,0,2376480.,901629,901630, , ,2022-10-08 17:47:38,True,False,False,2.855939404668897
2022-10-09,FHMRF,FHMRF,2022/10/09,04:16:57,QTR8231,OTHHLHBP,300,4,27 N,31.1,235.1,28.0,18672.8,82.670,-0.274,-1.1,-0.9,13886.0,46760.0,46234.,46234.,0.0,0.,13730.,13730.0,0.,0.0,8357.,1.9,8357.0,2.6,0.0,0.0,0.,0.0,17095.0,16714.,2.3,0.02982,0.03023,-1.4,0.839,320,510.,489.,-0.01,0.003,0,1745612.,901629,901630, , ,2022-10-09 04:16:57,True,False,False,2.859196859961817
2022-10-09,FHMRF,FHMRF,2022/10/09,04:40:21,QTR8231,OTHHLHBP,300,5,30 N,30.9,231.8,28.0,18667.7,85.770,-0.907,-3.4,-3.0,16247.0,54708.0,52832.,52832.,0.0,0.,15690.,15690.0,0.,0.0,9590.,1.8,9590.0,2.1,0.0,0.0,0.,0.0,19549.0,19179.,1.9,0.02696,0.02666,1.1,0.87,333,527.,508.,0.016,0.019,0,1720670.,901629,901630, , ,2022-10-09 04:40:21,True,False,False,2.862417254874129
2022-10-09,FHMRF,FHMRF,2022/10/09,07:25:38,QTR8231,OTHHLHBP,380,-28,42 N,30.4,213.5,24.0,18675.6,82.570,-0.002,-0.0,0.2,11622.0,57032.0,57025.,57025.,0.0,0.,11620.,11620.0,0.,0.0,6556.,2.9,6556.0,2.9,0.0,0.0,0.,0.0,13486.0,13111.,2.9,0.03567,0.03676,-3.0,0.842,269,481.,438.,-0.002,0.018,0,2313288.,901629,901630, , ,2022-10-09 07:25:38,True,False,False,2.865605665886417
2022-10-09,FHMRF,FHMRF,2022/10/09,07:38:09,QTR8231,OTHHLHBP,380,-28,43 N,30.4,212.3,24.0,18669.6,82.375,-0.206,-0.9,-0.7,11705.0,57441.0,56892.,56918.,0.0,0.,11593.,11598.0,0.,0.0,6520.,3.4,6523.0,3.5,0.0,0.0,0.,0.0,13494.0,13044.,3.5,0.03559,0.03656,-2.6,0.842,269,480.,445.,0.011,-0.011,0,2299644.,901629,901630, , ,2022-10-09 07:38:09,True,False,False,2.8687674460323493
2022-10-10,FHMRF,FHMRF,2022/10/10,08:07:43,QTR8232,LKPROTHH,330,-21,48 N,23.8,288.5,30.0,18606.8,84.770,-0.242,-1.1,-0.9,15602.0,60336.0,59692.,59692.,0.0,0.,15435.,15435.0,0.,0.0,8728.,2.5,8728.0,2.5,0.0,0.0,0.,0.0,17900.0,17456.,2.5,0.02706,0.02751,-1.6,0.835,298,484.,494.,0.003,0.008,0,2455368.,901629,901630, , ,2022-10-10 08:07:43,True,False,False,2.8719082001630394
2022-10-10,FHMRF,FHMRF,2022/10/10,08:48:29,QTR8232,LKPROTHH,330,-20,45 N,23.3,283.1,30.0,18604.1,84.075,-0.873,-3.7,-3.3,15495.0,59923.0,57679.,57704.,0.0,0.,14915.,14921.0,0.,0.0,8473.,2.7,8477.0,3.0,0.0,0.0,0.,0.0,17434.0,16950.,2.9,0.02785,0.02769,0.5,0.836,299,485.,521.,0.014,0.009,0,2408124.,901629,901630, , ,2022-10-10 08:48:29,True,False,False,2.8750337593000816
2022-10-11,FHMRF,FHMRF,2022/10/11,12:09:12,QTR8584,OTHHEBBR,340,-21,42 N,28.7,244.4,24.0,18663.9,82.290,-0.236,-0.9,-0.7,13408.0,54345.0,53843.,53843.,0.0,0.,13284.,13284.0,0.,0.0,7581.,2.2,7581.0,3.1,0.0,0.0,0.,0.0,15563.0,15162.,2.6,0.03131,0.03191,-1.9,0.841,294,487.,444.,0.005,-0.003,0,2188852.,901629,901630, , ,2022-10-11 12:09:12,True,False,False,2.8781501542169434
2022-10-11,FHMRF,FHMRF,2022/10/11,12:36:41,QTR8584,OTHHEBBR,340,-22,44 N,28.7,241.2,25.0,18665.7,81.690,-0.079,-0.3,-0.2,13095.0,53075.0,52907.,52907.,0.0,0.,13053.,13053.0,0.,0.0,7447.,2.2,7447.0,2.9,0.0,0.0,0.,0.0,15276.0,14895.,2.6,0.03187,0.03263,-2.3,0.842,294,487.,458.,-0.01,0.004,0,2159677.,901629,901630, , ,2022-10-11 12:36:41,True,False,False,2.881263588385677
2022-10-13,FHMRF,FHMRF,2022/10/13,06:02:00,QTR8265,OTHHEHBK,320,-17,44 N,23.4,269.8,25.0,18655.2,83.230,-0.423,-1.6,-1.4,14974.0,55276.0,54383.,54386.,0.0,0.,14732.,14733.0,0.,0.0,8449.,2.4,8448.0,2.5,0.0,0.0,0.,0.0,17307.0,16898.,2.4,0.02836,0.02865,-1.0,0.84,307,491.,432.,0.015,0.002,0,2199926.,901629,901630, , ,2022-10-13 06:02:00,True,False,False,2.884380410423497
2022-10-14,FHMRF,FHMRF,2022/10/14,07:07:50,QTR8854,OTHHLFPG,400,-24,40 N,28.7,202.0,28.0,18653.9,84.420,-0.088,-0.4,-0.1,11194.0,60478.0,60239.,60239.,0.0,0.,11150.,11150.0,0.,0.0,6363.,2.7,6363.0,2.9,0.0,0.0,0.,0.0,13079.0,12726.,2.8,0.03701,0.038,-2.6,0.841,256,484.,418.,0.009,0.022,0,2409385.,901629,901630, , ,2022-10-14 07:07:50,True,False,False,2.8875070861636667
2022-10-14,FHMRF,FHMRF,2022/10/14,07:11:01,QTR8854,OTHHLFPG,400,-25,40 N,28.7,201.7,28.0,18656.4,84.480,-0.035,-0.2,-0.0,11257.0,60819.0,60724.,60724.,0.0,0.,11239.,11239.0,0.,0.0,6379.,3.1,6379.0,2.6,0.0,0.0,0.,0.0,13120.0,12759.,2.8,0.03685,0.03789,-2.7,0.841,256,484.,421.,0.017,-0.039,0,2405790.,901629,901630, , ,2022-10-14 07:11:01,True,False,False,2.890650170456854
2022-10-14,FHMRF,FHMRF,2022/10/14,14:43:06,QTR8855,LFPGOTHH,350,-19,48 N,31.7,252.8,28.0,18667.2,83.540,-0.219,-1.0,-0.9,13353.0,56746.0,56192.,56192.,0.0,0.,13222.,13222.0,0.,0.0,7505.,3.0,7505.0,3.2,0.0,0.0,0.,0.0,15480.0,15009.,3.1,0.03139,0.03209,-2.2,0.836,286,486.,573.,-0.006,0.005,0,2361589.,901629,901630, , ,2022-10-14 14:43:06,True,False,False,2.8938162787861916
2022-10-14,FHMRF,FHMRF,2022/10/14,16:27:21,QTR8855,LFPGOTHH,350,-26,42 N,30.9,240.9,30.0,18668.1,81.570,-0.383,-1.5,-1.2,12902.0,54828.0,54003.,54000.,0.0,0.,12708.,12707.0,0.,0.0,7176.,3.3,7176.0,3.3,0.0,0.0,0.,0.0,14822.0,14352.,3.3,0.03252,0.03317,-2.0,0.84,287,482.,510.,-0.003,0.010,0,2249570.,901629,901630, , ,2022-10-14 16:27:21,True,False,False,2.897012058757749
2022-10-14,FHMRF,FHMRF,2022/10/14,18:57:48,QTR8855,LFPGOTHH,370,-19,30 N,30.7,224.6,26.0,18668.4,83.340,-0.223,-0.9,-0.7,11875.0,55542.0,55019.,55015.,0.0,0.,11763.,11762.0,0.,0.0,6735.,3.5,6736.0,3.6,0.0,0.0,0.,0.0,13949.0,13471.,3.5,0.03465,0.03562,-2.7,0.829,270,483.,477.,-0.006,0.002,0,2309076.,901629,901630, , ,2022-10-14 18:57:48,True,False,False,2.900244161514832
2022-10-15,FHMRF,FHMRF,2022/10/15,02:55:57,QTR8253,OTHHLFPG,380,-27,38 N,27.8,201.2,29.0,18685.1,81.360,-0.16,-0.6,-0.4,11024.0,54101.0,53756.,53752.,0.0,0.,10954.,10953.0,0.,0.0,6247.,3.0,6248.0,3.0,0.0,0.0,0.,0.0,12873.0,12495.,3.0,0.03765,0.03864,-2.6,0.847,271,485.,456.,-0.024,-0.003,0,2178782.,901629,901630, , ,2022-10-15 02:55:57,True,False,False,2.9035192131246705
2022-10-15,FHMRF,FHMRF,2022/10/15,03:16:27,QTR8253,OTHHLFPG,380,-29,39 N,27.7,199.2,28.0,18685.7,81.115,-0.212,-0.8,-0.6,11122.0,54585.0,54114.,54132.,0.0,0.,11026.,11030.0,0.,0.0,6242.,3.1,6245.0,2.8,0.0,0.0,0.,0.0,12855.0,12486.,3.0,0.03747,0.03836,-2.3,0.846,270,482.,463.,-0.004,0.006,0,2157370.,901629,901630, , ,2022-10-15 03:16:27,True,False,False,2.9068437860007528
2022-10-15,FHMRF,FHMRF,2022/10/15,03:19:27,QTR8253,OTHHLFPG,380,-29,39 N,27.6,198.9,28.0,18684.0,81.085,-0.326,-1.3,-1.0,11180.0,54864.0,54164.,54142.,0.0,0.,11037.,11033.0,0.,0.0,6235.,2.6,6233.0,3.3,0.0,0.0,0.,0.0,12836.0,12467.,3.0,0.03751,0.03822,-1.9,0.846,270,482.,464.,0.002,0.010,0,2154141.,901629,901630, , ,2022-10-15 03:19:27,True,False,False,2.9102243704490762
2022-10-17,FHMRF,FHMRF,2022/10/17,01:50:13,QTR8570,OTHHLFPG,320,-5,28 N,29.9,213.5,28.0,18666.1,81.400,-0.522,-2.2,-1.7,12841.0,47398.0,46379.,46376.,0.0,0.,12565.,12564.0,0.,0.0,7534.,1.8,7535.0,2.9,0.0,0.0,0.,0.0,15419.0,15069.,2.3,0.03255,0.03274,-0.6,0.84,307,502.,499.,0.0,0.024,0,1737644.,901629,901630, , ,2022-10-17 01:50:13,True,False,False,2.913667346453128
2022-10-17,FHMRF,FHMRF,2022/10/17,02:23:28,QTR8570,OTHHLFPG,380,-21,32 N,29.5,209.9,28.0,18663.0,82.700,-0.196,-0.8,-0.5,11237.0,55146.0,54729.,54725.,0.0,0.,11152.,11151.0,0.,0.0,6416.,2.6,6417.0,3.1,0.0,0.0,0.,0.0,13200.0,12834.,2.9,0.03683,0.03771,-2.3,0.84,268,486.,470.,-0.017,-0.002,0,2271324.,901629,901630, , ,2022-10-17 02:23:28,True,False,False,2.917178955831561
2022-10-18,FHMRF,FHMRF,2022/10/18,17:42:28,QTR8571,EBBROTHH,330,-17,50 N,32.7,268.0,30.0,18581.5,83.580,-0.117,-0.5,-0.4,14392.0,55658.0,55365.,55362.,0.0,0.,14316.,14316.0,0.,0.0,8208.,3.4,8209.0,3.5,0.0,0.0,0.,0.0,16987.0,16417.,3.5,0.0287,0.02958,-3.0,0.835,298,487.,563.,0.014,0.007,0,2278724.,901629,901630, , ,2022-10-18 17:42:28,True,False,False,2.9207652749095065
2022-10-18,FHMRF,FHMRF,2022/10/18,21:53:39,QTR8571,EBBROTHH,350,-15,32 N,31.1,238.0,26.0,18585.9,83.040,-0.484,-1.9,-1.6,12783.0,54326.0,53307.,53304.,0.0,0.,12543.,12543.0,0.,0.0,7312.,2.5,7313.0,2.7,0.0,0.0,0.,0.0,15008.0,14625.,2.6,0.03282,0.03315,-1.0,0.84,287,493.,503.,-0.007,0.013,0,2221920.,901629,901630, , ,2022-10-18 21:53:39,True,False,False,2.9244321878406763
2022-10-19,FHMRF,FHMRF,2022/10/19,12:11:17,QTR8247,OTHHEBBR,340,-19,46 N,28.2,242.1,25.0,18666.9,81.730,-0.659,-2.6,-2.4,13200.0,53501.0,52102.,52102.,0.0,0.,12855.,12855.0,0.,0.0,7374.,2.7,7374.0,2.8,0.0,0.0,0.,0.0,15150.0,14749.,2.7,0.03235,0.03244,-0.3,0.843,295,490.,424.,-0.009,-0.017,0,2167875.,901629,901630, , ,2022-10-19 12:11:17,True,False,False,2.9281853607100308
2022-10-19,FHMRF,FHMRF,2022/10/19,21:08:30,QTR8248,EBBROTHH,350,-16,31 N,24.3,240.7,26.0,18621.2,83.730,-0.462,-2.0,-1.8,13235.0,56247.0,55116.,55109.,0.0,0.,12969.,12967.0,0.,0.0,7475.,3.1,7477.0,3.1,0.0,0.0,0.,0.0,15416.0,14952.,3.1,0.03179,0.03219,-1.2,0.837,286,490.,495.,0.013,-0.002,0,2247926.,901629,901630, , ,2022-10-19 21:08:30,True,False,False,2.9320302165432004
2022-10-20,FHMRF,FHMRF,2022/10/20,05:11:58,QTR8231,OTHHLHBP,360,-16,31 N,24.6,233.9,28.0,18652.1,84.410,-0.237,-1.0,-0.9,12883.0,57428.0,56831.,56827.,0.0,0.,12749.,12748.0,0.,0.0,7343.,2.6,7344.0,2.6,0.0,0.0,0.,0.0,15074.0,14687.,2.6,0.03257,0.03314,-1.7,0.839,280,491.,474.,0.007,0.010,0,2299921.,901629,901630, , ,2022-10-20 05:11:58,True,False,False,2.935971911348731
2022-10-22,FHMRF,FHMRF,2022/10/22,14:18:49,QTR8854,LFPGOTHH,350,-20,43 N,30.7,256.7,30.0,18665.1,83.740,-0.213,-0.9,-0.9,13567.0,57656.0,57113.,57120.,0.0,0.,13439.,13441.0,0.,0.0,7588.,3.7,7587.0,3.7,0.0,0.0,0.,0.0,15734.0,15175.,3.7,0.03083,0.03167,-2.6,0.836,286,485.,527.,-0.006,-0.002,0,2397583.,901629,901630, , ,2022-10-22 14:18:49,True,False,False,2.9400153113173224
2022-10-22,FHMRF,FHMRF,2022/10/22,14:39:27,QTR8854,LFPGOTHH,350,-21,42 N,30.6,254.2,30.0,18664.2,83.550,-0.269,-1.2,-1.0,13549.0,57579.0,56894.,56894.,0.0,0.,13387.,13387.0,0.,0.0,7590.,2.8,7590.0,3.3,0.0,0.0,0.,0.0,15646.0,15180.,3.1,0.03095,0.03159,-2.0,0.836,286,484.,509.,0.002,0.003,0,2374155.,901629,901630, , ,2022-10-22 14:39:27,True,False,False,2.9441649712979743
2022-10-22,FHMRF,FHMRF,2022/10/22,16:48:46,QTR8854,LFPGOTHH,350,-13,30 N,30.4,239.1,24.0,18664.3,83.050,-0.484,-1.9,-1.6,12690.0,53929.0,52910.,52910.,0.0,0.,12450.,12450.0,0.,0.0,7250.,2.4,7250.0,2.8,0.0,0.0,0.,0.0,14875.0,14501.,2.6,0.0332,0.03351,-0.9,0.84,287,494.,513.,-0.018,0.000,0,2231331.,901629,901630, , ,2022-10-22 16:48:46,True,False,False,2.948425114670214
2022-10-23,FHMRF,FHMRF,2022/10/23,11:43:32,QTR8231,LHBPLKPR,300,-8,49 N,25.6,245.7,25.0,18671.7,81.940,-0.102,-0.5,-0.5,14458.0,48683.0,48442.,48442.,0.0,0.,14386.,14386.0,0.,0.0,8457.,1.7,8457.0,2.5,0.0,0.0,0.,0.0,17272.0,16915.,2.1,0.02897,0.02943,-1.6,0.842,321,500.,445.,0.005,-0.005,0,1827864.,901629,901630, , ,2022-10-23 11:43:32,True,False,False,2.9527996147387086
2022-10-23,FHMRF,FHMRF,2022/10/23,14:41:04,QTR8232,LKPROTHH,330,-16,49 N,27.0,283.0,30.0,18618.2,84.700,-0.525,-2.2,-1.9,15211.0,58820.0,57508.,57508.,0.0,0.,14871.,14871.0,0.,0.0,8533.,2.7,8533.0,3.6,0.0,0.0,0.,0.0,17601.0,17065.,3.1,0.02781,0.02814,-1.2,0.836,299,489.,535.,0.004,-0.002,0,2407533.,901629,901630, , ,2022-10-23 14:41:04,True,False,False,2.9572919777865274
2022-10-23,FHMRF,FHMRF,2022/10/23,14:56:49,QTR8232,LKPROTHH,330,-16,47 N,26.8,280.9,30.0,18618.7,84.950,-0.241,-1.0,-0.8,15161.0,58631.0,58030.,58030.,0.0,0.,15005.,15005.0,0.,0.0,8598.,2.6,8598.0,2.8,0.0,0.0,0.,0.0,17661.0,17195.,2.7,0.02766,0.02819,-1.9,0.834,298,489.,546.,0.011,0.007,0,2389300.,901629,901630, , ,2022-10-23 14:56:49,True,False,False,2.961905327924253
2022-10-23,FHMRF,FHMRF,2022/10/23,15:07:30,QTR8232,LKPROTHH,330,-16,46 N,26.7,279.5,30.0,18618.5,84.380,-0.298,-1.3,-1.0,14877.0,57533.0,56789.,56789.,0.0,0.,14685.,14685.0,0.,0.0,8425.,2.2,8425.0,2.8,0.0,0.0,0.,0.0,17271.0,16850.,2.5,0.0283,0.02871,-1.4,0.835,298,489.,551.,-0.002,-0.020,0,2376907.,901629,901630, , ,2022-10-23 15:07:30,True,False,False,2.9666423938573505
2022-10-23,FHMRF,FHMRF,2022/10/23,18:02:55,QTR8232,LKPROTHH,350,-15,31 N,25.8,257.3,25.0,18617.4,85.350,-0.66,-2.8,-2.4,14203.0,60359.0,58650.,58650.,0.0,0.,13801.,13801.0,0.,0.0,7957.,2.8,7957.0,2.7,0.0,0.0,0.,0.0,16349.0,15913.,2.7,0.02997,0.03004,-0.2,0.835,285,490.,520.,0.025,0.014,0,2401972.,901629,901630, , ,2022-10-23 18:02:55,True,False,False,2.97150549766944
2022-10-23,FHMRF,FHMRF,2022/10/23,18:19:37,QTR8232,LKPROTHH,350,-14,29 N,25.7,255.3,25.0,18616.1,84.800,-0.574,-2.5,-2.1,13743.0,58407.0,56966.,56970.,0.0,0.,13404.,13405.0,0.,0.0,7758.,3.1,7757.0,3.0,0.0,0.0,0.,0.0,15989.0,15515.,3.1,0.03076,0.03103,-0.9,0.837,286,492.,504.,-0.002,-0.014,0,2384392.,901629,901630, , ,2022-10-23 18:19:37,True,False,False,2.9764965456933488
2022-10-24,FHMRF,FHMRF,2022/10/24,02:02:58,QTR8265,OTHHEHBK,320,-5,28 N,27.6,294.5,29.0,18669.2,86.340,-0.347,-1.5,-1.2,15748.0,58132.0,57277.,57277.,0.0,0.,15516.,15516.0,0.,0.0,9088.,2.2,9088.0,2.3,0.0,0.0,0.,0.0,18592.0,18175.,2.3,0.02693,0.02721,-1.0,0.838,306,501.,453.,-0.009,-0.016,0,2401260.,901629,901630, , ,2022-10-24 02:02:58,True,False,False,2.98161702151781
2022-10-25,FHMRF,FHMRF,2022/10/25,03:58:17,QTR8271,OTHHELLX,320,-5,27 N,31.6,264.2,28.0,18659.4,84.340,-0.233,-0.9,-0.7,14428.0,53258.0,52780.,52780.,0.0,0.,14299.,14299.0,0.,0.0,8430.,2.7,8430.0,3.3,0.0,0.0,0.,0.0,17365.0,16860.,3.0,0.02882,0.02947,-2.2,0.837,306,500.,487.,0.007,0.041,0,2151307.,901629,901630, , ,2022-10-25 03:58:17,True,False,False,2.9868679811545027
2022-10-25,FHMRF,FHMRF,2022/10/25,04:48:19,QTR8271,OTHHELLX,340,-13,32 N,30.7,257.8,30.0,18661.3,83.970,-0.162,-0.6,-0.4,13566.0,54985.0,54645.,54645.,0.0,0.,13483.,13483.0,0.,0.0,7829.,2.2,7829.0,2.5,0.0,0.0,0.,0.0,16028.0,15659.,2.4,0.03085,0.03144,-1.9,0.84,294,494.,460.,-0.022,-0.006,0,2305803.,901629,901630, , ,2022-10-25 04:48:19,True,False,False,2.9922500503679816
2022-10-25,FHMRF,FHMRF,2022/10/25,06:28:27,QTR8271,OTHHELLX,340,-17,40 N,29.8,245.7,30.0,18659.1,82.590,-0.463,-1.8,-1.5,13381.0,54237.0,53259.,53259.,0.0,0.,13140.,13140.0,0.,0.0,7578.,1.7,7578.0,2.8,0.0,0.0,0.,0.0,15494.0,15157.,2.2,0.0317,0.03192,-0.7,0.842,294,491.,461.,-0.003,-0.013,0,2199788.,901629,901630, , ,2022-10-25 06:28:27,True,False,False,2.997763424148829
2022-10-25,FHMRF,FHMRF,2022/10/25,08:01:59,QTR8271,OTHHELLX,360,-27,46 N,29.6,234.9,26.0,18663.1,82.030,-0.521,-2.4,-2.0,12719.0,56697.0,55354.,55354.,0.0,0.,12418.,12418.0,0.,0.0,7002.,3.4,7002.0,3.4,0.0,0.0,0.,0.0,14480.0,14003.,3.4,0.03325,0.03369,-1.3,0.841,281,481.,407.,-0.001,0.014,0,2313259.,901629,901630, , ,2022-10-25 08:01:59,True,False,False,3.0034078682849823
2022-10-26,FHMRF,FHMRF,2022/10/26,08:35:02,QTR8247,OTHHEBBR,380,-22,29 N,27.5,218.0,27.0,18652.1,83.510,-0.32,-1.4,-1.1,11733.0,57580.0,56760.,56760.,0.0,0.,11566.,11566.0,0.,0.0,6640.,3.5,6640.0,4.1,0.0,0.0,0.,0.0,13782.0,13281.,3.8,0.0353,0.03625,-2.6,0.841,269,487.,475.,-0.016,0.014,0,2359046.,901629,901630, , ,2022-10-26 08:35:02,True,False,False,3.009182722956115
2022-10-27,FHMRF,FHMRF,2022/10/27,07:21:37,QTR8231,OTHHLHBP,340,-22,41 N,28.1,249.0,30.0,18660.7,82.660,-0.384,-1.7,-1.5,13807.0,55959.0,55031.,55028.,0.0,0.,13578.,13577.0,0.,0.0,7697.,3.0,7698.0,3.4,0.0,0.0,0.,0.0,15884.0,15395.,3.2,0.03058,0.03109,-1.6,0.84,294,486.,445.,0.021,-0.002,0,2228568.,901629,901630, , ,2022-10-27 07:21:37,True,False,False,3.015086908246472
2022-10-27,FHMRF,FHMRF,2022/10/27,15:04:20,QTR8232,LKPROTHH,330,-20,48 N,26.8,283.8,30.0,18640.2,84.285,-0.517,-2.2,-1.9,15394.0,59534.0,58231.,58206.,0.0,0.,15057.,15051.0,0.,0.0,8535.,2.7,8531.0,2.9,0.0,0.0,0.,0.0,17543.0,17066.,2.8,0.02767,0.02791,-0.9,0.836,299,485.,511.,0.013,0.003,0,2415179.,901629,901630, , ,2022-10-27 15:04:20,True,False,False,3.0211189314550393
2022-10-27,FHMRF,FHMRF,2022/10/27,16:08:32,QTR8232,LKPROTHH,330,-20,42 N,26.1,275.5,30.0,18632.7,83.430,-0.427,-1.9,-1.6,14792.0,57203.0,56127.,56127.,0.0,0.,14513.,14513.0,0.,0.0,8251.,2.9,8251.0,3.2,0.0,0.0,0.,0.0,17011.0,16503.,3.1,0.02853,0.02895,-1.4,0.836,299,485.,505.,0.005,-0.014,0,2341840.,901629,901630, , ,2022-10-27 16:08:32,True,False,False,3.0272768960866125
2022-10-28,FHMRF,FHMRF,2022/10/28,07:30:08,QTR8854,OTHHLFPG,340,-23,41 N,28.5,241.2,30.0,18667.6,81.470,-0.29,-1.2,-0.9,13160.0,53337.0,52718.,52718.,0.0,0.,13007.,13007.0,0.,0.0,7411.,2.5,7411.0,3.1,0.0,0.0,0.,0.0,15236.0,14822.,2.8,0.0319,0.03249,-1.8,0.842,295,486.,458.,-0.005,0.000,0,2159079.,901629,901630, , ,2022-10-28 07:30:08,True,False,False,3.0335585124261244
2022-10-28,FHMRF,FHMRF,2022/10/28,08:30:16,QTR8854,OTHHLFPG,340,-23,44 N,28.3,234.3,26.0,18669.8,80.850,-0.206,-1.0,-0.7,12805.0,51900.0,51403.,51403.,0.0,0.,12682.,12682.0,0.,0.0,7233.,2.5,7233.0,2.5,0.0,0.0,0.,0.0,14822.0,14465.,2.5,0.03275,0.03331,-1.7,0.841,294,485.,500.,-0.01,0.007,0,2097532.,901629,901630, , ,2022-10-28 08:30:16,True,False,False,3.0399611096152275
2022-10-28,FHMRF,FHMRF,2022/10/28,08:33:16,QTR8854,OTHHLFPG,340,-23,44 N,28.3,233.9,26.0,18667.3,80.885,-0.094,-0.4,-0.3,12763.0,51728.0,51484.,51509.,0.0,0.,12703.,12709.0,0.,0.0,7244.,2.3,7247.0,2.8,0.0,0.0,0.,0.0,14864.0,14491.,2.6,0.03265,0.0334,-2.2,0.841,294,485.,498.,-0.012,-0.003,0,2094448.,901629,901630, , ,2022-10-28 08:33:16,True,False,False,3.0464816491542877
2022-10-29,FHMRF,FHMRF,2022/10/29,15:29:22,QTR8254,LFPGOTHH,350,-26,42 N,28.0,256.5,30.0,18656.4,83.310,-0.275,-1.2,-1.1,13909.0,59112.0,58407.,58407.,0.0,0.,13744.,13744.0,0.,0.0,7663.,3.8,7663.0,3.8,0.0,0.0,0.,0.0,15912.0,15326.,3.8,0.03018,0.03098,-2.6,0.837,286,480.,509.,0.014,0.013,0,2394977.,901629,901630, , ,2022-10-29 15:29:22,True,False,False,3.053116739743893
2022-10-30,FHMRF,FHMRF,2022/10/30,11:34:00,QTR8231,LHBPLKPR,300,-10,49 N,22.5,235.5,26.0,18674.6,81.125,-0.008,-0.0,-0.1,14062.0,47355.0,47350.,47331.,0.0,0.,14061.,14055.0,0.,0.0,8240.,2.0,8238.0,2.8,0.0,0.0,0.,0.0,16880.0,16478.,2.4,0.02944,0.03014,-2.3,0.839,320,497.,464.,0.004,0.004,0,1751991.,901629,901630, , ,2022-10-30 11:34:00,True,False,False,3.0598626533616713
2022-10-30,FHMRF,FHMRF,2022/10/30,15:37:02,QTR8232,LKPROTHH,350,-25,42 N,29.5,258.3,31.0,18648.4,82.920,-0.356,-1.6,-1.2,13605.0,57817.0,56905.,56905.,0.0,0.,13390.,13390.0,0.,0.0,7553.,2.9,7553.0,3.1,0.0,0.0,0.,0.0,15561.0,15106.,3.0,0.03095,0.03148,-1.7,0.838,286,482.,483.,-0.013,0.002,0,2412706.,901629,901630, , ,2022-10-30 15:37:02,True,False,False,3.0667153424497227
2022-10-31,FHMRF,FHMRF,2022/10/31,12:43:09,QTR8241,OTHHELLX,380,-21,32 N,26.1,214.4,29.0,18673.3,83.935,-0.111,-0.5,-0.4,11843.0,58120.0,57847.,57821.,0.0,0.,11788.,11782.0,0.,0.0,6726.,2.9,6723.0,2.9,0.0,0.0,0.,0.0,13840.0,13449.,2.9,0.03526,0.03614,-2.4,0.843,269,488.,406.,0.0,-0.006,0,2320814.,901629,901630, , ,2022-10-31 12:43:09,True,False,False,3.0736704580725833
2022-11-01,FHMRF,FHMRF,2022/11/01,00:46:55,QTR8242,ELLXOTHH,350,-14,31 N,20.8,254.4,25.0,18589.9,85.150,-1.084,-4.6,-4.1,14304.0,60789.0,58001.,58001.,0.0,0.,13648.,13648.0,0.,0.0,7884.,2.6,7884.0,3.2,0.0,0.0,0.,0.0,16222.0,15769.,2.9,0.03023,0.02982,1.4,0.835,285,490.,552.,0.033,-0.035,0,2373996.,901629,901630, , ,2022-11-01 00:46:55,True,False,False,3.0807233688953644
2022-11-01,FHMRF,FHMRF,2022/11/01,17:41:10,QTR8272,LEZGOTHH,320,-15,41 N,24.2,266.5,28.0,18606.6,82.600,-0.323,-1.3,-1.2,14411.0,53198.0,52525.,52525.,0.0,0.,14229.,14229.0,0.,0.0,8194.,2.2,8194.0,2.8,0.0,0.0,0.,0.0,16801.0,16387.,2.5,0.02926,0.02963,-1.3,0.838,306,492.,511.,-0.003,-0.015,0,2161356.,901629,901630, , ,2022-11-01 17:41:10,True,False,False,3.087869180820746
2022-11-01,FHMRF,FHMRF,2022/11/01,21:02:45,QTR8272,LEZGOTHH,370,-16,29 N,22.0,241.9,25.0,18606.6,86.255,-0.775,-3.2,-2.9,13632.0,63761.0,61710.,61679.,0.0,0.,13193.,13187.0,0.,0.0,7575.,2.7,7573.0,2.9,0.0,0.0,0.,0.0,15567.0,15147.,2.8,0.03137,0.03131,0.2,0.835,273,488.,576.,0.03,0.002,0,2479880.,901629,901630, , ,2022-11-01 21:02:45,True,False,False,3.09510275710827
2022-11-02,FHMRF,FHMRF,2022/11/02,10:41:51,QTR8810,OTBHLFPG,380,-30,40 N,30.0,206.7,30.0,18656.2,81.750,-0.385,-1.8,-1.4,11578.0,56818.0,55813.,55813.,0.0,0.,11373.,11373.0,0.,0.0,6416.,3.0,6416.0,3.7,0.0,0.0,0.,0.0,13266.0,12832.,3.4,0.03614,0.03686,-1.9,0.843,269,479.,454.,0.018,0.014,0,2240171.,901629,901630, , ,2022-11-02 10:41:51,True,False,False,3.1024187387797
2022-11-02,FHMRF,FHMRF,2022/11/02,11:04:50,QTR8810,OTBHLFPG,380,-32,42 N,29.9,204.5,25.0,18657.5,81.200,-0.402,-1.9,-1.6,11479.0,56338.0,55285.,55285.,0.0,0.,11265.,11265.0,0.,0.0,6306.,3.4,6306.0,3.3,0.0,0.0,0.,0.0,13038.0,12612.,3.4,0.03659,0.03724,-1.7,0.842,269,477.,454.,0.022,-0.002,0,2215392.,901629,901630, , ,2022-11-02 11:04:50,True,False,False,3.109811565091212
2022-11-02,FHMRF,FHMRF,2022/11/02,11:26:59,QTR8810,OTBHLFPG,380,-32,43 N,29.9,202.3,26.0,18661.2,80.620,-0.379,-1.5,-1.2,11225.0,55088.0,54257.,54257.,0.0,0.,11056.,11056.0,0.,0.0,6192.,3.4,6192.0,3.9,0.0,0.0,0.,0.0,12833.0,12384.,3.6,0.03716,0.03804,-2.3,0.843,269,477.,475.,0.006,0.014,0,2192637.,901629,901630, , ,2022-11-02 11:26:59,True,False,False,3.117275493831738
2022-11-03,FHMRF,FHMRF,2022/11/03,18:07:12,CMA614,LFPGVHHH,331,-22,41 N,36.2,262.4,32.0,18642.9,82.610,-0.22,-0.9,-0.7,14293.0,55532.0,55017.,55017.,0.0,0.,14161.,14161.0,0.,0.0,8016.,3.7,8016.0,3.9,0.0,0.0,0.,0.0,16646.0,16033.,3.8,0.02906,0.02995,-3.0,0.837,298,484.,530.,0.026,0.023,0,2240886.,901629,901630, , ,2022-11-03 18:07:12,True,False,False,3.1248046211962532
2022-11-05,FHMRF,FHMRF,2022/11/05,00:41:29,CMA616,LFPGVHHH,351,-28,42 N,26.5,241.1,31.0,18648.1,82.160,-0.291,-1.3,-1.1,13328.0,56908.0,56155.,56159.,0.0,0.,13151.,13152.0,0.,0.0,7365.,3.5,7364.0,4.3,0.0,0.0,0.,0.0,15304.0,14729.,3.9,0.03126,0.03213,-2.7,0.837,285,478.,507.,0.026,0.007,0,2267496.,901629,901630, , ,2022-11-05 00:41:29,True,False,False,3.132392900990389
2022-11-05,FHMRF,FHMRF,2022/11/05,00:57:38,CMA616,LFPGVHHH,351,-27,41 N,26.3,239.3,31.0,18648.1,81.420,-0.217,-0.9,-0.6,12755.0,54464.0,53994.,53998.,0.0,0.,12645.,12646.0,0.,0.0,7135.,3.2,7134.0,3.3,0.0,0.0,0.,0.0,14730.0,14269.,3.2,0.03262,0.03346,-2.5,0.839,286,481.,544.,-0.012,-0.019,0,2244886.,901629,901630, , ,2022-11-05 00:57:38,True,False,False,3.140034162948721
2022-11-05,FHMRF,FHMRF,2022/11/05,14:06:21,CMA617,VHHHLFPG,320,-19,40 N,30.6,279.0,26.0,18642.2,82.985,-0.176,-0.7,-0.5,14955.0,55204.0,54844.,54823.,0.0,0.,14857.,14851.0,0.,0.0,8468.,3.6,8465.0,3.5,0.0,0.0,0.,0.0,17533.0,16933.,3.5,0.02784,0.02869,-2.9,0.84,307,488.,443.,0.0,-0.017,0,2275610.,901629,901630, , ,2022-11-05 14:06:21,True,False,False,3.147722129988606
2022-11-05,FHMRF,FHMRF,2022/11/05,16:39:55,CMA617,VHHHLFPG,320,-18,42 N,27.9,259.3,32.0,18647.8,82.780,-0.063,-0.2,-0.1,14673.0,54163.0,54030.,54030.,0.0,0.,14637.,14637.0,0.,0.0,8379.,3.1,8379.0,3.3,0.0,0.0,0.,0.0,17296.0,16759.,3.2,0.02831,0.02919,-3.0,0.841,308,490.,421.,0.03,-0.039,0,2115002.,901629,901630, , ,2022-11-05 16:39:55,True,False,False,3.155450434266582
2022-11-05,FHMRF,FHMRF,2022/11/05,17:03:13,CMA617,VHHHLFPG,340,-21,42 N,27.7,256.3,30.0,18644.0,83.830,-0.173,-0.8,-0.5,14337.0,58112.0,57671.,57671.,0.0,0.,14229.,14229.0,0.,0.0,8070.,3.0,8070.0,3.6,0.0,0.0,0.,0.0,16665.0,16140.,3.3,0.02915,0.02993,-2.6,0.839,293,486.,428.,0.034,0.004,0,2295381.,901629,901630, , ,2022-11-05 17:03:13,True,False,False,3.1632126319458767
2022-11-05,FHMRF,FHMRF,2022/11/05,17:03:36,CMA617,VHHHLFPG,340,-21,42 N,27.7,256.3,30.0,18644.0,83.800,-0.201,-0.9,-0.7,14330.0,58084.0,57574.,57574.,0.0,0.,14205.,14205.0,0.,0.0,8058.,2.8,8058.0,3.4,0.0,0.0,0.,0.0,16611.0,16117.,3.1,0.02924,0.02994,-2.3,0.839,293,486.,429.,0.034,-0.014,0,2294954.,901629,901630, , ,2022-11-05 17:03:36,True,False,False,3.1710022166150833
2022-11-06,FHMRF,FHMRF,2022/11/06,07:52:45,CMA618,LFPGVHHH,330,-20,42 N,30.8,282.0,31.0,18644.2,83.865,-0.282,-1.2,-1.1,14990.0,57972.0,57273.,57252.,0.0,0.,14810.,14804.0,0.,0.0,8337.,3.3,8332.0,3.6,0.0,0.0,0.,0.0,17243.0,16669.,3.4,0.02799,0.02863,-2.2,0.831,297,483.,533.,0.01,0.005,0,2395520.,901629,901630, , ,2022-11-06 07:52:45,True,False,False,3.178812631319081
2022-11-06,FHMRF,FHMRF,2022/11/06,15:33:24,CMA618,LFPGVHHH,371,-14,24 N,26.7,227.6,26.0,18642.3,84.670,-0.336,-1.5,-1.2,12190.0,57290.0,56449.,56449.,0.0,0.,12011.,12011.0,0.,0.0,6957.,3.4,6957.0,3.5,0.0,0.0,0.,0.0,14395.0,13913.,3.5,0.03399,0.03474,-2.2,0.832,271,489.,562.,-0.001,-0..006,0,2343842.,901629,901630, , ,2022-11-06 15:33:24,True,False,False,3.1866372791766264
2022-11-06,FHMRF,FHMRF,2022/11/06,21:57:36,CMA619,VHHHLFPG,301,-13,38 N,31.3,316.2,30.0,18642.3,84.980,-0.242,-1.1,-0.9,17031.0,57611.0,57006.,57004.,0.0,0.,16852.,16851.0,0.,0.0,9678.,2.3,9679.0,2.5,0.0,0.0,0.,0.0,19822.0,19356.,2.4,0.02487,0.02524,-1.5,0.837,319,493.,465.,0.009,-0.003,0,2363736.,901629,901630, , ,2022-11-06 21:57:36,True,False,False,3.194469532568314
2022-11-07,FHMRF,FHMRF,2022/11/07,04:04:18,CMA619,VHHHLFPG,340,-20,41 N,32.4,266.4,32.0,18653.0,84.300,-0.383,-1.6,-1.3,14603.0,59187.0,58215.,58215.,0.0,0.,14364.,14364.0,0.,0.0,8182.,3.0,8182.0,3.5,0.0,0.0,0.,0.0,16895.0,16364.,3.2,0.0289,0.02944,-1.8,0.841,294,488.,388.,0.019,0.003,0,2385159.,901629,901630, , ,2022-11-07 04:04:18,True,False,False,3.2023027408860045
2022-11-07,FHMRF,FHMRF,2022/11/07,05:54:23,CMA619,VHHHLFPG,340,-25,43 N,31.6,252.7,26.0,18641.2,81.760,-0.234,-0.9,-0.7,13471.0,54600.0,54098.,54098.,0.0,0.,13348.,13348.0,0.,0.0,7553.,2.8,7553.0,3.6,0.0,0.0,0.,0.0,15585.0,15106.,3.2,0.03094,0.03172,-2.4,0.839,293,482.,500.,-0.006,0.010,0,2262992.,901629,901630, , ,2022-11-07 05:54:23,True,False,False,3.210130236838682
2022-11-07,FHMRF,FHMRF,2022/11/07,14:57:45,CMA610,LFPGVHHH,350,-29,42 N,34.0,243.7,26.0,18637.2,81.325,-0.504,-2.1,-1.7,13077.0,55570.0,54417.,54439.,0.0,0.,12805.,12810.0,0.,0.0,7156.,3.6,7159.0,4.1,0.0,0.0,0.,0.0,14864.0,14315.,3.8,0.032,0.03264,-2.0,0.833,284,476.,484.,0.016,-0.002,0,2276162.,901629,901630, , ,2022-11-07 14:57:45,True,False,False,3.2179453413060912
2022-11-07,FHMRF,FHMRF,2022/11/07,15:14:15,CMA610,LFPGVHHH,370,-32,41 N,33.5,241.8,26.0,18640.0,83.040,-0.402,-1.8,-1.5,13081.0,61187.0,60082.,60082.,0.0,0.,12845.,12845.0,0.,0.0,7089.,3.3,7089.0,4.3,0.0,0.0,0.,0.0,14712.0,14177.,3.8,0.03204,0.03273,-2.1,0.831,271,471.,499.,0.024,0.006,0,2485309.,901629,901630, , ,2022-11-07 15:14:15,True,False,False,3.2257413667221013
2022-11-07,FHMRF,FHMRF,2022/11/07,15:17:15,CMA610,LFPGVHHH,370,-32,41 N,33.4,241.5,30.0,18638.8,83.090,-0.417,-1.9,-1.6,13077.0,61165.0,60021.,60021.,0.0,0.,12832.,12832.0,0.,0.0,7091.,3.2,7091.0,3.9,0.0,0.0,0.,0.0,14688.0,14183.,3.6,0.03212,0.03273,-1.9,0.831,271,472.,504.,0.025,0.004,0,2481727.,901629,901630, , ,2022-11-07 15:17:15,True,False,False,3.2335116189651343
2022-11-07,FHMRF,FHMRF,2022/11/07,22:29:25,CMA610,LFPGVHHH,391,-21,24 N,29.6,197.8,26.0,18643.1,82.150,-0.251,-1.0,-0.7,10393.0,53770.0,53237.,53237.,0.0,0.,10290.,10290.0,0.,0.0,5933.,2.9,5933.0,3.4,0.0,0.0,0.,0.0,12241.0,11866.,3.2,0.03943,0.04039,-2.4,0.832,259,483.,556.,-0.021,0.005,0,2241529.,901629,901630, , ,2022-11-07 22:29:25,True,False,False,3.2412493977436676
2022-11-08,FHMRF,FHMRF,2022/11/08,11:18:44,CMA611,VHHHLFPG,340,-27,42 N,32.9,255.0,31.0,18642.1,81.760,-0.379,-1.6,-1.3,13765.0,55788.0,54879.,54879.,0.0,0.,13540.,13540.0,0.,0.0,7583.,3.4,7583.0,4.9,0.0,0.0,0.,0.0,15791.0,15166.,4.1,0.0302,0.03103,-2.7,0.833,291,477.,459.,0.018,0.007,0,2283220.,901629,901630, , ,2022-11-08 11:18:44,True,False,False,3.2489479954911493
2022-11-08,FHMRF,FHMRF,2022/11/08,22:14:45,CMA612,LFPGVHHH,350,-29,41 N,35.3,250.0,26.0,18644.8,81.740,-0.246,-1.1,-0.9,13194.0,56073.0,55440.,55436.,0.0,0.,13045.,13044.0,0.,0.0,7262.,3.8,7263.0,4.4,0.0,0.0,0.,0.0,15116.0,14525.,4.1,0.03138,0.03236,-3.0,0.831,284,474.,485.,0.007,-0.018,0,2334593.,901629,901630, , ,2022-11-08 22:14:45,True,False,False,3.2566006948184327
2022-11-08,FHMRF,FHMRF,2022/11/08,22:28:18,CMA612,LFPGVHHH,370,-32,41 N,34.8,248.3,26.0,18637.3,83.690,-0.199,-0.9,-0.7,13333.0,62361.0,61816.,61811.,0.0,0.,13216.,13215.0,0.,0.0,7287.,3.4,7288.0,3.8,0.0,0.0,0.,0.0,15101.0,14575.,3.6,0.03126,0.03217,-2.8,0.832,271,472.,492.,0.013,0.007,0,2551754.,901629,901630, , ,2022-11-08 22:28:18,True,False,False,3.2642007646069207
2022-11-08,FHMRF,FHMRF,2022/11/08,22:33:54,CMA612,LFPGVHHH,370,-31,41 N,34.6,247.7,26.0,18637.3,83.470,-0.143,-0.6,-0.4,13125.0,61393.0,61002.,60998.,0.0,0.,13042.,13041.0,0.,0.0,7201.,3.5,7202.0,3.9,0.0,0.0,0.,0.0,14933.0,14402.,3.7,0.0316,0.03262,-3.1,0.831,271,472.,493.,0.002,0.013,0,2545185.,901629,901630, , ,2022-11-08 22:33:54,True,False,False,3.2717414548641757
2022-11-08,FHMRF,FHMRF,2022/11/08,23:30:19,CMA612,LFPGVHHH,370,-32,41 N,33.2,241.4,31.0,18638.5,82.480,-0.408,-1.8,-1.5,12722.0,59506.0,58438.,58434.,0.0,0.,12494.,12493.0,0.,0.0,6921.,3.3,6922.0,5.2,0.0,0.0,0.,0.0,14429.0,13842.,4.2,0.03273,0.0336,-2.6,0.832,271,472.,492.,-0.001,-0.002,0,2480944.,901629,901630, , ,2022-11-08 23:30:19,True,False,False,3.2792159905094547
2022-11-09,FHMRF,FHMRF,2022/11/09,05:30:26,CMA612,LFPGVHHH,371,-16,25 N,30.5,204.3,26.0,18637.4,82.330,-0.102,-0.4,-0.2,11104.0,52188.0,51978.,51974.,0.0,0.,11059.,11058.0,0.,0.0,6419.,2.5,6420.0,3.1,0.0,0.0,0.,0.0,13200.0,12839.,2.8,0.03681,0.03776,-2.5,0.829,270,486.,494.,-0.001,0.009,0,2111380.,901629,901630, , ,2022-11-09 05:30:26,True,False,False,3.286617564306814
2022-11-09,FHMRF,FHMRF,2022/11/09,09:05:23,CMA613,VHHHLFPG,276,10,24 N,27.6,335.8,30.0,18643.9,87.130,-0.282,-1.0,-0.9,18011.0,54432.0,53870.,53873.,0.0,0.,17825.,17826.0,0.,0.0,10751.,1.9,10750.0,2.9,0.0,0.0,0.,0.0,22019.0,21501.,2.4,0.02323,0.02358,-1.5,0.833,334,511.,455.,-0.002,0.016,0,2240742.,901629,901630, , ,2022-11-09 09:05:23,True,False,False,3.2939393292111507
2022-11-09,FHMRF,FHMRF,2022/11/09,09:49:07,CMA613,VHHHLFPG,276,6,26 N,28.4,328.5,30.0,18632.2,86.070,0.006,0.0,0.1,17479.0,52825.0,52834.,52837.,0.0,0.,17482.,17483.0,0.,0.0,10488.,2.0,10487.0,3.3,0.0,0.0,0.,0.0,21533.0,20976.,2.7,0.02361,0.02425,-2.7,0.833,334,508.,443.,-0.011,0.004,0,2192763.,901629,901630, , ,2022-11-09 09:49:07,True,False,False,3.3011743904299364
2022-11-09,FHMRF,FHMRF,2022/11/09,14:39:22,CMA613,VHHHLFPG,320,-22,41 N,33.8,286.3,32.0,18638.2,82.670,-0.273,-1.2,-0.9,15075.0,55650.0,55004.,55004.,0.0,0.,14901.,14901.0,0.,0.0,8413.,2.9,8413.0,3.4,0.0,0.0,0.,0.0,17359.0,16826.,3.2,0.0278,0.02841,-2.1,0.834,305,483.,443.,-0.001,-0.028,0,2336047.,901629,901630, , ,2022-11-09 14:39:22,True,False,False,3.3083157975199065
2022-11-09,FHMRF,FHMRF,2022/11/09,15:04:30,CMA613,VHHHLFPG,320,-24,41 N,34.4,283.1,33.0,18636.1,82.100,-0.406,-1.6,-1.3,14995.0,55350.0,54472.,54472.,0.0,0.,14757.,14757.0,0.,0.0,8302.,3.2,8302.0,3.7,0.0,0.0,0.,0.0,17177.0,16604.,3.5,0.02798,0.02857,-2.0,0.834,305,481.,447.,0.005,-0.004,0,2309112.,901629,901630, , ,2022-11-09 15:04:30,True,False,False,3.315356536826155
2022-11-09,FHMRF,FHMRF,2022/11/09,15:08:35,CMA613,VHHHLFPG,320,-24,41 N,34.5,282.5,33.0,18636.1,82.100,-0.077,-0.3,-0.2,14812.0,54673.0,54511.,54511.,0.0,0.,14768.,14768.0,0.,0.0,8305.,2.6,8305.0,3.2,0.0,0.0,0.,0.0,17088.0,16610.,2.9,0.02812,0.02889,-2.6,0.834,305,481.,447.,-0.005,0.026,0,2304778.,901629,901630, , ,2022-11-09 15:08:35,True,False,False,3.3222895245382595
2022-11-09,FHMRF,FHMRF,2022/11/09,15:29:05,CMA613,VHHHLFPG,320,-23,41 N,34.9,279.9,33.0,18638.3,82.050,-0.203,-0.8,-0.6,14787.0,54584.0,54156.,54156.,0.0,0.,14671.,14671.0,0.,0.0,8263.,2.8,8263.0,3.5,0.0,0.0,0.,0.0,17049.0,16527.,3.2,0.0282,0.02891,-2.5,0.833,304,481.,458.,0.003,-0.003,0,2283019.,901629,901630, , ,2022-11-09 15:29:05,True,False,False,3.329107600603082
2022-11-09,FHMRF,FHMRF,2022/11/09,16:55:00,CMA613,VHHHLFPG,320,-21,40 N,32.8,268.9,33.0,18628.3,82.040,0.012,0.0,0.2,14396.0,53143.0,53167.,53167.,0.0,0.,14403.,14403.0,0.,0.0,8185.,2.0,8185.0,2.9,0.0,0.0,0.,0.0,16773.0,16371.,2.5,0.02882,0.02958,-2.6,0.833,304,483.,452.,0.005,0.009,0,2193605.,901629,901630, , ,2022-11-09 16:55:00,True,False,False,3.3358035237090413
2022-11-10,FHMRF,FHMRF,2022/11/10,04:47:30,QTR8253,OTHHNRD2,380,-29,43 N,26.0,199.7,24.0,18675.7,80.780,-0.358,-1.4,-1.1,10996.0,53962.0,53184.,53184.,0.0,0.,10837.,10837.0,0.,0.0,6150.,2.4,6150.0,3.0,0.0,0.0,0.,0.0,12634.0,12300.,2.7,0.03809,0.03869,-1.6,0.844,269,481.,456.,-0.014,-0.004,0,2164259.,901629,901630, , ,2022-11-10 04:47:30,True,False,False,3.3423699675388057
2022-11-11,FHMRF,FHMRF,2022/11/11,03:20:19,CMA615,VHHHLFPG,320,-22,41 N,34.4,281.6,26.0,18629.4,82.420,-0.344,-1.3,-1.1,14990.0,55331.0,54590.,54590.,0.0,0.,14789.,14789.0,0.,0.0,8339.,3.0,8339.0,3.3,0.0,0.0,0.,0.0,17205.0,16679.,3.2,0.02797,0.02853,-2.0,0.832,304,481.,449.,0.01,0.009,0,2297417.,901629,901630, , ,2022-11-11 03:20:19,True,False,False,3.348799518465519
2022-11-11,FHMRF,FHMRF,2022/11/11,05:20:29,CMA615,VHHHLFPG,320,-22,41 N,31.9,266.3,28.0,18637.3,81.490,-0.092,-0.4,-0.2,14245.0,52583.0,52389.,52389.,0.0,0.,14193.,14193.0,0.,0.0,8039.,2.6,8039.0,3.6,0.0,0.0,0.,0.0,16579.0,16079.,3.1,0.02903,0.02987,-2.8,0.831,303,481.,452.,0.004,0.009,0,2172051.,901629,901630, , ,2022-11-11 05:20:29,True,False,False,3.3550846748351173
2022-11-11,FHMRF,FHMRF,2022/11/11,08:56:01,CMA615,VHHHLFPG,360,-26,47 N,31.0,240.8,26.0,18636.2,82.760,-0.31,-1.4,-1.1,12930.0,57639.0,56846.,56846.,0.0,0.,12752.,12752.0,0.,0.0,7153.,3.5,7153.0,3.7,0.0,0.0,0.,0.0,14816.0,14306.,3.6,0.03215,0.03293,-2.4,0.83,277,476.,516.,0.011,-0.013,0,2372012.,901629,901630, , ,2022-11-11 08:56:01,True,False,False,3.36121784793687
2022-11-12,FHMRF,FHMRF,2022/11/12,13:42:53,QTR8253,OTHHLFPG,340,-20,39 N,23.5,254.2,29.0,18666.7,83.340,-0.53,-2.3,-2.0,14089.0,57104.0,55763.,55763.,0.0,0.,13759.,13759.0,0.,0.0,7845.,2.5,7845.0,3.0,0.0,0.0,0.,0.0,16124.0,15690.,2.8,0.03022,0.03043,-0.7,0.839,293,487.,467.,0.016,0.023,0,2276003.,901629,901630, , ,2022-11-12 13:42:53,True,False,False,3.367191364725762
2022-11-12,FHMRF,FHMRF,2022/11/12,20:17:25,QTR8254,LFPGOTHH,350,-21,48 N,32.4,255.0,28.0,18645.9,83.690,-0.086,-0.4,-0.3,13511.0,57418.0,57198.,57198.,0.0,0.,13459.,13459.0,0.,0.0,7623.,3.3,7623.0,3.2,0.0,0.0,0.,0.0,15744.0,15246.,3.3,0.03085,0.03174,-2.8,0.838,286,486.,451.,-0.005,-0.004,0,2384860.,901629,901630, , ,2022-11-12 20:17:25,True,False,False,3.37299747233179
2022-11-12,FHMRF,FHMRF,2022/11/12,20:32:28,QTR8254,LFPGOTHH,350,-20,48 N,32.2,253.3,28.0,18647.1,83.580,-0.381,-1.7,-1.5,13509.0,57409.0,56439.,56439.,0.0,0.,13280.,13280.0,0.,0.0,7555.,3.2,7555.0,3.1,0.0,0.0,0.,0.0,15586.0,15111.,3.1,0.03126,0.03175,-1.5,0.839,287,487.,442.,-0.002,0.014,0,2368338.,901629,901630, , ,2022-11-12 20:32:28,True,False,False,3.378628344372646
2022-11-12,FHMRF,FHMRF,2022/11/12,21:33:53,QTR8254,LFPGOTHH,350,-20,46 N,31.3,246.1,28.0,18641.2,83.100,-0.181,-0.8,-0.7,13181.0,56017.0,55553.,55553.,0.0,0.,13072.,13072.0,0.,0.0,7450.,3.4,7450.0,4.0,0.0,0.0,0.,0.0,15452.0,14899.,3.7,0.03159,0.03252,-2.9,0.842,288,488.,399.,-0.007,0.000,2,2301676.,901629,901630, , ,2022-11-12 21:33:53,True,False,False,3.384076089071423
2022-11-12,FHMRF,FHMRF,2022/11/12,21:36:53,QTR8254,LFPGOTHH,350,-20,46 N,31.3,245.7,28.0,18640.6,83.240,-0.08,-0.4,-0.3,13200.0,56097.0,55892.,55892.,0.0,0.,13152.,13152.0,0.,0.0,7487.,3.5,7487.0,4.0,0.0,0.0,0.,0.0,15533.0,14975.,3.7,0.03139,0.03246,-3.3,0.841,288,488.,398.,-0.002,-0.008,0,2298369.,901629,901630, , ,2022-11-12 21:36:53,True,False,False,3.3893327591657973
2022-11-12,FHMRF,FHMRF,2022/11/12,21:39:53,QTR8254,LFPGOTHH,350,-20,46 N,31.3,245.4,28.0,18636.2,83.280,-0.153,-0.7,-0.6,13257.0,56339.0,55948.,55948.,0.0,0.,13165.,13165.0,0.,0.0,7498.,3.5,7498.0,3.7,0.0,0.0,0.,0.0,15536.0,14996.,3.6,0.03139,0.03232,-2.9,0.841,288,488.,398.,0.003,0.005,2,2295037.,901629,901630, , ,2022-11-12 21:39:53,True,False,False,3.394390363582688
2022-11-12,FHMRF,FHMRF,2022/11/12,21:58:25,QTR8254,LFPGOTHH,350,-20,45 N,31.1,243.2,30.0,18638.5,83.350,0.08,0.4,0.3,13133.0,55811.0,56015.,56015.,0.0,0.,13181.,13181.0,0.,0.0,7515.,3.2,7515.0,3.6,0.0,0.0,0.,0.0,15547.0,15030.,3.4,0.03142,0.03261,-3.6,0.842,288,489.,395.,-0.002,0.017,0,2274356.,901629,901630, , ,2022-11-12 21:58:25,True,False,False,3.3992408808490504
2022-11-12,FHMRF,FHMRF,2022/11/12,22:24:44,QTR8254,LFPGOTHH,350,-21,43 N,30.9,240.1,30.0,18638.9,83.190,-0.495,-2.2,-1.9,13473.0,57260.0,55993.,55993.,0.0,0.,13176.,13176.0,0.,0.0,7518.,3.5,7518.0,3.9,0.0,0.0,0.,0.0,15590.0,15036.,3.7,0.03127,0.03181,-1.7,0.842,288,487.,418.,0.033,0.004,0,2244737.,901629,901630, , ,2022-11-12 22:24:44,True,False,False,3.403876274217525
2022-11-12,FHMRF,FHMRF,2022/11/12,22:25:03,QTR8254,LFPGOTHH,350,-21,43 N,30.9,240.1,30.0,18638.2,83.180,-0.492,-2.2,-1.9,13470.0,57243.0,55985.,55985.,0.0,0.,13173.,13173.0,0.,0.0,7517.,3.2,7517.0,3.5,0.0,0.0,0.,0.0,15536.0,15033.,3.3,0.03137,0.03181,-1.4,0.842,288,487.,418.,0.033,-0.004,0,2244379.,901629,901630, , ,2022-11-12 22:25:03,True,False,False,3.408288508500826
2022-11-12,FHMRF,FHMRF,2022/11/12,22:25:18,QTR8254,LFPGOTHH,350,-21,43 N,30.9,240.0,30.0,18638.2,83.180,-0.482,-2.2,-1.8,13466.0,57229.0,55997.,55997.,0.0,0.,13176.,13176.0,0.,0.0,7518.,3.2,7518.0,3.6,0.0,0.0,0.,0.0,15547.0,15035.,3.4,0.03135,0.03182,-1.5,0.842,288,487.,419.,0.033,-0.011,0,2244090.,901629,901630, , ,2022-11-12 22:25:18,True,False,False,3.4124695686244015
2022-11-12,FHMRF,FHMRF,2022/11/12,22:28:18,QTR8254,LFPGOTHH,350,-22,43 N,30.9,239.7,29.0,18639.7,82.980,-0.257,-1.2,-0.9,13256.0,56334.0,55676.,55676.,0.0,0.,13101.,13101.0,0.,0.0,7470.,3.5,7470.0,3.7,0.0,0.0,0.,0.0,15480.0,14940.,3.6,0.03146,0.03229,-2.6,0.842,288,487.,423.,0.019,-0.001,0,2240575.,901629,901630, , ,2022-11-12 22:28:18,True,False,False,3.416411479919253
2022-11-12,FHMRF,FHMRF,2022/11/12,22:31:18,QTR8254,LFPGOTHH,350,-22,43 N,30.9,239.3,30.0,18639.7,83.000,-0.166,-0.8,-0.6,13215.0,56162.0,55736.,55736.,0.0,0.,13115.,13115.0,0.,0.0,7477.,3.1,7477.0,3.6,0.0,0.0,0.,0.0,15456.0,14954.,3.4,0.0315,0.03238,-2.7,0.842,288,487.,426.,0.017,0.010,0,2237294.,901629,901630, , ,2022-11-12 22:31:18,True,False,False,3.420106330185147
2022-11-12,FHMRF,FHMRF,2022/11/12,22:34:18,QTR8254,LFPGOTHH,350,-22,43 N,30.8,239.0,29.0,18639.7,83.030,-0.322,-1.5,-1.2,13346.0,56720.0,55897.,55897.,0.0,0.,13153.,13153.0,0.,0.0,7493.,3.4,7493.0,3.5,0.0,0.0,0.,0.0,15500.0,14985.,3.4,0.0314,0.03209,-2.2,0.842,288,487.,430.,0.028,-0.003,0,2233883.,901629,901630, , ,2022-11-12 22:34:18,True,False,False,3.423546293559652
2022-11-13,FHMRF,FHMRF,2022/11/13,09:38:21,QTR8231,OTHHLHBP,340,-18,40 N,30.2,240.1,28.0,18659.8,82.560,-0.534,-2.1,-1.8,13473.0,54610.0,53479.,53479.,0.0,0.,13194.,13194.0,0.,0.0,7601.,2.3,7601.0,2.5,0.0,0.0,0.,0.0,15567.0,15202.,2.4,0.03157,0.03176,-0.6,0.844,295,491.,522.,0.016,-0.010,0,2149846.,901629,901630, , ,2022-11-13 09:38:21,True,False,False,3.4267236562318746
2022-11-13,FHMRF,FHMRF,2022/11/13,09:46:33,QTR8231,OTHHLHBP,340,-18,40 N,30.1,239.1,28.0,18658.8,82.440,-0.381,-1.5,-1.2,13300.0,53908.0,53102.,53102.,0.0,0.,13101.,13101.0,0.,0.0,7564.,2.3,7564.0,2.5,0.0,0.0,0.,0.0,15488.0,15127.,2.4,0.03179,0.03215,-1.1,0.845,296,492.,529.,0.004,-0.010,0,2141208.,901629,901630, , ,2022-11-13 09:46:33,True,False,False,3.4296308440399406
2022-11-13,FHMRF,FHMRF,2022/11/13,09:55:57,QTR8231,OTHHLHBP,340,-19,40 N,30.1,238.0,28.0,18657.7,82.190,-0.313,-1.2,-1.0,13247.0,53693.0,53028.,53028.,0.0,0.,13083.,13083.0,0.,0.0,7531.,2.6,7531.0,2.8,0.0,0.0,0.,0.0,15471.0,15062.,2.7,0.03174,0.03228,-1.7,0.845,296,491.,524.,0.004,0.007,0,2130338.,901629,901630, , ,2022-11-13 09:55:57,True,False,False,3.4322604519806315
2022-11-13,FHMRF,FHMRF,2022/11/13,10:59:33,QTR8231,OTHHLHBP,360,-24,46 N,30.1,230.7,24.0,18660.1,82.790,-0.269,-1.2,-0.9,12710.0,56658.0,55966.,55966.,0.0,0.,12554.,12554.0,0.,0.0,7144.,3.3,7144.0,3.7,0.0,0.0,0.,0.0,14793.0,14288.,3.5,0.0329,0.03374,-2.5,0.845,282,487.,550.,0.003,-0.009,0,2271831.,901629,901630, , ,2022-11-13 10:59:33,True,False,False,3.4346052756288166
2022-11-13,FHMRF,FHMRF,2022/11/13,18:50:53,QTR8232,LKPROTHH,350,-22,48 N,26.6,265.4,29.0,18630.3,84.650,-0.479,-2.1,-1.8,14459.0,61446.0,60167.,60163.,0.0,0.,14158.,14157.0,0.,0.0,7997.,3.2,7998.0,2.8,0.0,0.0,0.,0.0,16471.0,15995.,3.0,0.02941,0.02973,-1.1,0.838,286,484.,426.,0.006,0.012,0,2482875.,901629,901630, , ,2022-11-13 18:50:53,True,False,False,3.436658344412902
2022-11-13,FHMRF,FHMRF,2022/11/13,18:54:04,QTR8232,LKPROTHH,350,-22,48 N,26.5,265.0,28.0,18634.3,84.480,-0.194,-0.9,-0.7,14187.0,60292.0,59775.,59771.,0.0,0.,14065.,14064.0,0.,0.0,7943.,3.0,7944.0,3.5,0.0,0.0,0.,0.0,16400.0,15887.,3.2,0.02953,0.03027,-2.5,0.838,286,484.,426.,-0.01,-0.001,0,2479244.,901629,901630, , ,2022-11-13 18:54:04,True,False,False,3.4384129566333295
2022-11-13,FHMRF,FHMRF,2022/11/13,18:57:04,QTR8232,LKPROTHH,350,-23,47 N,26.5,264.6,29.0,18634.3,84.540,-0.65,-2.8,-2.5,14532.0,61756.0,60017.,60013.,0.0,0.,14122.,14121.0,0.,0.0,7970.,3.2,7971.0,3.1,0.0,0.0,0.,0.0,16444.0,15941.,3.2,0.02944,0.0296,-0.6,0.838,286,484.,426.,0.014,0.001,2,2475711.,901629,901630, , ,2022-11-13 18:57:04,True,False,False,3.4398627160603406
2022-11-13,FHMRF,FHMRF,2022/11/13,20:27:53,QTR8232,LKPROTHH,350,-23,41 N,25.6,253.6,30.0,18630.7,83.380,-0.553,-2.4,-2.1,13786.0,58585.0,57174.,57171.,0.0,0.,13454.,13453.0,0.,0.0,7622.,3.2,7623.0,3.8,0.0,0.0,0.,0.0,15778.0,15246.,3.5,0.03069,0.0311,-1.3,0.839,287,484.,457.,0.006,0.005,0,2369402.,901629,901630, , ,2022-11-13 20:27:53,True,False,False,3.4410015699108127
2022-11-13,FHMRF,FHMRF,2022/11/13,20:39:39,QTR8232,LKPROTHH,350,-22,41 N,25.6,252.2,30.0,18629.0,83.665,-0.587,-2.5,-2.2,13852.0,58869.0,57386.,57361.,0.0,0.,13503.,13497.0,0.,0.0,7667.,3.4,7663.0,3.8,0.0,0.0,0.,0.0,15884.0,15330.,3.6,0.03053,0.03093,-1.3,0.838,286,485.,464.,0.017,0.020,0,2355487.,901629,901630, , ,2022-11-13 20:39:39,True,False,False,3.441823847977935
2022-11-13,FHMRF,FHMRF,2022/11/13,20:44:51,QTR8232,LKPROTHH,350,-22,40 N,25.5,251.6,30.0,18633.0,83.470,-0.492,-2.2,-1.8,13680.0,58136.0,56882.,56882.,0.0,0.,13385.,13385.0,0.,0.0,7608.,3.5,7608.0,3.5,0.0,0.0,0.,0.0,15749.0,15216.,3.5,0.03082,0.03131,-1.6,0.839,287,485.,466.,0.006,-0.008,2,2349854.,901629,901630, , ,2022-11-13 20:44:51,True,False,False,3.442324302668135
2022-11-13,FHMRF,FHMRF,2022/11/13,20:47:51,QTR8232,LKPROTHH,350,-22,40 N,25.5,251.2,30.0,18631.1,83.400,-0.594,-2.6,-2.3,13694.0,58195.0,56683.,56683.,0.0,0.,13338.,13338.0,0.,0.0,7585.,3.3,7585.0,3.6,0.0,0.0,0.,0.0,15690.0,15170.,3.4,0.03094,0.03128,-1.1,0.839,287,485.,467.,0.008,0.006,0,2346472.,901629,901630, , ,2022-11-13 20:47:51,True,False,False,3.4424981496878884
2022-11-14,FHMRF,FHMRF,2022/11/14,10:52:20,QTR8201,OTHHEHAM,340,-13,33 N,31.4,275.5,30.0,18677.0,86.010,-0.226,-1.0,-0.9,14872.0,60277.0,59684.,59684.,0.0,0.,14725.,14725.0,0.,0.0,8434.,2.7,8434.0,3.2,0.0,0.0,0.,0.0,17360.0,16867.,2.9,0.02829,0.02886,-2.0,0.834,291,491.,436.,0.012,-0.005,0,2464648.,901629,901630, , ,2022-11-14 10:52:20,True,False,False,3.4423411091196794
2022-11-14,FHMRF,FHMRF,2022/11/14,11:52:35,QTR8201,OTHHEHAM,340,-19,39 N,30.8,267.8,32.0,18668.4,83.830,-0.201,-0.9,-0.8,14099.0,57141.0,56634.,56634.,0.0,0.,13974.,13974.0,0.,0.0,7931.,2.8,7931.0,3.1,0.0,0.0,0.,0.0,16334.0,15861.,3.0,0.02972,0.03038,-2.2,0.834,291,485.,494.,-0.01,0.002,0,2398566.,901629,901630, , ,2022-11-14 11:52:35,True,False,False,3.441849446627279
2022-11-14,FHMRF,FHMRF,2022/11/14,11:55:35,QTR8201,OTHHEHAM,340,-19,39 N,30.7,267.5,32.0,18665.9,83.820,-0.354,-1.6,-1.3,14201.0,57556.0,56665.,56662.,0.0,0.,13981.,13980.0,0.,0.0,7940.,2.9,7941.0,3.0,0.0,0.0,0.,0.0,16351.0,15881.,3.0,0.02964,0.03012,-1.6,0.833,291,485.,494.,-0.001,0.003,0,2395237.,901629,901630, , ,2022-11-14 11:55:35,True,False,False,3.4410200145273593
2022-11-14,FHMRF,FHMRF,2022/11/14,13:06:55,QTR8201,OTHHEHAM,360,-27,43 N,30.4,258.7,27.0,18666.9,84.560,-0.388,-1.7,-1.4,14143.0,63044.0,61993.,61989.,0.0,0.,13907.,13906.0,0.,0.0,7771.,2.9,7772.0,3.5,0.0,0.0,0.,0.0,16047.0,15543.,3.2,0.03001,0.03054,-1.7,0.841,281,481.,497.,0.002,0.009,0,2546706.,901629,901630, , ,2022-11-14 13:06:55,True,False,False,3.439850292450245
2022-11-14,FHMRF,FHMRF,2022/11/14,13:25:03,QTR8201,OTHHEHAM,360,-27,45 N,30.4,256.5,27.0,18669.8,84.300,-0.357,-1.6,-1.3,13938.0,62134.0,61167.,61164.,0.0,0.,13721.,13720.0,0.,0.0,7631.,3.0,7632.0,3.7,0.0,0.0,0.,0.0,15772.0,15263.,3.3,0.0302,0.0308,-1.9,0.831,277,476.,508.,0.016,-0.011,0,2525650.,901629,901630, , ,2022-11-14 13:25:03,True,False,False,3.438338427286438
2022-11-14,FHMRF,FHMRF,2022/11/14,13:28:03,QTR8201,OTHHEHAM,360,-27,45 N,30.4,256.1,27.0,18667.3,84.210,-0.394,-1.7,-1.5,13893.0,61929.0,60863.,60859.,0.0,0.,13654.,13653.0,0.,0.0,7599.,3.0,7600.0,3.5,0.0,0.0,0.,0.0,15695.0,15199.,3.3,0.03036,0.03089,-1.7,0.831,277,476.,511.,0.014,0.015,0,2522072.,901629,901630, , ,2022-11-14 13:28:03,True,False,False,3.4364832720832013
2022-11-14,FHMRF,FHMRF,2022/11/14,21:26:26,QTR8202,EHAMOTHH,370,-29,43 N,30.6,236.4,29.0,18646.5,82.800,-0.37,-1.6,-1.3,12649.0,59166.0,58211.,58207.,0.0,0.,12445.,12444.0,0.,0.0,6959.,3.5,6960.0,3.4,0.0,0.0,0.,0.0,14400.0,13919.,3.5,0.03322,0.0339,-2.0,0.839,274,478.,464.,-0.003,-0.015,0,2432404.,901629,901630, , ,2022-11-14 21:26:26,True,False,False,3.4342844235249306
2022-11-14,FHMRF,FHMRF,2022/11/14,21:29:26,QTR8202,EHAMOTHH,370,-29,43 N,30.5,236.1,29.0,18650.4,82.720,-0.257,-1.1,-0.9,12516.0,58540.0,57878.,57874.,0.0,0.,12374.,12373.0,0.,0.0,6926.,3.9,6927.0,4.1,0.0,0.0,0.,0.0,14410.0,13853.,4.0,0.03321,0.03424,-3.0,0.839,274,479.,462.,-0.012,0.011,0,2429016.,901629,901630, , ,2022-11-14 21:29:26,True,False,False,3.4317422576075383
2022-11-14,FHMRF,FHMRF,2022/11/14,21:34:40,QTR8202,EHAMOTHH,370,-29,42 N,30.5,235.5,29.0,18646.1,83.105,-0.415,-1.8,-1.6,12811.0,59922.0,58807.,58829.,0.0,0.,12573.,12577.0,0.,0.0,7023.,3.7,7026.0,4.2,0.0,0.0,0.,0.0,14600.0,14049.,3.9,0.03272,0.03346,-2.2,0.837,273,478.,464.,0.016,0.005,0,2421608.,901629,901630, , ,2022-11-14 21:34:40,True,False,False,3.428857963103293
2022-11-14,FHMRF,FHMRF,2022/11/14,21:36:46,QTR8202,EHAMOTHH,370,-28,42 N,30.5,235.3,29.0,18644.8,82.920,-0.4,-1.7,-1.5,12680.0,59311.0,58281.,58277.,0.0,0.,12460.,12459.0,0.,0.0,6972.,3.8,6973.0,3.8,0.0,0.0,0.,0.0,14480.0,13946.,3.8,0.03303,0.0338,-2.3,0.838,274,478.,465.,0.006,-0.012,0,2419183.,901629,901630, , ,2022-11-14 21:36:46,True,False,False,3.4256335724110967
2022-11-14,FHMRF,FHMRF,2022/11/14,21:39:46,QTR8202,EHAMOTHH,370,-28,42 N,30.5,235.0,29.0,18648.8,82.950,-0.323,-1.4,-1.2,12637.0,59111.0,58279.,58275.,0.0,0.,12460.,12459.0,0.,0.0,6974.,3.8,6975.0,3.8,0.0,0.0,0.,0.0,14480.0,13949.,3.8,0.03305,0.03391,-2.5,0.838,274,479.,466.,0.004,-0.003,0,2415748.,901629,901630, , ,2022-11-14 21:39:46,True,False,False,3.422071989400548
2022-11-14,FHMRF,FHMRF,2022/11/14,21:44:45,QTR8202,EHAMOTHH,370,-29,42 N,30.4,234.4,29.0,18645.6,82.720,-0.289,-1.3,-1.0,12544.0,58671.0,57926.,57922.,0.0,0.,12384.,12383.0,0.,0.0,6931.,3.9,6932.0,4.4,0.0,0.0,0.,0.0,14440.0,13863.,4.2,0.03314,0.03416,-3.0,0.839,274,479.,466.,-0.002,0.004,0,2410116.,901629,901630, , ,2022-11-14 21:44:45,True,False,False,3.4181770138851597
2022-11-14,FHMRF,FHMRF,2022/11/14,21:55:20,QTR8202,EHAMOTHH,370,-29,41 N,30.4,233.3,29.0,18647.7,82.825,-0.244,-1.1,-0.9,12579.0,58839.0,58223.,58193.,0.0,0.,12448.,12441.0,0.,0.0,6958.,3.5,6956.0,4.1,0.0,0.0,0.,0.0,14440.0,13914.,3.8,0.0331,0.03406,-2.8,0.838,274,478.,470.,0.007,0.003,0,2398315.,901629,901630, , ,2022-11-14 21:55:20,True,False,False,3.4139533623955107
2022-11-14,FHMRF,FHMRF,2022/11/14,22:06:48,QTR8202,EHAMOTHH,370,-28,41 N,30.3,232.0,28.0,18646.6,82.880,-0.309,-1.4,-1.1,12610.0,58984.0,58186.,58182.,0.0,0.,12440.,12439.0,0.,0.0,6960.,3.7,6961.0,4.3,0.0,0.0,0.,0.0,14482.0,13922.,4.0,0.03303,0.03398,-2.8,0.838,273,478.,474.,0.014,0.020,0,2384591.,901629,901630, , ,2022-11-14 22:06:48,True,False,False,3.409406684962653
2022-11-14,FHMRF,FHMRF,2022/11/14,22:09:48,QTR8202,EHAMOTHH,370,-28,41 N,30.3,231.7,25.0,18646.6,82.760,-0.244,-1.1,-0.9,12509.0,58509.0,57881.,57877.,0.0,0.,12375.,12374.0,0.,0.0,6926.,3.7,6927.0,4.2,0.0,0.0,0.,0.0,14398.0,13852.,3.9,0.03322,0.03423,-3.0,0.838,274,478.,476.,0.008,0.000,2,2381150.,901629,901630, , ,2022-11-14 22:09:48,True,False,False,3.4045435776648594
2022-11-14,FHMRF,FHMRF,2022/11/14,22:12:48,QTR8202,EHAMOTHH,370,-29,40 N,30.3,231.4,25.0,18646.6,82.640,-0.527,-2.3,-2.0,12608.0,58974.0,57614.,57610.,0.0,0.,12318.,12317.0,0.,0.0,6899.,3.8,6900.0,3.8,0.0,0.0,0.,0.0,14320.0,13799.,3.8,0.03343,0.03401,-1.7,0.839,274,479.,479.,0.015,0.003,0,2377698.,901629,901630, , ,2022-11-14 22:12:48,True,False,False,3.3993715907363553
2022-11-14,FHMRF,FHMRF,2022/11/14,22:15:48,QTR8202,EHAMOTHH,370,-29,40 N,30.3,231.0,25.0,18646.6,82.740,-0.301,-1.3,-1.1,12553.0,58713.0,57938.,57934.,0.0,0.,12387.,12386.0,0.,0.0,6928.,3.9,6929.0,3.9,0.0,0.0,0.,0.0,14400.0,13856.,3.9,0.0332,0.03413,-2.7,0.838,274,478.,481.,0.014,-0.006,0,2374274.,901629,901630, , ,2022-11-14 22:15:48,True,False,False,3.3938992320830064
2022-11-14,FHMRF,FHMRF,2022/11/14,22:18:48,QTR8202,EHAMOTHH,370,-29,40 N,30.2,230.7,25.0,18646.6,82.730,-0.331,-1.5,-1.2,12552.0,58710.0,57856.,57852.,0.0,0.,12369.,12368.0,0.,0.0,6921.,3.8,6922.0,4.0,0.0,0.0,0.,0.0,14384.0,13843.,3.9,0.03324,0.03413,-2.6,0.838,274,478.,483.,0.015,0.003,2,2370830.,901629,901630, , ,2022-11-14 22:18:48,True,False,False,3.3881359660950037
2022-11-14,FHMRF,FHMRF,2022/11/14,22:23:41,QTR8202,EHAMOTHH,370,-28,40 N,30.2,230.2,25.0,18650.6,82.850,-0.281,-1.2,-1.0,12564.0,58768.0,58043.,58039.,0.0,0.,12409.,12408.0,0.,0.0,6945.,3.7,6946.0,4.2,0.0,0.0,0.,0.0,14440.0,13890.,4.0,0.03313,0.0341,-2.8,0.838,273,478.,488.,0.018,-0.005,0,2365302.,901629,901630, , ,2022-11-14 22:23:41,True,False,False,3.3820922076898534
2022-11-14,FHMRF,FHMRF,2022/11/14,22:26:41,QTR8202,EHAMOTHH,370,-28,40 N,30.2,229.8,25.0,18650.6,82.700,-0.311,-1.4,-1.1,12472.0,58334.0,57534.,57530.,0.0,0.,12300.,12300.0,0.,0.0,6894.,3.9,6895.0,3.8,0.0,0.0,0.,0.0,14320.0,13788.,3.9,0.03343,0.03433,-2.6,0.838,274,479.,490.,0.012,0.004,2,2361860.,901629,901630, , ,2022-11-14 22:26:41,True,False,False,3.375779311561487
2022-11-14,FHMRF,FHMRF,2022/11/14,22:48:02,QTR8202,EHAMOTHH,370,-25,39 N,30.1,227.5,24.0,18648.9,82.760,-0.324,-1.5,-1.2,12210.0,57112.0,56283.,56279.,0.0,0.,12033.,12032.0,0.,0.0,6815.,3.6,6816.0,4.0,0.0,0.0,0.,0.0,14155.0,13632.,3.8,0.03408,0.03497,-2.5,0.839,274,482.,499.,-0.002,-0.006,0,2338326.,901629,901630, , ,2022-11-14 22:48:02,True,False,False,3.3692095566548943
2022-11-15,FHMRF,FHMRF,2022/11/15,10:48:18,QTR8253,OTHHLFPG,380,-23,33 N,29.2,206.4,28.0,18668.1,82.500,-0.359,-1.6,-1.2,11376.0,55828.0,54949.,54949.,0.0,0.,11197.,11197.0,0.,0.0,6419.,3.1,6419.0,3.1,0.0,0.0,0.,0.0,13237.0,12837.,3.1,0.03676,0.03743,-1.8,0.844,269,487.,438.,-0.003,-0.015,0,2234540.,901629,901630, , ,2022-11-15 10:48:18,True,False,False,3.3623961259309647
2022-11-15,FHMRF,FHMRF,2022/11/15,11:30:26,QTR8253,OTHHLFPG,380,-26,37 N,28.9,202.3,28.0,18663.8,81.900,-0.333,-1.4,-1.1,11291.0,55411.0,54655.,54655.,0.0,0.,11137.,11137.0,0.,0.0,6342.,3.2,6342.0,3.8,0.0,0.0,0.,0.0,13130.0,12685.,3.5,0.03681,0.0377,-2.4,0.843,269,483.,432.,0.008,0.015,0,2190854.,901629,901630, , ,2022-11-15 11:30:26,True,False,False,3.3553530815303994
2022-11-15,FHMRF,FHMRF,2022/11/15,11:38:35,QTR8253,OTHHLFPG,380,-26,38 N,28.9,201.5,28.0,18660.9,81.910,-0.476,-2.1,-1.7,11399.0,55941.0,54786.,54786.,0.0,0.,11164.,11164.0,0.,0.0,6356.,3.2,6356.0,3.6,0.0,0.0,0.,0.0,13144.0,12712.,3.4,0.03679,0.0374,-1.6,0.844,269,484.,445.,0.018,0.012,0,2182150.,901629,901630, , ,2022-11-15 11:38:35,True,False,False,3.3480953354825336
2022-11-15,FHMRF,FHMRF,2022/11/15,11:55:47,QTR8253,OTHHLFPG,380,-27,39 N,28.8,199.8,28.0,18663.9,81.630,-0.324,-1.3,-1.0,11268.0,55299.0,54582.,54582.,0.0,0.,11122.,11122.0,0.,0.0,6309.,3.2,6309.0,3.7,0.0,0.0,0.,0.0,13054.0,12618.,3.5,0.03696,0.03784,-2.3,0.844,269,483.,445.,0.013,-0.008,0,2165000.,901629,901630, , ,2022-11-15 11:55:47,True,False,False,3.3406386161293002
2022-11-15,FHMRF,FHMRF,2022/11/15,11:59:56,QTR8253,OTHHLFPG,380,-27,39 N,28.8,199.4,28.0,18664.7,81.640,-0.254,-1.0,-0.8,11198.0,54956.0,54406.,54406.,0.0,0.,11086.,11086.0,0.,0.0,6299.,3.2,6299.0,3.6,0.0,0.0,0.,0.0,13026.0,12597.,3.4,0.03708,0.03805,-2.5,0.844,269,483.,449.,0.008,-0.002,0,2160579.,901629,901630, , ,2022-11-15 11:59:56,True,False,False,3.3329994304471375
2022-11-16,FHMRF,FHMRF,2022/11/16,17:54:51,QTR8248,EBBROTHH,350,-27,43 N,26.9,253.6,32.0,18615.0,82.640,-0.392,-1.7,-1.6,13709.0,58257.0,57250.,57243.,0.0,0.,13472.,13470.0,0.,0.0,7518.,3.5,7520.0,4.2,0.0,0.0,0.,0.0,15610.0,15038.,3.8,0.03064,0.03131,-2.1,0.836,286,478.,526.,0.011,-0.005,0,2369073.,901629,901630, , ,2022-11-16 17:54:51,True,False,False,3.3251950224567226
2022-11-20,FHMRF,FHMRF,2022/11/20,03:53:05,CMA618,LFPGVHHH,350,-31,41 N,29.7,259.7,32.0,18633.3,82.210,-0.454,-2.0,-1.7,13828.0,58767.0,57591.,57591.,0.0,0.,13552.,13552.0,0.,0.0,7497.,3.3,7497.0,4.3,0.0,0.0,0.,0.0,15569.0,14995.,3.8,0.0304,0.03102,-2.0,0.833,284,473.,506.,0.007,0.000,0,2425022.,901629,901630, , ,2022-11-20 03:53:05,True,False,False,3.3172433279184252
2022-11-25,FHMRF,FHMRF,2022/11/25,19:11:06,QTR8252,LFPGOTHH,370,-25,30 N,29.6,232.3,26.0,18634.3,83.410,-0.03,-0.1,0.1,12401.0,58000.0,57925.,57921.,0.0,0.,12385.,12384.0,0.,0.0,7018.,3.2,7018.0,3.7,0.0,0.0,0..,0.0,14518.0,14036.,3.4,0.03319,0.03437,-3.4,0.838,273,482.,474.,-0.005,-0.009,0,2387579.,901629,901630, , ,2022-11-25 19:11:06,True,False,False,3.3091629255241877
2022-11-26,FHMRF,FHMRF,2022/11/26,11:58:49,QTR8834,OTHHLIMC,380,-20,40 N,28.9,207.6,28.0,18662.9,83.170,-0.369,-1.7,-1.3,11471.0,56294.0,55351.,55347.,0.0,0.,11278.,11278.0,0.,0.0,6503.,2.4,6504.0,3.1,0.0,0.0,0.,0.0,13368.0,13008.,2.8,0.03654,0.03705,-1.4,0.842,269,488.,470.,0.003,-0.022,0,2249850.,901629,901630, , ,2022-11-26 11:58:49,True,False,False,3.300972984815771
2022-11-26,FHMRF,FHMRF,2022/11/26,13:48:40,QTR8834,OTHHLIMC,400,-22,45 N,28.7,196.7,24.0,18662.0,83.400,-0.291,-1.3,-1.0,10659.0,57589.0,56836.,56836.,0.0,0.,10520.,10520.0,0.,0.0,6044.,3.1,6044.0,3.5,0.0,0.0,0.,0.0,12487.0,12087.,3.3,0.03894,0.03982,-2.2,0.842,257,486.,457.,-0.017,0.001,0,2347654.,901629,901630, , ,2022-11-26 13:48:40,True,False,False,3.292693211082438
2022-11-26,FHMRF,FHMRF,2022/11/26,13:55:30,QTR8834,OTHHLIMC,400,-21,45 N,28.7,196.1,24.0,18662.0,83.755,-0.399,-1.8,-1.4,10774.0,58206.0,57165.,57191.,0.0,0.,10581.,10586.0,0.,0.0,6095.,3.3,6097.0,3.7,0.0,0.0,0.,0.0,12616.0,12192.,3.5,0.03865,0.03942,-2.0,0.842,256,488.,458.,-0.004,-0.024,0,2339769.,901629,901630, , ,2022-11-26 13:55:30,True,False,False,3.2843437875099037
2022-11-27,FHMRF,FHMRF,2022/11/27,16:02:24,QTR8240,ELLXOTHH,350,-26,40 N,30.3,263.3,30.0,18632.0,84.120,-0.058,-0.3,-0.1,14217.0,60418.0,60261.,60261.,0.0,0.,14180.,14180.0,0.,0.0,7929.,2.6,7929.0,3.3,0.0,0.0,0.,0.0,16321.0,15859.,2.9,0.02938,0.0302,-2.7,0.835,285,479.,522.,0.016,0.008,0,2458613.,901629,901630, , ,2022-11-27 16:02:24,True,False,False,3.275945314859554
2022-11-27,FHMRF,FHMRF,2022/11/27,16:18:58,QTR8240,ELLXOTHH,350,-25,39 N,30.2,261.3,26.0,18630.3,83.655,-0.432,-1.9,-1.6,14081.0,59841.0,58696.,58722.,0.0,0.,13812.,13818.0,0.,0.0,7755.,3.4,7758.0,3.8,0.0,0.0,0.,0.0,16070.0,15513.,3.6,0.02991,0.03049,-1.9,0.836,286,481.,526.,0.012,0.008,0,2440269.,901629,901630, , ,2022-11-27 16:18:58,True,False,False,3.267518748953884
2022-11-30,FHMRF,FHMRF,2022/11/30,00:43:24,QTR8254,LFPGOTHH,350,-28,43 N,30.3,266.0,31.0,18648.8,84.280,-0.195,-0.8,-0.7,14599.0,62042.0,61515.,61515.,0.0,0.,14475.,14475.0,0.,0.0,8038.,2.9,8038.0,4.2,0.0,0.0,0.,0.0,16646.0,16075.,3.6,0.02867,0.02949,-2.8,0.834,285,477.,483.,0.033,-0.042,0,2485671.,901629,901630, , ,2022-11-30 00:43:24,True,False,False,3.259085336238616
2022-12-02,FHMRF,FHMRF,2022/12/02,02:19:47,QTR8251,OTHHEHBK,320,-14,33 N,29.8,266.0,30.0,18670.4,83.380,-0.102,-0.4,-0.4,14639.0,54038.0,53826.,53826.,0.0,0.,14581.,14581.0,0.,0.0,8391.,2.2,8391.0,3.3,0.0,0.0,0.,0.0,17242.0,16782.,2.7,0.02863,0.0293,-2.3,0.84,307,494.,465.,0.014,-0.018,0,2166942.,901629,901630, , ,2022-12-02 02:19:47,True,False,False,3.2506665476895975
2022-12-02,FHMRF,FHMRF,2022/12/02,05:33:06,QTR8251,OTHHEHBK,360,-33,46 N,28.8,242.5,26.0,18662.0,82.060,-0.582,-2.6,-2.3,13403.0,59745.0,58208.,58208.,0.0,0.,13058.,13058.0,0.,0.0,7180.,3.5,7180.0,3.9,0.0,0.0,0.,0.0,14894.0,14361.,3.7,0.03181,0.03222,-1.3,0.838,280,474.,483.,0.027,0.007,0,2388231.,901629,901630, , ,2022-12-02 05:33:06,True,False,False,3.2422840113347244
2022-12-02,FHMRF,FHMRF,2022/12/02,22:27:28,QTR8252,LFPGOTHH,350,-29,44 N,31.9,250.8,30.0,18640.7,81.620,-0.243,-1.1,-0.7,13131.0,55802.0,55174.,55174.,0.0,0.,12983.,12983.0,0.,0.0,7291.,2.8,7291.0,4.0,0.0,0.0,0.,0.0,15074.0,14582.,3.4,0.03166,0.03249,-2.6,0.837,286,477.,543.,-0.012,0.020,0,2342431.,901629,901630, , ,2022-12-02 22:27:28,True,False,False,3.2339594436663748
2022-12-03,FHMRF,FHMRF,2022/12/03,00:37:03,QTR8252,LFPGOTHH,370,-27,33 N,31.3,236.0,26.0,18642.2,83.760,-0.509,-2.3,-2.0,13106.0,61303.0,59909.,59913.,0.0,0.,12808.,12809.0,0.,0.0,7236.,3.6,7235.0,4.2,0.0,0.0,0.,0.0,15032.0,14470.,3.9,0.03237,0.03297,-1.8,0.851,278,487.,511.,-0.008,0.007,0,2424924.,901629,901630, , ,2022-12-03 00:37:03,True,False,False,3.2257145802258784
2022-12-03,FHMRF,FHMRF,2022/12/03,01:06:30,QTR8252,LFPGOTHH,370,-23,30 N,31.3,232.6,26.0,18641.1,84.200,-0.297,-1.3,-1.1,12837.0,60043.0,59237.,59241.,0.0,0.,12665.,12666.0,0.,0.0,7227.,3.7,7226.0,3.3,0.0,0.0,0.,0.0,14958.0,14453.,3.5,0.03276,0.03354,-2.3,0.85,278,490.,509.,-0.008,0.011,0,2390547.,901629,901630, , ,2022-12-03 01:06:30,True,False,False,3.2175711056494207
2022-12-03,FHMRF,FHMRF,2022/12/03,11:08:30,QTR8275,OTHHLEZG,320,-19,39 N,29.7,276.0,30.0,18670.1,83.110,-0.442,-1.9,-1.6,15199.0,56105.0,55022.,55019.,0.0,0.,14906.,14905.0,0.,0.0,8512.,2.2,8513.0,3.0,0.0,0.0,0.,0.0,17472.0,17025.,2.6,0.0281,0.02837,-0.9,0.845,309,491.,425.,0.009,0.016,0,2250908.,901629,901630, , ,2022-12-03 11:08:30,True,False,False,3.209550583479427
2022-12-03,FHMRF,FHMRF,2022/12/03,11:12:16,QTR8275,OTHHLEZG,320,-19,39 N,29.6,275.5,30.0,18666.9,83.190,-0.414,-1.9,-1.6,15259.0,56328.0,55277.,55274.,0.0,0.,14974.,14974.0,0.,0.0,8539.,2.8,8540.0,3.0,0.0,0.0,0.,0.0,17577.0,17079.,2.9,0.02789,0.02825,-1.3,0.844,309,490.,429.,0.017,0.000,0,2246953.,901629,901630, , ,2022-12-03 11:12:16,True,False,False,3.201674386067853
2022-12-03,FHMRF,FHMRF,2022/12/03,11:18:17,QTR8275,OTHHLEZG,320,-19,39 N,29.6,274.7,30.0,18670.9,82.950,-0.399,-1.7,-1.4,15096.0,55726.0,54798.,54794.,0.0,0.,14845.,14844.0,0.,0.0,8473.,2.4,8474.0,3.3,0.0,0.0,0.,0.0,17428.0,16947.,2.8,0.02816,0.02855,-1.4,0.845,309,491.,434.,0.007,-0.019,0,2240511.,901629,901630, , ,2022-12-03 11:18:17,True,False,False,3.193963624918707
2022-12-03,FHMRF,FHMRF,2022/12/03,11:21:17,QTR8275,OTHHLEZG,320,-20,40 N,29.5,274.3,30.0,18667.1,82.960,-0.506,-2.2,-1.9,15209.0,56141.0,54916.,54913.,0.0,0.,14877.,14876.0,0.,0.0,8486.,2.5,8487.0,3.1,0.0,0.0,0.,0.0,17453.0,16972.,2.8,0.0281,0.02835,-0.9,0.845,309,490.,435.,0.015,0.000,0,2237309.,901629,901630, , ,2022-12-03 11:21:17,True,False,False,3.186439081823712
2022-12-03,FHMRF,FHMRF,2022/12/03,12:02:07,QTR8275,OTHHLEZG,320,-20,41 N,29.2,269.0,30.0,18667.1,82.680,-0.473,-1.9,-1.6,14999.0,55369.0,54346.,54343.,0.0,0.,14722.,14721.0,0.,0.0,8399.,2.5,8400.0,3.1,0.0,0.0,0.,0.0,17271.0,16800.,2.8,0.02836,0.0287,-1.2,0.844,309,490.,462.,0.02,-0.015,0,2194054.,901629,901630, , ,2022-12-03 12:02:07,True,False,False,3.179121141132133
2022-12-03,FHMRF,FHMRF,2022/12/03,12:13:14,QTR8275,OTHHLEZG,320,-20,41 N,29.1,267.5,30.0,18669.8,82.200,-0.42,-1.6,-1.4,14707.0,54289.0,53399.,53396.,0.0,0.,14466.,14466.0,0.,0.0,8271.,1.9,8272.0,3.3,0.0,0.0,0.,0.0,16974.0,16543.,2.6,0.02891,0.02925,-1.2,0.846,309,491.,471.,-0.001,0.003,0,2182285.,901629,901630, , ,2022-12-03 12:13:14,True,False,False,3.1720297234690578
2022-12-03,FHMRF,FHMRF,2022/12/03,19:53:44,QTR8276,LEZGOTHH,350,-26,37 N,28.4,257.5,30.0,18612.4,82.830,-0.266,-1.2,-1.0,13537.0,57529.0,56847.,56847.,0.0,0.,13376.,13376.0,0.,0.0,7535.,2.6,7535.0,3.9,0.0,0.0,0.,0.0,15565.0,15070.,3.3,0.03088,0.03159,-2.2,0.837,286,481.,533.,-0.014,0.016,0,2402880.,901629,901630, , ,2022-12-03 19:53:44,True,False,False,3.1651842211838197
2022-12-04,FHMRF,FHMRF,2022/12/04,05:36:47,QTR8231,OTHHLHBP,360,-23,32 N,25.5,246.9,28.0,18668.1,84.870,-0.501,-2.2,-2.0,14117.0,62928.0,61566.,61566.,0.0,0.,13811.,13811.0,0.,0.0,7801.,2.5,7801.0,3.1,0.0,0.0,0.,0.0,16047.0,15603.,2.8,0.03052,0.03077,-0.8,0.851,285,490.,443.,0.002,0.002,0,2427140.,901629,901630, , ,2022-12-04 05:36:47,True,False,False,3.158603435776493
2022-12-04,FHMRF,FHMRF,2022/12/04,05:59:55,QTR8231,OTHHLHBP,360,-25,34 N,25.3,244.3,28.0,18668.8,83.060,-0.425,-1.9,-1.6,13060.0,58218.0,57128.,57128.,0.0,0.,12816.,12816.0,0.,0.0,7221.,3.2,7221.0,3.3,0.0,0.0,0.,0.0,14911.0,14441.,3.3,0.03239,0.0329,-1.5,0.84,281,483.,436.,-0.017,0.029,0,2400893.,901629,901630, , ,2022-12-04 05:59:55,True,False,False,3.152305517518538
2022-12-04,FHMRF,FHMRF,2022/12/04,06:27:08,QTR8231,OTHHLHBP,360,-28,37 N,25.2,241.1,29.0,18661.9,83.015,-0.303,-1.3,-1.1,13240.0,59022.0,58227.,58253.,0.0,0.,13062.,13068.0,0.,0.0,7300.,3.3,7303.0,3.2,0.0,0.0,0.,0.0,15074.0,14602.,3.2,0.03186,0.03251,-2.0,0.84,281,480.,428.,0.008,-0.001,0,2373105.,901629,901630, , ,2022-12-04 06:27:08,True,False,False,3.1463079074574023
2022-12-04,FHMRF,FHMRF,2022/12/04,06:57:30,QTR8231,OTHHLHBP,340,-25,39 N,25.0,237.7,30.0,18662.6,81.200,-0.393,-1.6,-1.3,13297.0,53893.0,53051.,53051.,0.0,0.,13089.,13089.0,0.,0.0,7413.,2.8,7413.0,3.4,0.0,0.0,0.,0.0,15284.0,14826.,3.1,0.03167,0.03222,-1.7,0.843,295,484.,443.,0.009,-0.003,0,2127442.,901629,901630, , ,2022-12-04 06:57:30,True,False,False,3.140627281976997
2022-12-04,FHMRF,FHMRF,2022/12/04,07:00:30,QTR8231,OTHHLHBP,340,-26,39 N,25.0,237.4,30.0,18664.0,81.010,-0.413,-1.7,-1.4,13241.0,53667.0,52780.,52780.,0.0,0.,13023.,13023.0,0.,0.0,7371.,2.3,7371.0,3.4,0.0,0.0,0.,0.0,15158.0,14742.,2.8,0.03191,0.03236,-1.4,0.843,295,484.,444.,0.006,0.005,0,2124382.,901629,901630, , ,2022-12-04 07:00:30,True,False,False,3.1352795000764697
2022-12-04,FHMRF,FHMRF,2022/12/04,07:22:23,QTR8231,OTHHLHBP,340,-25,40 N,24.9,234.8,30.0,18666.9,81.540,-0.314,-1.2,-1.0,13432.0,54439.0,53763.,53763.,0.0,0.,13265.,13265.0,0.,0.0,7534.,2.6,7534.0,3.4,0.0,0.0,0.,0.0,15522.0,15068.,3.0,0.03142,0.03204,-1.9,0.85,298,488.,459.,0.007,0.001,0,2102352.,901629,901630, , ,2022-12-04 07:22:23,True,False,False,3.13027955352561
2022-12-04,FHMRF,FHMRF,2022/12/04,07:25:23,QTR8231,OTHHLHBP,340,-25,40 N,24.9,234.5,30.0,18666.9,81.550,-0.413,-1.6,-1.4,13497.0,54702.0,53812.,53812.,0.0,0.,13277.,13277.0,0.,0.0,7539.,2.6,7539.0,3.2,0.0,0.0,0.,0.0,15516.0,15078.,2.9,0.03143,0.0319,-1.5,0.85,298,488.,460.,0.013,0.003,0,2099229.,901629,901630, , ,2022-12-04 07:25:23,True,False,False,3.125641520051665
2022-12-06,FHMRF,FHMRF,2022/12/06,08:49:26,QTR8271,OTHHLEZG,320,-13,27 N,32.0,257.9,28.0,18660.0,82.840,0.082,0.3,0.3,14201.0,52418.0,52589.,52589.,0.0,0.,14247.,14247.0,0.,0.0,8247.,1.5,8247.0,2.3,0.0,0.0,0.,0.0,16801.0,16494.,1.9,0.02949,0.03013,-2.1,0.843,308,495.,428.,0.0,0.002,0,2101502.,901629,901630, , ,2022-12-06 08:49:26,True,False,False,3.121378519704172
2022-12-06,FHMRF,FHMRF,2022/12/06,09:08:17,QTR8271,OTHHLEZG,320,-13,27 N,31.5,255.5,28.0,18663.4,82.340,-0.217,-1.0,-0.9,14076.0,51959.0,51447.,51447.,0.0,0.,13937.,13937.0,0.,0.0,8086.,2.2,8086.0,3.0,0.0,0.0,0.,0.0,16590.0,16171.,2.6,0.02987,0.03037,-1.7,0.843,308,496.,432.,-0.003,0.015,0,2082052.,901629,901630, , ,2022-12-06 09:08:17,True,False,False,3.117502674528241
2022-12-06,FHMRF,FHMRF,2022/12/06,11:56:07,QTR8271,OTHHLEZG,360,-27,34 N,29.5,235.1,25.0,18668.1,82.530,-0.241,-1.1,-0.8,12830.0,57193.0,56572.,56572.,0.0,0.,12690.,12690.0,0.,0.0,7142.,2.7,7142.0,3.6,0.0,0.0,0.,0.0,14729.0,14285.,3.1,0.03266,0.0334,-2.2,0.84,281,481.,435.,0.01,-0.010,0,2312947.,901629,901630, , ,2022-12-06 11:56:07,True,False,False,3.1140250716495332
2022-12-06,FHMRF,FHMRF,2022/12/06,13:00:33,QTR8271,OTHHLEZG,360,-28,38 N,29.3,228.1,26.0,18667.2,81.780,-0.11,-0.5,-0.3,12424.0,55383.0,55113.,55113.,0.0,0.,12364.,12364.0,0.,0.0,6962.,3.1,6962.0,4.0,0.0,0.0,0.,0.0,14418.0,13923.,3.6,0.03333,0.03442,-3.2,0.841,281,481.,438.,0.001,0.015,0,2244872.,901629,901630, , ,2022-12-06 13:00:33,True,False,False,3.1109557298348
2022-12-06,FHMRF,FHMRF,2022/12/06,13:03:33,QTR8271,OTHHLEZG,360,-28,38 N,29.3,227.7,26.0,18671.1,81.875,-0.347,-1.6,-1.3,12618.0,56246.0,55335.,55361.,0.0,0.,12413.,12419.0,0.,0.0,6986.,3.1,6988.0,3.6,0.0,0.0,0.,0.0,14440.0,13974.,3.3,0.03328,0.03395,-2.0,0.841,281,481.,438.,0.017,0.001,2,2241676.,901629,901630, , ,2022-12-06 13:03:33,True,False,False,3.108303569547435
2022-12-06,FHMRF,FHMRF,2022/12/06,18:12:12,QTR8272,LEZGOTHH,330,-24,40 N,29.3,276.4,30.0,18612.6,82.270,-0.266,-1.1,-0.9,14355.0,55512.0,54903.,54903.,0.0,0.,14198.,14198.0,0.,0.0,8013.,3.3,8013.0,4.0,0.0,0.0,0.,0.0,16612.0,16026.,3.7,0.02902,0.02981,-2.7,0.837,299,482.,500.,-0.02,0.003,0,2348806.,901629,901630, , ,2022-12-06 18:12:12,True,False,False,3.106076386484252
2022-12-06,FHMRF,FHMRF,2022/12/06,19:23:20,QTR8272,LEZGOTHH,350,-28,37 N,28.1,267.4,30.0,18613.5,83.920,-0.346,-1.5,-1.3,14574.0,61933.0,60994.,60994.,0.0,0.,14353.,14353.0,0.,0.0,7976.,2.8,7976.0,3.3,0.0,0.0,0.,0.0,16440.0,15952.,3.1,0.029,0.0295,-1.7,0.835,285,477.,518.,0.021,0.019,0,2495332.,901629,901630, , ,2022-12-06 19:23:20,True,False,False,3.1042808285699097
2022-12-06,FHMRF,FHMRF,2022/12/06,19:30:57,QTR8272,LEZGOTHH,350,-29,37 N,28.0,266.4,30.0,18615.5,83.435,-0.603,-2.7,-2.4,14448.0,61403.0,59754.,59781.,0.0,0.,14060.,14067.0,0.,0.0,7818.,2.9,7821.0,3.8,0.0,0.0,0.,0.0,16163.0,15638.,3.4,0.02949,0.02975,-0.9,0.835,285,477.,527.,0.017,-0.013,0,2486324.,901629,901630, , ,2022-12-06 19:30:57,True,False,False,3.102922376397916
2022-12-07,FHMRF,FHMRF,2022/12/07,08:23:16,QTR8269,OTHHEGLL,340,-29,41 N,27.4,255.8,26.0,18660.3,81.770,-0.446,-2.0,-1.7,13975.0,56644.0,55493.,55493.,0.0,0.,13691.,13691.0,0.,0.0,7646.,2.9,7646.0,3.8,0.0,0.0,0.,0.0,15802.0,15293.,3.3,0.03033,0.0308,-1.5,0.84,294,479.,439.,0.013,-0.005,0,2289648.,901629,901630, , ,2022-12-07 08:23:16,True,False,False,3.102005327131352
2022-12-07,FHMRF,FHMRF,2022/12/07,15:24:15,QTR8270,EGLLLFSB,290,-16,49 N,31.6,175.6,26.0,18661.8,75.920,-0.727,-3.4,-2.9,12590.0,40517.0,39131.,39134.,0.0,0.,12160.,12161.0,0.,0.0,7164.,2.2,7163.0,3.5,0.0,0.0,0.,0.0,14731.0,14327.,2.8,0.0327,0.03266,0.1,0.822,320,482.,489.,0.008,0.017,0,1242275.,901629,901630, , ,2022-12-07 15:24:15,True,False,False,3.1015327819020047
2022-12-07,FHMRF,FHMRF,2022/12/07,22:39:15,QTR8270,LFSBOTHH,350,-25,33 N,24.4,248.4,26.0,18642.2,82.680,-0.318,-1.4,-1.2,13422.0,57038.0,56223.,56223.,0.0,0.,13230.,13230.0,0.,0.0,7450.,3.4,7450.0,4.5,0.0,0.0,0.,0.0,15494.0,14901.,4.0,0.03103,0.03188,-2.7,0.836,286,481.,515.,0.004,0.036,0,2319137.,901629,901630, , ,2022-12-07 22:39:15,True,False,False,3.1015066367681063
2022-12-08,FHMRF,FHMRF,2022/12/08,05:38:31,QTR8253,OTHHLFPG,300,-10,30 N,31.1,237.6,29.0,18673.1,80.700,-0.216,-0.9,-0.7,13953.0,46985.0,46560.,46560.,0.0,0.,13827.,13827.0,0.,0.0,8145.,2.3,8145.0,3.4,0.0,0.0,0.,0.0,16753.0,16290.,2.8,0.02961,0.03024,-2.1,0.838,320,496.,431.,-0.001,-0.009,0,1765665.,901629,901630, , ,2022-12-08 05:38:31,True,False,False,3.1019275773075474
2022-12-08,FHMRF,FHMRF,2022/12/08,17:48:26,QTR8254,LFPGOTHH,330,-24,40 N,19.8,236.5,34.0,18668.4,80.500,-0.336,-1.6,-1.3,13397.0,51811.0,50979.,50985.,0.0,0.,13182.,13184.0,0.,0.0,7487.,2.3,7486.0,3.9,0.0,0.0,0.,0.0,15441.0,14973.,3.1,0.03134,0.03188,-1.7,0.84,300,484.,519.,0.011,0.010,0,2009162.,901629,901630, , ,2022-12-08 17:48:26,True,False,False,3.102795076937501
2022-12-09,FHMRF,FHMRF,2022/12/09,02:16:18,QTR8251,OTHHEHBK,320,-16,31 N,28.6,252.6,29.0,18667.6,81.960,-0.104,-0.5,-0.3,14054.0,51879.0,51635.,51635.,0.0,0.,13988.,13988.0,0.,0.0,8087.,1.5,8087.0,2.6,0.0,0.0,0.,0.0,16506.0,16174.,2.1,0.02988,0.0304,-1.7,0.844,309,493.,425.,0.0,-0.002,0,2057643.,901629,901630, , ,2022-12-09 02:16:18,True,False,False,3.1041073990649792
2022-12-09,FHMRF,FHMRF,2022/12/09,02:30:45,QTR8251,OTHHEHBK,320,-18,32 N,28.3,250.8,29.0,18670.5,81.630,0.011,0.1,0.2,13888.0,51266.0,51293.,51293.,0.0,0.,13896.,13896.0,0.,0.0,8016.,1.6,8016.0,2.9,0.0,0.0,0.,0.0,16391.0,16031.,2.2,0.03002,0.03075,-2.4,0.844,309,492.,431.,-0.007,-0.011,0,2042383.,901629,901630, , ,2022-12-09 02:30:45,True,False,False,3.105861603182411
2022-12-09,FHMRF,FHMRF,2022/12/09,07:05:39,QTR8251,OTHHEHBK,360,-27,51 N,26.6,220.1,26.0,18667.4,80.850,-0.348,-1.4,-1.1,11998.0,53487.0,52734.,52734.,0.0,0.,11829.,11829.0,0.,0.0,6716.,3.2,6716.0,3.2,0.0,0.0,0.,0.0,13866.0,13433.,3.2,0.0348,0.03554,-2.1,0.843,282,483.,423.,-0.014,-0.016,0,2166896.,901629,901630, , ,2022-12-09 07:05:39,True,False,False,3.1080535550179555
2022-12-11,FHMRF,FHMRF,2022/12/11,00:10:03,QTR8292,LFSBOTHH,370,-29,33 N,31.5,225.9,26.0,18639.2,82.020,-0.452,-2.0,-1.5,12190.0,57013.0,55689.,56009.,0.0,0.,11907.,11975.0,0.,0.0,6781.,2.8,6718.0,4.2,0.0,0.0,0.,0.0,13972.0,13499.,3.5,0.03419,0.03486,-1.9,0.837,273,478.,570.,0.01,-0.005,0,2320318.,901629,901630, , ,2022-12-11 00:10:03,True,False,False,3.1106779408247465
2022-12-11,FHMRF,FHMRF,2022/12/11,06:34:56,QTR8231,OTHHLHBP,360,-29,37 N,23.9,236.2,30.0,18669.7,82.330,-0.57,-2.5,-2.1,13160.0,58665.0,57142.,57239.,0.0,0.,12818.,12840.0,0.,0.0,7187.,3.7,7167.0,3.9,0.0,0.0,0.,0.0,14901.0,14353.,3.8,0.03211,0.03264,-1.6,0.84,281,478.,407.,0.02,-0.009,0,2324674.,901629,901630, , ,2022-12-11 06:34:56,True,False,False,3.113728285853467
2022-12-11,FHMRF,FHMRF,2022/12/11,17:19:16,QTR8232,LKPROTHH,370,-30,37 N,25.2,240.9,27.0,18629.3,83.390,-0.858,-3.8,-2.3,13221.0,61840.0,60216.,58803.,0.0,0.,12874.,12572.0,0.,0.0,7162.,3.5,7445.0,-0.9,0.0,0.0,0.,0.0,14789.0,14607.,1.2,0.03221,0.03185,1.1,0.837,273,476.,534.,0.011,-0.008,0,2478226.,901629,901630, , ,2022-12-11 17:19:16,True,False,False,3.11719697701791
2022-12-11,FHMRF,FHMRF,2022/12/11,17:41:13,QTR8232,LKPROTHH,370,-29,33 N,25.1,238.5,27.0,18628.2,83.280,-0.625,-2.8,-1.4,12924.0,60452.0,59456.,58059.,0.0,0.,12711.,12413.0,0.,0.0,7087.,3.5,7366.0,-0.4,0.0,0.0,0.,0.0,14672.0,14453.,1.5,0.03245,0.03248,-0.1,0.835,272,476.,538.,0.005,0.000,0,2450525.,901629,901630, , ,2022-12-11 17:41:13,True,False,False,3.1210752897465177
2022-12-11,FHMRF,FHMRF,2022/12/11,17:44:13,QTR8232,LKPROTHH,370,-29,33 N,25.1,238.1,27.0,18628.2,83.290,-0.535,-2.4,-1.0,12850.0,60106.0,59353.,57958.,0.0,0.,12689.,12391.0,0.,0.0,7080.,3.4,7359.0,-0.5,0.0,0.0,0.,0.0,14640.0,14439.,1.4,0.03254,0.03266,-0.3,0.835,273,476.,538.,0.001,-0.004,0,2447038.,901629,901630, , ,2022-12-11 17:44:13,True,False,False,3.1253534190023493
2022-12-12,FHMRF,FHMRF,2022/12/12,21:00:12,QTR8242,ELLXOTHH,330,-22,48 N,30.9,248.2,29.0,18596.6,82.055,0.015,0.1,0.2,13850.0,53560.0,53583.,53601.,0.0,0.,13856.,13861.0,0.,0.0,7877.,2.7,7880.0,2.6,0.0,0.0,0.,0.0,16178.0,15757.,2.7,0.02985,0.0307,-2.8,0.834,298,483.,572.,0.033,0.031,0,2109088.,901629,901630, , ,2022-12-12 21:00:12,True,False,False,3.1300205144187374
2022-12-13,FHMRF,FHMRF,2022/12/13,00:19:19,QTR8242,ELLXOTHH,370,-25,35 N,29.6,225.5,26.0,18594.0,83.170,-0.098,-0.4,-0.2,12367.0,57845.0,57594.,57590.,0.0,0.,12313.,12313.0,0.,0.0,6970.,3.3,6970.0,4.0,0.0,0.0,0.,0.0,14450.0,13940.,3.7,0.03327,0.03441,-3.3,0.837,273,481.,550.,0.02,-0.003,0,2319180.,901629,901630, , ,2022-12-13 00:19:19,True,False,False,3.1350647194202628
2022-12-13,FHMRF,FHMRF,2022/12/13,00:20:55,QTR8242,ELLXOTHH,370,-25,34 N,29.6,225.3,26.0,18594.0,83.260,-0.301,-1.3,-1.1,12524.0,58577.0,57805.,57804.,0.0,0.,12358.,12358.0,0.,0.0,6990.,3.6,6990.0,3.9,0.0,0.0,0.,0.0,14506.0,13980.,3.8,0.03314,0.03403,-2.6,0.837,273,481.,553.,0.033,-0.017,0,2317276.,901629,901630, , ,2022-12-13 00:20:55,True,False,False,3.1404732140954654
2022-12-13,FHMRF,FHMRF,2022/12/13,00:25:27,QTR8242,ELLXOTHH,370,-25,34 N,29.6,224.8,26.0,18594.0,82.845,-0.254,-1.1,-0.9,12243.0,57264.0,56625.,56599.,0.0,0.,12107.,12101.0,0.,0.0,6865.,3.1,6863.0,3.8,0.0,0.0,0.,0.0,14200.0,13728.,3.4,0.03392,0.03477,-2.4,0.838,274,482.,560.,0.011,0.020,0,2311848.,901629,901630, , ,2022-12-13 00:25:27,True,False,False,3.146232261498063
2022-12-13,FHMRF,FHMRF,2022/12/13,00:29:32,QTR8242,ELLXOTHH,370,-25,33 N,29.6,224.4,26.0,18594.0,82.440,-0.23,-1.1,-0.8,11991.0,56087.0,55496.,55496.,0.0,0.,11865.,11865.0,0.,0.0,6748.,3.5,6748.0,4.2,0.0,0.0,0.,0.0,14014.0,13495.,3.8,0.03442,0.03545,-2.9,0.839,274,482.,561.,-0.008,-0.006,0,2307302.,901629,901630, , ,2022-12-13 00:29:32,True,False,False,3.152327257007642
2022-12-13,FHMRF,FHMRF,2022/12/13,00:33:56,QTR8242,ELLXOTHH,370,-25,33 N,29.6,223.9,26.0,18594.0,82.690,-0.342,-1.5,-1.3,12184.0,56990.0,56112.,56112.,0.0,0.,11996.,11996.0,0.,0.0,6808.,3.4,6808.0,4.0,0.0,0.0,0.,0.0,14121.0,13616.,3.7,0.03409,0.0349,-2.3,0.837,273,481.,574.,0.013,0.008,0,2299444.,901629,901630, , ,2022-12-13 00:33:56,True,False,False,3.158742780381485
2022-12-13,FHMRF,FHMRF,2022/12/13,05:36:15,QTR8271,OTHHEHBK,320,-11,29 N,25.8,282.3,29.0,18646.8,84.370,-0.603,-2.5,-2.2,15249.0,56287.0,54862.,54858.,0.0,0.,14863.,14862.0,0.,0.0,8639.,2.9,8640.0,3.0,0.0,0.0,0.,0.0,17787.0,17279.,2.9,0.02793,0.02811,-0.6,0.841,307,497.,431.,-0.005,-0.008,0,2298863.,901629,901630, , ,2022-12-13 05:36:15,True,False,False,3.1654626501588465
2022-12-13,FHMRF,FHMRF,2022/12/13,10:29:03,QTR8271,OTHHEHBK,360,-19,49 N,22.3,245.5,25.0,18648.8,84.425,-0.565,-2.4,-2.1,13401.0,59735.0,58291.,58266.,0.0,0.,13077.,13071.0,0.,0.0,7474.,2.7,7471.0,3.7,0.0,0.0,0.,0.0,15420.0,14944.,3.2,0.0317,0.03202,-1.0,0.841,281,489.,424.,-0.013,0.001,0,2417336.,901629,901630, , ,2022-12-13 10:29:03,True,False,False,3.1724699801182235
2022-12-13,FHMRF,FHMRF,2022/12/13,10:32:03,QTR8271,OTHHEHBK,360,-19,49 N,22.3,245.1,25.0,18648.8,84.515,-0.616,-2.7,-2.3,13463.0,60012.0,58428.,58403.,0.0,0.,13107.,13102.0,0.,0.0,7489.,2.7,7486.0,3.6,0.0,0.0,0.,0.0,15448.0,14975.,3.2,0.03162,0.03186,-0.7,0.84,281,488.,421.,-0.004,0.006,0,2413929.,901629,901630, , ,2022-12-13 10:32:03,True,False,False,3.1797472375241433
2022-12-13,FHMRF,FHMRF,2022/12/13,22:22:55,QTR8272,LEZGOTHH,350,-20,28 N,26.7,242.0,26.0,18612.5,82.220,-0.74,-2.9,-2.5,12965.0,55097.0,53519.,53519.,0.0,0.,12594.,12594.0,0.,0.0,7226.,2.6,7226.0,3.5,0.0,0.0,0.,0.0,14891.0,14452.,3.0,0.03272,0.03287,-0.5,0.84,287,487.,523.,-0.009,0.017,0,2255085.,901629,901630, , ,2022-12-13 22:22:55,True,False,False,3.187276302924934
2022-12-14,FHMRF,FHMRF,2022/12/14,12:22:39,QTR8269,OTHHEGLL,360,-28,46 N,22.8,237.5,26.0,18648.8,82.460,-0.375,-1.7,-1.4,12992.0,57914.0,56696.,57190.,0.0,0.,12719.,12830.0,0.,0.0,7220.,2.7,7119.0,3.9,0.0,0.0,0.,0.0,14812.0,14339.,3.3,0.03247,0.03307,-1.8,0.842,281,481.,398.,-0.008,0.027,0,2338390.,901629,901630, , ,2022-12-14 12:22:39,True,False,False,3.195038531274336
2022-12-15,FHMRF,FHMRF,2022/12/15,09:09:34,QTR8231,OTHHLHBP,360,-23,35 N,24.2,232.7,28.0,18663.8,82.660,-0.334,-1.5,-1.2,12610.0,56212.0,55357.,55357.,0.0,0.,12418.,12418.0,0.,0.0,7074.,3.6,7074.0,3.6,0.0,0.0,0.,0.0,14652.0,14149.,3.6,0.03311,0.03388,-2.3,0.841,281,485.,467.,-0.01,-0.011,0,2286849.,901629,901630, , ,2022-12-15 09:09:34,True,False,False,3.2030148141514436
2022-12-15,FHMRF,FHMRF,2022/12/15,20:20:19,QTR8232,LKPROTHH,350,-25,45 N,27.0,269.8,29.0,18630.5,84.460,-0.478,-2.1,-1.7,14642.0,62225.0,60767.,61109.,0.0,0.,14299.,14379.0,0.,0.0,8070.,2.4,7994.0,4.0,0.0,0.0,0.,0.0,16573.0,16064.,3.2,0.02892,0.02932,-1.3,0.834,285,479.,554.,0.01,0.005,0,2521288.,901629,901630, , ,2022-12-15 20:20:19,True,False,False,3.211185642852136
2022-12-16,FHMRF,FHMRF,2022/12/16,05:16:02,QTR8251,OTHHELLX,340,-22,39 N,28.8,235.5,30.0,18659.2,81.760,-0.117,-0.5,-0.3,13169.0,53378.0,53128.,53128.,0.0,0.,13108.,13108.0,0.,0.0,7482.,2.4,7482.0,3.5,0.0,0.0,0.,0.0,15410.0,14963.,3.0,0.03161,0.03246,-2.6,0.843,295,487.,422.,0.01,-0.018,0,2107719.,901629,901630, , ,2022-12-16 05:16:02,True,False,False,3.219531172126495
2022-12-17,FHMRF,FHMRF,2022/12/17,06:46:12,QTR8291,OTHHEGLL,360,-23,31 N,27.7,227.4,28.0,18658.0,82.420,-0.258,-1.1,-0.8,12444.0,55471.0,54873.,54869.,0.0,0.,12310.,12309.0,0.,0.0,7021.,3.1,7022.0,3.5,0.0,0.0,0.,0.0,14506.0,14042.,3.3,0.03351,0.03433,-2.4,0.843,282,486.,413.,-0.004,0.012,0,2235866.,901629,901630, , ,2022-12-17 06:46:12,True,False,False,3.228031284342719
2022-12-17,FHMRF,FHMRF,2022/12/17,06:49:12,QTR8291,OTHHEGLL,360,-23,32 N,27.6,227.1,28.0,18654.8,82.500,-0.249,-1.1,-0.8,12502.0,55733.0,55112.,55108.,0.0,0.,12363.,12362.0,0.,0.0,7047.,2.7,7047.0,3.5,0.0,0.0,0.,0.0,14534.0,14094.,3.1,0.03343,0.03418,-2.2,0.843,282,486.,413.,0.002,-0.012,0,2232773.,901629,901630, , ,2022-12-17 06:49:12,True,False,False,3.2366656538656757
2022-12-17,FHMRF,FHMRF,2022/12/17,06:52:12,QTR8291,OTHHEGLL,360,-23,32 N,27.6,226.7,28.0,18658.8,82.300,-0.617,-2.6,-2.2,12584.0,56096.0,54626.,54622.,0.0,0.,12254.,12253.0,0.,0.0,6991.,3.0,6992.0,3.5,0.0,0.0,0.,0.0,14440.0,13983.,3.3,0.03366,0.03399,-1.0,0.843,282,486.,414.,0.009,0.000,0,2229575.,901629,901630, , ,2022-12-17 06:52:12,True,False,False,3.245413811442195
2022-12-17,FHMRF,FHMRF,2022/12/17,07:09:41,QTR8291,OTHHEGLL,360,-23,33 N,27.3,224.8,28.0,18660.0,82.100,-0.612,-2.5,-2.1,12473.0,55604.0,54225.,54221.,0.0,0.,12164.,12163.0,0.,0.0,6943.,2.6,6943.0,3.7,0.0,0.0,0.,0.0,14326.0,13886.,3.2,0.03392,0.03426,-1.0,0.843,282,486.,431.,0.008,0.010,0,2207462.,901629,901630, , ,2022-12-17 07:09:41,True,False,False,3.2542552083839453
2022-12-17,FHMRF,FHMRF,2022/12/17,07:19:34,QTR8291,OTHHEGLL,360,-23,35 N,27.2,223.8,28.0,18653.9,82.000,-0.299,-1.2,-0.9,12232.0,54527.0,53887.,53883.,0.0,0.,12089.,12088.0,0.,0.0,6912.,2.5,6912.0,3.6,0.0,0.0,0.,0.0,14246.0,13824.,3.1,0.03413,0.03486,-2.1,0.843,282,486.,420.,-0.008,0.020,0,2198752.,901629,901630, , ,2022-12-17 07:19:34,True,False,False,3.263169280334992
2022-12-17,FHMRF,FHMRF,2022/12/17,07:39:18,QTR8291,OTHHEGLL,380,-28,37 N,27.0,221.6,29.0,18660.1,83.500,-0.3,-1.4,-1.1,12271.0,60222.0,59403.,59398.,0.0,0.,12104.,12103.0,0.,0.0,6805.,2.4,6806.0,3.1,0.0,0.0,0.,0.0,13985.0,13611.,2.7,0.03433,0.0349,-1.6,0.84,268,480.,420.,0.017,-0.035,0,2397105.,901629,901630, , ,2022-12-17 07:39:18,True,False,False,3.2721355104071224
2022-12-17,FHMRF,FHMRF,2022/12/17,08:33:03,QTR8291,OTHHEGLL,380,-31,39 N,26.6,215.9,29.0,18662.0,82.185,-0.286,-1.3,-1.0,11886.0,58334.0,57600.,57573.,0.0,0.,11737.,11731.0,0.,0.0,6555.,3.4,6552.0,4.3,0.0,0.0,0.,0.0,13612.0,13107.,3.9,0.03509,0.03607,-2.7,0.842,269,478.,429.,0.003,0.016,0,2339954.,901629,901630, , ,2022-12-17 08:33:03,True,False,False,3.2811334914608357
2022-12-17,FHMRF,FHMRF,2022/12/17,08:36:03,QTR8291,OTHHEGLL,380,-31,39 N,26.5,215.6,29.0,18660.2,82.090,-0.387,-1.7,-1.4,11902.0,58413.0,57400.,57400.,0.0,0.,11696.,11696.0,0.,0.0,6533.,3.2,6533.0,3.9,0.0,0.0,0.,0.0,13528.0,13065.,3.5,0.0353,0.03602,-2.0,0.842,269,478.,430.,0.006,-0.004,0,2336652.,901629,901630, , ,2022-12-17 08:36:03,True,False,False,3.2901429873016252
2022-12-18,FHMRF,FHMRF,2022/12/18,04:28:11,QTR8231,OTHHLHBP,360,-21,30 N,28.7,229.4,28.0,18670.4,82.940,-0.281,-1.3,-1.0,12573.0,56048.0,55332.,55332.,0.0,0.,12412.,12412.0,0.,0.0,7092.,2.7,7092.0,3.8,0.0,0.0,0.,0.0,14640.0,14184.,3.2,0.03325,0.03398,-2.1,0.841,281,487.,434.,0.005,0.005,0,2256050.,901629,901630, , ,2022-12-18 04:28:11,True,False,False,3.2991439925519135
2022-12-18,FHMRF,FHMRF,2022/12/18,04:43:14,QTR8231,OTHHLHBP,360,-22,31 N,28.6,227.7,28.0,18671.6,82.225,-0.44,-1.7,-1.4,12372.0,55155.0,54222.,54201.,0.0,0.,12163.,12158.0,0.,0.0,6950.,3.0,6948.0,3.6,0.0,0.0,0.,0.0,14360.0,13898.,3.3,0.03389,0.03453,-1.8,0.843,282,487.,436.,-0.009,-0.010,0,2239335.,901629,901630, , ,2022-12-18 04:43:14,True,False,False,3.308116790955364
2022-12-18,FHMRF,FHMRF,2022/12/18,05:08:49,QTR8231,OTHHLHBP,380,-29,34 N,28.4,224.9,29.0,18673.6,83.010,-0.135,-0.6,-0.4,12057.0,59169.0,58818.,58818.,0.0,0.,11985.,11985.0,0.,0.0,6716.,3.2,6716.0,3.9,0.0,0.0,0.,0.0,13911.0,13432.,3.6,0.03444,0.03554,-3.1,0.841,268,479.,433.,-0.015,0.014,2,2432795.,901629,901630, , ,2022-12-18 05:08:49,True,False,False,3.3170420118755755
2022-12-18,FHMRF,FHMRF,2022/12/18,05:54:29,QTR8231,OTHHLHBP,380,-32,38 N,28.2,220.1,30.0,18675.5,82.250,-0.358,-1.6,-1.3,12025.0,59014.0,58078.,58078.,0.0,0.,11835.,11835.0,0.,0.0,6589.,3.5,6589.0,4.1,0.0,0.0,0.,0.0,13676.0,13178.,3.8,0.03479,0.03565,-2.4,0.84,268,476.,450.,0.006,-0.002,0,2385453.,901629,901630, , ,2022-12-18 05:54:29,True,False,False,3.325900684761081
2022-12-18,FHMRF,FHMRF,2022/12/18,06:17:16,QTR8231,OTHHLHBP,380,-32,40 N,28.1,217.7,30.0,18670.9,82.675,-0.325,-1.5,-1.3,12293.0,60332.0,59415.,59443.,0.0,0.,12107.,12112.0,0.,0.0,6754.,3.8,6757.0,3.8,0.0,0.0,0.,0.0,14021.0,13511.,3.8,0.03432,0.03517,-2.4,0.851,272,481.,457.,-0.002,-0.011,0,2359420.,901629,901630, , ,2022-12-18 06:17:16,True,False,False,3.334674291358527
2022-12-19,FHMRF,FHMRF,2022/12/19,11:55:55,QTR8232,LKPROTHH,350,-25,37 N,27.4,252.3,30.0,18639.9,82.990,-0.46,-2.0,-1.7,13723.0,58319.0,57137.,57141.,0.0,0.,13445.,13445.0,0.,0.0,7564.,3.0,7563.0,4.1,0.0,0.0,0.,0.0,15663.0,15127.,3.5,0.03071,0.03125,-1.7,0.837,286,481.,486.,0.014,-0.007,0,2359422.,901629,901630, , ,2022-12-19 11:55:55,True,False,False,3.343344815468603
2022-12-19,FHMRF,FHMRF,2022/12/19,12:08:06,QTR8232,LKPROTHH,350,-24,35 N,27.4,250.9,26.0,18639.9,82.890,-0.48,-2.1,-1.8,13596.0,57780.0,56548.,56552.,0.0,0.,13306.,13307.0,0.,0.0,7520.,3.2,7519.0,4.2,0.0,0.0,0.,0.0,15590.0,15039.,3.7,0.031,0.03156,-1.8,0.84,287,483.,494.,0.005,-0.007,0,2345570.,901629,901630, , ,2022-12-19 12:08:06,True,False,False,3.35189479005982
2022-12-19,FHMRF,FHMRF,2022/12/19,12:11:06,QTR8232,LKPROTHH,350,-24,35 N,27.4,250.5,26.0,18639.9,82.970,-0.383,-1.7,-1.4,13570.0,57669.0,56685.,56688.,0.0,0.,13338.,13339.0,0.,0.0,7534.,2.9,7533.0,4.0,0.0,0.0,0.,0.0,15588.0,15067.,3.5,0.03098,0.0316,-1.9,0.839,287,483.,494.,0.006,-0.002,1,2342364.,901629,901630, , ,2022-12-19 12:11:06,True,False,False,3.360307341583162
2022-12-19,FHMRF,FHMRF,2022/12/19,12:14:06,QTR8232,LKPROTHH,350,-24,35 N,27.4,250.2,26.0,18639.9,82.850,-0.626,-2.8,-2.4,13635.0,57945.0,56339.,56343.,0.0,0.,13257.,13258.0,0.,0.0,7499.,3.1,7498.0,3.8,0.0,0.0,0.,0.0,15519.0,14997.,3.5,0.03116,0.03147,-1.0,0.84,287,484.,496.,0.01,0.002,0,2338908.,901629,901630, , ,2022-12-19 12:14:06,True,False,False,3.3685662313602416
2022-12-19,FHMRF,FHMRF,2022/12/19,12:17:06,QTR8232,LKPROTHH,350,-24,34 N,27.4,249.8,26.0,18639.9,82.880,-0.364,-1.6,-1.4,13474.0,57260.0,56327.,56330.,0.0,0.,13254.,13255.0,0.,0.0,7496.,2.9,7495.0,4.3,0.0,0.0,0.,0.0,15528.0,14991.,3.6,0.03112,0.0318,-2.1,0.839,287,483.,496.,0.002,-0.011,0,2335532.,901629,901630, , ,2022-12-19 12:17:06,True,False,False,3.37665589394401
2022-12-19,FHMRF,FHMRF,2022/12/19,12:20:06,QTR8232,LKPROTHH,350,-24,34 N,27.4,249.5,26.0,18639.9,82.880,-0.366,-1.6,-1.4,13446.0,57143.0,56203.,56207.,0.0,0.,13225.,13226.0,0.,0.0,7487.,2.9,7486.0,3.9,0.0,0.0,0.,0.0,15483.0,14972.,3.4,0.03123,0.03185,-2.0,0.839,287,484.,496.,0.001,0.004,2,2332154.,901629,901630, , ,2022-12-19 12:20:06,True,False,False,3.384561472372805
2022-12-19,FHMRF,FHMRF,2022/12/19,12:47:04,QTR8232,LKPROTHH,350,-22,31 N,27.3,246.3,26.0,18638.2,83.260,-0.471,-2.1,-1.8,13584.0,57731.0,56529.,56533.,0.0,0.,13302.,13302.0,0.,0.0,7549.,2.7,7549.0,3.8,0.0,0.0,0.,0.0,15586.0,15098.,3.2,0.03108,0.03152,-1.4,0.838,287,484.,519.,0.025,0.000,0,2298605.,901629,901630, , ,2022-12-19 12:47:04,True,False,False,3.3922688502560985
2022-12-23,FHMRF,FHMRF,2022/12/23,06:39:32,QTR8251,OTHHLFPG,400,-23,39 N,29.6,200.5,28.0,18664.0,84.410,-0.059,-0.3,-0.1,11079.0,59858.0,59699.,59694.,0.0,0.,11050.,11049.0,0.,0.0,6301.,2.9,6302.0,3.4,0.0,0.0,0.,0.0,12996.0,12603.,3.1,0.0373,0.03842,-2.9,0.84,256,485.,467.,0.01,0.012,0,2392510.,901629,901630, , ,2022-12-23 06:39:32,True,False,False,3.3997646806438304
2022-12-27,FHMRF,FHMRF,2022/12/27,10:36:51,QTR8271,OTHHLEZG,360,-24,31 N,31.1,228.0,30.0,18665.7,82.120,-0.347,-1.4,-1.0,12364.0,55113.0,54365.,54365.,0.0,0.,12196.,12196.0,0.,0.0,6964.,2.8,6964.0,3.4,0.0,0.0,0.,0.0,14360.0,13927.,3.1,0.03385,0.03454,-2.0,0.844,282,486.,427.,-0.009,0.022,0,2240980.,901629,901630, , ,2022-12-27 10:36:51,True,False,False,3.4070364116389777
2022-12-27,FHMRF,FHMRF,2022/12/27,13:58:52,QTR8271,OTHHLEZG,390,-34,41 N,30.5,207.2,26.0,18670.2,81.905,-0.142,-0.6,-0.4,11325.0,58316.0,57928.,57955.,0.0,0.,11250.,11255.0,0.,0.0,6260.,3.4,6263.0,4.5,0.0,0.0,0.,0.0,13018.0,12523.,4.0,0.03654,0.03783,-3.4,0.843,263,476.,407.,0.0,0.003,0,2355683.,901629,901630, , ,2022-12-27 13:58:52,True,False,False,3.414072308712202
2022-12-27,FHMRF,FHMRF,2022/12/27,14:04:17,QTR8271,OTHHLEZG,390,-33,41 N,30.5,206.6,26.0,18670.2,81.690,-0.137,-0.6,-0.4,11180.0,57565.0,57204.,57204.,0.0,0.,11110.,11110.0,0.,0.0,6195.,3.6,6195.0,4.3,0.0,0.0,0.,0.0,12878.0,12391.,3.9,0.03696,0.03827,-3.4,0.843,263,476.,407.,-0.01,0.004,0,2349636.,901629,901630, , ,2022-12-27 14:04:17,True,False,False,3.420861473668743
2022-12-27,FHMRF,FHMRF,2022/12/27,17:51:52,QTR8272,LEZGOTHH,360,-30,41 N,28.0,238.7,30.0,18645.1,82.210,-0.093,-0.4,-0.3,12837.0,57227.0,56987.,56987.,0.0,0.,12783.,12783.0,0.,0.0,7123.,3.4,7123.0,4.0,0.0,0.0,0.,0.0,14779.0,14247.,3.7,0.03226,0.03337,-3.3,0.837,280,477.,528.,0.005,-0.011,2,2337049.,901629,901630, , ,2022-12-27 17:51:52,True,False,False,3.4273938602088103
2022-12-27,FHMRF,FHMRF,2022/12/27,18:50:48,QTR8272,LEZGOTHH,370,-30,40 N,27.4,232.2,30.0,18642.4,82.070,-0.433,-1.9,-1.7,12366.0,57843.0,56720.,56720.,0.0,0.,12126.,12126.0,0.,0.0,6776.,3.9,6776.0,4.5,0.0,0.0,0.,0.0,14120.0,13553.,4.2,0.03378,0.03461,-2.4,0.838,273,477.,535.,-0.009,0.007,0,2384829.,901629,901630, , ,2022-12-27 18:50:48,True,False,False,3.4336602860247436
2022-12-27,FHMRF,FHMRF,2022/12/27,19:45:51,QTR8272,LEZGOTHH,370,-29,37 N,27.0,226.4,30.0,18639.6,81.970,-0.373,-1.7,-1.4,12183.0,56983.0,56018.,56018.,0.0,0.,11976.,11976.0,0.,0.0,6713.,3.5,6713.0,4.3,0.0,0.0,0.,0.0,13947.0,13427.,3.9,0.03423,0.03505,-2.3,0.837,273,477.,521.,0.001,-0.011,0,2324566.,901629,901630, , ,2022-12-27 19:45:51,True,False,False,3.4396524413969805
2022-12-27,FHMRF,FHMRF,2022/12/27,20:12:07,QTR8272,LEZGOTHH,370,-28,36 N,26.9,223.6,31.0,18638.7,81.850,-0.203,-0.9,-0.7,11980.0,56037.0,55513.,55513.,0.0,0.,11868.,11868.0,0.,0.0,6673.,3.9,6673.0,4.3,0.0,0.0,0.,0.0,13893.0,13346.,4.1,0.03443,0.03558,-3.2,0.838,274,478.,517.,-0.006,0.010,0,2295959.,901629,901630, , ,2022-12-27 20:12:07,True,False,False,3.445362894283793
2022-12-27,FHMRF,FHMRF,2022/12/27,20:49:39,QTR8272,LEZGOTHH,370,-27,32 N,26.8,219.7,26.0,18641.0,81.770,-0.108,-0.4,-0.3,11758.0,54998.0,54763.,54763.,0.0,0.,11708.,11708.0,0.,0.0,6616.,3.6,6616.0,4.4,0.0,0.0,0.,0.0,13763.0,13232.,4.0,0.0349,0.03621,-3.6,0.839,274,480.,505.,-0.012,-0.012,0,2257625.,901629,901630, , ,2022-12-27 20:49:39,True,False,False,3.4507850919411864
2022-12-28,FHMRF,FHMRF,2022/12/28,12:07:15,QTR8269,OTHHEGLL,320,-24,44 N,28.5,230.0,26.0,18665.7,80.195,-0.183,-0.9,-0.7,13731.0,50687.0,50247.,50222.,0.0,0.,13612.,13605.0,0.,0.0,7804.,2.4,7801.0,3.7,0.0,0.0,0.,0.0,16079.0,15605.,3.0,0.03061,0.03132,-2.3,0.856,314,492.,468.,-0.011,-0.001,0,1875525.,901629,901630, , ,2022-12-28 12:07:15,True,False,False,3.4559133591554194
2022-12-28,FHMRF,FHMRF,2022/12/28,14:13:45,QTR8269,OTHHEGLL,360,-30,51 N,28.3,215.4,26.0,18662.3,81.070,-0.462,-2.0,-1.6,12478.0,55624.0,54537.,54537.,0.0,0.,12234.,12234.0,0.,0.0,6909.,3.1,6909.0,4.2,0.0,0.0,0.,0.0,14321.0,13819.,3.6,0.03388,0.03456,-2.0,0.855,286,485.,425.,-0.004,-0.013,0,2121736.,901629,901630, , ,2022-12-28 14:13:45,True,False,False,3.460742893217031
2022-12-28,FHMRF,FHMRF,2022/12/28,14:18:34,QTR8269,OTHHEGLL,360,-30,51 N,28.3,214.9,26.0,18662.3,80.850,-0.211,-0.8,-0.6,12230.0,54519.0,54056.,54056.,0.0,0.,12126.,12126.0,0.,0.0,6858.,2.9,6858.0,3.7,0.0,0.0,0.,0.0,14169.0,13716.,3.3,0.03428,0.03521,-2.6,0.856,286,486.,421.,-0.028,0.018,0,2116652.,901629,901630, , ,2022-12-28 14:18:34,True,False,False,3.4652697558044605
2022-12-29,FHMRF,FHMRF,2022/12/29,09:39:52,QTR8231,OTHHLHBP,360,-28,39 N,26.0,226.3,30.0,18659.0,81.590,-0.517,-2.2,-1.8,12553.0,55959.0,54712.,54712.,0.0,0.,12274.,12274.0,0.,0.0,6925.,2.8,6925.0,3.6,0.0,0.0,0.,0.0,14294.0,13851.,3.2,0.03365,0.03409,-1.3,0.842,282,481.,435.,0.009,0.002,0,2228029.,901629,901630, , ,2022-12-29 09:39:52,True,False,False,3.4694908619696747
2022-12-29,FHMRF,FHMRF,2022/12/29,19:07:35,QTR8232,LKPROTHH,330,-24,42 N,25.1,261.4,31.0,18655.8,81.440,-0.169,-0.7,-0.6,13861.0,53604.0,53244.,53244.,0.0,0.,13768.,13768.0,0.,0.0,7770.,2.5,7770.0,4.1,0.0,0.0,0.,0.0,16054.0,15540.,3.3,0.03012,0.03094,-2.6,0.84,300,484.,483.,-0.018,-0.006,0,2221926.,901629,901630, , ,2022-12-29 19:07:35,True,False,False,3.4734039664259284
2022-12-29,FHMRF,FHMRF,2022/12/29,19:20:16,QTR8232,LKPROTHH,350,-29,41 N,25.0,259.7,31.0,18655.3,82.560,-0.44,-1.9,-1.7,13876.0,58969.0,57829.,57829.,0.0,0.,13608.,13608.0,0.,0.0,7556.,2.7,7556.0,3.5,0.0,0.0,0.,0.0,15582.0,15112.,3.1,0.03065,0.03106,-1.3,0.838,286,478.,481.,-0.009,0.009,0,2426474.,901629,901630, , ,2022-12-29 19:20:16,True,False,False,3.477007647333213
2022-12-31,FHMRF,FHMRF,2022/12/31,22:42:57,QTR8292,LFSBOTHH,350,-29,38 N,28.5,245.1,27.0,18643.7,81.350,-0.321,-1.3,-1.1,13062.0,55509.0,54767.,54767.,0.0,0.,12887.,12887.0,0.,0.0,7206.,3.2,7206.0,4.2,0.0,0.0,0.,0.0,14944.0,14411.,3.7,0.03195,0.03277,-2.5,0.838,286,478.,492.,-0.003,0.015,0,2288159.,901629,901630, , ,2022-12-31 22:42:57,True,False,False,3.4803012877652644
2023-01-01,FHMRF,FHMRF,2023/01/01,06:29:11,QTR8231,OTHHLHBP,360,-32,39 N,28.9,245.0,30.0,18664.8,82.380,-0.428,-1.9,-1.6,13381.0,59650.0,58519.,58519.,0.0,0.,13127.,13127.0,0.,0.0,7260.,3.4,7260.0,4.3,0.0,0.0,0.,0.0,15078.0,14519.,3.8,0.03153,0.03221,-2.1,0.839,280,475.,444.,0.014,-0.013,0,2412160.,901629,901630, , ,2023-01-01 06:29:11,True,False,False,3.483285055026424
2023-01-01,FHMRF,FHMRF,2023/01/01,16:29:20,QTR8232,LKPROTHH,350,-27,40 N,29.0,241.6,30.0,18659.3,81.530,-0.261,-1.0,-0.7,12915.0,54887.0,54322.,54325.,0.0,0.,12782.,12783.0,0.,0.0,7216.,2.7,7215.0,3.9,0.0,0.0,0.,0.0,14906.0,14431.,3.3,0.03229,0.03311,-2.5,0.841,288,481.,436.,-0.009,-0.010,0,2257405.,901629,901630, , ,2023-01-01 16:29:20,True,False,False,3.485959877971678
2023-01-03,FHMRF,FHMRF,2023/01/03,18:44:51,QTR8272,LEZGOTHH,350,-25,40 N,27.9,248.9,31.0,18627.8,82.230,-0.373,-1.7,-1.4,13204.0,56115.0,55173.,55169.,0.0,0.,12982.,12982.0,0.,0.0,7333.,2.9,7334.0,4.3,0.0,0.0,0.,0.0,15193.0,14667.,3.6,0.0317,0.03237,-2.1,0.838,286,482.,505.,-0.009,-0.003,0,2323156.,901629,901630, , ,2023-01-03 18:44:51,True,False,False,3.4883274224746237
2023-01-03,FHMRF,FHMRF,2023/01/03,18:46:31,QTR8272,LEZGOTHH,350,-25,40 N,27.9,248.7,30.0,18625.3,82.430,-0.413,-1.9,-1.6,13342.0,56700.0,55644.,55641.,0.0,0.,13093.,13093.0,0.,0.0,7387.,3.2,7388.0,3.7,0.0,0.0,0.,0.0,15284.0,14776.,3.4,0.03148,0.03204,-1.8,0.837,286,481.,505.,0.003,-0.006,0,2321359.,901629,901630, , ,2023-01-03 18:46:31,True,False,False,3.490390065188276
2023-01-03,FHMRF,FHMRF,2023/01/03,20:07:22,QTR8272,LEZGOTHH,350,-21,36 N,27.2,239.5,31.0,18629.1,82.410,-0.396,-1.5,-1.3,12958.0,55068.0,54225.,54221.,0.0,0.,12759.,12759.0,0.,0.0,7291.,2.8,7292.0,3.9,0.0,0.0,0.,0.0,15075.0,14584.,3.4,0.03222,0.03289,-2.0,0.839,287,486.,481.,0.001,-0.013,0,2235046.,901629,901630, , ,2023-01-03 20:07:22,True,False,False,3.4921508657484477
2023-01-05,FHMRF,FHMRF,2023/01/05,10:43:53,QTR8231,OTHHLHBP,360,-31,40 N,24.6,213.9,30.0,18656.3,80.150,-0.295,-1.2,-1.0,11992.0,53455.0,52812.,52808.,0.0,0.,11847.,11847.0,0.,0.0,6654.,3.1,6654.0,4.1,0.0,0.0,0.,0.0,13784.0,13308.,3.6,0.03477,0.03567,-2.5,0.845,282,479.,445.,0.0,0.012,0,2105030.,901629,901630, , ,2023-01-05 10:43:53,True,False,False,3.493613537573137
2023-01-06,FHMRF,FHMRF,2023/01/06,22:34:59,QTR8252,LFPGOTHH,350,-27,44 N,33.4,234.6,31.0,18629.3,81.070,0.054,0.2,0.5,12477.0,53024.0,53139.,53139.,0.0,0.,12504.,12504.0,0.,0.0,7092.,2.7,7092.0,3.5,0.0,0.0,0.,0.0,14626.0,14184.,3.1,0.03278,0.03397,-3.5,0.837,286,480.,552.,-0.007,0.016,0,2190232.,901629,901630, , ,2023-01-06 22:34:59,True,False,False,3.494782417411508
2023-01-07,FHMRF,FHMRF,2023/01/07,09:07:29,QTR8253,OTHHLFPG,380,-30,44 N,27.8,198.9,26.0,18666.1,80.675,-0.284,-1.1,-0.9,11047.0,54215.0,53605.,53583.,0.0,0.,10923.,10918.0,0.,0.0,6163.,3.3,6161.0,3.9,0.0,0.0,0.,0.0,12765.0,12324.,3.6,0.03761,0.0386,-2.6,0.845,270,480.,417.,-0.005,-0.028,0,2155504.,901629,901630, , ,2023-01-07 09:07:29,True,False,False,3.4956624337933846
2023-01-07,FHMRF,FHMRF,2023/01/07,09:50:21,QTR8253,OTHHLFPG,380,-33,47 N,27.8,194.8,26.0,18659.6,80.200,-0.235,-1.0,-0.7,11042.0,54190.0,53672.,53672.,0.0,0.,10936.,10936.0,0.,0.0,6129.,3.3,6129.0,3.8,0.0,0.0,0.,0.0,12694.0,12258.,3.6,0.03762,0.03867,-2.7,0.846,270,478.,421.,0.007,-0.004,0,2111228.,901629,901630, , ,2023-01-07 09:50:21,True,False,False,3.496259074525516
2023-01-07,FHMRF,FHMRF,2023/01/07,10:23:18,QTR8253,OTHHLFPG,380,-32,49 N,27.7,191.6,26.0,18660.6,80.070,-0.375,-1.5,-1.2,10956.0,53771.0,52948.,52948.,0.0,0.,10789.,10789.0,0.,0.0,6072.,2.6,6072.0,3.8,0.0,0.0,0.,0.0,12531.0,12144.,3.2,0.03821,0.03893,-1.9,0.846,270,479.,439.,0.011,-0.032,0,2077654.,901629,901630, , ,2023-01-07 10:23:18,True,False,False,3.4965783533746357
2023-01-07,FHMRF,FHMRF,2023/01/07,10:30:52,QTR8253,OTHHLFPG,380,-31,49 N,27.7,190.9,26.0,18660.6,80.220,-0.367,-1.5,-1.2,10945.0,53712.0,52909.,52909.,0.0,0.,10781.,10781.0,0.,0.0,6080.,3.1,6080.0,4.0,0.0,0.0,0.,0.0,12588.0,12160.,3.5,0.03807,0.03893,-2.2,0.845,270,479.,445.,0.015,-0.016,0,2069786.,901629,901630, , ,2023-01-07 10:30:52,True,False,False,3.4966267760709977
2023-01-10,FHMRF,FHMRF,2023/01/10,09:34:46,QTR8271,OTHHLEZG,300,-8,29 N,32.1,286.2,30.0,18665.4,84.310,-0.208,-0.8,-0.6,16110.0,54249.0,53820.,53820.,0.0,0.,15982.,15982.0,0.,0.0,9334.,2.3,9334.0,2.8,0.0,0.0,0.,0.0,19147.0,18669.,2.6,0.02611,0.02661,-1.9,0.842,322,500.,414.,0.029,0.006,0,2128488.,901629,901630, , ,2023-01-10 09:34:46,True,False,False,3.4964113057606285
2023-01-10,FHMRF,FHMRF,2023/01/10,10:23:28,QTR8271,OTHHLEZG,320,-14,29 N,31.1,279.3,30.0,18661.7,84.230,-0.336,-1.5,-1.3,15261.0,56332.0,55491.,55491.,0.0,0.,15033.,15033.0,0.,0.0,8663.,2.7,8663.0,3.4,0.0,0.0,0.,0.0,17856.0,17327.,3.1,0.02762,0.02811,-1.7,0.839,307,493.,442.,0.018,0.009,0,2277223.,901629,901630, , ,2023-01-10 10:23:28,True,False,False,3.4959393280272324
2023-01-10,FHMRF,FHMRF,2023/01/10,21:46:57,QTR8272,LEZGOTHH,350,-18,29 N,26.8,239.0,26.0,18625.3,83.170,-0.431,-1.7,-1.5,13083.0,55599.0,54628.,54625.,0.0,0.,12854.,12853.0,0.,0.0,7382.,2.9,7383.0,3.8,0.0,0.0,0.,0.0,15262.0,14766.,3.4,0.03191,0.0325,-1.8,0.835,285,487.,565.,0.018,0.015,0,2226338.,901629,901630, , ,2023-01-10 21:46:57,True,False,False,3.495218615589912
2023-01-11,FHMRF,FHMRF,2023/01/11,23:27:41,QTR8270,LFSBOTHH,370,-35,38 N,25.6,214.6,28.0,18633.2,80.110,-0.489,-2.0,-1.6,11819.0,55278.0,54183.,54183.,0.0,0.,11585.,11585.0,0.,0.0,6444.,3.3,6444.0,4.6,0.0,0.0,0.,0.0,13398.0,12888.,4.0,0.03526,0.03609,-2.3,0.84,274,472.,497.,0.011,0.002,0,2204008.,901629,901630, , ,2023-01-11 23:27:41,True,False,False,3.4942572927573643
2023-01-12,FHMRF,FHMRF,2023/01/12,20:24:15,QTR8232,LKPROTHH,370,-32,36 N,27.9,234.1,28.0,18606.9,82.460,-0.544,-2.4,-2.1,12901.0,60343.0,58873.,58869.,0.0,0.,12587.,12586.0,0.,0.0,6982.,4.2,6983.0,4.3,0.0,0.0,0.,0.0,14556.0,13964.,4.2,0.03259,0.03325,-2.0,0.838,273,474.,449.,0.023,0.000,0,2409320.,901629,901630, , ,2023-01-12 20:24:15,True,False,False,3.4930637996884193
2023-01-12,FHMRF,FHMRF,2023/01/12,20:33:11,QTR8232,LKPROTHH,350,-27,35 N,27.9,233.2,28.0,18605.8,80.975,-0.513,-2.0,-1.7,12779.0,54305.0,53186.,53204.,0.0,0.,12516.,12520.0,0.,0.0,7082.,3.8,7086.0,5.1,0.0,0.0,0.,0.0,14798.0,14168.,4.4,0.03255,0.03341,-2.6,0.842,288,482.,466.,0.002,0.090,0,2179804.,901629,901630, , ,2023-01-12 20:33:11,True,False,False,3.491646856486678
2023-01-12,FHMRF,FHMRF,2023/01/12,20:42:07,QTR8232,LKPROTHH,350,-25,34 N,27.9,232.2,28.0,18605.8,81.610,-0.558,-2.2,-1.9,12974.0,55138.0,53937.,53933.,0.0,0.,12692.,12691.0,0.,0.0,7195.,3.1,7196.0,4.2,0.0,0.0,0.,0.0,14915.0,14391.,3.6,0.03235,0.03289,-1.7,0.84,287,482.,451.,0.025,-0.011,0,2172412.,901629,901630, , ,2023-01-12 20:42:07,True,False,False,3.49001542715744
2023-01-12,FHMRF,FHMRF,2023/01/12,20:52:53,QTR8232,LKPROTHH,350,-24,33 N,27.8,231.0,28.0,18609.8,81.160,-0.517,-2.1,-1.8,12612.0,53597.0,52487.,52483.,0.0,0.,12351.,12350.0,0.,0.0,7041.,3.0,7042.0,3.8,0.0,0.0,0.,0.0,14562.0,14083.,3.4,0.03322,0.03374,-1.5,0.84,287,484.,507.,0.002,0.005,0,2156667.,901629,901630, , ,2023-01-12 20:52:53,True,False,False,3.488178683481656
2023-01-14,FHMRF,FHMRF,2023/01/14,00:54:46,QTR8252,LFPGOTHH,350,-24,33 N,28.2,246.3,28.0,18630.5,82.470,-0.551,-2.5,-2.1,13304.0,56538.0,55145.,55141.,0.0,0.,12976.,12976.0,0.,0.0,7356.,3.6,7357.0,4.2,0.0,0.0,0.,0.0,15284.0,14713.,3.9,0.03157,0.0321,-1.7,0.837,286,482.,499.,0.008,0.025,0,2300012.,901629,901630, , ,2023-01-14 00:54:46,True,False,False,3.4861459689043
2023-01-16,FHMRF,FHMRF,2023/01/16,09:06:32,QTR8237,OTHHLEMD,340,-13,29 N,32.3,246.9,28.0,18666.8,83.970,-0.355,-1.5,-1.2,13738.0,55680.0,54858.,54861.,0.0,0.,13535.,13536.0,0.,0.0,7862.,2.3,7861.0,3.5,0.0,0.0,0.,0.0,16177.0,15723.,2.9,0.03066,0.03116,-1.6,0.844,295,496.,381.,0.015,0.026,0,2208872.,901629,901630, , ,2023-01-16 09:06:32,True,False,False,3.4839267625764783
2023-01-16,FHMRF,FHMRF,2023/01/16,22:01:00,QTR8238,LEMDOTHH,310,-6,27 N,21.0,151.4,25.0,18637.0,75.960,-0.686,-3.3,-2.7,10663.0,37588.0,36332.,36330.,0.0,0.,10307.,10306.0,0.,0.0,6260.,2.2,6260.0,3.4,0.0,0.0,0.,0.0,12873.0,12520.,2.8,0.03732,0.03733,-0.0,0.801,298,480.,580.,-0.033,0.005,0,1168085.,901629,901630, , ,2023-01-16 22:01:00,True,False,False,3.481530643719166
2023-01-19,FHMRF,FHMRF,2023/01/19,00:27:51,QTR8270,LFSBOTHH,370,-27,39 N,23.9,223.6,30.0,18651.6,82.505,-0.324,-1.5,-1.1,12251.0,57302.0,56456.,56482.,0.0,0.,12070.,12075.0,0.,0.0,6804.,3.6,6807.0,4.1,0.0,0.0,0.,0.0,14134.0,13610.,3.8,0.03392,0.03482,-2.6,0.837,273,479.,535.,0.01,0.029,0,2296298.,901629,901630, , ,2023-01-19 00:27:51,True,False,False,3.478967256487869
2023-01-19,FHMRF,FHMRF,2023/01/19,00:32:43,QTR8270,LFSBOTHH,370,-27,39 N,23.9,223.1,30.0,18651.6,82.280,-0.635,-2.8,-2.5,12314.0,57599.0,55967.,55963.,0.0,0.,11965.,11965.0,0.,0.0,6742.,3.4,6743.0,4.6,0.0,0.0,0.,0.0,14021.0,13485.,4.0,0.03422,0.03471,-1.4,0.838,273,480.,536.,0.016,-0.009,0,2290936.,901629,901630, , ,2023-01-19 00:32:43,True,False,False,3.47624627551283
2023-01-19,FHMRF,FHMRF,2023/01/19,21:11:31,QTR8232,LKPROTHH,350,-22,34 N,29.9,248.1,27.0,18607.4,82.700,-0.353,-1.5,-1.2,13124.0,55775.0,54931.,54927.,0.0,0.,12926.,12925.0,0.,0.0,7385.,3.2,7386.0,4.2,0.0,0.0,0.,0.0,15314.0,14772.,3.7,0.0317,0.03247,-2.3,0.839,287,485.,498.,-0.013,-0.004,0,2319860.,901629,901630, , ,2023-01-19 21:11:31,True,False,False,3.4733773722746597
2023-01-19,FHMRF,FHMRF,2023/01/19,21:50:46,QTR8232,LKPROTHH,350,-18,29 N,29.9,243.6,27.0,18605.7,83.345,-0.375,-1.6,-1.3,13125.0,55779.0,54904.,54879.,0.0,0.,12919.,12913.0,0.,0.0,7449.,3.0,7447.0,4.0,0.0,0.0,0.,0.0,15415.0,14896.,3.5,0.03171,0.03239,-2.1,0.838,286,489.,509.,0.004,0.001,0,2274744.,901629,901630, , ,2023-01-19 21:50:46,True,False,False,3.470370182463336
2023-01-20,FHMRF,FHMRF,2023/01/20,02:42:04,QTR8251,OTHHEHBK,320,-14,33 N,24.3,271.8,30.0,18661.9,83.420,-0.512,-1.9,-1.8,14894.0,54978.0,53914.,53914.,0.0,0.,14605.,14605.0,0.,0.0,8399.,2.7,8399.0,3.7,0.0,0.0,0.,0.0,17334.0,16798.,3.2,0.02841,0.02879,-1.3,0.838,306,492.,493.,0.009,0.004,0,2213087.,901629,901630, , ,2023-01-20 02:42:04,True,False,False,3.4672342744708273
2023-01-20,FHMRF,FHMRF,2023/01/20,03:36:01,QTR8251,OTHHEHBK,320,-17,38 N,23.6,264.9,30.0,18660.1,82.500,-0.176,-0.7,-0.6,14506.0,53547.0,53178.,53178.,0.0,0.,14406.,14406.0,0.,0.0,8239.,2.2,8239.0,3.4,0.0,0.0,0.,0.0,16942.0,16478.,2.8,0.02893,0.02956,-2.1,0.84,307,490.,482.,0.0,0.004,0,2160070.,901629,901630, , ,2023-01-20 03:36:01,True,False,False,3.4639791191819786
2023-01-21,FHMRF,FHMRF,2023/01/21,00:20:21,QTR8252,LFPGOTHH,370,-28,38 N,32.6,224.5,27.0,18630.8,82.500,-0.206,-0.9,-0.5,12259.0,57338.0,56805.,56801.,0.0,0.,12145.,12144.0,0.,0.0,6900.,3.2,6901.0,3.7,0.0,0.0,0.,0.0,14280.0,13802.,3.5,0.0338,0.0348,-2.9,0.845,276,483.,498.,0.005,-0.001,0,2306365.,901629,901630, , ,2023-01-21 00:20:21,True,False,False,3.4606140612409675
2023-01-21,FHMRF,FHMRF,2023/01/21,00:23:21,QTR8252,LFPGOTHH,370,-28,38 N,32.6,224.2,27.0,18630.3,82.650,-0.207,-0.9,-0.7,12367.0,57847.0,57310.,57310.,0.0,0.,12253.,12253.0,0.,0.0,6907.,3.7,6907.0,4.2,0.0,0.0,0.,0.0,14360.0,13813.,4.0,0.03358,0.03466,-3.1,0.844,276,482.,500.,0.017,0.003,0,2302964.,901629,901630, , ,2023-01-21 00:23:21,True,False,False,3.457148291970171
2023-01-21,FHMRF,FHMRF,2023/01/21,05:22:14,QTR8253,OTHHLFPG,320,-13,28 N,31.3,277.4,30.0,18665.4,84.520,-0.215,-1.0,-0.8,15291.0,56442.0,55905.,55905.,0.0,0.,15145.,15145.0,0.,0.0,8743.,2.3,8743.0,3.2,0.0,0.0,0.,0.0,17963.0,17486.,2.7,0.02753,0.02806,-1.9,0.84,307,494.,419.,0.024,0.014,0,2259128.,901629,901630, , ,2023-01-21 05:22:14,True,False,False,3.45359082410504
2023-01-21,FHMRF,FHMRF,2023/01/21,05:28:28,QTR8253,OTHHLFPG,320,-13,29 N,31.2,276.6,30.0,18657.2,84.385,-0.387,-1.7,-1.5,15316.0,56534.0,55580.,55555.,0.0,0.,15057.,15051.0,0.,0.0,8700.,2.3,8697.0,3.3,0.0,0.0,0.,0.0,17886.0,17397.,2.8,0.02765,0.02801,-1.3,0.84,307,494.,430.,0.028,0.009,0,2251907.,901629,901630, , ,2023-01-21 05:28:28,True,False,False,3.449950468492335
2023-01-21,FHMRF,FHMRF,2023/01/21,06:38:16,QTR8253,OTHHLFPG,320,-17,36 N,30.1,267.4,30.0,18662.9,82.860,-0.219,-0.8,-0.7,14721.0,54337.0,53878.,53878.,0.0,0.,14596.,14596.0,0.,0.0,8359.,2.1,8359.0,3.5,0.0,0.0,0.,0.0,17189.0,16718.,2.8,0.02848,0.02909,-2.1,0.839,307,490.,481.,0.019,0.002,0,2176391.,901629,901630, , ,2023-01-21 06:38:16,True,False,False,3.446235812886065
2023-01-21,FHMRF,FHMRF,2023/01/21,18:27:18,QTR8254,LFPGOTHH,350,-17,30 N,30.8,238.2,26.0,18641.0,82.590,-0.368,-1.4,-1.2,12694.0,53948.0,53169.,53172.,0.0,0.,12511.,12512.0,0.,0.0,7218.,2.7,7217.0,3.7,0.0,0.0,0.,0.0,14898.0,14435.,3.2,0.0328,0.03346,-2.0,0.837,286,489.,578.,-0.006,-0.022,0,2218514.,901629,901630, , ,2023-01-21 18:27:18,True,False,False,3.4424552029596605
2023-01-21,FHMRF,FHMRF,2023/01/21,18:42:37,QTR8254,LFPGOTHH,350,-18,29 N,30.7,236.4,26.0,18641.0,82.530,-0.265,-1.0,-0.8,12652.0,53769.0,53206.,53209.,0.0,0.,12520.,12520.0,0.,0.0,7214.,2.7,7214.0,3.9,0.0,0.0,0.,0.0,14906.0,14428.,3.3,0.03275,0.03356,-2.4,0.837,286,488.,581.,-0.004,-0.005,0,2202101.,901629,901630, , ,2023-01-21 18:42:37,True,False,False,3.4386167256243834
2023-01-21,FHMRF,FHMRF,2023/01/21,18:46:39,QTR8254,LFPGOTHH,350,-18,29 N,30.7,236.0,26.0,18641.0,82.395,-0.435,-1.7,-1.4,12697.0,53959.0,53026.,53051.,0.0,0.,12477.,12483.0,0.,0.0,7186.,2.6,7188.0,3.8,0.0,0.0,0.,0.0,14834.0,14375.,3.2,0.03289,0.03346,-1.7,0.837,286,488.,581.,0.001,-0.016,0,2197848.,901629,901630, , ,2023-01-21 18:46:39,True,False,False,3.4347281947039003
2023-01-22,FHMRF,FHMRF,2023/01/22,05:03:06,QTR8231,OTHHLHBP,320,-14,29 N,25.6,267.7,29.0,18656.4,83.820,-0.718,-3.0,-2.7,15303.0,56491.0,54772.,54772.,0.0,0.,14838.,14838.0,0.,0.0,8586.,1.7,8586.0,3.1,0.0,0.0,0.,0.0,17581.0,17173.,2.4,0.02821,0.02811,0.3,0.845,309,496.,432.,0.034,-0.006,0,2179763.,901629,901630, , ,2023-01-22 05:03:06,True,False,False,3.4307971389743543
2023-01-22,FHMRF,FHMRF,2023/01/22,06:29:13,QTR8231,OTHHLHBP,340,-22,38 N,24.8,256.7,30.0,18660.1,83.040,-0.425,-1.9,-1.6,14066.0,57008.0,55921.,55921.,0.0,0.,13797.,13797.0,0.,0.0,7853.,2.8,7853.0,3.6,0.0,0.0,0.,0.0,16213.0,15707.,3.2,0.03009,0.03057,-1.6,0.844,295,488.,461.,-0.003,-0.001,0,2297403.,901629,901630, , ,2023-01-22 06:29:13,True,False,False,3.4268307925452026
2023-01-22,FHMRF,FHMRF,2023/01/22,06:32:13,QTR8231,OTHHLHBP,340,-22,38 N,24.8,256.3,30.0,18660.1,82.875,-0.438,-2.0,-1.6,14029.0,56861.0,55750.,55724.,0.0,0.,13755.,13749.0,0.,0.0,7826.,2.8,7822.0,4.0,0.0,0.0,0.,0.0,16177.0,15648.,3.4,0.03015,0.03066,-1.7,0.845,296,488.,460.,-0.007,0.005,0,2294154.,901629,901630, , ,2023-01-22 06:32:13,True,False,False,3.422836087524897
2023-01-22,FHMRF,FHMRF,2023/01/22,06:43:44,QTR8231,OTHHLHBP,340,-24,38 N,24.7,254.9,30.0,18659.0,82.615,-0.604,-2.7,-2.4,14120.0,57228.0,55684.,55659.,0.0,0.,13739.,13733.0,0.,0.0,7784.,2.8,7780.0,4.0,0.0,0.0,0.,0.0,16089.0,15564.,3.4,0.03023,0.03052,-0.9,0.845,296,486.,459.,0.004,0.000,0,2282398.,901629,901630, , ,2023-01-22 06:43:44,True,False,False,3.418819648880929
2023-01-22,FHMRF,FHMRF,2023/01/22,23:50:03,QTR8243,OTHHLIMC,360,-20,31 N,31.9,240.2,30.0,18664.4,83.990,-0.333,-1.5,-1.3,13070.0,58261.0,57413.,57409.,0.0,0.,12880.,12879.0,0.,0.0,7354.,3.6,7355.0,4.1,0.0,0.0,0.,0.0,15278.0,14710.,3.9,0.03203,0.03285,-2.5,0.843,282,489.,412.,0.001,0.025,0,2362218.,901629,901630, , ,2023-01-22 23:50:03,True,False,False,3.414787791367922
2023-01-23,FHMRF,FHMRF,2023/01/23,01:07:59,QTR8243,OTHHLIMC,360,-24,38 N,31.1,231.5,30.0,18653.3,82.300,-0.307,-1.3,-1.1,12480.0,55632.0,54913.,54909.,0.0,0.,12319.,12318.0,0.,0.0,6989.,3.6,6990.0,4.7,0.0,0.0,0.,0.0,14557.0,13979.,4.1,0.03327,0.03426,-2.9,0.841,281,484.,435.,-0.005,0.007,0,2279027.,901629,901630, , ,2023-01-23 01:07:59,True,False,False,3.4107465183705292
2023-01-23,FHMRF,FHMRF,2023/01/23,14:47:06,QTR8244,LFPGOTHH,370,-20,31 N,27.8,222.5,26.0,18638.2,83.530,-0.835,-3.6,-3.2,12479.0,58366.0,56244.,56248.,0.0,0.,12025.,12026.0,0.,0.0,6899.,3.2,6899.0,4.4,0.0,0.0,0.,0.0,14323.0,13798.,3.8,0.034,0.03418,-0.5,0.839,274,487.,566.,0.034,0.005,0,2284062.,901629,901630, , ,2023-01-23 14:47:06,True,False,False,3.406701522498749
2023-01-24,FHMRF,FHMRF,2023/01/24,09:27:49,QTR8271,OTHHLEZG,340,-20,32 N,30.6,278.6,25.0,18661.4,85.580,-0.262,-1.1,-1.0,15491.0,62786.0,62084.,62080.,0.0,0.,15318.,15317.0,0.,0.0,8677.,2.1,8678.0,3.7,0.0,0.0,0.,0.0,17858.0,17355.,2.9,0.02756,0.02808,-1.8,0.85,298,492.,419.,-0.007,0.008,0,2492120.,901629,901630, , ,2023-01-24 09:27:49,True,False,False,3.4026581877841013
2023-01-24,FHMRF,FHMRF,2023/01/24,10:54:24,QTR8271,OTHHLEZG,340,-24,39 N,29.5,267.6,29.0,18669.8,83.360,-0.354,-1.5,-1.4,14491.0,58734.0,57832.,57828.,0.0,0.,14269.,14268.0,0.,0.0,7993.,3.6,7994.0,4.2,0.0,0.0,0.,0.0,16611.0,15987.,3.9,0.02903,0.02975,-2.4,0.838,293,482.,441.,0.011,-0.007,0,2396102.,901629,901630, , ,2023-01-24 10:54:24,True,False,False,3.398621593350934
2023-01-24,FHMRF,FHMRF,2023/01/24,10:57:24,QTR8271,OTHHLEZG,340,-24,39 N,29.5,267.2,29.0,18669.2,83.200,-0.376,-1.7,-1.4,14366.0,58227.0,57266.,57266.,0.0,0.,14129.,14129.0,0.,0.0,7947.,3.0,7947.0,4.2,0.0,0.0,0.,0.0,16470.0,15894.,3.6,0.02933,0.02997,-2.1,0.839,293,483.,442.,0.002,0.011,0,2392782.,901629,901630, , ,2023-01-24 10:57:24,True,False,False,3.3945965184667664
2023-01-25,FHMRF,FHMRF,2023/01/25,11:04:53,QTR8275,OTHHLEZG,320,-17,33 N,26.7,258.2,31.0,18664.9,81.790,-0.095,-0.4,-0.4,14047.0,51850.0,51618.,51624.,0.0,0.,13984.,13986.0,0.,0.0,8034.,2.5,8032.0,3.7,0.0,0.0,0.,0.0,16560.0,16066.,3.1,0.0297,0.03049,-2.6,0.843,308,492.,441.,-0.015,0.013,0,2102650.,901629,901630, , ,2023-01-25 11:04:53,True,False,False,3.390587448898399
2023-01-25,FHMRF,FHMRF,2023/01/25,23:07:51,QTR8276,LEZGOTHH,350,-13,30 N,30.0,244.9,26.0,18612.4,83.615,-0.493,-1.9,-1.6,12915.0,54882.0,53862.,53838.,0.0,0.,12675.,12669.0,0.,0.0,7389.,2.8,7388.0,3.6,0.0,0.0,0.,0.0,15255.0,14777.,3.2,0.03231,0.03282,-1.6,0.837,286,493.,579.,-0.014,0.024,0,2281017.,901629,901630, , ,2023-01-25 23:07:51,True,False,False,3.3865985845146644
2023-01-25,FHMRF,FHMRF,2023/01/25,23:24:13,QTR8276,LEZGOTHH,350,-11,29 N,29.9,243.0,26.0,18612.4,84.190,-0.338,-1.3,-1.0,12982.0,55168.0,54467.,54463.,0.0,0.,12817.,12816.0,0.,0.0,7485.,2.6,7486.0,3.5,0.0,0.0,0.,0.0,15430.0,14971.,3.1,0.03197,0.03262,-2.0,0.835,285,493.,604.,0.0,0.048,0,2262336.,901629,901630, , ,2023-01-25 23:24:13,True,False,False,3.382633848085419
2023-01-28,FHMRF,FHMRF,2023/01/28,00:41:30,QTR8252,LFPGOTHH,370,-16,33 N,25.4,229.8,26.0,18636.0,84.430,-0.473,-2.1,-1.8,12411.0,58052.0,56860.,56864.,0.0,0.,12156.,12157.0,0.,0.0,7009.,3.7,7008.0,4.5,0.0,0.0,0.,0.0,14593.0,14017.,4.1,0.03349,0.03425,-2.2,0.835,272,489.,627.,0.0,0.010,0,2359154.,901629,901630, , ,2023-01-28 00:41:30,True,False,False,3.3786968952295218
2023-01-28,FHMRF,FHMRF,2023/01/28,01:03:22,QTR8252,LFPGOTHH,370,-15,30 N,25.3,227.4,26.0,18636.0,84.670,-0.149,-0.7,-0.5,12300.0,57532.0,57157.,57157.,0.0,0.,12220.,12220.0,0.,0.0,7052.,3.4,7052.0,4.1,0.0,0.0,0.,0.0,14634.0,14104.,3.8,0.0334,0.03449,-3.2,0.834,272,489.,614.,0.002,-0.015,0,2335554.,901629,901630, , ,2023-01-28 01:03:22,True,False,False,3.374791125460914
2023-01-28,FHMRF,FHMRF,2023/01/28,05:15:03,QTR8253,OTHHLFPG,300,-6,29 N,31.1,248.6,31.0,18663.7,81.925,-0.181,-0.8,-0.8,14336.0,48273.0,47887.,47867.,0.0,0.,14221.,14215.0,0.,0.0,8423.,2.4,8421.0,3.9,0.0,0.0,0.,0.0,17372.0,16844.,3.1,0.02898,0.02966,-2.3,0.845,323,503.,406.,-0.014,0.016,0,1846042.,901629,901630, , ,2023-01-28 05:15:03,True,False,False,3.370919694277625
2023-01-28,FHMRF,FHMRF,2023/01/28,06:19:54,QTR8253,OTHHLFPG,320,-19,35 N,30.1,240.1,30.0,18668.3,81.030,-0.273,-1.3,-1.2,13835.0,51067.0,50404.,50404.,0.0,0.,13655.,13655.0,0.,0.0,7837.,2.1,7837.0,3.8,0.0,0.0,0.,0.0,16135.0,15674.,2.9,0.03045,0.03097,-1.7,0.845,309,491.,430.,0.012,0.022,0,1954408.,901629,901630, , ,2023-01-28 06:19:54,True,False,False,3.3670855262431183
2023-01-28,FHMRF,FHMRF,2023/01/28,06:32:14,QTR8253,OTHHLFPG,320,-20,36 N,30.0,238.6,30.0,18663.5,80.640,-0.179,-0.9,-0.8,13620.0,50277.0,49841.,49841.,0.0,0.,13502.,13502.0,0.,0.0,7738.,2.8,7738.0,4.0,0.0,0.0,0.,0.0,16000.0,15475.,3.4,0.03062,0.0314,-2.5,0.844,309,490.,435.,0.003,-0.012,0,1942507.,901629,901630, , ,2023-01-28 06:32:14,True,False,False,3.363291329023023
2023-01-31,FHMRF,FHMRF,2023/01/31,21:59:55,CMA410,LFPGKORD,340,-34,65 N,29.3,238.3,30.0,18641.2,79.120,-0.084,-0.4,-0.2,12809.0,51916.0,51721.,51717.,0.0,0.,12761.,12760.0,0.,0.0,7046.,3.3,7046.0,4.2,0.0,0.0,0.,0.0,14622.0,14092.,3.8,0.03211,0.03325,-3.4,0.832,291,470.,464.,0.0,0.019,0,2135221.,901629,901630, , ,2023-01-31 21:59:55,True,False,False,3.3595396083515383
2023-02-05,FHMRF,FHMRF,2023/02/05,14:35:32,QTR8243,OTHHLFPG,320,-10,31 N,30.1,216.2,28.0,18667.5,81.675,-0.211,-1.0,-0.9,13361.0,49320.0,48803.,48827.,0.0,0.,13221.,13227.0,0.,0.0,7771.,2.2,7775.0,2.6,0.0,0.0,0.,0.0,15919.0,15546.,2.4,0.03139,0.03185,-1.4,0.846,310,500.,381.,0.023,-0.019,0,1760341.,901629,901630, , ,2023-02-05 14:35:32,True,False,False,3.3558326839018515
2023-02-06,FHMRF,FHMRF,2023/02/06,02:26:52,QTR8244,LFPGOTHH,350,-16,30 N,28.6,234.0,25.0,18651.3,83.140,-0.665,-2.5,-2.3,13015.0,55306.0,53911.,53911.,0.0,0.,12686.,12686.0,0.,0.0,7278.,3.3,7278.0,4.1,0.0,0.0,0.,0.0,15096.0,14556.,3.7,0.03228,0.03271,-1.3,0.832,284,487.,637.,0.033,0.073,0,2178465.,901629,901630, , ,2023-02-06 02:26:52,True,False,False,3.3521727060268818
2023-02-07,FHMRF,FHMRF,2023/02/07,09:33:51,QTR14,OTHHLEZG,300,-1,28 N,34.2,306.8,24.0,18664.4,85.100,-0.382,-1.4,-1.2,16048.0,54038.0,53258.,53261.,0.0,0.,15816.,15817.0,0.,0.0,9390.,2.2,9389.0,3.5,0.0,0.0,0.,0.0,19321.0,18779.,2.9,0.0262,0.02663,-1.6,0.842,322,506.,394.,-0.028,0.006,0,2281317.,901629,901630, , ,2023-02-07 09:33:51,True,False,False,3.3485616733275005
2023-02-07,FHMRF,FHMRF,2023/02/07,11:14:34,QTR14,OTHHLEZG,280,2,30 N,31.9,291.6,28.0,18663.8,84.110,-0.317,-1.5,-1.2,16449.0,50610.0,49868.,49868.,0.0,0.,16208.,16208.0,0.,0.0,9766.,2.1,9766.0,3.4,0.0,0.0,0.,0.0,20066.0,19531.,2.7,0.0255,0.02588,-1.5,0.846,337,512.,378.,-0.004,-0.004,0,1980334.,901629,901630, , ,2023-02-07 11:14:34,True,False,False,3.3450014509951407
2023-02-07,FHMRF,FHMRF,2023/02/07,19:25:58,QTR69,LEZGOTHH,330,-16,40 N,24.7,272.4,30.0,18634.5,84.240,-0.253,-1.1,-0.9,14806.0,57255.0,56619.,56622.,0.0,0.,14641.,14642.0,0.,0.0,8389.,2.7,8389.0,3.2,0.0,0.0,0.,0.0,17271.0,16778.,2.9,0.02831,0.02889,-2.0,0.836,299,489.,535.,0.013,-0.015,0,2313387.,901629,901630, , ,2023-02-07 19:25:58,True,False,False,3.3414937898606936
2023-02-07,FHMRF,FHMRF,2023/02/07,19:37:14,QTR69,LEZGOTHH,330,-15,40 N,24.5,270.9,30.0,18632.8,84.270,-0.415,-1.8,-1.5,14783.0,57167.0,56129.,56132.,0.0,0.,14515.,14515.0,0.,0.0,8345.,2.4,8344.0,3.2,0.0,0.0,0.,0.0,17155.0,16689.,2.8,0.02854,0.02889,-1.2,0.835,299,490.,548.,0.017,0.029,0,2300430.,901629,901630, , ,2023-02-07 19:37:14,True,False,False,3.338040346059604
2023-02-07,FHMRF,FHMRF,2023/02/07,22:19:57,QTR69,LEZGOTHH,350,-17,29 N,23.4,250.5,26.0,18635.8,83.690,-0.39,-1.7,-1.4,13246.0,56292.0,55315.,55308.,0.0,0.,13017.,13015.0,0.,0.0,7483.,2.9,7485.0,3.9,0.0,0.0,0.,0.0,15480.0,14968.,3.4,0.0315,0.0321,-1.9,0.834,285,488.,638.,-0.016,0.051,0,2331956.,901629,901630, , ,2023-02-07 22:19:57,True,False,False,3.3346427011930513
2023-02-08,FHMRF,FHMRF,2023/02/08,13:20:11,QTR8269,OTHHEGLL,340,-26,51 N,22.3,245.8,26.0,18660.5,81.210,-0.498,-2.0,-1.6,13416.0,54378.0,53309.,53313.,0.0,0.,13153.,13153.0,0.,0.0,7423.,2.3,7422.0,3.8,0.0,0.0,0.,0.0,15299.0,14844.,3.1,0.03145,0.03189,-1.4,0.839,293,481.,492.,-0.003,-0.006,0,2202074.,901629,901630, , ,2023-02-08 13:20:11,True,False,False,3.3313023828284245
2023-02-08,FHMRF,FHMRF,2023/02/08,21:37:34,QTR58,LFSBOTHH,350,-18,42 N,27.1,243.8,29.0,18638.9,83.810,-0.576,-2.5,-2.1,13606.0,57821.0,56364.,56364.,0.0,0.,13263.,13263.0,0.,0.0,7607.,3.0,7607.0,3.9,0.0,0.0,0.,0.0,15738.0,15214.,3.4,0.03104,0.03142,-1.2,0.839,287,489.,511.,0.031,0.019,0,2277346.,901629,901630, , ,2023-02-08 21:37:34,True,False,False,3.3280208851454245
2023-02-09,FHMRF,FHMRF,2023/02/09,00:03:09,QTR58,LFSBOTHH,370,-23,29 N,26.4,227.1,26.0,18638.7,83.860,-0.306,-1.3,-1.0,12703.0,59418.0,58618.,58618.,0.0,0.,12532.,12532.0,0.,0.0,7147.,3.6,7147.0,3.9,0.0,0.0,0.,0.0,14832.0,14294.,3.8,0.03296,0.03385,-2.6,0.849,278,489.,612.,0.002,0.005,0,2327140.,901629,901630, , ,2023-02-09 00:03:09,True,False,False,3.324799689504905
2023-02-09,FHMRF,FHMRF,2023/02/09,00:30:44,QTR58,LFSBOTHH,370,-21,27 N,26.4,224.0,25.0,18642.7,83.465,-0.641,-2.9,-2.4,12495.0,58445.0,56766.,56792.,0.0,0.,12136.,12142.0,0.,0.0,6974.,3.8,6976.0,4.2,0.0,0.0,0.,0.0,14511.0,13950.,4.0,0.0339,0.0344,-1.5,0.851,278,492.,609.,-0.013,0.011,0,2295098.,901629,901630, , ,2023-02-09 00:30:44,True,False,False,3.321640284700477
2023-02-09,FHMRF,FHMRF,2023/02/09,17:52:16,QTR54,LKPROTHH,330,-24,48 N,29.9,281.6,29.0,18644.4,83.130,-0.295,-1.3,-1.0,14927.0,57723.0,56972.,56972.,0.0,0.,14733.,14733.0,0.,0.0,8290.,2.7,8290.0,3.9,0.0,0.0,0.,0.0,17130.0,16581.,3.3,0.02815,0.02878,-2.2,0.837,299,482.,470.,-0.002,0.015,0,2396961.,901629,901630, , ,2023-02-09 17:52:16,True,False,False,3.318544186649815
2023-02-09,FHMRF,FHMRF,2023/02/09,19:12:17,QTR54,LKPROTHH,330,-25,42 N,29.2,271.4,30.0,18642.5,81.890,-0.464,-1.9,-1.5,14341.0,55459.0,54430.,54430.,0.0,0.,14075.,14075.0,0.,0.0,7941.,3.1,7941.0,4.3,0.0,0.0,0.,0.0,16470.0,15883.,3.7,0.02928,0.02989,-2.1,0.839,300,482.,466.,-0.008,-0.009,0,2307716.,901629,901630, , ,2023-02-09 19:12:17,True,False,False,3.315512957294551
2023-02-10,FHMRF,FHMRF,2023/02/10,02:42:38,QTR8251,OTHHEHBK,340,-18,33 N,31.6,258.4,28.0,18674.6,83.770,-0.355,-1.6,-1.3,14088.0,57102.0,56197.,56197.,0.0,0.,13865.,13865.0,0.,0.0,7957.,2.8,7957.0,3.5,0.0,0.0,0.,0.0,16413.0,15914.,3.1,0.02997,0.03052,-1.8,0.845,295,492.,412.,0.003,0.004,0,2309381.,901629,901630, , ,2023-02-10 02:42:38,True,False,False,3.31254822250201
2023-02-10,FHMRF,FHMRF,2023/02/10,05:26:44,QTR8251,OTHHEHBK,360,-27,45 N,30.6,238.5,26.0,18673.9,82.850,-0.266,-1.2,-0.9,13067.0,58249.0,57559.,57559.,0.0,0.,12912.,12912.0,0.,0.0,7259.,3.6,7259.0,3.9,0.0,0.0,0.,0.0,15066.0,14519.,3.8,0.03205,0.03295,-2.7,0.844,282,483.,495.,0.005,0.002,0,2348636.,901629,901630, , ,2023-02-10 05:26:44,True,False,False,3.3096516887903356
2023-02-10,FHMRF,FHMRF,2023/02/10,05:32:32,QTR8251,OTHHEHBK,360,-27,45 N,30.6,237.9,26.0,18677.8,82.490,-0.285,-1.3,-1.0,12891.0,57463.0,56723.,56723.,0.0,0.,12725.,12725.0,0.,0.0,7163.,3.5,7163.0,4.1,0.0,0.0,0.,0.0,14865.0,14325.,3.8,0.0325,0.03339,-2.6,0.845,283,483.,496.,-0.008,0.028,0,2342247.,901629,901630, , ,2023-02-10 05:32:32,True,False,False,3.306825158722622
2023-02-10,FHMRF,FHMRF,2023/02/10,17:26:08,CMA616,LFPGVHHH,330,-26,43 N,30.9,291.2,32.0,18633.7,83.900,0.097,0.4,0.6,15310.0,59209.0,59465.,59465.,0.0,0.,15377.,15377.0,0.,0.0,8587.,2.6,8587.0,3.6,0.0,0.0,0.,0.0,17711.0,17174.,3.1,0.027,0.02801,-3.6,0.832,297,478.,470.,-0.002,-0.005,0,2477486.,901629,901630, , ,2023-02-10 17:26:08,True,False,False,3.304070544834237
2023-02-10,FHMRF,FHMRF,2023/02/10,18:59:39,CMA616,LFPGVHHH,330,-24,41 N,32.7,279.0,32.0,18644.0,83.520,-0.082,-0.4,-0.2,15000.0,58010.0,57802.,57802.,0.0,0.,14947.,14947.0,0.,0.0,8373.,2.9,8373.0,4.5,0.0,0.0,0.,0.0,17362.0,16747.,3.7,0.02764,0.02859,-3.3,0.832,297,480.,454.,0.023,0.012,0,2371748.,901629,901630, , ,2023-02-10 18:59:39,True,False,False,3.3013898819753202
2023-02-10,FHMRF,FHMRF,2023/02/10,19:33:26,CMA616,LFPGVHHH,330,-21,41 N,33.4,274.6,31.0,18638.3,83.640,0.029,0.1,0.2,14750.0,57042.0,57114.,57114.,0.0,0.,14769.,14769.0,0.,0.0,8325.,2.9,8325.0,4.0,0.0,0.0,0.,0.0,17224.0,16650.,3.4,0.02796,0.02899,-3.6,0.831,297,482.,481.,0.023,-0.003,0,2333564.,901629,901630, , ,2023-02-10 19:33:26,True,False,False,3.298785337970608
2023-02-10,FHMRF,FHMRF,2023/02/10,19:36:26,CMA616,LFPGVHHH,330,-22,41 N,33.5,274.2,31.0,18638.3,83.570,0.168,0.7,0.8,14635.0,56598.0,57022.,57022.,0.0,0.,14745.,14745.0,0.,0.0,8314.,3.0,8314.0,4.2,0.0,0.0,0.,0.0,17224.0,16628.,3.6,0.02798,0.02922,-4.2,0.832,297,482.,486.,0.016,0.000,0,2330142.,901629,901630, , ,2023-02-10 19:36:26,True,False,False,3.296259222519202
2023-02-10,FHMRF,FHMRF,2023/02/10,19:40:48,CMA616,LFPGVHHH,330,-22,41 N,33.6,273.6,31.0,18642.9,83.520,0.054,0.2,0.3,14689.0,56805.0,56941.,56941.,0.0,0.,14725.,14725.0,0.,0.0,8294.,3.5,8294.0,3.8,0.0,0.0,0.,0.0,17193.0,16588.,3.6,0.02799,0.02911,-3.8,0.831,297,481.,491.,0.022,0.024,0,2325100.,901629,901630, , ,2023-02-10 19:40:48,True,False,False,3.2938139942752604
2023-02-11,FHMRF,FHMRF,2023/02/11,14:58:20,CMA617,VHHHLFPG,340,-24,41 N,28.6,261.8,30.0,18625.6,82.790,-0.302,-1.4,-1.1,13986.0,56686.0,55918.,55918.,0.0,0.,13796.,13796.0,0.,0.0,7788.,3.3,7788.0,4.0,0.0,0.0,0.,0.0,16142.0,15576.,3.6,0.02979,0.03054,-2.4,0.834,291,481.,456.,0.002,-0.016,0,2344896.,901629,901630, , ,2023-02-11 14:58:20,True,False,False,3.291452266068
2023-02-11,FHMRF,FHMRF,2023/02/11,15:24:10,CMA617,VHHHLFPG,340,-26,42 N,28.3,258.7,30.0,18629.5,82.360,-0.3,-1.4,-1.1,13987.0,56691.0,55924.,55924.,0.0,0.,13798.,13798.0,0.,0.0,7738.,3.3,7738.0,4.0,0.0,0.0,0.,0.0,16034.0,15476.,3.6,0.02984,0.03058,-2.4,0.834,291,478.,455.,0.013,-0.005,0,2316998.,901629,901630, , ,2023-02-11 15:24:10,True,False,False,3.2891768082387105
2023-02-11,FHMRF,FHMRF,2023/02/11,15:28:04,CMA617,VHHHLFPG,340,-26,42 N,28.3,258.2,30.0,18629.5,82.370,-0.24,-1.1,-0.8,13952.0,56547.0,55933.,55933.,0.0,0.,13800.,13800.0,0.,0.0,7740.,3.4,7740.0,5.1,0.0,0.0,0.,0.0,16132.0,15481.,4.2,0.02966,0.03065,-3.2,0.834,291,478.,454.,0.012,0.008,0,2312637.,901629,901630, , ,2023-02-11 15:28:04,True,False,False,3.286990550095106
2023-02-11,FHMRF,FHMRF,2023/02/11,15:41:26,CMA617,VHHHLFPG,340,-27,41 N,28.1,256.6,30.0,18624.5,82.045,-0.082,-0.4,-0.2,13701.0,55534.0,55336.,55311.,0.0,0.,13653.,13646.0,0.,0.0,7657.,3.3,7653.0,4.0,0.0,0.0,0.,0.0,15867.0,15310.,3.6,0.03012,0.03116,-3.3,0.834,291,478.,461.,0.001,0.006,0,2297690.,901629,901630, , ,2023-02-11 15:41:26,True,False,False,3.2848965795099643
2023-02-12,FHMRF,FHMRF,2023/02/12,21:39:53,CMA619,VHHHLFPG,300,-14,40 N,33.3,277.8,26.0,18606.9,81.940,-0.024,-0.1,0.0,15114.0,50892.0,50833.,50833.,0.0,0.,15096.,15096.0,0.,0.0,8747.,2.6,8747.0,2.9,0.0,0.0,0.,0.0,17973.0,17494.,2.7,0.02737,0.02812,-2.7,0.838,320,492.,375.,-0.002,0.000,0,2066546.,901629,901630, , ,2023-02-12 21:39:53,True,False,False,3.282898140722912
2023-02-13,FHMRF,FHMRF,2023/02/13,01:09:35,CMA619,VHHHLFPG,340,-29,42 N,29.4,250.8,30.0,18614.9,81.260,-0.415,-1.7,-1.3,13656.0,55348.0,54432.,54432.,0.0,0.,13430.,13430.0,0.,0.0,7505.,2.7,7505.0,3.6,0.0,0.0,0.,0.0,15483.0,15009.,3.2,0.03069,0.03124,-1.8,0.833,291,475.,478.,0.021,0.018,0,2246328.,901629,901630, , ,2023-02-13 01:09:35,True,False,False,3.280998630440274
2023-02-13,FHMRF,FHMRF,2023/02/13,02:16:55,CMA619,VHHHLFPG,340,-26,47 N,29.1,243.0,26.0,18613.8,81.210,0.026,0.1,0.3,13070.0,52976.0,53030.,53030.,0.0,0.,13084.,13084.0,0.,0.0,7384.,2.6,7384.0,3.8,0.0,0.0,0.,0.0,15242.0,14767.,3.2,0.03134,0.03243,-3.4,0.831,290,478.,471.,0.003,0.000,0,2176521.,901629,901630, , ,2023-02-13 02:16:55,True,False,False,3.279201592359785
2023-02-13,FHMRF,FHMRF,2023/02/13,03:32:31,CMA619,VHHHLFPG,340,-24,50 N,29.0,234.5,26.0,18609.9,80.590,-0.04,-0.2,0.0,12674.0,51366.0,51267.,51267.,0.0,0.,12649.,12649.0,0.,0.0,7182.,2.8,7182.0,3.8,0.0,0.0,0.,0.0,14835.0,14364.,3.3,0.03227,0.03333,-3.2,0.831,290,479.,475.,-0.003,-0.006,0,2100324.,901629,901630, , ,2023-02-13 03:32:31,True,False,False,3.277510710263771
2023-02-16,FHMRF,FHMRF,2023/02/16,07:45:15,CMA614,LFPGVHHH,330,-27,43 N,31.9,293.9,30.0,18620.3,83.630,-0.524,-2.3,-2.0,15710.0,60754.0,59347.,59347.,0.0,0.,15346.,15346.0,0.,0.0,8528.,2.6,8528.0,2.8,0.0,0.0,0.,0.0,17516.0,17055.,2.7,0.02717,0.02734,-0.6,0.83,296,476.,504.,0.016,-0.005,0,2498125.,901629,901630, , ,2023-02-16 07:45:15,True,False,False,3.2759297998237504
2023-02-17,FHMRF,FHMRF,2023/02/17,03:30:57,CMA615,VHHHLFPG,320,-16,41 N,35.1,281.2,32.0,18615.4,83.300,-0.392,-1.5,-1.3,14976.0,55282.0,54457.,54457.,0.0,0.,14752.,14752.0,0.,0.0,8464.,2.4,8464.0,2.9,0.0,0.0,0.,0.0,17375.0,16928.,2.6,0.02814,0.02852,-1.3,0.836,305,489.,368.,0.005,-0.016,0,2293782.,901629,901630, , ,2023-02-17 03:30:57,True,False,False,3.274462799248802
2023-02-17,FHMRF,FHMRF,2023/02/17,03:56:54,CMA615,VHHHLFPG,320,-16,40 N,35.3,277.8,27.0,18614.6,83.330,-0.029,-0.1,0.0,14733.0,54384.0,54323.,54323.,0.0,0.,14717.,14717.0,0.,0.0,8463.,2.6,8463.0,2.9,0.0,0.0,0.,0.0,17392.0,16926.,2.8,0.02817,0.02895,-2.7,0.837,306,490.,360.,-0.002,0.015,0,2265890.,901629,901630, , ,2023-02-17 03:56:54,True,False,False,3.273113758895128
2023-02-17,FHMRF,FHMRF,2023/02/17,23:35:36,QTR21,LFPGOTHH,370,-24,32 N,29.2,228.1,26.0,18625.3,82.905,-0.276,-1.2,-1.0,12210.0,57107.0,56386.,56415.,0.0,0.,12056.,12062.0,0.,0.0,6843.,3.2,6845.0,3.7,0.0,0.0,0.,0.0,14160.0,13688.,3.4,0.03407,0.0349,-2.4,0.838,273,482.,540.,-0.004,0.019,0,2341930.,901629,901630, , ,2023-02-17 23:35:36,True,False,False,3.271886829932237
2023-02-18,FHMRF,FHMRF,2023/02/18,11:47:23,QTR68,OTHHEBBR,360,-20,31 N,31.0,237.7,29.0,18666.4,83.610,-0.237,-1.1,-0.8,12817.0,57134.0,56529.,56532.,0.0,0.,12681.,12682.0,0.,0.0,7262.,2.5,7261.0,3.2,0.0,0.0,0.,0.0,14938.0,14523.,2.9,0.03267,0.03334,-2.0,0.841,281,488.,416.,-0.004,0.015,0,2338148.,901629,901630, , ,2023-02-18 11:47:23,True,False,False,3.2707862521294206
2023-02-18,FHMRF,FHMRF,2023/02/18,15:20:59,QTR68,OTHHEBBR,380,-35,46 N,29.6,215.0,26.0,18664.5,80.210,-0.595,-2.5,-2.1,11362.0,55763.0,54349.,54353.,0.0,0.,11074.,11075.0,0.,0.0,6181.,3.6,6180.0,3.6,0.0,0.0,0.,0.0,12800.0,12360.,3.6,0.03712,0.03764,-1.4,0.845,270,475.,392.,-0.034,-0.028,0,2330158.,901629,901630, , ,2023-02-18 15:20:59,True,False,False,3.269816340790274
2023-02-18,FHMRF,FHMRF,2023/02/18,15:21:02,QTR68,OTHHEBBR,380,-35,46 N,29.6,215.0,26.0,18664.5,80.210,-0.612,-2.6,-2.1,11372.0,55808.0,54349.,54353.,0.0,0.,11074.,11075.0,0.,0.0,6181.,3.6,6180.0,3.6,0.0,0.0,0.,0.0,12800.0,12360.,3.6,0.03712,0.03762,-1.3,0.845,270,475.,392.,-0.033,-0.042,0,2330114.,901629,901630, , ,2023-02-18 15:21:02,True,False,False,3.2689814728331905
2023-02-18,FHMRF,FHMRF,2023/02/18,15:21:06,QTR68,OTHHEBBR,380,-35,46 N,29.6,215.0,26.0,18664.5,80.200,-0.616,-2.6,-2.1,11369.0,55795.0,54330.,54334.,0.0,0.,11070.,11071.0,0.,0.0,6178.,3.6,6178.0,3.6,0.0,0.0,0.,0.0,12799.0,12356.,3.6,0.03712,0.03763,-1.3,0.845,270,475.,392.,-0.033,-0.053,0,2330045.,901629,901630, , ,2023-02-18 15:21:06,True,False,False,3.268286071998842
2023-02-18,FHMRF,FHMRF,2023/02/18,22:12:49,QTR8248,EBBROTHH,350,-29,44 N,30.9,250.5,30.0,18613.3,81.540,-0.355,-1.6,-1.4,13178.0,56003.0,55121.,55121.,0.0,0.,12970.,12970.0,0.,0.0,7233.,4.2,7233.0,4.2,0.0,0.0,0.,0.0,15074.0,14466.,4.2,0.03163,0.03249,-2.6,0.836,286,477.,550.,-0.007,-0.018,0,2339745.,901629,901630, , ,2023-02-18 22:12:49,True,False,False,3.2677345931633535
2023-02-19,FHMRF,FHMRF,2023/02/19,14:07:32,QTR8885,LGAVOTHH,350,-20,30 N,22.8,248.1,30.0,18640.5,83.490,-0.272,-1.2,-1.1,13389.0,56900.0,56210.,56213.,0.0,0.,13226.,13227.0,0.,0.0,7521.,3.6,7520.0,3.6,0.0,0.0,0.,0.0,15578.0,15041.,3.6,0.03113,0.03191,-2.4,0.835,285,485.,580.,0.002,-0.008,0,2311409.,901629,901630, , ,2023-02-19 14:07:32,True,False,False,3.2673315057485963
2023-02-19,FHMRF,FHMRF,2023/02/19,14:20:09,QTR8885,LGAVOTHH,350,-19,29 N,22.7,246.6,30.0,18635.5,83.520,-0.521,-2.3,-2.1,13481.0,57292.0,55969.,55973.,0.0,0.,13170.,13171.0,0.,0.0,7512.,2.9,7511.0,3.0,0.0,0.0,0.,0.0,15470.0,15023.,3.0,0.03143,0.0317,-0.9,0.836,285,486.,573.,0.012,-0.018,0,2297678.,901629,901630, , ,2023-02-19 14:20:09,True,False,False,3.267081276247978
2023-02-22,FHMRF,FHMRF,2023/02/22,10:26:05,QTR68,OTHHEBBR,300,-6,28 N,32.5,240.6,28.0,18670.0,82.280,-0.233,-1.1,-1.0,14597.0,49153.0,48599.,48599.,0.0,0.,14433.,14433.0,0.,0.0,8571.,2.1,8571.0,2.1,0.0,0.0,0.,0.0,17506.0,17142.,2.1,0.02892,0.02923,-1.1,0.85,325,506.,468.,0.006,-0.004,0,1786836.,901629,901630, , ,2023-02-22 10:26:05,True,False,False,3.266988349922506
2023-02-22,FHMRF,FHMRF,2023/02/22,10:34:50,QTR68,OTHHEBBR,300,-7,29 N,32.4,239.5,28.0,18672.9,82.020,-0.266,-1.3,-1.2,14583.0,49104.0,48472.,48472.,0.0,0.,14395.,14395.0,0.,0.0,8524.,2.1,8524.0,2.1,0.0,0.0,0.,0.0,17406.0,17048.,2.1,0.02901,0.02928,-0.9,0.85,325,505.,476.,0.008,-0.012,0,1777920.,901629,901630, , ,2023-02-22 10:34:50,True,False,False,3.2670571317547243
2023-02-22,FHMRF,FHMRF,2023/02/22,10:48:49,QTR68,OTHHEBBR,360,-20,30 N,32.1,237.5,28.0,18673.4,84.250,-0.295,-1.3,-1.2,13254.0,59086.0,58334.,58334.,0.0,0.,13086.,13086.0,0.,0.0,7425.,2.6,7425.0,3.2,0.0,0.0,0.,0.0,15284.0,14850.,2.9,0.03192,0.03247,-1.7,0.841,281,488.,425.,0.031,-0.021,0,2336276.,901629,901630, , ,2023-02-22 10:48:49,True,False,False,3.2672919667585347
2023-02-22,FHMRF,FHMRF,2023/02/22,11:57:52,QTR68,OTHHEBBR,360,-28,38 N,31.5,229.8,28.0,18670.6,81.860,-0.189,-0.9,-0.8,12573.0,56047.0,55554.,55554.,0.0,0.,12462.,12462.0,0.,0.0,7014.,3.7,7014.0,3.7,0.0,0.0,0.,0.0,14548.0,14028.,3.7,0.03337,0.03434,-2.8,0.851,285,485.,461.,-0.024,0.015,0,2261541.,901629,901630, , ,2023-02-22 11:57:52,True,False,False,3.2676971197184574
2023-02-22,FHMRF,FHMRF,2023/02/22,12:07:12,QTR68,OTHHEBBR,360,-28,38 N,31.4,228.8,28.0,18662.7,81.930,-0.186,-0.9,-0.8,12612.0,56220.0,55734.,55734.,0.0,0.,12503.,12503.0,0.,0.0,7034.,3.7,7034.0,3.5,0.0,0.0,0.,0.0,14576.0,14067.,3.6,0.03327,0.03421,-2.7,0.85,285,485.,442.,-0.012,0.021,0,2252354.,901629,901630, , ,2023-02-22 12:07:12,True,False,False,3.268276754380112
2023-02-22,FHMRF,FHMRF,2023/02/22,12:31:48,QTR68,OTHHEBBR,360,-28,39 N,31.3,226.1,29.0,18670.3,81.735,-0.182,-0.9,-0.6,12529.0,55852.0,55361.,55391.,0.0,0.,12419.,12426.0,0.,0.0,7007.,3.8,7009.0,3.3,0.0,0.0,0.,0.0,14515.0,14016.,3.6,0.03337,0.03435,-2.8,0.85,284,484.,434.,-0.008,0.008,0,2225779.,901629,901630, , ,2023-02-22 12:31:48,True,False,False,3.2690349120602167
2023-02-22,FHMRF,FHMRF,2023/02/22,15:16:07,QTR68,OTHHEBBR,380,-29,49 N,31.1,208.6,25.0,18674.0,82.190,-0.39,-1.8,-1.4,11789.0,57855.0,56828.,56832.,0.0,0.,11580.,11581.0,0.,0.0,6530.,3.8,6530.0,3.8,0.0,0.0,0.,0.0,13562.0,13060.,3.8,0.03562,0.03646,-2.3,0.849,271,483.,458.,0.01,0.015,0,2261240.,901629,901630, , ,2023-02-22 15:16:07,True,False,False,3.2699754896140227
2023-02-22,FHMRF,FHMRF,2023/02/22,20:49:27,QTR51,EBBROTHH,350,-29,44 N,26.9,239.9,30.0,18544.0,81.600,-0.302,-1.3,-1.1,13123.0,55772.0,55034.,55030.,0.0,0.,12950.,12949.0,0.,0.0,7282.,3.5,7283.0,4.4,0.0,0.0,0.,0.0,15137.0,14566.,3.9,0.03156,0.03244,-2.7,0.837,286,478.,533.,0.017,0.003,0,2241141.,901629,901630, , ,2023-02-22 20:49:27,True,False,False,3.271102216698129
2023-02-23,FHMRF,FHMRF,2023/02/23,06:46:53,QTR8253,OTHHLFPG,360,-29,37 N,30.0,246.0,30.0,18634.4,82.650,-0.327,-1.4,-1.1,13162.0,58674.0,57828.,57828.,0.0,0.,12973.,12973.0,0.,0.0,7265.,3.0,7265.0,3.1,0.0,0.0,0.,0.0,14971.0,14530.,3.0,0.03199,0.03259,-1.8,0.84,281,479.,440.,-0.006,-0.008,0,2421408.,901629,901630, , ,2023-02-23 06:46:53,True,False,False,3.2724186322887823
2023-02-23,FHMRF,FHMRF,2023/02/23,08:43:03,QTR8253,OTHHLFPG,360,-29,43 N,29.5,233.1,26.0,18634.8,81.790,-0.405,-1.8,-1.8,12715.0,56681.0,55633.,55633.,0.0,0.,12480.,12480.0,0.,0.0,6964.,3.9,6964.0,4.0,0.0,0.0,0.,0.0,14477.0,13929.,3.9,0.0331,0.0338,-2.1,0.84,281,479.,436.,0.009,0.004,0,2295106.,901629,901630, , ,2023-02-23 08:43:03,True,False,False,3.2739280604484096
2023-02-23,FHMRF,FHMRF,2023/02/23,08:46:03,QTR8253,OTHHLFPG,360,-29,44 N,29.4,232.8,26.0,18634.8,81.730,-0.338,-1.6,-1.5,12651.0,56396.0,55520.,55520.,0.0,0.,12454.,12454.0,0.,0.0,6954.,3.5,6954.0,3.7,0.0,0.0,0.,0.0,14411.0,13907.,3.6,0.03328,0.03397,-2.0,0.841,281,480.,436.,0.003,0.008,0,2292025.,901629,901630, , ,2023-02-23 08:46:03,True,False,False,3.2756335853676646
2023-02-23,FHMRF,FHMRF,2023/02/23,08:56:52,QTR8253,OTHHLFPG,360,-30,44 N,29.4,231.6,26.0,18630.4,81.440,-0.3,-1.4,-1.3,12572.0,56041.0,55275.,55275.,0.0,0.,12400.,12400.0,0.,0.0,6913.,3.9,6913.0,3.7,0.0,0.0,0.,0.0,14348.0,13825.,3.8,0.03339,0.03419,-2.4,0.842,281,479.,441.,-0.001,-0.004,0,2280238.,901629,901630, , ,2023-02-23 08:56:52,True,False,False,3.2775380257415168
2023-02-23,FHMRF,FHMRF,2023/02/23,09:15:17,QTR8253,OTHHLFPG,360,-29,46 N,29.4,229.6,26.0,18637.0,81.310,-0.389,-1.6,-1.6,12488.0,55669.0,54770.,54770.,0.0,0.,12287.,12287.0,0.,0.0,6863.,3.4,6863.0,3.7,0.0,0.0,0.,0.0,14215.0,13726.,3.6,0.03374,0.0344,-1.9,0.842,281,480.,453.,-0.001,-0.005,2,2260888.,901629,901630, , ,2023-02-23 09:15:17,True,False,False,3.2796439085661793
2023-02-23,FHMRF,FHMRF,2023/02/23,09:18:17,QTR8253,OTHHLFPG,360,-29,46 N,29.4,229.3,26.0,18637.0,81.290,-0.448,-1.9,-1.8,12541.0,55905.0,54839.,54839.,0.0,0.,12302.,12302.0,0.,0.0,6865.,3.8,6865.0,3.8,0.0,0.0,0.,0.0,14247.0,13731.,3.8,0.03365,0.03428,-1.8,0.842,281,479.,454.,0.004,0.006,0,2257727.,901629,901630, , ,2023-02-23 09:18:17,True,False,False,3.281953442473289
2023-02-23,FHMRF,FHMRF,2023/02/23,09:21:17,QTR8253,OTHHLFPG,360,-30,46 N,29.4,229.0,26.0,18633.3,81.270,-0.484,-2.1,-2.0,12583.0,56089.0,54917.,54917.,0.0,0.,12320.,12320.0,0.,0.0,6866.,3.8,6866.0,3.8,0.0,0.0,0.,0.0,14248.0,13732.,3.8,0.03358,0.03416,-1.7,0.841,281,478.,455.,0.011,0.002,0,2254578.,901629,901630, , ,2023-02-23 09:21:17,True,False,False,3.284468490751464
2023-02-23,FHMRF,FHMRF,2023/02/23,14:39:13,QTR40,LFPGOTHH,330,-27,48 N,31.7,264.5,30.0,18642.0,81.715,-0.166,-0.6,-0.7,14274.0,55201.0,54837.,54858.,0.0,0.,14180.,14185.0,0.,0.0,7895.,3.1,7898.0,4.1,0.0,0.0,0.,0.0,16363.0,15792.,3.6,0.02933,0.03018,-2.8,0.838,300,480.,505.,0.014,0.009,0,2249771.,901629,901630, , ,2023-02-23 14:39:13,True,False,False,3.28719054424216
2023-02-23,FHMRF,FHMRF,2023/02/23,15:32:12,QTR40,LFPGOTHH,330,-27,46 N,30.9,258.1,30.0,18638.9,81.320,-0.18,-0.7,-0.8,14091.0,54495.0,54111.,54111.,0.0,0.,13992.,13992.0,0.,0.0,7790.,3.4,7790.0,3.9,0.0,0.0,0.,0.0,16145.0,15580.,3.6,0.02967,0.03052,-2.8,0.837,299,479.,482.,0.021,-0.009,0,2195519.,901629,901630, , ,2023-02-23 15:32:12,True,False,False,3.2901206943349597
2023-02-23,FHMRF,FHMRF,2023/02/23,16:14:02,QTR40,LFPGOTHH,350,-30,44 N,30.5,253.1,30.0,18638.6,82.240,-0.395,-1.8,-1.7,13765.0,58498.0,57474.,57474.,0.0,0.,13524.,13524.0,0.,0.0,7468.,3.2,7468.0,3.7,0.0,0.0,0.,0.0,15452.0,14936.,3.5,0.03082,0.03134,-1.7,0.837,286,476.,511.,0.022,0.012,0,2364665.,901629,901630, , ,2023-02-23 16:14:02,True,False,False,3.293259606325858
2023-02-28,FHMRF,FHMRF,2023/02/28,10:12:29,QTR8271,OTHHLEZG,300,-6,28 N,34.3,307.3,25.0,18649.4,84.780,-0.216,-0.8,-0.7,16217.0,54608.0,54166.,54164.,0.0,0.,16086.,16085.0,0.,0.0,9418.,1.9,9419.0,2.3,0.0,0.0,0.,0.0,19240.0,18837.,2.1,0.026,0.02638,-1.4,0.839,320,500.,453.,-0.011,0.007,0,2284758.,901629,901630, , ,2023-02-28 10:12:29,True,False,False,3.2966074934380885
2023-02-28,FHMRF,FHMRF,2023/02/28,10:29:08,QTR8271,OTHHLEZG,300,-8,28 N,33.7,304.9,26.0,18656.3,84.930,-0.228,-0.9,-0.8,16479.0,55491.0,54981.,54978.,0.0,0.,16328.,16327.0,0.,0.0,9505.,2.7,9505.0,2.7,0.0,0.0,0.,0.0,19520.0,19010.,2.7,0.02552,0.026,-1.9,0.838,320,498.,454.,0.012,-0.003,0,2267214.,901629,901630, , ,2023-02-28 10:29:08,True,False,False,3.300164091832848
2023-02-28,FHMRF,FHMRF,2023/02/28,10:32:08,QTR8271,OTHHLEZG,300,-8,29 N,33.6,304.4,26.0,18656.3,85.050,-0.087,-0.4,-0.3,16465.0,55442.0,55231.,55228.,0.0,0.,16402.,16401.0,0.,0.0,9544.,2.8,9545.0,2.8,0.0,0.0,0.,0.0,19626.0,19089.,2.8,0.02538,0.02603,-2.5,0.838,320,498.,457.,0.012,0.009,0,2263957.,901629,901630, , ,2023-02-28 10:32:08,True,False,False,3.3039286369478256
2023-02-28,FHMRF,FHMRF,2023/02/28,11:16:45,QTR8271,OTHHLEZG,320,-10,29 N,32.5,297.7,28.0,18657.6,86.105,-0.458,-2.0,-1.7,16233.0,59922.0,58736.,58757.,0.0,0.,15911.,15917.0,0.,0.0,9262.,2.5,9267.0,3.0,0.0,0.0,0.,0.0,19040.0,18529.,2.8,0.0264,0.02666,-1.0,0.85,311,503.,456.,-0.017,-0.020,0,2427408.,901629,901630, , ,2023-02-28 11:16:45,True,False,False,3.307899841486702
2023-02-28,FHMRF,FHMRF,2023/02/28,22:05:02,QTR69,LEZGOTHH,330,-24,38 N,24.1,269.6,32.0,18606.6,82.310,-0.696,-3.0,-2.6,14623.0,56553.0,54858.,54858.,0.0,0.,14185.,14185.0,0.,0.0,8022.,3.2,8022.0,3.2,0.0,0.0,0.,0.0,16564.0,16044.,3.2,0.02916,0.02931,-0.5,0.838,300,483.,534.,0.009,0.010,0,2289374.,901629,901630, , ,2023-02-28 22:05:02,True,False,False,3.3120758753443575
2023-03-01,FHMRF,FHMRF,2023/03/01,13:47:07,QTR8269,OTHHEGLL,340,-22,51 N,28.9,239.4,26.0,18658.3,81.370,-0.366,-1.5,-1.2,13054.0,52910.0,52130.,52134.,0.0,0.,12862.,12862.0,0.,0.0,7344.,2.6,7343.0,2.6,0.0,0.0,0.,0.0,15074.0,14687.,2.6,0.03221,0.03266,-1.4,0.839,293,486.,544.,-0.001,-0.026,0,2144434.,901629,901630, , ,2023-03-01 13:47:07,True,False,False,3.3164543477031083
2023-03-02,FHMRF,FHMRF,2023/03/02,00:56:28,QTR58,LFSBOTHH,370,-14,31 N,28.7,232.3,25.0,18632.1,84.580,-0.433,-1.9,-1.5,12265.0,57364.0,56277.,56281.,0.0,0.,12032.,12033.0,0.,0.0,6995.,3.2,6994.0,3.5,0.0,0.0,0.,0.0,14460.0,13989.,3.4,0.03394,0.03454,-1.7,0.835,272,491.,539.,-0.016,0.019,0,2385969.,901629,901630, , ,2023-03-02 00:56:28,True,False,False,3.3210322914882124
2023-03-02,FHMRF,FHMRF,2023/03/02,09:48:14,QTR8231,OTHHLHBP,340,-25,38 N,25.6,255.3,30.0,18662.0,82.440,-0.157,-0.7,-0.5,13843.0,56105.0,55701.,55701.,0.0,0.,13743.,13743.0,0.,0.0,7744.,3.3,7744.0,3.3,0.0,0.0,0.,0.0,15996.0,15487.,3.3,0.03018,0.031,-2.7,0.84,294,483.,430.,0.001,0.005,0,2284464.,901629,901630, , ,2023-03-02 09:48:14,True,False,False,3.32580615033135
2023-03-02,FHMRF,FHMRF,2023/03/02,21:31:31,QTR54,LKPROTHH,330,-16,31 N,28.8,251.2,27.0,18620.3,82.300,-0.051,-0.2,-0.1,13514.0,52261.0,52155.,52155.,0.0,0.,13487.,13487.0,0.,0.0,7758.,2.8,7758.0,3.1,0.0,0.0,0.,0.0,15973.0,15516.,2.9,0.03044,0.03131,-2.8,0.83,296,486.,529.,0.004,-0.001,0,2132820.,901629,901630, , ,2023-03-02 21:31:31,True,False,False,3.3307717681582933
2023-03-05,FHMRF,FHMRF,2023/03/05,05:35:35,QTR36,OTHHLHBP,320,-11,30 N,27.0,276.9,30.0,18659.7,84.075,-0.26,-1.0,-0.8,14854.0,54829.0,54301.,54281.,0.0,0.,14711.,14705.0,0.,0.0,8537.,2.5,8534.0,2.6,0.0,0.0,0.,0.0,17503.0,17072.,2.5,0.02825,0.02874,-1.7,0.837,306,494.,415.,-0.003,-0.001,0,2255653.,901629,901630, , ,2023-03-05 05:35:35,True,False,False,3.335924381491052
2023-03-10,FHMRF,FHMRF,2023/03/10,05:10:19,QTR36,OTHHLHBP,360,-29,41 N,27.9,247.5,26.0,18664.1,82.640,-0.539,-2.4,-2.0,13275.0,59175.0,57777.,57777.,0.0,0.,12961.,12961.0,0.,0.0,7258.,3.3,7258.0,3.6,0.0,0.0,0.,0.0,15012.0,14517.,3.4,0.03197,0.03242,-1.4,0.842,281,480.,404.,-0.015,0.001,0,2436273.,901629,901630, , ,2023-03-10 05:10:19,True,False,False,3.3412586145334324
2023-03-12,FHMRF,FHMRF,2023/03/12,00:21:42,QTR35,EDDFOTHH,350,-24,34 N,29.7,246.2,26.0,18639.9,82.380,-0.397,-1.7,-1.5,13165.0,55948.0,54988.,54988.,0.0,0.,12939.,12939.0,0.,0.0,7308.,3.7,7308.0,4.3,0.0,0.0,0.,0.0,15200.0,14616.,4.0,0.03171,0.03248,-2.4,0.836,286,482.,467.,0.002,-0.020,0,2302590.,901629,901630, , ,2023-03-12 00:21:42,True,False,False,3.346768477086629
2023-03-12,FHMRF,FHMRF,2023/03/12,00:46:26,QTR35,EDDFOTHH,350,-21,31 N,29.7,243.4,26.0,18638.7,82.925,-0.525,-2.4,-2.0,13325.0,56630.0,55285.,55310.,0.0,0.,13009.,13015.0,0.,0.0,7392.,3.7,7396.0,4.0,0.0,0.0,0.,0.0,15352.0,14788.,3.8,0.03147,0.03201,-1.7,0.834,285,483.,490.,0.026,0.000,0,2273071.,901629,901630, , ,2023-03-12 00:46:26,True,False,False,3.3524473653159075
2023-03-12,FHMRF,FHMRF,2023/03/12,00:54:45,QTR35,EDDFOTHH,350,-21,30 N,29.7,242.4,25.0,18639.9,82.750,-0.366,-1.5,-1.2,13065.0,55524.0,54698.,54698.,0.0,0.,12871.,12871.0,0.,0.0,7331.,3.6,7331.0,3.4,0.0,0.0,0.,0.0,15173.0,14662.,3.5,0.03188,0.03259,-2.2,0.834,285,484.,505.,0.011,0.008,0,2262725.,901629,901630, , ,2023-03-12 00:54:45,True,False,False,3.3582880653695675
2023-03-16,FHMRF,FHMRF,2023/03/16,09:10:20,QTR36,OTHHLHBP,320,-13,32 N,30.5,256.0,28.0,18672.1,82.260,0.026,0.1,0.2,13836.0,51072.0,51136.,51133.,0.0,0.,13853.,13853.0,0.,0.0,8063.,2.1,8064.0,2.1,0.0,0.0,0.,0.0,16470.0,16126.,2.1,0.03006,0.03078,-2.3,0.842,308,495.,440.,-0.019,0.002,0,2084757.,901629,901630, , ,2023-03-16 09:10:20,True,False,False,3.3642827598493494
2023-03-20,FHMRF,FHMRF,2023/03/20,14:12:02,QTR8267,OTHHLIMC,320,-22,44 N,30.0,264.7,25.0,18666.0,81.740,-0.09,-0.4,-0.2,14425.0,53245.0,53051.,53055.,0.0,0.,14372.,14373.0,0.,0.0,8158.,2.7,8157.0,2.7,0.0,0.0,0.,0.0,16752.0,16314.,2.7,0.02903,0.02974,-2.4,0.841,307,486.,451.,0.003,0.011,0,2159268.,901629,901630, , ,2023-03-20 14:12:02,True,False,False,3.3704230371452586
2023-03-23,FHMRF,FHMRF,2023/03/23,09:15:15,QTR36,OTHHLHBP,320,-16,33 N,25.7,277.4,29.0,18674.3,83.780,0.044,0.2,0.2,15000.0,55373.0,55475.,55488.,0.0,0.,15028.,15032.0,0.,0.0,8593.,3.0,8589.0,3.0,0.0,0.0,0.,0.0,17701.0,17182.,3.0,0.02772,0.02863,-3.2,0.839,307,491.,446.,0.001,-0.003,0,2259031.,901629,901630, , ,2023-03-23 09:15:15,True,False,False,3.376699903657777
2023-03-24,FHMRF,FHMRF,2023/03/24,04:22:39,QTR8251,OTHHEHBK,340,-23,36 N,31.3,260.9,30.0,18670.8,83.980,-0.363,-1.6,-1.3,14802.0,59996.0,59028.,59028.,0.0,0.,14564.,14564.0,0.,0.0,8242.,2.8,8242.0,3.3,0.0,0.0,0.,0.0,16989.0,16485.,3.1,0.02874,0.02924,-1.7,0.848,297,488.,490.,0.033,-0.022,0,2331675.,901629,901630, , ,2023-03-24 04:22:39,True,False,False,3.3831037989167583
2023-03-24,FHMRF,FHMRF,2023/03/24,04:36:48,QTR8251,OTHHEHBK,340,-23,38 N,31.2,259.1,31.0,18668.6,83.135,-0.301,-1.4,-1.0,14206.0,57578.0,56809.,56784.,0.0,0.,14016.,14010.0,0.,0.0,7973.,2.8,7970.0,3.3,0.0,0.0,0.,0.0,16428.0,15943.,3.0,0.02979,0.03039,-2.0,0.85,298,489.,472.,-0.01,-0.015,0,2319100.,901629,901630, , ,2023-03-24 04:36:48,True,False,False,3.389624613567509
2023-03-24,FHMRF,FHMRF,2023/03/24,18:45:25,CMA616,LFPGVHHH,350,-28,41 N,32.9,248.1,31.0,18628.3,81.480,-0.123,-0.5,-0.1,12846.0,54594.0,54329.,54329.,0.0,0.,12784.,12784.0,0.,0.0,7197.,3.2,7197.0,4.1,0.0,0.0,0.,0.0,14923.0,14395.,3.7,0.0319,0.03302,-3.4,0.832,284,476.,497.,-0.015,-0.004,0,2316070.,901629,901630, , ,2023-03-24 18:45:25,True,False,False,3.39625171014621
2023-03-24,FHMRF,FHMRF,2023/03/24,19:01:28,CMA616,LFPGVHHH,350,-28,41 N,32.5,246.2,31.0,18626.6,81.950,-0.174,-0.8,-0.6,13154.0,55902.0,55455.,55452.,0.0,0.,13049.,13048.0,0.,0.0,7295.,3.9,7296.0,4.5,0.0,0.0,0.,0.0,15200.0,14590.,4.2,0.03128,0.03239,-3.4,0.831,284,476.,495.,0.013,0.007,0,2299206.,901629,901630, , ,2023-03-24 19:01:28,True,False,False,3.402973946525355
2023-03-24,FHMRF,FHMRF,2023/03/24,19:04:22,CMA616,LFPGVHHH,350,-28,41 N,32.4,245.9,31.0,18626.6,81.540,-0.177,-0.7,-0.5,12913.0,54876.0,54498.,54495.,0.0,0.,12824.,12823.0,0.,0.0,7187.,3.4,7187.0,3.7,0.0,0.0,0.,0.0,14884.0,14374.,3.5,0.03199,0.03296,-2.9,0.832,284,476.,496.,-0.004,0.003,0,2296108.,901629,901630, , ,2023-03-24 19:04:22,True,False,False,3.409779701883733
2023-03-24,FHMRF,FHMRF,2023/03/24,21:12:19,CMA616,LFPGVHHH,351,-27,42 N,30.4,231.7,31.0,18628.4,80.680,-0.097,-0.4,-0.2,12299.0,52520.0,52314.,52311.,0.0,0.,12251.,12251.0,0.,0.0,6895.,3.3,6896.0,3.3,0.0,0.0,0.,0.0,14240.0,13791.,3.3,0.03339,0.0344,-2.9,0.829,282,475.,561.,-0.003,0.003,0,2172142.,901629,901630, , ,2023-03-24 21:12:19,True,False,False,3.416656905048519
2023-03-25,FHMRF,FHMRF,2023/03/25,11:38:30,CMA617,VHHHLFPG,320,-20,41 N,35.3,284.0,26.0,18630.3,83.170,-0.065,-0.3,-0.1,15083.0,55676.0,55512.,55512.,0.0,0.,15038.,15038.0,0.,0.0,8520.,3.3,8520.0,3.3,0.0,0.0,0.,0.0,17600.0,17039.,3.3,0.02748,0.02835,-3.1,0.833,304,484.,458.,0.008,-0.010,0,2316662.,901629,901630, , ,2023-03-25 11:38:30,True,False,False,3.423593065068627
2023-03-30,FHMRF,FHMRF,2023/03/30,16:03:22,CMA614,LFPGVHHH,371,-15,24 N,29.9,215.8,26.0,18625.6,83.030,-0.403,-1.6,-1.2,11501.0,54055.0,53211.,53215.,0.0,0.,11322.,11322.0,0.,0.0,6593.,2.9,6592.0,3.4,0.0,0.0,0.,0.0,13600.0,13185.,3.1,0.03584,0.03654,-1.9,0.831,270,487.,571.,-0.005,0.008,0,2221996.,901629,901630, , ,2023-03-30 16:03:22,True,False,False,3.4305753038989133
2023-03-31,FHMRF,FHMRF,2023/03/31,20:19:21,CMA6161,LFPGVHHH,391,-29,41 N,30.9,218.2,30.0,18626.8,83.975,-0.135,-0.6,-0.4,11892.0,61529.0,61150.,61168.,0.0,0.,11818.,11822.0,0.,0.0,6610.,3.2,6614.0,4.1,0.0,0.0,0.,0.0,13707.0,13225.,3.6,0.03464,0.03577,-3.2,0.832,259,475.,510.,0.021,-0.004,0,2479019.,901629,901630, , ,2023-03-31 20:19:21,True,False,False,3.4375903910897216
2023-04-01,FHMRF,FHMRF,2023/04/01,11:14:17,CMA617,VHHHLFPG,320,-20,41 N,35.2,286.1,30.0,18626.4,83.740,-0.172,-0.8,-0.6,15477.0,57134.0,56700.,56700.,0.0,0.,15360.,15360.0,0.,0.0,8699.,2.9,8699.0,2.9,0.0,0.0,0.,0.0,17900.0,17397.,2.9,0.02705,0.02767,-2.2,0.833,304,484.,443.,0.025,-0.007,0,2334247.,901629,901630, , ,2023-04-01 11:14:17,True,False,False,3.4446247803782257
2023-04-01,FHMRF,FHMRF,2023/04/01,11:17:17,CMA617,VHHHLFPG,320,-19,41 N,35.3,285.7,28.0,18626.4,83.625,-0.032,-0.1,-0.0,15275.0,56388.0,56318.,56293.,0.0,0.,15257.,15250.0,0.,0.0,8649.,2.9,8645.0,3.5,0.0,0.0,0.,0.0,17852.0,17294.,3.2,0.02714,0.02801,-3.1,0.833,304,484.,447.,0.014,-0.006,0,2330944.,901629,901630, , ,2023-04-01 11:17:17,True,False,False,3.4516646480696687
2023-04-14,FHMRF,FHMRF,2023/04/14,11:47:39,CMA603,VHHHLFPG,301,-10,44 N,31.1,300.9,30.0,18615.4,84.760,-0.029,-0.1,-0.2,16408.0,55504.0,55435.,55432.,0.0,0.,16387.,16386.0,0.,0.0,9433.,2.3,9433.0,2.7,0.0,0.0,0.,0.0,19338.0,18866.,2.5,0.02545,0.02605,-2.3,0.831,316,492.,433.,0.026,0.012,0,2249383.,901629,901630, , ,2023-04-14 11:47:39,True,False,False,3.4586959330825704
2023-04-15,FHMRF,FHMRF,2023/04/15,14:01:48,CMA620,LFPGZSPD,391,-31,44 N,29.1,197.9,26.0,18625.6,81.390,-0.281,-1.3,-1.0,10776.0,55758.0,55059.,55059.,0.0,0.,10641.,10641.0,0.,0.0,5964.,3.8,5964.0,4.4,0.0,0.0,0.,0.0,12417.0,11928.,4.1,0.03803,0.03919,-3.0,0.83,258,472.,539.,0.016,-0.002,0,2248394.,901629,901630, , ,2023-04-15 14:01:48,True,False,False,3.465704378512831
2023-04-15,FHMRF,FHMRF,2023/04/15,23:57:32,CMA621,ZSPDLFPG,301,-13,41 N,29.3,321.3,30.0,18616.0,85.330,-0.339,-1.4,-1.2,17435.0,58977.0,58130.,58130.,0.0,0.,17185.,17185.0,0.,0.0,9849.,3.3,9849.0,2.7,0.0,0.0,0.,0.0,20285.0,19699.,3.0,0.02419,0.02461,-1.7,0.834,318,491.,376.,0.017,0.019,0,2399464.,901629,901630, , ,2023-04-15 23:57:32,True,False,False,3.4726755745457476
2023-04-16,FHMRF,FHMRF,2023/04/16,05:09:14,CMA621,ZSPDLFPG,320,-21,48 N,32.6,277.7,31.0,18612.5,82.400,-0.305,-1.2,-0.9,14836.0,54767.0,54127.,54127.,0.0,0.,14663.,14663.0,0.,0.0,8314.,3.0,8314.0,3.6,0.0,0.0,0.,0.0,17177.0,16628.,3.3,0.02811,0.02876,-2.3,0.833,304,483.,400.,0.009,0.013,0,2266282.,901629,901630, , ,2023-04-16 05:09:14,True,False,False,3.479595002515503
2023-04-17,FHMRF,FHMRF,2023/04/17,15:38:17,CMA603,VHHHLFPG,340,-24,40 N,31.3,267.8,30.0,18622.6,82.380,-0.19,-0.8,-0.6,13710.0,55566.0,55106.,55106.,0.0,0.,13596.,13596.0,0.,0.0,7672.,3.2,7672.0,3.9,0.0,0.0,0.,0.0,15890.0,15345.,3.6,0.03024,0.03112,-2.8,0.834,291,481.,450.,-0.032,0.011,0,2397886.,901629,901630, , ,2023-04-17 15:38:17,True,False,False,3.4864480798861672
2023-04-18,FHMRF,FHMRF,2023/04/18,23:17:02,CMA602,LFPGVHHH,370,-30,41 N,32.2,240.5,30.0,18622.8,83.250,-0.314,-1.4,-1.3,12980.0,60715.0,59850.,59854.,0.0,0.,12796.,12796.0,0.,0.0,7094.,4.1,7093.0,4.7,0.0,0.0,0.,0.0,14810.0,14188.,4.4,0.03206,0.03303,-2.9,0.834,272,475.,503.,0.017,0.004,0,2470843.,901629,901630, , ,2023-04-18 23:17:02,True,False,False,3.4932202059111126
2023-04-19,FHMRF,FHMRF,2023/04/19,03:53:43,CMA602,LFPGVHHH,371,-10,29 N,30.1,211.1,26.0,18624.5,83.750,-0.226,-0.9,-0.7,11368.0,53431.0,52963.,52959.,0.0,0.,11269.,11268.0,0.,0.0,6654.,3.0,6655.0,3.6,0.0,0.0,0.,0.0,13748.0,13309.,3.3,0.03607,0.03701,-2.5,0.837,272,496.,532.,-0.013,-0.008,0,2179246.,901629,901630, , ,2023-04-19 03:53:43,True,False,False,3.4998968077185717
2023-04-19,FHMRF,FHMRF,2023/04/19,19:12:11,CMA603,VHHHLFPG,321,-18,42 N,34.2,292.0,30.0,18621.2,84.610,-0.077,-0.3,-0.2,15694.0,58201.0,58006.,58009.,0.0,0.,15641.,15642.0,0.,0.0,8904.,2.8,8903.0,3.0,0.0,0.0,0.,0.0,18323.0,17807.,2.9,0.02656,0.02729,-2.7,0.834,304,487.,395.,0.017,-0.025,0,2392281.,901629,901630, , ,2023-04-19 19:12:11,True,False,False,3.5064633865711734
2023-04-20,FHMRF,FHMRF,2023/04/20,12:50:32,CMA620,LFPGZSPD,370,-23,47 N,31.2,227.1,26.0,18620.5,83.055,-0.555,-2.5,-2.1,12345.0,57742.0,56315.,56336.,0.0,0.,12040.,12044.0,0.,0.0,6822.,3.8,6826.0,4.7,0.0,0.0,0.,0.0,14227.0,13648.,4.2,0.03372,0.0344,-2.0,0.831,271,480.,526.,0.022,-0.024,0,2334977.,901629,901630, , ,2023-04-20 12:50:32,True,False,False,3.5129055640574904
2023-04-21,FHMRF,FHMRF,2023/04/21,03:27:27,CMA621,ZSPDLFPG,320,-25,47 N,35.3,287.2,31.0,18616.5,82.270,-0.134,-0.6,-0.6,15065.0,55608.0,55273.,55273.,0.0,0.,14974.,14974.0,0.,0.0,8365.,3.4,8365.0,3.6,0.0,0.0,0.,0.0,17319.0,16731.,3.5,0.02767,0.02848,-2.9,0.833,304,479.,431.,-0.001,-0.015,0,2343543.,901629,901630, , ,2023-04-21 03:27:27,True,False,False,3.5192091279869637
2023-04-23,FHMRF,FHMRF,2023/04/23,11:04:41,CMA620,LFPGZSPD,330,-23,44 N,34.5,292.3,30.0,18610.8,83.780,-0.444,-1.9,-1.7,15374.0,59454.0,58324.,58324.,0.0,0.,15081.,15081.0,0.,0.0,8453.,3.0,8453.0,3.5,0.0,0.0,0.,0.0,17457.0,16906.,3.3,0.02748,0.0279,-1.5,0.831,297,480.,529.,0.003,-0.004,0,2486422.,901629,901630, , ,2023-04-23 11:04:41,True,False,False,3.52536007776739
2023-04-23,FHMRF,FHMRF,2023/04/23,11:36:19,CMA620,LFPGZSPD,330,-23,46 N,33.7,288.1,26.0,18605.8,83.860,-0.356,-1.5,-1.3,15317.0,59236.0,58331.,58338.,0.0,0.,15083.,15085.0,0.,0.0,8466.,3.9,8465.0,4.0,0.0,0.0,0.,0.0,17600.0,16931.,4.0,0.02724,0.02796,-2.5,0.83,296,479.,548.,0.015,-0.009,0,2449545.,901629,901630, , ,2023-04-23 11:36:19,True,False,False,3.5313446690472867
2023-04-24,FHMRF,FHMRF,2023/04/24,03:11:26,CMA621,ZSPDLFPG,320,-21,48 N,33.9,290.1,30.0,18604.6,82.730,-0.325,-1.3,-1.1,15059.0,55590.0,54845.,54848.,0.0,0.,14858.,14858.0,0.,0.0,8422.,3.1,8421.0,3.4,0.0,0.0,0.,0.0,17390.0,16843.,3.2,0.02783,0.02841,-2.0,0.835,305,484.,409.,-0.015,-0.021,0,2367406.,901629,901630, , ,2023-04-24 03:11:26,True,False,False,3.53714945740953
2023-04-24,FHMRF,FHMRF,2023/04/24,04:11:00,CMA621,ZSPDLFPG,340,-19,47 N,32.9,282.1,26.0,18606.9,85.230,-0.309,-1.3,-1.1,15077.0,61108.0,60288.,60288.,0.0,0.,14875.,14875.0,0.,0.0,8433.,3.2,8433.0,3.8,0.0,0.0,0.,0.0,17459.0,16866.,3.5,0.02773,0.02838,-2.3,0.832,291,484.,426.,0.004,-0.004,0,2526978.,901629,901630, , ,2023-04-24 04:11:00,True,False,False,3.5427613409085326
2023-04-24,FHMRF,FHMRF,2023/04/24,21:34:09,CMA602,LFPGVHHH,370,-31,41 N,30.8,231.3,32.0,18612.8,82.100,-0.304,-1.4,-1.1,12380.0,57905.0,57117.,57117.,0.0,0.,12211.,12211.0,0.,0.0,6791.,3.8,6791.0,4.4,0.0,0.0,0.,0.0,14141.0,13582.,4.1,0.03341,0.03439,-2.9,0.831,271,472.,510.,0.011,0.009,0,2376334.,901629,901630, , ,2023-04-24 21:34:09,True,False,False,3.548167601248143
2023-04-26,FHMRF,FHMRF,2023/04/26,12:48:44,CMA620,LFPGZSPD,350,-28,47 N,29.7,239.7,31.0,18621.4,81.040,-0.313,-1.2,-1.0,12748.0,54172.0,53498.,53505.,0.0,0.,12589.,12591.0,0.,0.0,7067.,3.6,7066.0,4.1,0.0,0.0,0.,0.0,14677.0,14133.,3.9,0.03243,0.03334,-2.7,0.832,284,476.,493.,0.001,0.033,0,2239872.,901629,901630, , ,2023-04-26 12:48:44,True,False,False,3.5533559434006152
2023-04-27,FHMRF,FHMRF,2023/04/27,03:00:36,CMA621,ZSPDLFPG,320,-19,47 N,33.8,289.1,30.0,18624.4,83.260,-0.31,-1.4,-1.2,15197.0,56097.0,55316.,55316.,0.0,0.,14986.,14986.0,0.,0.0,8501.,3.5,8501.0,3.7,0.0,0.0,0.,0.0,17613.0,17002.,3.6,0.02745,0.02811,-2.3,0.831,303,484.,512.,-0.001,0.003,0,2359668.,901629,901630, , ,2023-04-27 03:00:36,True,False,False,3.5583145334713326
2023-04-28,FHMRF,FHMRF,2023/04/28,03:04:12,CMA602,LFPGVHHH,391,-21,24 N,29.0,199.4,26.0,18623.2,82.825,-0.189,-0.7,-0.5,10652.0,55113.0,54726.,54700.,0.0,0.,10577.,10572.0,0.,0.0,6069.,3.8,6067.0,4.9,0.0,0.0,0.,0.0,12663.0,12136.,4.3,0.03798,0.03943,-3.7,0.829,258,481.,557.,-0.003,0.034,0,2259071.,901629,901630, , ,2023-04-28 03:04:12,True,False,False,3.5630320346246185
2023-04-30,FHMRF,FHMRF,2023/04/30,21:10:57,CMA602,LFPGVHHH,350,-24,41 N,33.5,263.5,30.0,18643.2,84.040,-0.465,-2.1,-1.8,14268.0,60636.0,59387.,59387.,0.0,0.,13974.,13974.0,0.,0.0,7825.,3.6,7825.0,4.2,0.0,0.0,0.,0.0,16259.0,15651.,3.9,0.02944,0.03003,-2.0,0.831,284,479.,509.,0.028,0.006,0,2460066.,901629,901630, , ,2023-04-30 21:10:57,True,False,False,3.5674976409055006
2023-04-30,FHMRF,FHMRF,2023/04/30,21:59:37,CMA602,LFPGVHHH,350,-25,41 N,32.6,257.6,30.0,18637.3,83.090,-0.61,-2.6,-2.3,13854.0,58875.0,57316.,57316.,0.0,0.,13487.,13487.0,0.,0.0,7561.,4.1,7561.0,4.6,0.0,0.0,0.,0.0,15778.0,15121.,4.3,0.03029,0.03087,-1.9,0.831,284,478.,534.,0.021,0.002,0,2404505.,901629,901630, , ,2023-04-30 21:59:37,True,False,False,3.5717011088190036
2023-05-08,FHMRF,FHMRF,2023/05/08,07:50:01,CMA621,ZSPDLFPG,360,-29,44 N,30.6,252.9,26.0,18614.3,83.540,-0.194,-0.9,-0.7,13640.0,60804.0,60273.,60277.,0.0,0.,13520.,13521.0,0.,0.0,7509.,3.6,7508.0,3.9,0.0,0.0,0.,0.0,15581.0,15016.,3.8,0.03045,0.03138,-3.0,0.832,278,474.,416.,0.012,-0.002,0,2490640.,901629,901630, , ,2023-05-08 07:50:01,True,False,False,3.575632786560583
2023-05-14,FHMRF,FHMRF,2023/05/14,08:46:29,CMA621,ZSPDLFPG,360,-28,45 N,29.8,248.6,26.0,18605.8,83.630,-0.17,-0.8,-0.6,13561.0,60454.0,59991.,59991.,0.0,0.,13457.,13457.0,0.,0.0,7498.,3.0,7498.0,4.6,0.0,0.0,0.,0.0,15563.0,14995.,3.8,0.03063,0.03159,-3.1,0.834,279,477.,403.,0.02,-0.014,0,2447664.,901629,901630, , ,2023-05-14 08:46:29,True,False,False,3.579283640828622
2023-05-16,FHMRF,FHMRF,2023/05/16,18:36:25,CMA602,LFPGVHHH,330,-16,42 N,35.0,270.3,30.0,18594.9,83.460,-0.315,-1.2,-1.0,14312.0,55349.0,54674.,54677.,0.0,0.,14138.,14138.0,0.,0.0,8114.,2.3,8113.0,2.9,0.0,0.0,0.,0.0,16655.0,16227.,2.6,0.0292,0.02968,-1.6,0.831,297,486.,504.,0.008,-0.013,0,2296854.,901629,901630, , ,2023-05-16 18:36:25,True,False,False,3.5826452811898553
2023-05-18,FHMRF,FHMRF,2023/05/18,08:28:52,CMA620,LFPGZSPD,330,-18,43 N,33.3,279.0,30.0,18602.7,83.980,-0.186,-0.8,-0.8,14764.0,57092.0,56621.,56627.,0.0,0.,14642.,14643.0,0.,0.0,8326.,2.9,8324.0,3.3,0.0,0.0,0.,0.0,17166.0,16651.,3.1,0.02831,0.02896,-2.3,0.833,298,486.,439.,0.005,0.014,0,2373386.,901629,901630, , ,2023-05-18 08:28:52,True,False,False,3.585709982003258
2023-05-19,FHMRF,FHMRF,2023/05/19,21:37:00,CMA602,LFPGVHHH,370,-26,41 N,34.4,233.8,30.0,18595.9,82.920,-0.413,-1.8,-1.5,12399.0,57994.0,56936.,56936.,0.0,0.,12173.,12173.0,0.,0.0,6867.,3.6,6867.0,4.8,0.0,0.0,0.,0.0,14316.0,13734.,4.2,0.03336,0.03423,-2.6,0.831,271,478.,558.,0.006,-0.009,0,2400225.,901629,901630, , ,2023-05-19 21:37:00,True,False,False,3.5884707019261426
2023-05-20,FHMRF,FHMRF,2023/05/20,02:30:35,CMA602,LFPGVHHH,391,-16,29 N,32.6,203.5,25.0,18596.5,83.870,-0.878,-3.9,-3.4,11134.0,57609.0,55385.,55385.,0.0,0.,10704.,10704.0,0.,0.0,6229.,3.7,6229.0,4.3,0.0,0.0,0.,0.0,12958.0,12459.,4.0,0.03762,0.03781,-0.5,0.833,259,487.,500.,0.018,-0.001,0,2313554.,901629,901630, , ,2023-05-20 02:30:35,True,False,False,3.5909211010222823
2023-05-21,FHMRF,FHMRF,2023/05/21,11:06:31,CMA620,LFPGZSPD,350,-22,46 N,31.8,257.2,30.0,18605.7,84.020,-0.245,-1.1,-0.9,13835.0,58796.0,58175.,58175.,0.0,0.,13689.,13689.0,0.,0.0,7733.,3.5,7733.0,4.0,0.0,0.0,0.,0.0,16043.0,15466.,3.7,0.02997,0.03081,-2.7,0.83,283,481.,529.,0.019,0.003,0,2402971.,901629,901630, , ,2023-05-21 11:06:31,True,False,False,3.593055555474542
2023-05-21,FHMRF,FHMRF,2023/05/21,15:28:10,CMA620,LFPGZSPD,371,-17,40 N,29.6,227.5,26.0,18612.7,83.600,-0.382,-1.6,-1.3,11891.0,55887.0,54969.,54973.,0.0,0.,11696.,11696.0,0.,0.0,6758.,3.7,6757.0,3.9,0.0,0.0,0.,0.0,14032.0,13515.,3.8,0.03464,0.03548,-2.4,0.831,270,486.,554.,-0.018,0.001,0,2346865.,901629,901630, , ,2023-05-21 15:28:10,True,False,False,3.594869169893021
2023-05-22,FHMRF,FHMRF,2023/05/22,04:58:24,CMA621,ZSPDLFPG,340,-19,47 N,32.7,263.3,30.0,18597.9,83.920,-0.259,-1.1,-0.9,14160.0,57393.0,56740.,56743.,0.0,0.,13999.,14000.0,0.,0.0,7992.,2.9,7991.0,3.5,0.0,0.0,0.,0.0,16492.0,15984.,3.2,0.02945,0.03011,-2.2,0.834,291,486.,420.,0.012,0.004,0,2358654.,901629,901630, , ,2023-05-22 04:58:24,True,False,False,3.5963577872156014
2023-05-22,FHMRF,FHMRF,2023/05/22,05:01:24,CMA621,ZSPDLFPG,340,-19,47 N,32.6,262.9,30.0,18595.4,84.080,-0.253,-1.1,-0.9,14248.0,57751.0,57113.,57116.,0.0,0.,14091.,14092.0,0.,0.0,8038.,2.9,8037.0,3.9,0.0,0.0,0.,0.0,16625.0,16075.,3.4,0.02918,0.02991,-2.4,0.833,291,485.,423.,0.02,0.008,0,2355261.,901629,901630, , ,2023-05-22 05:01:24,True,False,False,3.5975179962149046
2023-05-22,FHMRF,FHMRF,2023/05/22,09:57:27,CMA621,ZSPDLFPG,360,-28,49 N,31.0,228.8,26.0,18604.8,81.070,-0.366,-1.4,-1.2,12198.0,54376.0,53589.,53593.,0.0,0.,12021.,12022.0,0.,0.0,6760.,3.1,6759.0,4.0,0.0,0.0,0.,0.0,14002.0,13519.,3.6,0.03394,0.03474,-2.3,0.831,277,475.,489.,0.0,-0.012,0,2253602.,901629,901630, , ,2023-05-22 09:57:27,True,False,False,3.59834713663983
2023-05-22,FHMRF,FHMRF,2023/05/22,22:26:42,CMA602,LFPGVHHH,390,-32,41 N,30.3,196.8,26.0,18600.5,80.750,-0.371,-1.5,-1.1,10640.0,54788.0,53985.,53989.,0.0,0.,10484.,10485.0,0.,0.0,5895.,3.4,5894.0,4.0,0.0,0.0,0.,0.0,12229.0,11790.,3.7,0.03854,0.03954,-2.5,0.83,258,471.,538.,0.01,-0.002,0,2224318.,901629,901630, , ,2023-05-22 22:26:42,True,False,False,3.5988433020227846
2023-05-23,FHMRF,FHMRF,2023/05/23,01:56:50,CMA602,LFPGVHHH,411,-20,33 N,29.1,177.9,25.0,18603.2,83.195,-0.16,-0.7,-0.5,9776.0,55682.0,55258.,55284.,0.0,0.,9701.,9706.0,0.,0.0,5616.,3.5,5619.0,4.4,0.0,0.0,0.,0.0,11681.0,11235.,4.0,0.04132,0.04275,-3.3,0.831,247,483.,483.,0.01,0.035,0,2227018.,901629,901630, , ,2023-05-23 01:56:50,True,False,False,3.5990053401771602
2023-05-24,FHMRF,FHMRF,2023/05/24,12:42:23,CMA620,LFPGZSPD,390,-21,47 N,29.1,215.0,26.0,18605.8,84.470,-0.252,-1.1,-0.9,11542.0,59434.0,58783.,58786.,0.0,0.,11416.,11416.0,0.,0.0,6524.,3.5,6524.0,3.9,0.0,0.0,0.,0.0,13532.0,13048.,3.7,0.03576,0.03674,-2.7,0.834,260,484.,469.,-0.003,0.014,0,2433994.,901629,901630, , ,2023-05-24 12:42:23,True,False,False,3.598832851401827
2023-05-25,FHMRF,FHMRF,2023/05/25,08:52:10,CMA621,ZSPDLFPG,360,-28,47 N,29.8,238.2,26.0,18601.9,82.110,-0.439,-2.0,-1.6,12803.0,57070.0,55940.,55940.,0.0,0.,12549.,12549.0,0.,0.0,7045.,3.3,7045.0,4.5,0.0,0.0,0.,0.0,14640.0,14090.,3.9,0.03253,0.03325,-2.2,0.833,278,476.,465.,0.007,-0.003,0,2346286.,901629,901630, , ,2023-05-25 08:52:10,True,False,False,3.598326184408611
2023-05-25,FHMRF,FHMRF,2023/05/25,09:23:44,CMA621,ZSPDLFPG,360,-27,49 N,29.8,234.7,26.0,18601.9,82.510,-0.34,-1.5,-1.2,12889.0,57455.0,56584.,56584.,0.0,0.,12694.,12694.0,0.,0.0,7121.,3.7,7121.0,4.6,0.0,0.0,0.,0.0,14830.0,14242.,4.1,0.03206,0.03298,-2.8,0.83,277,475.,484.,0.029,-0.001,0,2312229.,901629,901630, , ,2023-05-25 09:23:44,True,False,False,3.597486429997942
2023-05-26,FHMRF,FHMRF,2023/05/26,19:15:46,CMA603,VHHHLFPG,360,-24,48 N,23.5,240.6,26.0,18625.4,83.320,-0.395,-1.7,-1.4,13119.0,58479.0,57472.,57472.,0.0,0.,12893.,12893.0,0.,0.0,7271.,3.1,7271.0,3.7,0.0,0.0,0.,0.0,15032.0,14541.,3.4,0.03188,0.03249,-1.9,0.832,278,479.,456.,0.009,-0.003,0,2369580.,901629,901630, , ,2023-05-26 19:15:46,True,False,False,3.596315412524847
2023-05-28,FHMRF,FHMRF,2023/05/28,03:44:10,CMA621,ZSPDLFPG,320,-19,48 N,32.4,284.6,26.0,18591.0,83.440,-0.339,-1.5,-1.4,15358.0,56691.0,55838.,55835.,0.0,0.,15127.,15126.0,0.,0.0,8558.,3.4,8559.0,4.0,0.0,0.0,0.,0.0,17750.0,17117.,3.7,0.02727,0.02788,-2.2,0.832,304,484.,478.,0.02,0.001,0,2322289.,901629,901630, , ,2023-05-28 03:44:10,True,False,False,3.5948156792185655
2023-05-28,FHMRF,FHMRF,2023/05/28,06:14:33,CMA621,ZSPDLFPG,340,-18,41 N,29.6,265.2,30.0,18600.7,84.140,-0.333,-1.4,-1.3,14303.0,57971.0,57135.,57132.,0.0,0.,14097.,14096.0,0.,0.0,8017.,3.6,8018.0,3.9,0.0,0.0,0.,0.0,16631.0,16035.,3.7,0.0292,0.02988,-2.3,0.833,291,486.,409.,0.012,-0.007,0,2374441.,901629,901630, , ,2023-05-28 06:14:33,True,False,False,3.592990487440413
2023-05-29,FHMRF,FHMRF,2023/05/29,19:15:48,CMA603,VHHHLFPG,360,-25,49 N,24.9,239.7,26.0,18621.5,83.270,-0.464,-2.0,-1.8,13195.0,58819.0,57628.,57640.,0.0,0.,12928.,12930.0,0.,0.0,7253.,3.5,7251.0,4.5,0.0,0.0,0.,0.0,15089.0,14504.,4.0,0.03169,0.03237,-2.1,0.831,277,478.,509.,0.022,0.010,0,2361675.,901629,901630, , ,2023-05-29 19:15:48,True,False,False,3.5908437899820824
2023-05-30,FHMRF,FHMRF,2023/05/30,16:01:59,CMA602,LFPGVHHH,350,-21,48 N,31.8,261.0,28.0,18606.1,83.880,-0.105,-0.5,-0.3,13650.0,58009.0,57742.,57742.,0.0,0.,13587.,13587.0,0.,0.0,7702.,2.7,7702.0,3.3,0.0,0.0,0.,0.0,15867.0,15405.,3.0,0.03041,0.03123,-2.6,0.833,285,483.,449.,-0.011,-0.014,0,2440809.,901629,901630, , ,2023-05-30 16:01:59,True,False,False,3.5883802185187785
2023-05-30,FHMRF,FHMRF,2023/05/30,22:33:25,CMA602,LFPGVHHH,391,-27,41 N,30.9,217.1,30.0,18602.0,83.690,-0.47,-2.1,-1.8,11748.0,60786.0,59504.,59504.,0.0,0.,11500.,11500.0,0.,0.0,6486.,3.4,6486.0,3.8,0.0,0.0,0.,0.0,13435.0,12971.,3.6,0.03551,0.03613,-1.7,0.833,259,477.,514.,0.012,0.000,0,2467264.,901629,901630, , ,2023-05-30 22:33:25,True,False,False,3.585605065340368
2023-05-31,FHMRF,FHMRF,2023/05/31,01:27:47,CMA602,LFPGVHHH,391,-18,34 N,30.0,200.2,24.0,18605.9,83.030,-0.838,-3.4,-3.0,10861.0,56195.0,54257.,54257.,0.0,0.,10486.,10486.0,0.,0.0,6087.,3.4,6087.0,3.9,0.0,0.0,0.,0.0,12623.0,12173.,3.7,0.03856,0.03879,-0.6,0.835,260,487.,488.,0.003,-0.026,0,2279624.,901629,901630, , ,2023-05-31 01:27:47,True,False,False,3.5825242634901797
2023-06-01,FHMRF,FHMRF,2023/06/01,07:25:15,CMA620,LFPGZSPD,350,-26,45 N,33.2,258.4,29.0,18599.2,83.140,-0.428,-1.9,-1.6,13808.0,58681.0,57586.,57582.,0.0,0.,13550.,13549.0,0.,0.0,7611.,3.4,7611.0,3.9,0.0,0.0,0.,0.0,15778.0,15222.,3.7,0.03034,0.03094,-2.0,0.833,285,479.,484.,0.013,-0.014,0,2415076.,901629,901630, , ,2023-06-01 07:25:15,True,False,False,3.5791443654427977
2023-06-02,FHMRF,FHMRF,2023/06/02,09:35:49,CMA621,ZSPDLFPG,360,-27,49 N,29.0,238.2,26.0,18602.9,82.330,-0.458,-2.1,-1.7,12827.0,57177.0,56001.,56001.,0.0,0.,12563.,12563.0,0.,0.0,7077.,3.0,7077.0,4.4,0.0,0.0,0.,0.0,14679.0,14154.,3.7,0.03252,0.03316,-1.9,0.833,278,477.,483.,0.007,-0.004,0,2346458.,901629,901630, , ,2023-06-02 09:35:49,True,False,False,3.575472520448985
2023-06-02,FHMRF,FHMRF,2023/06/02,16:13:40,CMA602,LFPGVHHH,370,-28,48 N,32.9,242.5,30.0,18599.5,83.900,-0.168,-0.8,-0.6,13070.0,61132.0,60673.,60673.,0.0,0.,12972.,12972.0,0.,0.0,7238.,3.1,7238.0,3.6,0.0,0.0,0.,0.0,14960.0,14476.,3.3,0.03175,0.03263,-2.7,0.831,271,475.,470.,0.017,-0.006,0,2494416.,901629,901630, , ,2023-06-02 16:13:40,True,False,False,3.571516450672829
2023-06-03,FHMRF,FHMRF,2023/06/03,19:32:27,CMA603,VHHHLFPG,360,-25,49 N,23.4,238.5,26.0,18605.8,82.950,-0.319,-1.4,-1.2,12934.0,57654.0,56840.,56836.,0.0,0.,12751.,12750.0,0.,0.0,7189.,3.6,7190.0,4.2,0.0,0.0,0.,0.0,14941.0,14379.,3.9,0.03207,0.03293,-2.6,0.833,278,479.,440.,0.002,-0.002,0,2350164.,901629,901630, , ,2023-06-03 19:32:27,True,False,False,3.5672844262477064
2023-06-04,FHMRF,FHMRF,2023/06/04,16:08:36,CMA620,LFPGZSPD,391,-18,41 N,30.6,201.2,25.0,18609.8,83.730,-0.352,-1.6,-1.3,10916.0,56477.0,55580.,55584.,0.0,0.,10742.,10743.0,0.,0.0,6218.,3.7,6217.0,4.1,0.0,0.0,0.,0.0,12920.0,12435.,3.9,0.0375,0.03847,-2.5,0.83,258,484.,583.,0.011,0.026,0,2283982.,901629,901630, , ,2023-06-04 16:08:36,True,False,False,3.5627852393822628
2023-06-05,FHMRF,FHMRF,2023/06/05,00:50:46,CMA621,ZSPDLFPG,321,-13,42 N,32.0,307.8,30.0,18621.4,86.400,-0.267,-1.1,-1.0,16507.0,61217.0,60521.,60518.,0.0,0.,16319.,16318.0,0.,0.0,9350.,2.7,9351.0,3.2,0.0,0.0,0.,0.0,19253.0,18702.,2.9,0.02547,0.02596,-1.9,0.832,303,490.,436.,0.004,0.000,0,2523517.,901629,901630, , ,2023-06-05 00:50:46,True,False,False,3.5580281776525786
2023-06-07,FHMRF,FHMRF,2023/06/07,13:46:57,CMA620,LFPGZSPD,371,-21,44 N,30.6,218.1,26.0,18603.1,82.790,-0.394,-1.6,-1.3,11817.0,55538.0,54649.,54649.,0.0,0.,11628.,11628.0,0.,0.0,6655.,3.6,6655.0,4.2,0.0,0.0,0.,0.0,13828.0,13311.,3.9,0.03483,0.03571,-2.5,0.83,270,482.,498.,0.014,0.005,0,2252934.,901629,901630, , ,2023-06-07 13:46:57,True,False,False,3.5530229966219444
2023-06-07,FHMRF,FHMRF,2023/06/07,14:55:20,CMA620,LFPGZSPD,391,-22,41 N,30.5,211.0,25.0,18603.1,84.280,-0.495,-2.2,-1.8,11580.0,59917.0,58617.,58617.,0.0,0.,11329.,11329.0,0.,0.0,6473.,3.6,6473.0,3.6,0.0,0.0,0.,0.0,13410.0,12946.,3.6,0.0359,0.03651,-1.7,0.831,258,481.,530.,0.025,0.003,0,2397680.,901629,901630, , ,2023-06-07 14:55:20,True,False,False,3.5477798919351446
2023-06-08,FHMRF,FHMRF,2023/06/08,06:34:44,CMA621,ZSPDLFPG,340,-20,42 N,30.8,261.4,30.0,18601.7,83.420,-0.2,-0.9,-0.7,13949.0,56536.0,56027.,56034.,0.0,0.,13824.,13825.0,0.,0.0,7865.,2.8,7864.0,3.4,0.0,0.0,0.,0.0,16222.0,15729.,3.1,0.02976,0.03048,-2.4,0.831,290,483.,458.,0.006,0.000,0,2341328.,901629,901630, , ,2023-06-08 06:34:44,True,False,False,3.5423094710370786
2023-06-08,FHMRF,FHMRF,2023/06/08,06:58:31,CMA621,ZSPDLFPG,340,-19,42 N,30.7,258.5,25.0,18600.7,83.200,-0.34,-1.5,-1.2,13772.0,55816.0,54997.,55004.,0.0,0.,13570.,13571.0,0.,0.0,7754.,3.0,7752.0,4.1,0.0,0.0,0.,0.0,16053.0,15506.,3.5,0.03014,0.03084,-2.3,0.831,290,484.,467.,0.003,-0.005,0,2315253.,901629,901630, , ,2023-06-08 06:58:31,True,False,False,3.5366227246646598
2023-06-08,FHMRF,FHMRF,2023/06/08,16:13:05,CMA602,LFPGVHHH,350,-19,48 N,31.7,257.9,30.0,18598.4,84.380,-0.222,-1.0,-0.8,13750.0,58433.0,57868.,57876.,0.0,0.,13617.,13619.0,0.,0.0,7741.,2.8,7739.0,3.4,0.0,0.0,0.,0.0,15956.0,15479.,3.1,0.03031,0.03098,-2.2,0.83,283,484.,547.,0.009,0.031,0,2409458.,901629,901630, , ,2023-06-08 16:13:05,True,False,False,3.5307309982572117
2023-06-10,FHMRF,FHMRF,2023/06/10,06:02:59,CMA620,LFPGZSPD,310,-12,48 N,30.6,308.1,28.0,18606.7,85.210,-0.178,-0.8,-0.7,16373.0,57716.0,57277.,57270.,0.0,0.,16249.,16247.0,0.,0.0,9286.,3.4,9288.0,3.9,0.0,0.0,0.,0.0,19253.0,18575.,3.7,0.02539,0.02612,-2.8,0.828,309,489.,491.,0.008,0.010,0,2390146.,901629,901630, , ,2023-06-10 06:02:59,True,False,False,3.5246459634232554
2023-06-10,FHMRF,FHMRF,2023/06/10,11:15:26,CMA620,LFPGZSPD,330,-15,47 N,31.7,266.1,30.0,18609.5,83.520,-0.536,-2.1,-1.9,14364.0,55549.0,54398.,54393.,0.0,0.,14066.,14065.0,0.,0.0,8063.,2.7,8064.0,3.3,0.0,0.0,0.,0.0,16616.0,16127.,3.0,0.02928,0.02961,-1.1,0.829,296,487.,553.,0.022,-0.012,0,2262059.,901629,901630, , ,2023-06-10 11:15:26,True,False,False,3.518379589589124
2023-06-10,FHMRF,FHMRF,2023/06/10,11:26:09,CMA620,LFPGZSPD,330,-15,47 N,31.6,264.8,30.0,18605.8,83.000,-0.13,-0.5,-0.3,13851.0,53563.0,53294.,53294.,0.0,0.,13782.,13782.0,0.,0.0,7936.,2.5,7936.0,3.6,0.0,0.0,0.,0.0,16355.0,15872.,3.0,0.02975,0.03055,-2.6,0.829,296,487.,548.,-0.008,0.011,0,2250866.,901629,901630, , ,2023-06-10 11:26:09,True,False,False,3.511944115938548
2023-06-11,FHMRF,FHMRF,2023/06/11,06:48:48,CMA621,ZSPDLFPG,340,-17,42 N,28.1,260.7,25.0,18607.4,83.715,-0.29,-1.3,-1.1,13868.0,56208.0,55465.,55493.,0.0,0.,13685.,13692.0,0.,0.0,7850.,2.8,7852.0,3.6,0.0,0.0,0.,0.0,16206.0,15702.,3.2,0.03004,0.03067,-2.1,0.833,291,487.,458.,-0.005,0.019,0,2335105.,901629,901630, , ,2023-06-11 06:48:48,True,False,False,3.505352023734254
2023-06-13,FHMRF,FHMRF,2023/06/13,19:31:20,CMA602,LFPGVHHH,330,-17,43 N,33.0,272.0,30.0,18615.0,83.870,-0.17,-0.8,-0.6,14578.0,56375.0,55949.,55949.,0.0,0.,14467.,14467.0,0.,0.0,8250.,3.2,8250.0,3.7,0.0,0.0,0.,0.0,17076.0,16500.,3.5,0.02841,0.02922,-2.8,0.83,296,485.,498.,0.019,-0.007,0,2311971.,901629,901630, , ,2023-06-13 19:31:20,True,False,False,3.4986160090913825
2023-06-15,FHMRF,FHMRF,2023/06/15,15:29:35,CMA620,LFPGZSPD,391,-25,41 N,27.9,190.5,24.0,18622.1,81.005,-0.359,-1.4,-1.1,10276.0,53170.0,52411.,52389.,0.0,0.,10129.,10125.0,0.,0.0,5791.,2.8,5789.0,3.6,0.0,0.0,0.,0.0,11956.0,11580.,3.2,0.04005,0.04087,-2.0,0.833,259,479.,476.,-0.009,-0.023,0,2165016.,901629,901630, , ,2023-06-15 15:29:35,True,False,False,3.491748956246252
2023-06-16,FHMRF,FHMRF,2023/06/16,03:13:07,CMA621,ZSPDLFPG,320,-13,48 N,34.6,289.7,25.0,18617.2,84.080,-0.462,-2.0,-1.7,15189.0,56066.0,54967.,54967.,0.0,0.,14891.,14891.0,0.,0.0,8589.,2.7,8589.0,3.6,0.0,0.0,0.,0.0,17725.0,17179.,3.2,0.02769,0.02809,-1.4,0.834,305,491.,418.,-0.008,0.015,0,2364107.,901629,901630, , ,2023-06-16 03:13:07,True,False,False,3.484763911335593
2023-06-16,FHMRF,FHMRF,2023/06/16,19:06:12,CMA602,LFPGVHHH,350,-18,42 N,35.5,243.3,30.0,18617.4,83.090,-0.365,-1.4,-1.1,12948.0,55025.0,54262.,54259.,0.0,0.,12768.,12767.0,0.,0.0,7327.,2.9,7328.0,4.2,0.0,0.0,0.,0.0,15177.0,14656.,3.6,0.03194,0.0327,-2.3,0.83,283,485.,505.,0.008,-0.006,0,2271519.,901629,901630, , ,2023-06-16 19:06:12,True,False,False,3.477674056676135
2023-06-17,FHMRF,FHMRF,2023/06/17,16:09:53,CMA603,VHHHLFPG,340,-13,42 N,28.5,261.9,29.0,18614.8,85.140,-0.372,-1.6,-1.3,14397.0,58352.0,57425.,57425.,0.0,0.,14168.,14168.0,0.,0.0,8182.,3.0,8182.0,3.5,0.0,0.0,0.,0.0,16895.0,16364.,3.2,0.02903,0.02958,-1.9,0.833,291,491.,440.,0.025,0.008,0,2346045.,901629,901630, , ,2023-06-17 16:09:53,True,False,False,3.4704926855142566
2023-06-18,FHMRF,FHMRF,2023/06/18,06:06:46,CMA620,LFPGZSPD,330,-17,49 N,32.6,262.2,28.0,18616.5,83.190,-0.205,-0.8,-0.6,14107.0,54553.0,54131.,54131.,0.0,0.,13998.,13998.0,0.,0.0,7973.,3.7,7973.0,4.3,0.0,0.0,0.,0.0,16584.0,15946.,4.0,0.029,0.02997,-3.3,0.821,293,481.,521.,0.022,0.001,0,2229958.,901629,901630, , ,2023-06-18 06:06:46,True,False,False,3.463233177199138
2023-06-18,FHMRF,FHMRF,2023/06/18,16:56:32,CMA620,LFPGZSPD,391,-18,34 N,30.4,192.5,24.0,18614.2,83.210,-0.502,-2.0,-1.6,10742.0,55580.0,54455.,54459.,0.0,0.,10524.,10525.0,0.,0.0,6096.,3.2,6096.0,4.2,0.0,0.0,0.,0.0,12641.0,12192.,3.7,0.03828,0.03903,-1.9,0.829,258,484.,486.,0.029,0.002,0,2190373.,901629,901630, , ,2023-06-18 16:56:32,True,False,False,3.455908972720744
2023-06-19,FHMRF,FHMRF,2023/06/19,00:58:27,CMA621,ZSPDLFPG,321,-10,42 N,32.3,307.1,30.0,18616.0,87.370,0.037,0.2,0.3,16678.0,61847.0,61941.,61941.,0.0,0.,16703.,16703.0,0.,0.0,9606.,3.3,9606.0,3.5,0.0,0.0,0.,0.0,19863.0,19211.,3.4,0.02475,0.02565,-3.5,0.83,303,492.,458.,0.018,0.002,0,2517717.,901629,901630, , ,2023-06-19 00:58:27,True,False,False,3.448533550549166
2023-06-19,FHMRF,FHMRF,2023/06/19,06:30:01,CMA621,ZSPDLFPG,340,-12,42 N,31.3,262.5,29.0,18616.2,84.990,-0.256,-1.1,-0.9,14107.0,57176.0,56539.,56539.,0.0,0.,13949.,13949.0,0.,0.0,8094.,2.9,8094.0,3.5,0.0,0.0,0.,0.0,16705.0,16187.,3.2,0.02947,0.03015,-2.2,0.834,292,492.,417.,0.007,0.004,0,2350504.,901629,901630, , ,2023-06-19 06:30:01,True,False,False,3.4411204027165896
2023-06-19,FHMRF,FHMRF,2023/06/19,06:46:47,CMA621,ZSPDLFPG,340,-13,42 N,31.2,260.4,30.0,18616.2,84.770,-0.732,-3.1,-2.7,14352.0,58168.0,56347.,56347.,0.0,0.,13903.,13903.0,0.,0.0,8048.,2.9,8048.0,3.5,0.0,0.0,0.,0.0,16610.0,16095.,3.2,0.02955,0.02967,-0.4,0.833,291,491.,428.,0.031,0.025,0,2331680.,901629,901630, , ,2023-06-19 06:46:47,True,False,False,3.433683011094584
2023-06-19,FHMRF,FHMRF,2023/06/19,17:11:27,CMA602,LFPGVHHH,350,-20,45 N,31.9,252.4,29.0,18617.0,83.880,-0.238,-1.0,-0.9,13573.0,57681.0,57074.,57081.,0.0,0.,13430.,13432.0,0.,0.0,7616.,3.3,7614.0,3.9,0.0,0.0,0.,0.0,15778.0,15229.,3.6,0.03062,0.03142,-2.6,0.831,284,483.,502.,0.017,0.007,0,2358162.,901629,901630, , ,2023-06-19 17:11:27,True,False,False,3.4262348238293745
2023-06-19,FHMRF,FHMRF,2023/06/19,17:14:22,CMA602,LFPGVHHH,350,-20,45 N,32.0,252.0,29.0,18621.0,83.745,-0.459,-2.0,-1.8,13606.0,57823.0,56670.,56652.,0.0,0.,13335.,13331.0,0.,0.0,7568.,3.4,7563.0,4.0,0.0,0.0,0.,0.0,15689.0,15130.,3.7,0.03081,0.03136,-1.8,0.831,284,483.,505.,0.021,-0.015,0,2354791.,901629,901630, , ,2023-06-19 17:14:22,True,False,False,3.4187892318994146
2023-06-19,FHMRF,FHMRF,2023/06/19,20:03:27,CMA602,LFPGVHHH,370,-10,41 N,31.5,232.5,30.0,18612.4,86.190,-0.015,-0.1,-0.0,12547.0,58686.0,58643.,58651.,0.0,0.,12538.,12539.0,0.,0.0,7278.,3.3,7277.0,4.2,0.0,0.0,0.,0.0,15100.0,14555.,3.7,0.03247,0.03368,-3.6,0.827,270,490.,598.,0.015,0.014,0,2386432.,901629,901630, , ,2023-06-19 20:03:27,True,False,False,3.411359545754654
2023-06-19,FHMRF,FHMRF,2023/06/19,20:35:32,CMA602,LFPGVHHH,370,-8,41 N,30.8,229.0,30.0,18612.4,85.360,-0.414,-1.8,-1.5,12137.0,56767.0,55744.,55740.,0.0,0.,11918.,11917.0,0.,0.0,7003.,3.9,7004.0,3.9,0.0,0.0,0.,0.0,14560.0,14008.,3.9,0.03388,0.03468,-2.3,0.829,270,493.,604.,-0.004,-0.015,0,2349846.,901629,901630, , ,2023-06-19 20:35:32,True,False,False,3.4039589719940393
2023-06-19,FHMRF,FHMRF,2023/06/19,20:54:17,CMA602,LFPGVHHH,370,-8,41 N,30.5,226.9,30.0,18612.4,85.550,-0.124,-0.5,-0.4,12111.0,56646.0,56341.,56337.,0.0,0.,12045.,12045.0,0.,0.0,7063.,3.7,7064.0,4.0,0.0,0.0,0.,0.0,14672.0,14126.,3.9,0.03356,0.03473,-3.4,0.828,270,492.,606.,0.002,-0.013,0,2328692.,901629,901630, , ,2023-06-19 20:54:17,True,False,False,3.396600590044799
2023-06-19,FHMRF,FHMRF,2023/06/19,20:58:13,CMA602,LFPGVHHH,370,-8,41 N,30.4,226.5,30.0,18611.1,84.880,-0.413,-1.7,-1.4,11921.0,55758.0,54818.,54814.,0.0,0.,11720.,11719.0,0.,0.0,6895.,3.3,6896.0,3.8,0.0,0.0,0.,0.0,14280.0,13791.,3.5,0.03455,0.03527,-2.0,0.83,271,493.,605.,-0.012,-0.039,0,2324283.,901629,901630, , ,2023-06-19 20:58:13,True,False,False,3.389297328825902
2023-06-19,FHMRF,FHMRF,2023/06/19,21:12:38,CMA602,LFPGVHHH,370,-9,41 N,30.2,224.9,30.0,18612.4,84.930,-0.637,-2.7,-2.4,12085.0,56527.0,54996.,54993.,0.0,0.,11758.,11757.0,0.,0.0,6907.,3.1,6908.0,3.9,0.0,0.0,0.,0.0,14298.0,13814.,3.5,0.03445,0.03482,-1.0,0.829,270,493.,599.,0.007,-0.049,0,2308373.,901629,901630, , ,2023-06-19 21:12:38,True,False,False,3.382061943405978
2023-06-20,FHMRF,FHMRF,2023/06/20,14:59:05,CMA603,VHHHLFPG,340,-17,44 N,26.3,271.3,29.0,18605.6,84.620,-0.435,-1.9,-1.6,14527.0,58880.0,57786.,57790.,0.0,0.,14257.,14258.0,0.,0.0,8158.,2.8,8157.0,3.7,0.0,0.0,0.,0.0,16851.0,16315.,3.3,0.02892,0.0294,-1.6,0.834,291,487.,436.,-0.004,-0.012,0,2429963.,901629,901630, , ,2023-06-20 14:59:05,True,False,False,3.37490699169747
2023-06-21,FHMRF,FHMRF,2023/06/21,09:00:39,CMA620,LFPGZSPD,350,-20,42 N,32.7,240.3,24.0,18606.6,82.850,-0.505,-2.1,-1.9,13177.0,55998.0,54821.,54817.,0.0,0.,12900.,12899.0,0.,0.0,7316.,3.6,7316.0,4.5,0.0,0.0,0.,0.0,15223.0,14632.,4.0,0.03163,0.03227,-2.0,0.829,283,481.,486.,0.034,-0.016,0,2243983.,901629,901630, , ,2023-06-21 09:00:39,True,False,False,3.3678448112571906
2023-06-22,FHMRF,FHMRF,2023/06/22,03:55:58,CMA621,ZSPDLFPG,340,-19,47 N,31.9,280.7,25.0,18625.2,85.320,-0.013,-0.1,0.1,14851.0,60191.0,60156.,60156.,0.0,0.,14842.,14842.0,0.,0.0,8429.,2.7,8429.0,3.5,0.0,0.0,0.,0.0,17384.0,16857.,3.1,0.02792,0.02882,-3.1,0.833,291,485.,402.,-0.007,-0.006,0,2514511.,901629,901630, , ,2023-06-22 03:55:58,True,False,False,3.3608874962845623
2023-06-22,FHMRF,FHMRF,2023/06/22,04:19:56,CMA621,ZSPDLFPG,340,-16,47 N,31.2,277.6,30.0,18633.1,85.000,-0.228,-1.0,-0.7,14529.0,58889.0,58318.,58318.,0.0,0.,14388.,14388.0,0.,0.0,8238.,2.9,8238.0,4.0,0.0,0.0,0.,0.0,17047.0,16476.,3.5,0.02864,0.02941,-2.6,0.834,292,488.,393.,-0.017,-0.006,0,2486432.,901629,901630, , ,2023-06-22 04:19:56,True,False,False,3.3540468749239993
2023-06-23,FHMRF,FHMRF,2023/06/23,13:57:38,CMA603,VHHHLFPG,320,3,41 N,32.0,280.2,24.0,18622.7,86.440,-0.549,-2.1,-1.9,15107.0,55764.0,54571.,54574.,0.0,0.,14784.,14785.0,0.,0.0,8841.,3.2,8840.0,4.1,0.0,0.0,0.,0.0,18320.0,17682.,3.6,0.02761,0.02808,-1.7,0.834,305,506.,414.,0.008,-0.026,0,2285778.,901629,901630, , ,2023-06-23 13:57:38,True,False,False,3.3473344869910426
2023-06-23,FHMRF,FHMRF,2023/06/23,14:00:44,CMA603,VHHHLFPG,320,3,41 N,31.9,279.8,24.0,18622.7,86.495,-0.304,-1.1,-0.9,14989.0,55330.0,54687.,54717.,0.0,0.,14815.,14823.0,0.,0.0,8862.,2.8,8862.0,3.2,0.0,0.0,0.,0.0,18259.0,17724.,3.0,0.0277,0.02827,-2.0,0.834,305,506.,414.,0.001,0.027,0,2282278.,901629,901630, , ,2023-06-23 14:00:44,True,False,False,3.3407615622541558
2023-06-23,FHMRF,FHMRF,2023/06/23,14:56:32,CMA603,VHHHLFPG,320,2,40 N,30.5,272.2,28.0,18622.7,85.190,-0.452,-1.7,-1.4,14440.0,53301.0,52387.,52396.,0.0,0.,14192.,14195.0,0.,0.0,8511.,2.2,8509.0,3.1,0.0,0.0,0.,0.0,17470.0,17020.,2.6,0.02893,0.02927,-1.2,0.835,305,505.,414.,-0.014,0.003,0,2219936.,901629,901630, , ,2023-06-23 14:56:32,True,False,False,3.3343389994136046
2023-06-23,FHMRF,FHMRF,2023/06/23,14:58:21,CMA603,VHHHLFPG,320,2,40 N,30.4,271.9,28.0,18622.7,85.470,-0.225,-0.8,-0.6,14467.0,53403.0,52945.,52954.,0.0,0.,14343.,14345.0,0.,0.0,8588.,2.5,8585.0,3.2,0.0,0.0,0.,0.0,17663.0,17173.,2.9,0.02858,0.02921,-2.1,0.834,305,505.,413.,-0.01,-0.023,0,2218058.,901629,901630, , ,2023-06-23 14:58:21,True,False,False,3.3280773459226576
2023-06-23,FHMRF,FHMRF,2023/06/23,15:46:42,CMA603,VHHHLFPG,320,-1,40 N,29.7,265.5,28.0,18626.6,84.840,-0.274,-1.0,-0.8,14397.0,53141.0,52582.,52592.,0.0,0.,14245.,14248.0,0.,0.0,8479.,2.1,8476.0,2.7,0.0,0.0,0.,0.0,17365.0,16955.,2.4,0.02892,0.02937,-1.5,0.834,304,502.,413.,0.002,-0.002,0,2165429.,901629,901630, , ,2023-06-23 15:46:42,True,False,False,3.321986778789359
2023-06-23,FHMRF,FHMRF,2023/06/23,18:29:25,CMA603,VHHHLFPG,340,-16,44 N,28.5,245.2,25.0,18623.4,83.110,-0.426,-1.6,-1.3,13458.0,54548.0,53659.,53668.,0.0,0.,13239.,13241.0,0.,0.0,7624.,2.7,7621.0,3.2,0.0,0.0,0.,0.0,15698.0,15245.,3.0,0.03096,0.03146,-1.6,0.829,289,486.,484.,0.022,-0.009,0,2195404.,901629,901630, , ,2023-06-23 18:29:25,True,False,False,3.316077086473903
2023-06-25,FHMRF,FHMRF,2023/06/25,05:33:48,CMA621,ZSPDLFPG,340,-12,41 N,29.0,267.5,30.0,18612.4,85.180,-0.321,-1.4,-1.1,14277.0,57866.0,57069.,57069.,0.0,0.,14081.,14081.0,0.,0.0,8153.,3.3,8153.0,3.9,0.0,0.0,0.,0.0,16895.0,16305.,3.6,0.02906,0.02978,-2.4,0.832,291,491.,463.,-0.001,0.017,0,2395784.,901629,901630, , ,2023-06-25 05:33:48,True,False,False,3.3103576519574807
2023-06-25,FHMRF,FHMRF,2023/06/25,05:34:11,CMA621,ZSPDLFPG,340,-12,41 N,29.0,267.5,30.0,18612.4,85.260,-0.267,-1.1,-0.9,14298.0,57950.0,57287.,57287.,0.0,0.,14135.,14135.0,0.,0.0,8180.,3.0,8180.0,3.6,0.0,0.0,0.,0.0,16895.0,16361.,3.3,0.02906,0.02974,-2.3,0.832,291,491.,463.,0.0,0.046,0,2395344.,901629,901630, , ,2023-06-25 05:34:11,True,False,False,3.3048374370117393
2023-06-25,FHMRF,FHMRF,2023/06/25,06:10:24,CMA621,ZSPDLFPG,340,-15,41 N,28.6,262.9,30.0,18612.4,84.070,-0.472,-2.1,-1.8,13974.0,56638.0,55458.,55458.,0.0,0.,13683.,13683.0,0.,0.0,7893.,3.2,7893.0,3.6,0.0,0.0,0.,0.0,16323.0,15787.,3.4,0.02995,0.03042,-1.5,0.833,291,489.,468.,-0.005,0.002,0,2354621.,901629,901630, , ,2023-06-25 06:10:24,True,False,False,3.299524967656605
2023-06-25,FHMRF,FHMRF,2023/06/25,19:29:37,CMA602,LFPGVHHH,350,-9,42 N,32.3,261.3,30.0,18615.0,86.270,-0.274,-1.1,-0.9,13968.0,59361.0,58679.,58683.,0.0,0.,13807.,13808.0,0.,0.0,8026.,3.0,8025.0,3.6,0.0,0.0,0.,0.0,16578.0,16051.,3.3,0.0297,0.03039,-2.3,0.83,283,492.,540.,0.01,0.011,0,2438932.,901629,901630, , ,2023-06-25 19:29:37,True,False,False,3.294428320768542
2023-06-25,FHMRF,FHMRF,2023/06/25,19:33:06,CMA602,LFPGVHHH,350,-9,42 N,32.4,260.9,30.0,18615.0,86.170,-0.311,-1.3,-1.1,13930.0,59201.0,58428.,58431.,0.0,0.,13748.,13749.0,0.,0.0,7994.,2.7,7994.0,3.6,0.0,0.0,0.,0.0,16485.0,15988.,3.1,0.02987,0.03047,-2.0,0.83,283,492.,542.,0.009,0.020,0,2434832.,901629,901630, , ,2023-06-25 19:33:06,True,False,False,3.289555111792774
2023-06-25,FHMRF,FHMRF,2023/06/25,20:15:11,CMA602,LFPGVHHH,350,-11,41 N,31.0,255.7,24.0,18613.3,85.550,-0.318,-1.4,-1.1,13719.0,58302.0,57510.,57514.,0.0,0.,13533.,13534.0,0.,0.0,7850.,3.0,7849.0,3.6,0.0,0.0,0.,0.0,16222.0,15699.,3.3,0.03027,0.03093,-2.1,0.83,283,491.,536.,0.012,0.025,0,2386168.,901629,901630, , ,2023-06-25 20:15:11,True,False,False,3.284912483514197
2023-06-25,FHMRF,FHMRF,2023/06/25,21:22:31,CMA602,LFPGVHHH,350,-16,41 N,29.4,247.7,30.0,18609.5,84.610,-0.139,-0.6,-0.4,13506.0,57400.0,57050.,57053.,0.0,0.,13424.,13425.0,0.,0.0,7703.,3.3,7702.0,3.9,0.0,0.0,0.,0.0,15956.0,15405.,3.6,0.03043,0.03138,-3.0,0.828,283,486.,534.,0.027,0.002,0,2311794.,901629,901630, , ,2023-06-25 21:22:31,True,False,False,3.280507095844036
2023-06-26,FHMRF,FHMRF,2023/06/26,00:06:28,CMA602,LFPGVHHH,371,-14,40 N,27.3,228.9,24.0,18616.3,84.135,-0.625,-2.8,-2.4,12092.0,56833.0,55252.,55281.,0.0,0.,11756.,11762.0,0.,0.0,6825.,3.3,6827.0,4.2,0.0,0.0,0.,0.0,14165.0,13653.,3.8,0.03448,0.03492,-1.3,0.831,270,488.,584.,-0.012,-0.018,0,2360926.,901629,901630, , ,2023-06-26 00:06:28,True,False,False,3.2763451165796096
2023-06-26,FHMRF,FHMRF,2023/06/26,14:32:46,CMA603,VHHHLFPG,320,0,40 N,32.0,270.1,28.0,18611.1,85.390,-0.211,-0.8,-0.6,14562.0,53752.0,53329.,53326.,0.0,0.,14447.,14447.0,0.,0.0,8598.,2.9,8598.0,3.4,0.0,0.0,0.,0.0,17739.0,17196.,3.2,0.02828,0.02899,-2.5,0.831,303,502.,443.,0.006,0.013,0,2203049.,901629,901630, , ,2023-06-26 14:32:46,True,False,False,3.2724322130958963
2023-06-26,FHMRF,FHMRF,2023/06/26,14:35:46,CMA603,VHHHLFPG,320,0,40 N,32.0,269.7,28.0,18611.1,85.510,-0.016,-0.1,0.1,14522.0,53608.0,53577.,53574.,0.0,0.,14514.,14513.0,0.,0.0,8628.,2.7,8629.0,3.7,0.0,0.0,0.,0.0,17811.0,17256.,3.2,0.02813,0.02905,-3.2,0.83,303,501.,445.,0.006,-0.004,0,2199853.,901629,901630, , ,2023-06-26 14:35:46,True,False,False,3.268773544935578
2023-06-27,FHMRF,FHMRF,2023/06/27,18:20:15,CMA602,LFPGVHHH,350,-12,43 N,32.4,253.4,29.0,18614.4,85.140,-0.334,-1.4,-1.2,13634.0,57940.0,57104.,57112.,0.0,0.,13437.,13439.0,0.,0.0,7774.,3.2,7772.0,3.5,0.0,0.0,0.,0.0,16063.0,15547.,3.3,0.03048,0.03112,-2.0,0.83,283,490.,518.,0.017,-0.005,0,2366295.,901629,901630, , ,2023-06-27 18:20:15,True,False,False,3.2653737572795722
2023-06-27,FHMRF,FHMRF,2023/06/27,23:40:07,CMA602,LFPGVHHH,371,-10,39 N,27.9,217.3,24.0,18612.4,83.965,-0.471,-1.8,-1.5,11577.0,54409.0,53442.,53429.,0.0,0.,11371.,11368.0,0.,0.0,6687.,2.5,6683.0,3.7,0.0,0.0,0.,0.0,13787.0,13371.,3.1,0.03568,0.03625,-1.6,0.83,270,492.,550.,-0.009,0.014,0,2242226.,901629,901630, , ,2023-06-27 23:40:07,True,False,False,3.2622369752963305
2023-06-28,FHMRF,FHMRF,2023/06/28,01:49:25,CMA602,LFPGVHHH,391,-18,26 N,27.5,204.0,24.0,18612.4,84.060,-0.197,-0.9,-0.6,11006.0,56945.0,56439.,56448.,0.0,0.,10908.,10910.0,0.,0.0,6316.,3.0,6315.0,4.0,0.0,0.0,0.,0.0,13079.0,12631.,3.5,0.03716,0.03825,-2.8,0.833,259,486.,466.,-0.001,0.017,0,2316736.,901629,901630, , ,2023-06-28 01:49:25,True,False,False,3.259366799378169
2023-06-28,FHMRF,FHMRF,2023/06/28,02:10:18,CMA602,LFPGVHHH,391,-18,24 N,27.4,201.9,24.0,18612.4,84.265,-0.355,-1.6,-1.2,11180.0,57849.0,56955.,56939.,0.0,0.,11008.,11004.0,0.,0.0,6369.,3.3,6365.0,4.0,0.0,0.0,0.,0.0,13200.0,12735.,3.7,0.03683,0.0377,-2.3,0.833,259,486.,448.,0.024,-0.002,0,2291075.,901629,901630, , ,2023-06-28 02:10:18,True,False,False,3.2567663012756705
2023-06-28,FHMRF,FHMRF,2023/06/28,14:54:25,CMA603,VHHHLFPG,300,2,40 N,30.5,271.0,28.0,18605.3,84.090,0.073,0.3,0.3,14769.0,49732.0,49902.,49902.,0.0,0.,14819.,14819.0,0.,0.0,8832.,2.5,8832.0,3.1,0.0,0.0,0.,0.0,18156.0,17664.,2.8,0.02757,0.02843,-3.0,0.826,315,501.,444.,-0.002,-0.014,0,2016438.,901629,901630, , ,2023-06-28 14:54:25,True,False,False,3.2544380211418193
2023-06-29,FHMRF,FHMRF,2023/06/29,11:38:27,CMA620,LFPGZSPD,350,-19,48 N,31.2,260.7,30.0,18613.5,84.515,-0.424,-1.8,-1.6,14007.0,59529.0,58435.,58460.,0.0,0.,13750.,13756.0,0.,0.0,7815.,2.9,7818.0,3.8,0.0,0.0,0.,0.0,16157.0,15633.,3.4,0.02993,0.03045,-1.7,0.831,284,484.,509.,0.015,-0.006,0,2436097.,901629,901630, , ,2023-06-29 11:38:27,True,False,False,3.252383965501287
2023-06-30,FHMRF,FHMRF,2023/06/30,18:43:40,CMA602,LFPGVHHH,350,-11,41 N,34.0,264.7,29.0,18619.0,86.420,-0.348,-1.5,-1.3,14299.0,60768.0,59855.,59859.,0.0,0.,14084.,14085.0,0.,0.0,8128.,3.2,8127.0,3.7,0.0,0.0,0.,0.0,16810.0,16256.,3.4,0.02912,0.02973,-2.0,0.828,283,490.,556.,0.023,0.009,0,2470702.,901629,901630, , ,2023-06-30 18:43:40,True,False,False,3.250605606167644
2023-07-01,FHMRF,FHMRF,2023/07/01,14:42:47,CMA603,VHHHLFPG,320,3,40 N,32.8,271.1,28.0,18622.8,85.620,-0.272,-1.0,-0.8,14503.0,53533.0,52987.,52984.,0.0,0.,14355.,14354.0,0.,0.0,8607.,2.9,8607.0,3.1,0.0,0.0,0.,0.0,17727.0,17214.,3.0,0.02852,0.02914,-2.1,0.834,305,506.,411.,-0.004,0.009,0,2210747.,901629,901630, , ,2023-07-01 14:42:47,True,False,False,3.2491038801380614
2023-07-03,FHMRF,FHMRF,2023/07/03,01:53:00,CMA621,ZSPDLFPG,321,-15,44 N,32.5,299.1,30.0,18619.9,85.670,-0.288,-1.3,-1.0,16206.0,60098.0,59344.,59344.,0.0,0.,16003.,16003.0,0.,0.0,9152.,3.1,9152.0,3.1,0.0,0.0,0.,0.0,18880.0,18304.,3.1,0.02588,0.02642,-2.0,0.832,303,489.,439.,0.021,0.010,0,2450871.,901629,901630, , ,2023-07-03 01:53:00,True,False,False,3.247879190498052
2023-07-03,FHMRF,FHMRF,2023/07/03,08:44:24,CMA621,ZSPDLFPG,360,-18,44 N,29.9,245.4,24.0,18617.3,84.060,-0.34,-1.5,-1.2,12947.0,57715.0,56855.,56855.,0.0,0.,12754.,12754.0,0.,0.0,7315.,3.3,7315.0,4.1,0.0,0.0,0.,0.0,15172.0,14630.,3.7,0.03203,0.03283,-2.4,0.834,278,486.,441.,-0.015,-0.002,0,2417600.,901629,901630, , ,2023-07-03 08:44:24,True,False,False,3.24693140836872
2023-07-03,FHMRF,FHMRF,2023/07/03,09:05:39,CMA621,ZSPDLFPG,360,-19,45 N,29.8,243.0,26.0,18621.2,84.060,-0.433,-1.9,-1.5,13051.0,58176.0,57080.,57080.,0.0,0.,12805.,12805.0,0.,0.0,7331.,3.5,7331.0,3.7,0.0,0.0,0.,0.0,15185.0,14662.,3.6,0.03197,0.0326,-1.9,0.834,278,485.,438.,0.002,-0.002,0,2393430.,901629,901630, , ,2023-07-03 09:05:39,True,False,False,3.246259875927494
2023-07-11,FHMRF,FHMRF,2023/07/11,21:48:20,CMA602,LFPGVHHH,350,-2,41 N,30.7,255.8,28.0,18622.8,86.720,-0.252,-1.1,-0.9,13561.0,57628.0,57012.,57012.,0.0,0.,13416.,13416.0,0.,0.0,7934.,3.1,7934.0,3.6,0.0,0.0,0.,0.0,16400.0,15868.,3.4,0.03042,0.03117,-2.4,0.83,283,499.,511.,-0.003,0.036,0,2387639.,901629,901630, , ,2023-07-11 21:48:20,True,False,False,3.2458634105330852
2023-07-12,FHMRF,FHMRF,2023/07/12,20:05:31,CMA603,VHHHLFPG,320,7,41 N,34.5,277.2,24.0,18624.8,86.540,-0.223,-0.8,-0.6,14575.0,53800.0,53355.,53358.,0.0,0.,14455.,14455.0,0.,0.0,8711.,2.6,8710.0,2.8,0.0,0.0,0.,0.0,17891.0,17420.,2.7,0.02828,0.02886,-2.0,0.827,302,506.,490.,-0.01,-0.001,0,2261132.,901629,901630, , ,2023-07-12 20:05:31,True,False,False,3.245740309991067
2023-07-12,FHMRF,FHMRF,2023/07/12,20:44:00,CMA603,VHHHLFPG,340,2,40 N,33.2,271.9,28.0,18624.8,87.970,-0.039,-0.2,0.0,14419.0,58440.0,58343.,58347.,0.0,0.,14395.,14396.0,0.,0.0,8561.,2.8,8560.0,3.0,0.0,0.0,0.,0.0,17616.0,17121.,2.9,0.02848,0.02931,-2.8,0.828,289,502.,480.,-0.002,-0.006,0,2434944.,901629,901630, , ,2023-07-12 20:44:00,True,False,False,3.2458883590091854
2023-07-12,FHMRF,FHMRF,2023/07/12,20:47:00,CMA603,VHHHLFPG,340,2,40 N,33.1,271.5,28.0,18624.8,87.725,-0.203,-0.8,-0.6,14379.0,58279.0,57773.,57801.,0.0,0.,14254.,14261.0,0.,0.0,8487.,2.9,8489.0,3.1,0.0,0.0,0.,0.0,17487.0,16976.,3.0,0.02872,0.0294,-2.3,0.829,289,502.,480.,-0.004,0.002,0,2431469.,901629,901630, , ,2023-07-12 20:47:00,True,False,False,3.2463048369033314
2023-07-14,FHMRF,FHMRF,2023/07/14,13:58:44,CMA603,VHHHLFPG,320,-3,40 N,32.4,274.1,28.0,18622.6,85.330,-0.292,-1.1,-0.9,14814.0,54682.0,54092.,54089.,0.0,0.,14654.,14653.0,0.,0.0,8651.,2.8,8652.0,2.9,0.0,0.0,0.,0.0,17794.0,17302.,2.8,0.02804,0.02859,-1.9,0.831,303,499.,465.,0.013,0.030,0,2235626.,901629,901630, , ,2023-07-14 13:58:44,True,False,False,3.2469865266148106
2023-07-14,FHMRF,FHMRF,2023/07/14,14:48:20,CMA603,VHHHLFPG,320,3,40 N,31.5,267.5,28.0,18624.8,85.320,-0.176,-0.7,-0.5,14243.0,52576.0,52224.,52221.,0.0,0.,14148.,14147.0,0.,0.0,8486.,3.0,8487.0,3.1,0.0,0.0,0.,0.0,17490.0,16974.,3.0,0.02884,0.02957,-2.5,0.831,303,504.,461.,-0.009,-0.017,0,2181642.,901629,901630, , ,2023-07-14 14:48:20,True,False,False,3.247929725083724
2023-07-14,FHMRF,FHMRF,2023/07/14,14:50:33,CMA603,VHHHLFPG,320,3,40 N,31.5,267.2,28.0,18624.8,85.490,-0.248,-0.9,-0.7,14359.0,53004.0,52510.,52507.,0.0,0.,14226.,14225.0,0.,0.0,8526.,2.6,8527.0,3.1,0.0,0.0,0.,0.0,17543.0,17054.,2.9,0.02873,0.02934,-2.1,0.83,303,504.,460.,0.0,0.002,0,2179260.,901629,901630, , ,2023-07-14 14:50:33,True,False,False,3.2491302549973415
2023-07-14,FHMRF,FHMRF,2023/07/14,15:11:41,CMA603,VHHHLFPG,340,-1,41 N,31.2,264.3,28.0,18624.8,87.205,-0.146,-0.6,-0.4,14313.0,58011.0,57643.,57664.,0.0,0.,14222.,14228.0,0.,0.0,8429.,2.7,8433.0,3.2,0.0,0.0,0.,0.0,17365.0,16863.,3.0,0.02887,0.02961,-2.5,0.832,291,501.,456.,0.012,0.023,0,2366950.,901629,901630, , ,2023-07-14 15:11:41,True,False,False,3.250583477903189
2023-07-14,FHMRF,FHMRF,2023/07/14,19:16:30,CMA603,VHHHLFPG,360,-19,49 N,30.0,234.9,24.0,18629.0,83.505,-0.273,-1.2,-0.9,12688.0,56560.0,55857.,55879.,0.0,0.,12530.,12535.0,0.,0.0,7180.,3.5,7184.0,3.7,0.0,0.0,0.,0.0,14886.0,14364.,3.6,0.03262,0.03349,-2.6,0.835,279,486.,412.,0.005,0.002,0,2314113.,901629,901630, , ,2023-07-14 19:16:30,True,False,False,3.25228430864773
2023-07-16,FHMRF,FHMRF,2023/07/16,03:50:51,CMA621,ZSPDLFPG,320,1,43 N,32.6,283.5,24.0,18617.0,86.370,-0.296,-1.2,-1.0,15111.0,55778.0,55085.,55085.,0.0,0.,14923.,14923.0,0.,0.0,8869.,3.7,8869.0,3.4,0.0,0.0,0.,0.0,18367.0,17739.,3.5,0.02734,0.02803,-2.4,0.831,304,502.,467.,0.002,0.024,0,2312342.,901629,901630, , ,2023-07-16 03:50:51,True,False,False,3.2542272310754923
2023-07-16,FHMRF,FHMRF,2023/07/16,07:21:05,CMA621,ZSPDLFPG,340,-11,42 N,29.0,255.8,24.0,18622.8,84.680,-0.369,-1.6,-1.3,13915.0,56399.0,55485.,55485.,0.0,0.,13689.,13689.0,0.,0.0,7958.,3.3,7958.0,3.3,0.0,0.0,0.,0.0,16444.0,15916.,3.3,0.02991,0.03049,-1.9,0.832,290,492.,446.,0.015,0.009,0,2290864.,901629,901630, , ,2023-07-16 07:21:05,True,False,False,3.2564063149045253
2023-07-16,FHMRF,FHMRF,2023/07/16,08:05:22,CMA621,ZSPDLFPG,340,-10,43 N,28.8,250.4,24.0,18622.8,84.740,-0.225,-1.0,-0.7,13755.0,55750.0,55194.,55194.,0.0,0.,13617.,13617.0,0.,0.0,7935.,2.5,7935.0,3.5,0.0,0.0,0.,0.0,16348.0,15869.,3.0,0.03011,0.03079,-2.2,0.831,290,492.,459.,0.023,0.007,0,2242287.,901629,901630, , ,2023-07-16 08:05:22,True,False,False,3.258815233686768
2023-07-16,FHMRF,FHMRF,2023/07/16,08:34:16,CMA621,ZSPDLFPG,340,-9,44 N,28.7,246.9,24.0,18621.1,84.175,-0.215,-0.8,-0.6,13315.0,53968.0,53515.,53536.,0.0,0.,13203.,13208.0,0.,0.0,7742.,2.2,7745.0,3.3,0.0,0.0,0.,0.0,15911.0,15487.,2.7,0.03103,0.0317,-2.1,0.831,290,494.,462.,0.002,0.004,0,2210860.,901629,901630, , ,2023-07-16 08:34:16,True,False,False,3.2614472837654613
2023-07-17,FHMRF,FHMRF,2023/07/17,02:35:42,CMA602,LFPGVHHH,350,-7,41 N,33.0,249.9,24.0,18627.9,85.430,-0.086,-0.4,-0.2,13109.0,55709.0,55496.,55496.,0.0,0.,13059.,13059.0,0.,0.0,7662.,3.3,7662.0,3.8,0.0,0.0,0.,0.0,15872.0,15324.,3.6,0.03115,0.0322,-3.3,0.829,283,494.,586.,-0.007,-0.018,0,2331073.,901629,901630, , ,2023-07-17 02:35:42,True,False,False,3.2642954041477923
2023-07-17,FHMRF,FHMRF,2023/07/17,03:43:41,CMA602,LFPGVHHH,371,-8,41 N,31.0,241.8,28.0,18624.0,87.185,-0.231,-1.0,-0.8,12973.0,60972.0,60378.,60352.,0.0,0.,12847.,12841.0,0.,0.0,7508.,3.2,7505.0,3.8,0.0,0.0,0.,0.0,15537.0,15012.,3.5,0.03177,0.03263,-2.6,0.83,270,494.,552.,0.004,0.029,0,2495031.,901629,901630, , ,2023-07-17 03:43:41,True,False,False,3.2673521972098953
2023-07-17,FHMRF,FHMRF,2023/07/17,04:03:46,CMA602,LFPGVHHH,371,-10,42 N,30.6,239.5,28.0,18624.0,86.510,-0.425,-1.8,-1.6,12874.0,60505.0,59387.,59387.,0.0,0.,12636.,12636.0,0.,0.0,7361.,3.5,7361.0,3.7,0.0,0.0,0.,0.0,15255.0,14722.,3.6,0.03225,0.03289,-1.9,0.83,270,492.,544.,0.008,-0.005,0,2471343.,901629,901630, , ,2023-07-17 04:03:46,True,False,False,3.270609950142389
2023-07-18,FHMRF,FHMRF,2023/07/18,03:20:45,CMA603A,VHHHLFPG,360,-13,45 N,28.6,237.9,24.0,18625.5,84.820,-0.329,-1.4,-1.1,12846.0,57265.0,56442.,56442.,0.0,0.,12661.,12661.0,0.,0.0,7359.,2.7,7359.0,3.3,0.0,0.0,0.,0.0,15160.0,14718.,3.0,0.03241,0.03301,-1.8,0.834,278,491.,429.,0.002,-0.004,0,2343607.,901629,901630, , ,2023-07-18 03:20:45,True,False,False,3.2740606570369346
2023-07-18,FHMRF,FHMRF,2023/07/18,03:31:22,CMA603A,VHHHLFPG,360,-13,46 N,28.6,236.7,24.0,18626.1,84.420,-0.437,-1.9,-1.6,12716.0,56686.0,55595.,55595.,0.0,0.,12471.,12471.0,0.,0.0,7256.,3.3,7256.0,3.3,0.0,0.0,0.,0.0,14990.0,14512.,3.3,0.03279,0.03334,-1.6,0.835,279,492.,426.,-0.004,-0.006,0,2331649.,901629,901630, , ,2023-07-18 03:31:22,True,False,False,3.2776960415161516
2023-07-18,FHMRF,FHMRF,2023/07/18,18:49:21,CMA602,LFPGVHHH,390,-18,42 N,32.9,207.2,25.0,18625.1,84.505,-0.482,-2.1,-1.8,11436.0,58888.0,57678.,57652.,0.0,0.,11201.,11196.0,0.,0.0,6442.,3.9,6440.0,3.5,0.0,0.0,0.,0.0,13358.0,12882.,3.7,0.03626,0.03693,-1.8,0.83,259,484.,531.,0.033,0.014,2,2342302.,901629,901630, , ,2023-07-18 18:49:21,True,False,False,3.281507579819052
2023-07-18,FHMRF,FHMRF,2023/07/18,19:39:17,CMA602,LFPGVHHH,390,-11,41 N,31.6,202.2,28.0,18626.9,84.670,-0.353,-1.6,-1.3,10893.0,56088.0,55205.,55205.,0.0,0.,10721.,10721.0,0.,0.0,6296.,3.4,6296.0,4.0,0.0,0.0,0.,0.0,13054.0,12592.,3.7,0.03765,0.03852,-2.3,0.831,259,491.,569.,0.002,0.022,0,2284812.,901629,901630, , ,2023-07-18 19:39:17,True,False,False,3.285486524264338
2023-07-18,FHMRF,FHMRF,2023/07/18,20:05:01,CMA602,LFPGVHHH,390,-12,41 N,31.2,199.7,28.0,18630.8,83.570,-0.125,-0.5,-0.3,10383.0,53464.0,53203.,53203.,0.0,0.,10333.,10333.0,0.,0.0,6080.,3.0,6080.0,3.6,0.0,0.0,0.,0.0,12557.0,12160.,3.3,0.03912,0.04027,-2.9,0.832,259,491.,569.,-0.033,0.009,0,2256461.,901629,901630, , ,2023-07-18 20:05:01,True,False,False,3.2896239270221823
2023-07-18,FHMRF,FHMRF,2023/07/18,21:10:16,CMA602,LFPGVHHH,410,-17,41 N,30.0,193.4,29.0,18629.1,84.490,-0.287,-1.3,-1.0,10240.0,58051.0,57317.,57317.,0.0,0.,10111.,10111.0,0.,0.0,5879.,3.2,5879.0,2.9,0.0,0.0,0.,0.0,12117.0,11757.,3.1,0.04021,0.04103,-2.0,0.834,248,487.,545.,-0.019,-0.005,0,2406571.,901629,901630, , ,2023-07-18 21:10:16,True,False,False,3.2939106641362375
2023-07-18,FHMRF,FHMRF,2023/07/18,23:43:38,CMA602,LFPGVHHH,411,-18,39 N,28.5,179.6,24.0,18633.6,82.940,-0.126,-0.5,-0.3,9495.0,54085.0,53819.,53819.,0.0,0.,9448.,9448.0,0.,0.0,5511.,3.0,5511.0,3.6,0.0,0.0,0.,0.0,11386.0,11022.,3.3,0.04266,0.04394,-2.9,0.832,247,486.,552.,-0.025,-0.012,0,2244422.,901629,901630, , ,2023-07-18 23:43:38,True,False,False,3.298337459753936
2023-07-19,FHMRF,FHMRF,2023/07/19,13:07:59,CMA603,VHHHLFPG,320,3,41 N,34.0,281.7,24.0,18619.8,86.080,-0.473,-1.7,-1.5,14860.0,54853.0,53902.,53902.,0.0,0.,14603.,14603.0,0.,0.0,8742.,3.1,8742.0,3.5,0.0,0.0,0.,0.0,18062.0,17483.,3.3,0.028,0.0285,-1.8,0.834,305,506.,438.,-0.01,0.013,0,2297491.,901629,901630, , ,2023-07-19 13:07:59,True,False,False,3.3028949105390075
2023-07-19,FHMRF,FHMRF,2023/07/19,14:23:13,CMA603,VHHHLFPG,320,0,40 N,31.8,271.4,28.0,18623.7,85.270,-0.303,-1.1,-0.9,14558.0,53737.0,53127.,53127.,0.0,0.,14393.,14393.0,0.,0.0,8571.,3.1,8571.0,2.8,0.0,0.0,0.,0.0,17649.0,17142.,3.0,0.02848,0.02905,-2.0,0.833,304,503.,445.,0.0,0.004,0,2213542.,901629,901630, , ,2023-07-19 14:23:13,True,False,False,3.3075735102484742
2023-07-19,FHMRF,FHMRF,2023/07/19,14:24:53,CMA603,VHHHLFPG,320,0,40 N,31.7,271.2,28.0,18623.7,85.510,-0.109,-0.4,-0.3,14592.0,53865.0,53646.,53646.,0.0,0.,14533.,14533.0,0.,0.0,8639.,3.0,8639.0,3.0,0.0,0.0,0.,0.0,17789.0,17277.,3.0,0.02822,0.02898,-2.6,0.832,304,502.,445.,0.004,0.003,0,2211812.,901629,901630, , ,2023-07-19 14:24:53,True,False,False,3.312363674456125
2023-07-19,FHMRF,FHMRF,2023/07/19,14:50:24,CMA603,VHHHLFPG,320,-2,40 N,31.3,267.8,28.0,18618.7,84.750,-0.343,-1.3,-1.1,14477.0,53441.0,52748.,52748.,0.0,0.,14289.,14289.0,0.,0.0,8466.,2.6,8466.0,2.8,0.0,0.0,0.,0.0,17388.0,16932.,2.7,0.02873,0.02919,-1.6,0.831,303,500.,456.,0.007,-0.003,0,2183932.,901629,901630, , ,2023-07-19 14:50:24,True,False,False,3.3172557653981176
2023-07-20,FHMRF,FHMRF,2023/07/20,10:16:58,CMA620,LFPGZSPD,370,-12,43 N,31.8,235.8,28.0,18624.0,86.170,-0.343,-1.5,-1.3,12894.0,60308.0,59401.,59405.,0.0,0.,12700.,12701.0,0.,0.0,7358.,3.5,7357.0,3.9,0.0,0.0,0.,0.0,15255.0,14714.,3.7,0.03208,0.03285,-2.3,0.829,270,489.,552.,0.027,-0.004,0,2423035.,901629,901630, , ,2023-07-20 10:16:58,True,False,False,3.322240116904182
2023-07-20,FHMRF,FHMRF,2023/07/20,10:53:25,CMA620,LFPGZSPD,370,-10,46 N,31.2,231.8,28.0,18624.0,84.710,-0.433,-1.9,-1.5,11985.0,56056.0,55016.,55019.,0.0,0.,11763.,11763.0,0.,0.0,6905.,3.7,6904.0,3.7,0.0,0.0,0.,0.0,14320.0,13809.,3.7,0.03446,0.03519,-2.1,0.833,272,493.,568.,-0.031,0.028,0,2382090.,901629,901630, , ,2023-07-20 10:53:25,True,False,False,3.3273070593592387
2023-07-21,FHMRF,FHMRF,2023/07/21,04:02:31,CMA621,ZSPDLFPG,320,-8,46 N,32.9,267.3,30.0,18620.0,84.090,-0.196,-0.7,-0.6,14484.0,53466.0,53065.,53068.,0.0,0.,14375.,14376.0,0.,0.0,8399.,2.5,8398.0,3.2,0.0,0.0,0.,0.0,17282.0,16797.,2.9,0.02856,0.02921,-2.2,0.829,303,494.,440.,0.014,-0.004,0,2180578.,901629,901630, , ,2023-07-21 04:02:31,True,False,False,3.332446944619456
2023-07-21,FHMRF,FHMRF,2023/07/21,20:41:02,CMA602,LFPGVHHH,370,-10,41 N,31.9,230.6,28.0,18619.0,85.580,-0.623,-2.6,-2.3,12532.0,58616.0,57065.,57069.,0.0,0.,12200.,12201.0,0.,0.0,7132.,3.3,7131.0,3.5,0.0,0.0,0.,0.0,14748.0,14262.,3.4,0.0334,0.03374,-1.0,0.831,271,493.,535.,0.019,-0.004,0,2368362.,901629,901630, , ,2023-07-21 20:41:02,True,False,False,3.33765017079271
2023-07-21,FHMRF,FHMRF,2023/07/21,20:56:06,CMA602,LFPGVHHH,370,-9,41 N,31.7,228.9,28.0,18622.9,85.570,-0.311,-1.3,-1.1,12325.0,57648.0,56873.,56877.,0.0,0.,12159.,12160.0,0.,0.0,7106.,3.7,7105.0,4.2,0.0,0.0,0.,0.0,14768.0,14211.,3.9,0.0333,0.03423,-2.7,0.829,270,492.,529.,0.011,0.002,0,2351544.,901629,901630, , ,2023-07-21 20:56:06,True,False,False,3.342907206790159
2023-07-21,FHMRF,FHMRF,2023/07/21,22:37:24,CMA602,LFPGVHHH,371,-10,42 N,30.4,218.0,24.0,18626.9,84.190,-0.518,-1.9,-1.6,11689.0,54935.0,53862.,53866.,0.0,0.,11461.,11462.0,0.,0.0,6727.,2.7,6726.0,3.6,0.0,0.0,0.,0.0,13878.0,13452.,3.2,0.03546,0.03598,-1.4,0.83,270,492.,544.,0.0,0.004,0,2250550.,901629,901630, , ,2023-07-21 22:37:24,True,False,False,3.3482086165587015
2023-07-22,FHMRF,FHMRF,2023/07/22,00:03:20,CMA602,LFPGVHHH,371,-12,40 N,29.9,209.1,24.0,18625.2,83.280,-0.545,-2.1,-1.8,11451.0,53819.0,52690.,52694.,0.0,0.,11211.,11212.0,0.,0.0,6549.,3.3,6549.0,3.8,0.0,0.0,0.,0.0,13564.0,13098.,3.6,0.03601,0.03663,-1.7,0.827,269,488.,536.,0.013,0.014,0,2158736.,901629,901630, , ,2023-07-22 00:03:20,True,False,False,3.3535450829089153
2023-07-22,FHMRF,FHMRF,2023/07/22,00:29:31,CMA602,LFPGVHHH,391,-17,38 N,29.8,206.4,24.0,18627.9,84.110,-0.42,-1.9,-1.5,11096.0,57408.0,56339.,56343.,0.0,0.,10889.,10890.0,0.,0.0,6296.,3.4,6295.0,3.7,0.0,0.0,0.,0.0,13040.0,12590.,3.6,0.03724,0.03797,-1.9,0.831,258,486.,535.,0.002,0.034,0,2344620.,901629,901630, , ,2023-07-22 00:29:31,True,False,False,3.358907430860686
2023-07-22,FHMRF,FHMRF,2023/07/22,02:43:11,CMA602,LFPGVHHH,371,-12,24 N,29.7,193.5,24.0,18625.2,81.990,-0.369,-1.8,-1.5,10739.0,50470.0,49576.,49579.,0.0,0.,10548.,10549.0,0.,0.0,6212.,3.0,6212.0,3.6,0.0,0.0,0.,0.0,12835.0,12424.,3.3,0.03816,0.03885,-1.8,0.829,270,490.,467.,-0.003,0.003,0,1993389.,901629,901630, , ,2023-07-22 02:43:11,True,False,False,3.364286650440417
2023-07-22,FHMRF,FHMRF,2023/07/22,14:46:44,CMA603,VHHHLFPG,320,3,40 N,31.5,269.2,28.0,18618.7,85.065,-0.236,-0.9,-0.7,14160.0,52267.0,51796.,51776.,0.0,0.,14032.,14027.0,0.,0.0,8434.,2.9,8429.0,2.7,0.0,0.0,0.,0.0,17330.0,16863.,2.8,0.02916,0.02975,-2.0,0.833,304,505.,447.,-0.021,-0.015,0,2195628.,901629,901630, , ,2023-07-22 14:46:44,True,False,False,3.369673918877039
2023-07-24,FHMRF,FHMRF,2023/07/24,02:52:11,CMA621,ZSPDLFPG,320,-7,45 N,34.0,281.5,29.0,18601.5,85.190,-0.074,-0.3,-0.2,15001.0,55374.0,55200.,55196.,0.0,0.,14954.,14953.0,0.,0.0,8737.,3.0,8738.0,3.0,0.0,0.0,0.,0.0,18000.0,17475.,3.0,0.0275,0.02828,-2.7,0.831,303,495.,470.,0.006,-0.005,0,2296168.,901629,901630, , ,2023-07-24 02:52:11,True,False,False,3.375060622154774
2023-07-24,FHMRF,FHMRF,2023/07/24,03:54:09,CMA621,ZSPDLFPG,340,-3,42 N,32.5,272.9,29.0,18605.4,87.050,-0.39,-1.6,-1.3,14596.0,59158.0,58208.,58204.,0.0,0.,14361.,14360.0,0.,0.0,8464.,3.4,8465.0,3.4,0.0,0.0,0.,0.0,17503.0,16929.,3.4,0.02848,0.02906,-2.0,0.831,290,499.,468.,0.004,0.002,0,2444518.,901629,901630, , ,2023-07-24 03:54:09,True,False,False,3.380438375883506
2023-07-24,FHMRF,FHMRF,2023/07/24,05:42:24,CMA621,ZSPDLFPG,340,-3,41 N,30.5,258.9,28.0,18607.1,85.710,-0.454,-1.9,-1.5,13784.0,55868.0,54835.,54832.,0.0,0.,13530.,13529.0,0.,0.0,8030.,3.3,8031.0,3.7,0.0,0.0,0.,0.0,16625.0,16061.,3.5,0.03008,0.03066,-1.9,0.833,291,500.,453.,-0.006,-0.010,0,2318964.,901629,901630, , ,2023-07-24 05:42:24,True,False,False,3.385799045438448
2023-07-24,FHMRF,FHMRF,2023/07/24,08:14:23,CMA621,ZSPDLFPG,360,-20,46 N,29.6,240.8,25.0,18609.4,83.680,-0.408,-1.8,-1.5,12927.0,57625.0,56596.,56592.,0.0,0.,12696.,12695.0,0.,0.0,7254.,3.3,7255.0,3.9,0.0,0.0,0.,0.0,15032.0,14509.,3.6,0.03219,0.03286,-2.0,0.833,278,484.,460.,0.003,0.013,0,2370986.,901629,901630, , ,2023-07-24 08:14:23,True,False,False,3.391134765302231
2023-07-24,FHMRF,FHMRF,2023/07/24,22:46:31,CMA602,LFPGVHHH,390,-14,41 N,30.3,195.9,28.0,18621.4,83.200,-0.396,-1.5,-1.3,10453.0,53826.0,52998.,52998.,0.0,0.,10292.,10292.0,0.,0.0,6034.,2.9,6034.0,3.8,0.0,0.0,0.,0.0,12473.0,12068.,3.4,0.03921,0.04002,-2.0,0.831,259,489.,517.,-0.013,0.017,0,2215169.,901629,901630, , ,2023-07-24 22:46:31,True,False,False,3.3964379575248205
2023-07-24,FHMRF,FHMRF,2023/07/24,22:49:31,CMA602,LFPGVHHH,390,-13,41 N,30.3,195.7,28.0,18621.4,83.280,-0.417,-1.6,-1.3,10485.0,53989.0,53118.,53118.,0.0,0.,10316.,10316.0,0.,0.0,6049.,2.9,6049.0,3.5,0.0,0.0,0.,0.0,12487.0,12097.,3.2,0.03918,0.0399,-1.8,0.831,259,489.,515.,-0.009,-0.002,0,2212000.,901629,901630, , ,2023-07-24 22:49:31,True,False,False,3.401701349208556
2023-07-24,FHMRF,FHMRF,2023/07/24,23:30:13,CMA602,LFPGVHHH,391,-15,42 N,29.9,191.8,24.0,18625.8,83.050,-0.424,-1.6,-1.3,10436.0,53993.0,53105.,53105.,0.0,0.,10264.,10264.0,0.,0.0,5994.,3.3,5994.0,3.8,0.0,0.0,0.,0.0,12411.0,11987.,3.5,0.03926,0.0401,-2.1,0.83,258,487.,526.,0.002,0.017,0,2178511.,901629,901630, , ,2023-07-24 23:30:13,True,False,False,3.4069179889270176
2023-07-25,FHMRF,FHMRF,2023/07/25,14:17:23,CMA603,VHHHLFPG,320,4,40 N,30.0,268.7,29.0,18618.7,85.510,-0.349,-1.3,-1.1,14384.0,53093.0,52393.,52397.,0.0,0.,14194.,14195.0,0.,0.0,8526.,2.6,8524.0,3.2,0.0,0.0,0.,0.0,17549.0,17050.,2.9,0.02878,0.0293,-1.8,0.831,303,505.,470.,-0.005,-0.012,0,2192123.,901629,901630, , ,2023-07-25 14:17:23,True,False,False,3.4120812619908403
2023-07-25,FHMRF,FHMRF,2023/07/25,18:29:39,CMA603,VHHHLFPG,360,-22,47 N,27.8,237.8,26.0,18617.3,83.420,-0.537,-2.4,-2.0,13002.0,57960.0,56592.,56600.,0.0,0.,12695.,12696.0,0.,0.0,7226.,3.1,7224.0,3.8,0.0,0.0,0.,0.0,14949.0,14451.,3.4,0.03227,0.03272,-1.4,0.833,278,482.,420.,0.018,-0.029,0,2341466.,901629,901630, , ,2023-07-25 18:29:39,True,False,False,3.4171849044742886
2023-07-26,FHMRF,FHMRF,2023/07/26,09:41:38,CMA620,LFPGZSPD,370,-8,42 N,33.3,226.0,28.0,18620.0,85.250,-0.44,-1.9,-1.6,12084.0,56522.0,55433.,55433.,0.0,0.,11851.,11851.0,0.,0.0,6970.,3.9,6970.0,3.9,0.0,0.0,0.,0.0,14480.0,13940.,3.9,0.03411,0.03485,-2.1,0.83,271,494.,559.,0.004,0.004,0,2321060.,901629,901630, , ,2023-07-26 09:41:38,True,False,False,3.4222230159109754
2023-07-26,FHMRF,FHMRF,2023/07/26,09:44:38,CMA620,LFPGZSPD,370,-8,41 N,33.2,225.7,28.0,18620.0,85.300,-0.152,-0.7,-0.5,11946.0,55878.0,55501.,55501.,0.0,0.,11866.,11866.0,0.,0.0,6980.,3.1,6980.0,3.7,0.0,0.0,0.,0.0,14440.0,13961.,3.4,0.03421,0.03521,-2.8,0.83,271,494.,559.,-0.005,-0.025,0,2317673.,901629,901630, , ,2023-07-26 09:44:38,True,False,False,3.4271900705574407
2023-07-26,FHMRF,FHMRF,2023/07/26,15:18:48,CMA620,LFPGZSPD,411,-22,41 N,30.4,192.0,24.0,18625.3,84.405,-0.172,-0.8,-0.5,10441.0,59471.0,59005.,59031.,0.0,0.,10359.,10363.0,0.,0.0,5937.,3.9,5939.0,4.2,0.0,0.0,0.,0.0,12358.0,11876.,4.1,0.03894,0.04031,-3.4,0.831,246,481.,534.,0.011,0.015,0,2400866.,901629,901630, , ,2023-07-26 15:18:48,True,False,False,3.4320809271153685
2023-07-27,FHMRF,FHMRF,2023/07/27,10:14:50,CMA621,ZSPDLFPG,360,-13,49 N,29.5,233.8,24.0,18615.2,83.920,-0.391,-1.5,-1.2,12404.0,55297.0,54472.,54465.,0.0,0.,12219.,12218.0,0.,0.0,7094.,3.8,7095.0,3.8,0.0,0.0,0.,0.0,14728.0,14189.,3.8,0.03316,0.034,-2.5,0.829,276,488.,394.,-0.008,-0.024,0,2302254.,901629,901630, , ,2023-07-27 10:14:50,True,False,False,3.4368908368042095
2023-07-27,FHMRF,FHMRF,2023/07/27,19:15:14,CMA602,LFPGVHHH,370,-7,41 N,34.5,242.6,24.0,18612.1,86.970,-0.316,-1.4,-1.2,12882.0,60256.0,59432.,59428.,0.0,0.,12706.,12705.0,0.,0.0,7444.,4.1,7445.0,4.0,0.0,0.0,0.,0.0,15489.0,14888.,4.0,0.03193,0.03283,-2.8,0.83,271,495.,554.,0.0,0.001,0,2491547.,901629,901630, , ,2023-07-27 19:15:14,True,False,False,3.4416154496894067
2023-07-27,FHMRF,FHMRF,2023/07/27,19:42:06,CMA602,LFPGVHHH,370,-7,41 N,33.6,239.4,28.0,18611.1,86.690,-0.629,-2.7,-2.3,12853.0,60117.0,58520.,58516.,0.0,0.,12512.,12511.0,0.,0.0,7350.,3.7,7350.0,4.3,0.0,0.0,0.,0.0,15284.0,14700.,4.0,0.03239,0.03289,-1.5,0.83,271,495.,554.,0.01,0.018,0,2458766.,901629,901630, , ,2023-07-27 19:42:06,True,False,False,3.446250819196378
2023-07-27,FHMRF,FHMRF,2023/07/27,21:28:13,CMA602,LFPGVHHH,370,-9,41 N,31.6,227.5,29.0,18617.3,85.335,-0.605,-2.6,-2.3,12275.0,57416.0,55931.,55902.,0.0,0.,11958.,11952.0,0.,0.0,7018.,3.2,7016.0,3.8,0.0,0.0,0.,0.0,14520.0,14034.,3.5,0.03397,0.03435,-1.1,0.83,271,493.,562.,0.012,-0.010,0,2336054.,901629,901630, , ,2023-07-27 21:28:13,True,False,False,3.4507934047740534
2023-07-27,FHMRF,FHMRF,2023/07/27,23:07:45,CMA602,LFPGVHHH,391,-15,42 N,30.6,216.8,24.0,18617.0,86.480,-0.248,-1.1,-0.8,11991.0,62039.0,61381.,61376.,0.0,0.,11864.,11863.0,0.,0.0,6848.,3.4,6849.0,3.5,0.0,0.0,0.,0.0,14167.0,13698.,3.4,0.03436,0.03525,-2.5,0.829,258,487.,506.,0.029,0.005,0,2469745.,901629,901630, , ,2023-07-27 23:07:45,True,False,False,3.4552400727104087
2023-07-27,FHMRF,FHMRF,2023/07/27,23:58:25,CMA602,LFPGVHHH,391,-14,38 N,30.3,211.6,24.0,18618.5,84.690,-0.41,-1.8,-1.5,11158.0,57733.0,56697.,56697.,0.0,0.,10958.,10958.0,0.,0.0,6383.,3.7,6383.0,3.7,0.0,0.0,0.,0.0,13236.0,12765.,3.7,0.037,0.03779,-2.1,0.834,259,490.,520.,-0.018,-0.021,0,2403764.,901629,901630, , ,2023-07-27 23:58:25,True,False,False,3.4595880951402385
2023-07-28,FHMRF,FHMRF,2023/07/28,00:08:08,CMA602,LFPGVHHH,391,-15,38 N,30.3,210.6,24.0,18618.5,84.750,-0.08,-0.4,-0.2,11092.0,57392.0,57189.,57189.,0.0,0.,11053.,11053.0,0.,0.0,6413.,3.8,6413.0,3.9,0.0,0.0,0.,0.0,13317.0,12826.,3.8,0.03664,0.03797,-3.5,0.832,259,488.,511.,-0.017,-0.003,0,2392667.,901629,901630, , ,2023-07-28 00:08:08,True,False,False,3.463835147315842
2023-07-28,FHMRF,FHMRF,2023/07/28,00:14:34,CMA602,LFPGVHHH,391,-16,37 N,30.3,210.0,24.0,18618.5,84.700,-0.499,-2.2,-1.8,11334.0,58639.0,57375.,57375.,0.0,0.,11089.,11089.0,0.,0.0,6421.,3.6,6421.0,3.6,0.0,0.0,0.,0.0,13310.0,12842.,3.6,0.0366,0.03724,-1.7,0.832,259,487.,506.,0.006,0.011,0,2384678.,901629,901630, , ,2023-07-28 00:14:34,True,False,False,3.4679793032318664
2023-07-28,FHMRF,FHMRF,2023/07/28,01:58:23,CMA602,LFPGVHHH,391,-16,25 N,30.1,199.6,25.0,18618.5,84.040,-0.371,-1.7,-1.4,10976.0,56790.0,55851.,55851.,0.0,0.,10795.,10795.0,0.,0.0,6256.,3.5,6256.0,3.9,0.0,0.0,0.,0.0,12972.0,12513.,3.7,0.03749,0.03833,-2.2,0.831,258,486.,492.,0.019,0.015,0,2271056.,901629,901630, , ,2023-07-28 01:58:23,True,False,False,3.4720190297103612
2023-07-28,FHMRF,FHMRF,2023/07/28,14:07:28,CMA603,VHHHLFPG,320,3,40 N,31.7,269.9,28.0,18613.1,85.990,-0.189,-0.7,-0.6,14595.0,53875.0,53497.,53497.,0.0,0.,14492.,14492.0,0.,0.0,8655.,2.9,8655.0,3.0,0.0,0.0,0.,0.0,17820.0,17309.,3.0,0.0283,0.02895,-2.2,0.83,303,504.,461.,0.008,0.017,0,2201745.,901629,901630, , ,2023-07-28 14:07:28,True,False,False,3.475953179067166
2023-07-28,FHMRF,FHMRF,2023/07/28,14:18:10,CMA603,VHHHLFPG,320,3,40 N,31.4,268.5,28.0,18613.1,85.125,-0.198,-0.8,-0.6,14149.0,52226.0,51840.,51814.,0.0,0.,14044.,14037.0,0.,0.0,8441.,2.5,8438.0,3.0,0.0,0.0,0.,0.0,17345.0,16879.,2.8,0.02911,0.02975,-2.1,0.832,304,505.,458.,-0.019,-0.012,0,2189952.,901629,901630, , ,2023-07-28 14:18:10,True,False,False,3.4797809804963515
2023-07-28,FHMRF,FHMRF,2023/07/28,14:31:44,CMA603,VHHHLFPG,320,4,40 N,31.2,266.7,28.0,18613.1,85.365,-0.261,-1.0,-0.8,14256.0,52626.0,52095.,52111.,0.0,0.,14112.,14117.0,0.,0.0,8485.,2.6,8489.0,3.5,0.0,0.0,0.,0.0,17491.0,16973.,3.0,0.02887,0.02952,-2.2,0.831,303,505.,447.,-0.007,-0.002,0,2175305.,901629,901630, , ,2023-07-28 14:31:44,True,False,False,3.483502030318992
2023-07-28,FHMRF,FHMRF,2023/07/28,14:34:44,CMA603,VHHHLFPG,320,4,40 N,31.2,266.3,28.0,18613.1,85.295,-0.129,-0.5,-0.3,14135.0,52174.0,51908.,51925.,0.0,0.,14063.,14067.0,0.,0.0,8460.,2.3,8464.0,2.9,0.0,0.0,0.,0.0,17365.0,16925.,2.6,0.02909,0.02975,-2.2,0.831,303,505.,444.,-0.014,-0.002,0,2171987.,901629,901630, , ,2023-07-28 14:34:44,True,False,False,3.4871162812371397
2023-07-29,FHMRF,FHMRF,2023/07/29,15:09:03,CMA620,LFPGZSPD,371,-9,41 N,30.1,230.9,24.0,18618.5,85.500,-0.351,-1.5,-1.2,12252.0,57582.0,56707.,56711.,0.0,0.,12066.,12067.0,0.,0.0,7077.,4.0,7076.0,4.1,0.0,0.0,0.,0.0,14725.0,14153.,4.0,0.03355,0.03448,-2.7,0.833,271,494.,518.,-0.009,0.009,0,2383913.,901629,901630, , ,2023-07-29 15:09:03,True,False,False,3.4906240307092173
2023-07-30,FHMRF,FHMRF,2023/07/30,06:16:43,CMA621,ZSPDLFPG,340,-1,42 N,29.7,258.6,28.0,18600.2,86.060,-0.228,-1.0,-0.8,13726.0,55631.0,55097.,55101.,0.0,0.,13594.,13595.0,0.,0.0,8094.,3.5,8093.0,3.9,0.0,0.0,0.,0.0,16781.0,16187.,3.7,0.02991,0.03078,-2.8,0.834,291,502.,437.,-0.012,0.008,0,2316064.,901629,901630, , ,2023-07-30 06:16:43,True,False,False,3.494025908524015
2023-07-30,FHMRF,FHMRF,2023/07/30,18:03:38,CMA602,LFPGVHHH,350,-18,43 N,34.0,246.3,30.0,18613.2,82.940,-0.38,-1.4,-1.2,12852.0,54620.0,53833.,53833.,0.0,0.,12667.,12667.0,0.,0.0,7237.,3.2,7237.0,3.6,0.0,0.0,0.,0.0,14967.0,14474.,3.4,0.03204,0.03274,-2.1,0.82,279,480.,506.,-0.005,-0.009,0,2299975.,901629,901630, , ,2023-07-30 18:03:38,True,False,False,3.497322863610421
2023-07-30,FHMRF,FHMRF,2023/07/30,22:52:47,CMA602,LFPGVHHH,391,-12,43 N,31.0,214.1,28.0,18620.2,85.820,-0.456,-1.9,-1.6,11489.0,59447.0,58293.,58293.,0.0,0.,11266.,11266.0,0.,0.0,6593.,4.0,6593.0,3.5,0.0,0.0,0.,0.0,13681.0,13187.,3.7,0.03592,0.03668,-2.1,0.832,259,491.,536.,0.0,-0.027,0,2433568.,901629,901630, , ,2023-07-30 22:52:47,True,False,False,3.5005161500933366
2023-07-31,FHMRF,FHMRF,2023/07/31,00:31:10,CMA602,LFPGVHHH,391,-15,38 N,30.3,204.1,24.0,18618.5,83.970,-0.532,-2.3,-1.9,10880.0,56292.0,54989.,54989.,0.0,0.,10628.,10628.0,0..,0.0,6213.,3.6,6213.0,4.1,0.0,0.0,0.,0.0,12903.0,12425.,3.8,0.03794,0.03864,-1.8,0.834,259,490.,519.,-0.01,-0.009,0,2318594.,901629,901630, , ,2023-07-31 00:31:10,True,False,False,3.5036073125984077
2023-08-01,FHMRF,FHMRF,2023/08/01,20:01:31,CMA602,LFPGVHHH,350,-3,41 N,33.0,244.2,26.0,18621.1,85.440,-0.477,-1.8,-1.5,12983.0,55175.0,54202.,54202.,0.0,0.,12754.,12754.0,0.,0.0,7569.,3.9,7569.0,3.8,0.0,0.0,0.,0.0,15717.0,15138.,3.8,0.03173,0.03245,-2.2,0.83,283,499.,555.,0.0,0.003,2,2278322.,901629,901630, , ,2023-08-01 20:01:31,True,False,False,3.50659817081382
2023-08-01,FHMRF,FHMRF,2023/08/01,20:04:31,CMA602,LFPGVHHH,350,-2,41 N,32.9,243.8,29.0,18621.1,85.405,-0.265,-1.0,-0.8,12847.0,54599.0,54070.,54049.,0.0,0.,12723.,12718.0,0.,0.0,7557.,2.9,7555.0,3.7,0.0,0.0,0.,0.0,15610.0,15112.,3.3,0.03196,0.03275,-2.4,0.83,283,499.,554.,-0.008,-0.032,0,2275025.,901629,901630, , ,2023-08-01 20:04:31,True,False,False,3.5094908033286925
2023-08-02,FHMRF,FHMRF,2023/08/02,13:53:50,CMA603,VHHHLFPG,320,6,40 N,33.0,278.2,23.0,18620.9,87.080,-0.223,-0.8,-0.6,14949.0,55184.0,54739.,54739.,0.0,0.,14829.,14829.0,0.,0.0,8919.,3.4,8919.0,3.7,0.0,0.0,0.,0.0,18472.0,17837.,3.6,0.02747,0.02827,-2.8,0.831,303,507.,462.,0.007,-0.016,0,2269247.,901629,901630, , ,2023-08-02 13:53:50,True,False,False,3.5122875307815122
2023-08-02,FHMRF,FHMRF,2023/08/02,13:56:50,CMA603,VHHHLFPG,320,6,40 N,32.9,277.8,25.0,18620.9,87.030,-0.236,-0.9,-0.7,14940.0,55148.0,54677.,54677.,0.0,0.,14813.,14813.0,0.,0.0,8908.,3.3,8908.0,3.8,0.0,0.0,0.,0.0,18450.0,17817.,3.6,0.02749,0.02828,-2.8,0.831,304,507.,463.,0.007,0.018,0,2265736.,901629,901630, , ,2023-08-02 13:56:50,True,False,False,3.514990898366647
2023-08-02,FHMRF,FHMRF,2023/08/02,14:51:43,CMA603,VHHHLFPG,340,0,40 N,31.7,270.2,28.0,18620.9,86.880,-0.433,-1.8,-1.5,14250.0,57756.0,56703.,56703.,0.0,0.,13990.,13990.0,0.,0.0,8323.,3.3,8323.0,3.5,0.0,0.0,0.,0.0,17210.0,16645.,3.4,0.02922,0.02975,-1.8,0.834,291,503.,461.,-0.014,0.005,0,2419625.,901629,901630, , ,2023-08-02 14:51:43,True,False,False,3.5176036577584306
2023-08-03,FHMRF,FHMRF,2023/08/03,09:39:50,CMA620,LFPGZSPD,370,-11,41 N,33.4,242.4,28.0,18618.9,86.340,-0.526,-2.3,-2.0,13032.0,60955.0,59568.,59568.,0.0,0.,12736.,12736.0,0.,0.0,7394.,3.4,7394.0,3.9,0.0,0.0,0.,0.0,15324.0,14788.,3.6,0.03202,0.03252,-1.5,0.83,271,491.,568.,0.011,0.041,0,2489284.,901629,901630, , ,2023-08-03 09:39:50,True,False,False,3.5201287485184545
2023-08-03,FHMRF,FHMRF,2023/08/03,09:53:00,CMA620,LFPGZSPD,370,-11,42 N,33.0,240.9,28.0,18617.2,86.590,-0.094,-0.4,-0.3,12878.0,60235.0,59985.,59989.,0.0,0.,12824.,12825.0,0.,0.0,7444.,3.5,7443.0,3.5,0.0,0.0,0.,0.0,15409.0,14887.,3.5,0.03184,0.03287,-3.1,0.829,270,491.,574.,0.007,-0.031,0,2475196.,901629,901630, , ,2023-08-03 09:53:00,True,False,False,3.522569279054182
2023-08-03,FHMRF,FHMRF,2023/08/03,16:19:08,CMA620,LFPGZSPD,391,-16,35 N,29.7,199.9,26.0,18625.2,83.890,-0.478,-2.1,-1.8,10918.0,56492.0,55279.,55283.,0.0,0.,10684.,10684.0,0.,0.0,6215.,3.4,6214.0,3.7,0.0,0.0,0.,0.0,12872.0,12428.,3.6,0.0379,0.03855,-1.7,0.833,259,488.,517.,0.01,-0.004,0,2275094.,901629,901630, , ,2023-08-03 16:19:08,True,False,False,3.5249285071981027
2023-08-03,FHMRF,FHMRF,2023/08/03,21:58:55,CMA621,ZSPDLFPG,301,8,36 N,29.1,326.5,28.0,18619.2,88.720,-0.388,-1.6,-1.5,17407.0,58886.0,57954.,57954.,0.0,0.,17132.,17132.0,0.,0.0,10229.,2.9,10229.0,3.3,0.0,0.0,0.,0.0,21094.0,20458.,3.1,0.02414,0.0245,-1.5,0.831,316,509.,492.,-0.004,0.002,0,2435825.,901629,901630, , ,2023-08-03 21:58:55,True,False,False,3.527209820477201
2023-08-04,FHMRF,FHMRF,2023/08/04,21:35:51,CMA602,LFPGVHHH,370,-11,41 N,31.9,238.8,29.0,18616.3,85.630,-0.445,-1.9,-1.6,12532.0,58615.0,57505.,57509.,0.0,0.,12294.,12295.0,0.,0.0,7171.,3.4,7170.0,3.8,0.0,0.0,0.,0.0,14853.0,14340.,3.6,0.03311,0.03375,-1.9,0.831,271,492.,553.,-0.012,-0.036,0,2452040.,901629,901630, , ,2023-08-04 21:35:51,True,False,False,3.529416716142269
2023-08-04,FHMRF,FHMRF,2023/08/04,22:11:40,CMA602,LFPGVHHH,370,-8,41 N,31.3,234.7,28.0,18619.0,85.940,-0.281,-1.2,-1.0,12343.0,57734.0,57037.,57041.,0.0,0.,12194.,12195.0,0.,0.0,7166.,3.4,7165.0,4.0,0.0,0.0,0.,0.0,14864.0,14330.,3.7,0.03328,0.03419,-2.6,0.831,271,495.,554.,-0.013,0.005,0,2410207.,901629,901630, , ,2023-08-04 22:11:40,True,False,False,3.531552781024354
2023-08-04,FHMRF,FHMRF,2023/08/04,22:14:40,CMA602,LFPGVHHH,370,-8,41 N,31.3,234.4,28.0,18619.0,86.120,-0.413,-1.7,-1.5,12525.0,58585.0,57561.,57565.,0.0,0.,12306.,12307.0,0.,0.0,7218.,3.8,7217.0,3.8,0.0,0.0,0.,0.0,14990.0,14436.,3.8,0.03295,0.03371,-2.3,0.83,271,494.,552.,0.003,0.003,0,2406749.,901629,901630, , ,2023-08-04 22:14:40,True,False,False,3.5336216712804873
2023-08-05,FHMRF,FHMRF,2023/08/05,01:27:54,CMA602,LFPGVHHH,391,-13,37 N,29.6,213.4,24.0,18622.9,84.935,-0.182,-0.8,-0.6,11074.0,57297.0,56823.,56853.,0.0,0.,10982.,10988.0,0.,0.0,6411.,3.2,6413.0,4.0,0.0,0.0,0.,0.0,13285.0,12824.,3.6,0.0369,0.03801,-2.9,0.833,259,490.,518.,-0.033,-0.022,0,2423655.,901629,901630, , ,2023-08-05 01:27:54,True,False,False,3.53562709208575
2023-08-05,FHMRF,FHMRF,2023/08/05,01:28:07,CMA602,LFPGVHHH,391,-13,37 N,29.6,213.4,24.0,18622.9,84.920,-0.196,-0.9,-0.6,11074.0,57299.0,56802.,56807.,0.0,0.,10978.,10979.0,0.,0.0,6409.,3.3,6408.0,3.9,0.0,0.0,0.,0.0,13273.0,12817.,3.6,0.03694,0.03801,-2.8,0.833,259,490.,517.,-0.033,-0.015,0,2423424.,901629,901630, , ,2023-08-05 01:28:07,True,False,False,3.537572777328885
2023-08-05,FHMRF,FHMRF,2023/08/05,15:16:13,CMA603,VHHHLFPG,340,-3,41 N,28.9,263.5,29.0,18614.9,86.550,-0.543,-2.3,-2.0,14357.0,58189.0,56862.,56862.,0.0,0.,14030.,14030.0,0.,0.0,8274.,3.5,8274.0,3.7,0.0,0.0,0.,0.0,17146.0,16547.,3.6,0.02913,0.02957,-1.5,0.832,290,500.,473.,0.015,0.022,0,2359904.,901629,901630, , ,2023-08-05 15:16:13,True,False,False,3.5394624693760655
2023-08-07,FHMRF,FHMRF,2023/08/07,21:00:26,CMA602,LFPGVHHH,370,-15,41 N,32.4,218.2,29.0,18629.0,83.850,-0.331,-1.4,-1.1,11908.0,55700.0,54927.,54927.,0.0,0.,11743.,11743.0,0.,0.0,6804.,3.6,6804.0,3.6,0.0,0.0,0.,0.0,14096.0,13608.,3.6,0.03464,0.03547,-2.4,0.832,271,488.,504.,0.019,-0.008,0,2241296.,901629,901630, , ,2023-08-07 21:00:26,True,False,False,3.5412998989785818
2023-08-07,FHMRF,FHMRF,2023/08/07,23:07:01,CMA602,LFPGVHHH,391,-12,42 N,30.8,205.1,24.0,18629.1,85.110,-0.61,-2.6,-2.2,11261.0,58263.0,56732.,56732.,0.0,0.,10965.,10965.0,0.,0.0,6407.,3.3,6407.0,3.6,0.0,0.0,0.,0.0,13257.0,12814.,3.5,0.03695,0.03737,-1.1,0.83,258,490.,575.,0.022,0.019,0,2330040.,901629,901630, , ,2023-08-07 23:07:01,True,False,False,3.543088765410438
2023-08-08,FHMRF,FHMRF,2023/08/08,00:22:03,CMA602,LFPGVHHH,391,-13,40 N,30.4,197.7,24.0,18629.1,84.140,-0.506,-2.1,-1.7,10799.0,55877.0,54708.,54708.,0.0,0.,10573.,10573.0,0.,0.0,6187.,3.4,6187.0,4.0,0.0,0.0,0.,0.0,12836.0,12374.,3.7,0.03811,0.03884,-1.9,0.83,258,489.,552.,0.013,0.013,0,2245598.,901629,901630, , ,2023-08-08 00:22:03,True,False,False,3.5448327169292617
2023-08-08,FHMRF,FHMRF,2023/08/08,02:59:34,CMA602,LFPGVHHH,411,-19,24 N,30.2,183.1,24.0,18629.1,83.835,-0.258,-1.2,-0.9,10053.0,57264.0,56615.,56590.,0.0,0.,9939.,9935.0,0.,0.0,5757.,3.7,5754.0,3.8,0.0,0.0,0.,0.0,11941.0,11511.,3.7,0.04062,0.04177,-2.8,0.834,247,485.,464.,0.014,-0.009,0,2286132.,901629,901630, , ,2023-08-08 02:59:34,True,False,False,3.5465353316591606
2023-08-09,FHMRF,FHMRF,2023/08/09,09:33:40,CMA620,LFPGZSPD,330,-1,42 N,34.5,277.3,29.0,18618.9,86.095,-0.308,-1.2,-1.0,14364.0,55549.0,54863.,54883.,0.0,0.,14187.,14192.0,0.,0.0,8421.,3.4,8423.0,3.4,0.0,0.0,0.,0.0,17417.0,16844.,3.4,0.02874,0.02943,-2.3,0.83,296,501.,546.,-0.015,-0.005,0,2355650.,901629,901630, , ,2023-08-09 09:33:40,True,False,False,3.5482000989986386
2023-08-10,FHMRF,FHMRF,2023/08/10,22:33:42,CMA602,LFPGVHHH,371,-7,42 N,30.9,229.1,30.0,18617.3,86.040,-0.451,-1.9,-1.6,12369.0,58132.0,57018.,57018.,0.0,0.,12132.,12132.0,0.,0.0,7137.,3.4,7137.0,3.8,0.0,0.0,0.,0.0,14791.0,14275.,3.6,0.03341,0.03406,-1.9,0.829,270,494.,598.,0.011,0.041,0,2363938.,901629,901630, , ,2023-08-10 22:33:42,True,False,False,3.5498304016615836
2023-08-10,FHMRF,FHMRF,2023/08/10,23:42:37,CMA602,LFPGVHHH,371,-7,39 N,30.2,221.5,25.0,18607.9,85.440,-0.233,-1.0,-0.8,11924.0,56038.0,55462.,55462.,0.0,0.,11801.,11801.0,0.,0.0,6967.,3.3,6967.0,3.3,0.0,0.0,0.,0.0,14400.0,13934.,3.3,0.03437,0.03524,-2.5,0.83,270,495.,553.,0.004,0.031,0,2285424.,901629,901630, , ,2023-08-10 23:42:37,True,False,False,3.5514294984645507
2023-08-10,FHMRF,FHMRF,2023/08/10,23:59:21,CMA602,LFPGVHHH,371,-7,38 N,30.1,219.7,25.0,18617.3,84.890,-0.224,-0.8,-0.6,11641.0,54710.0,54250.,54250.,0.0,0.,11543.,11543.0,0.,0.0,6831.,3.0,6831.0,3.6,0.0,0.0,0.,0.0,14118.0,13662.,3.3,0.0351,0.03605,-2.6,0.831,270,496.,541.,-0.012,-0.018,0,2267081.,901629,901630, , ,2023-08-10 23:59:21,True,False,False,3.5530005079768547
2023-08-11,FHMRF,FHMRF,2023/08/11,00:02:21,CMA602,LFPGVHHH,371,-6,38 N,30.1,219.4,25.0,18617.3,85.080,-0.463,-1.8,-1.5,11833.0,55613.0,54595.,54595.,0.0,0.,11616.,11616.0,0.,0.0,6868.,3.0,6868.0,3.3,0.0,0.0,0.,0.0,14164.0,13736.,3.1,0.03496,0.0355,-1.5,0.83,270,495.,541.,0.005,0.005,0,2263715.,901629,901630, , ,2023-08-11 00:02:21,True,False,False,3.554546393148464
2023-08-12,FHMRF,FHMRF,2023/08/12,16:38:10,CMA620,LFPGZSPD,371,-5,41 N,29.7,223.0,24.0,18620.2,86.000,-0.347,-1.5,-1.2,12132.0,57022.0,56165.,56169.,0.0,0.,11950.,11951.0,0.,0.0,7067.,4.0,7066.0,4.0,0.0,0.0,0.,0.0,14702.0,14133.,4.0,0.03373,0.03466,-2.7,0.829,270,496.,529.,0.015,-0.015,0,2300750.,901629,901630, , ,2023-08-12 16:38:10,True,False,False,3.556069947022597
2023-08-13,FHMRF,FHMRF,2023/08/13,08:06:47,CMA621,ZSPDLFPG,320,3,42 N,30.4,262.4,28.0,18620.9,85.180,-0.169,-0.6,-0.5,14147.0,52220.0,51881.,51884.,0.0,0.,14055.,14056.0,0.,0.0,8427.,2.7,8426.0,3.3,0.0,0.0,0.,0.0,17350.0,16853.,3.0,0.02899,0.0297,-2.4,0.828,302,503.,464.,-0.001,0.012,0,2140403.,901629,901630, , ,2023-08-13 08:06:47,True,False,False,3.557573779625757
2023-08-13,FHMRF,FHMRF,2023/08/13,08:43:37,CMA621,ZSPDLFPG,340,-2,42 N,30.1,257.6,28.0,18631.4,85.630,-0.522,-2.0,-1.7,13703.0,55536.0,54418.,54422.,0.0,0.,13427.,13428.0,0.,0.0,7984.,3.2,7983.0,3.2,0.0,0.0,0.,0.0,16474.0,15967.,3.2,0.03043,0.03087,-1.4,0.834,291,501.,454.,-0.009,-0.011,0,2306767.,901629,901630, , ,2023-08-13 08:43:37,True,False,False,3.55906030611109
2023-08-13,FHMRF,FHMRF,2023/08/13,09:07:42,CMA621,ZSPDLFPG,340,-4,42 N,29.9,254.6,24.0,18629.9,86.035,0.252,1.1,1.2,13615.0,55182.0,55777.,55805.,0.0,0.,13762.,13769.0,0.,0.0,8124.,3.4,8126.0,3.7,0.0,0.0,0.,0.0,16822.0,16250.,3.5,0.02963,0.03103,-4.5,0.831,290,498.,455.,-0.002,0.025,0,2279498.,901629,901630, , ,2023-08-13 09:07:42,True,False,False,3.5605317362150615
2023-08-13,FHMRF,FHMRF,2023/08/13,09:11:31,CMA621,ZSPDLFPG,340,-4,42 N,29.9,254.1,24.0,18630.6,85.670,-0.144,-0.6,-0.4,13658.0,55354.0,55034.,55038.,0.0,0.,13579.,13580.0,0.,0.0,8025.,3.1,8024.0,3.8,0.0,0.0,0.,0.0,16602.0,16049.,3.4,0.03004,0.03096,-3.0,0.832,291,499.,456.,0.002,-0.004,0,2275260.,901629,901630, , ,2023-08-13 09:11:31,True,False,False,3.5619900650719423
2023-08-13,FHMRF,FHMRF,2023/08/13,19:38:19,CMA602,LFPGVHHH,350,-5,41 N,34.6,244.9,24.0,18622.8,85.300,-0.508,-2.0,-1.7,13120.0,55756.0,54628.,54628.,0.0,0.,12854.,12854.0,0.,0.0,7589.,3.2,7589.0,3.7,0.0,0.0,0.,0.0,15699.0,15179.,3.4,0.03167,0.03219,-1.6,0.831,284,497.,530.,0.008,0.009,0,2286572.,901629,901630, , ,2023-08-13 19:38:19,True,False,False,3.563437065412654
2023-08-13,FHMRF,FHMRF,2023/08/13,19:54:59,CMA602,LFPGVHHH,350,-5,41 N,34.0,243.0,24.0,18622.8,85.330,-0.386,-1.5,-1.2,13044.0,55436.0,54611.,54611.,0.0,0.,12850.,12850.0,0.,0.0,7586.,3.2,7586.0,3.5,0.0,0.0,0.,0.0,15678.0,15173.,3.3,0.03169,0.03234,-2.0,0.83,283,497.,530.,0.01,-0.005,0,2267644.,901629,901630, , ,2023-08-13 19:54:59,True,False,False,3.5648742811549488
2023-08-14,FHMRF,FHMRF,2023/08/14,14:38:17,CMA603,VHHHLFPG,340,-2,40 N,31.1,264.3,28.0,18618.4,86.460,-0.444,-1.9,-1.6,14195.0,57530.0,56444.,56451.,0.0,0.,13927.,13929.0,0.,0.0,8250.,3.3,8248.0,3.6,0.0,0.0,0.,0.0,17071.0,16499.,3.5,0.02931,0.02985,-1.8,0.833,291,500.,452.,0.002,0.111,0,2367049.,901629,901630, , ,2023-08-14 14:38:17,True,False,False,3.5663030223738525
2023-08-14,FHMRF,FHMRF,2023/08/14,14:41:17,CMA603,VHHHLFPG,340,-3,40 N,31.0,264.0,29.0,18620.9,86.560,-0.462,-1.9,-1.6,14285.0,57899.0,56768.,56775.,0.0,0.,14007.,14008.0,0.,0.0,8284.,2.9,8282.0,3.4,0.0,0.0,0.,0.0,17090.0,16565.,3.2,0.02924,0.02967,-1.5,0.832,291,500.,453.,0.012,0.019,2,2363703.,901629,901630, , ,2023-08-14 14:41:17,True,False,False,3.5677243616255
2023-08-14,FHMRF,FHMRF,2023/08/14,15:18:10,CMA603,VHHHLFPG,340,-3,41 N,30.5,259.2,28.0,18622.8,86.130,-0.332,-1.4,-1.2,13994.0,56718.0,55902.,55909.,0.0,0.,13793.,13795.0,0.,0.0,8158.,3.5,8156.0,4.3,0.0,0.0,0.,0.0,16949.0,16314.,3.9,0.02946,0.03025,-2.6,0.832,291,499.,467.,0.008,0.004,0,2321340.,901629,901630, , ,2023-08-14 15:18:10,True,False,False,3.569139131582111
2023-08-14,FHMRF,FHMRF,2023/08/14,15:22:26,CMA603,VHHHLFPG,340,-3,41 N,30.4,258.7,28.0,18622.8,86.060,-0.399,-1.7,-1.4,13960.0,56580.0,55603.,55610.,0.0,0.,13719.,13721.0,0.,0.0,8123.,3.5,8122.0,4.0,0.0,0.0,0.,0.0,16855.0,16245.,3.8,0.02964,0.03031,-2.2,0.832,291,500.,468.,0.007,0.020,0,2316526.,901629,901630, , ,2023-08-14 15:22:26,True,False,False,3.5705479239207443
2023-08-14,FHMRF,FHMRF,2023/08/14,15:30:11,CMA603,VHHHLFPG,340,-3,41 N,30.3,257.7,28.0,18622.8,85.600,-0.28,-1.1,-0.8,13644.0,55301.0,54711.,54718.,0.0,0.,13498.,13500.0,0.,0.0,8003.,3.5,8001.0,3.9,0.0,0.0,0.,0.0,16597.0,16004.,3.7,0.03011,0.03098,-2.8,0.833,291,500.,472.,-0.011,-0.036,0,2307868.,901629,901630, , ,2023-08-14 15:30:11,True,False,False,3.5719510893965762
2023-08-14,FHMRF,FHMRF,2023/08/14,15:49:08,CMA603,VHHHLFPG,340,-3,42 N,30.1,255.3,28.0,18622.8,85.495,-0.378,-1.4,-1.1,13620.0,55203.0,54440.,54426.,0.0,0.,13432.,13429.0,0.,0.0,7966.,3.1,7961.0,3.7,0.0,0.0,0.,0.0,16471.0,15927.,3.4,0.03032,0.03101,-2.2,0.832,291,499.,472.,-0.005,0.009,0,2286644.,901629,901630, , ,2023-08-14 15:49:08,True,False,False,3.5733487390271588
2023-08-14,FHMRF,FHMRF,2023/08/14,16:15:35,CMA603,VHHHLFPG,360,-7,42 N,29.9,252.0,28.0,18612.1,86.975,-0.321,-1.4,-1.1,13561.0,60454.0,59626.,59607.,0.0,0.,13375.,13371.0,0.,0.0,7837.,3.2,7832.0,3.3,0.0,0.0,0.,0.0,16178.0,15668.,3.3,0.03062,0.03126,-2.1,0.832,278,495.,466.,0.001,0.013,0,2481764.,901629,901630, , ,2023-08-14 16:15:35,True,False,False,3.5747407463186374
2023-08-15,FHMRF,FHMRF,2023/08/15,19:06:53,CMA602,LFPGVHHH,390,-16,42 N,33.5,216.0,24.0,18617.2,85.670,-0.268,-1.2,-1.0,11724.0,60372.0,59657.,59657.,0.0,0.,11585.,11585.0,0.,0.0,6684.,3.7,6684.0,3.7,0.0,0.0,0.,0.0,13866.0,13368.,3.7,0.03509,0.03604,-2.7,0.83,259,487.,501.,0.018,-0.002,2,2443386.,901629,901630, , ,2023-08-15 19:06:53,True,False,False,3.5761267504730223
2023-08-15,FHMRF,FHMRF,2023/08/15,19:09:59,CMA602,LFPGVHHH,390,-16,42 N,33.3,215.7,24.0,18617.2,85.430,-0.27,-1.2,-0.9,11590.0,59681.0,58978.,58978.,0.0,0.,11454.,11454.0,0.,0.0,6624.,3.5,6624.0,3.5,0.0,0.0,0.,0.0,13714.0,13247.,3.5,0.03556,0.03647,-2.5,0.832,259,488.,504.,0.006,0.001,0,2439664.,901629,901630, , ,2023-08-15 19:09:59,True,False,False,3.5775061605195604
2023-08-15,FHMRF,FHMRF,2023/08/15,19:12:59,CMA602,LFPGVHHH,390,-15,42 N,33.2,215.4,24.0,18615.3,85.390,-0.273,-1.2,-0.9,11560.0,59528.0,58827.,58827.,0.0,0.,11424.,11424.0,0.,0.0,6607.,3.8,6607.0,3.8,0.0,0.0,0.,0.0,13714.0,13213.,3.8,0.03553,0.03653,-2.7,0.831,259,487.,504.,0.006,-0.004,2,2436115.,901629,901630, , ,2023-08-15 19:12:59,True,False,False,3.5788781603103303
2023-08-15,FHMRF,FHMRF,2023/08/15,19:15:59,CMA602,LFPGVHHH,390,-15,42 N,33.1,215.1,24.0,18616.1,85.425,-0.188,-0.8,-0.6,11536.0,59404.0,58911.,58936.,0.0,0.,11441.,11445.0,0.,0.0,6615.,3.2,6617.0,3.6,0.0,0.0,0.,0.0,13681.0,13232.,3.4,0.03562,0.0366,-2.7,0.831,259,487.,506.,0.005,0.010,0,2432561.,901629,901630, , ,2023-08-15 19:15:59,True,False,False,3.5802417143144267
2023-08-15,FHMRF,FHMRF,2023/08/15,19:18:59,CMA602,LFPGVHHH,390,-16,42 N,33.0,214.8,24.0,18616.1,85.150,-0.401,-1.7,-1.4,11544.0,59443.0,58421.,58421.,0.0,0.,11345.,11345.0,0.,0.0,6561.,3.9,6561.0,3.9,0.0,0.0,0.,0.0,13634.0,13122.,3.9,0.03575,0.03661,-2.3,0.832,259,487.,506.,0.006,0.002,2,2429040.,901629,901630, , ,2023-08-15 19:18:59,True,False,False,3.58159557414182
2023-08-15,FHMRF,FHMRF,2023/08/15,19:21:59,CMA602,LFPGVHHH,390,-16,42 N,33.0,214.5,25.0,18616.1,85.330,-0.177,-0.8,-0.6,11512.0,59282.0,58835.,58835.,0.0,0.,11426.,11426.0,0.,0.0,6602.,3.9,6602.0,3.9,0.0,0.0,0.,0.0,13714.0,13203.,3.9,0.03551,0.03668,-3.2,0.831,259,487.,508.,0.006,-0.010,0,2425489.,901629,901630, , ,2023-08-15 19:21:59,True,False,False,3.5829382857289205
2023-08-15,FHMRF,FHMRF,2023/08/15,19:26:40,CMA602,LFPGVHHH,390,-16,42 N,32.8,214.0,28.0,18620.0,85.290,-0.26,-1.1,-0.9,11528.0,59360.0,58700.,58700.,0.0,0.,11400.,11400.0,0.,0.0,6589.,3.5,6589.0,3.2,0.0,0.0,0.,0.0,13619.0,13178.,3.3,0.03576,0.03663,-2.4,0.831,259,487.,510.,0.009,-0.005,0,2419947.,901629,901630, , ,2023-08-15 19:26:40,True,False,False,3.584268197122426
2023-08-15,FHMRF,FHMRF,2023/08/15,19:29:41,CMA602,LFPGVHHH,390,-16,42 N,32.7,213.7,28.0,18620.0,85.200,-0.409,-1.8,-1.5,11590.0,59677.0,58623.,58623.,0.0,0.,11385.,11385.0,0.,0.0,6576.,3.7,6576.0,4.3,0.0,0.0,0.,0.0,13675.0,13152.,4.0,0.03559,0.03645,-2.4,0.831,259,487.,512.,0.015,0.020,0,2416258.,901629,901630, , ,2023-08-15 19:29:41,True,False,False,3.5855834668059585
2023-08-15,FHMRF,FHMRF,2023/08/15,20:48:43,CMA602,LFPGVHHH,390,-15,41 N,31.0,205.6,28.0,18620.2,84.360,-0.261,-1.2,-0.9,10977.0,56526.0,55867.,55867.,0.0,0.,10849.,10849.0,0.,0.0,6319.,3.5,6319.0,4.2,0.0,0.0,0.,0.0,13122.0,12638.,3.8,0.03724,0.03831,-2.8,0.832,259,489.,538.,-0.005,-0.005,0,2324680.,901629,901630, , ,2023-08-15 20:48:43,True,False,False,3.586882072524666
2023-08-15,FHMRF,FHMRF,2023/08/15,22:08:24,CMA602,LFPGVHHH,390,-15,41 N,29.8,197.9,29.0,18622.4,83.690,-0.657,-2.7,-2.3,10894.0,56096.0,54570.,54570.,0.0,0.,10598.,10598.0,0.,0.0,6168.,3.3,6168.0,3.8,0.0,0.0,0.,0.0,12771.0,12337.,3.5,0.03813,0.03855,-1.1,0.83,258,487.,545.,0.021,0.002,0,2236376.,901629,901630, , ,2023-08-15 22:08:24,True,False,False,3.588161820574582
2023-08-15,FHMRF,FHMRF,2023/08/15,22:40:41,CMA602,LFPGVHHH,391,-14,42 N,29.5,194.7,24.0,18614.3,83.880,-0.777,-3.2,-2.8,10871.0,56248.0,54451.,54451.,0.0,0.,10524.,10524.0,0.,0.0,6143.,3.6,6143.0,3.6,0.0,0.0,0.,0.0,12727.0,12286.,3.6,0.03829,0.03856,-0.7,0.828,257,487.,581.,0.033,-0.027,0,2210777.,901629,901630, , ,2023-08-15 22:40:41,True,False,False,3.589420355535164
2023-08-15,FHMRF,FHMRF,2023/08/15,23:00:04,CMA602,LFPGVHHH,391,-13,42 N,29.3,192.9,24.0,18622.6,83.920,-0.393,-1.5,-1.2,10654.0,55123.0,54307.,54307.,0.0,0.,10496.,10496.0,0.,0.0,6124.,3.4,6124.0,3.9,0.0,0.0,0.,0.0,12693.0,12247.,3.6,0.03831,0.03923,-2.3,0.825,256,486.,607.,0.021,0.052,0,2190134.,901629,901630, , ,2023-08-15 23:00:04,True,False,False,3.5906551704350416
2023-08-16,FHMRF,FHMRF,2023/08/16,15:57:14,CMA603,VHHHLFPG,340,-4,42 N,26.2,257.1,28.0,18624.9,85.590,-0.342,-1.4,-1.2,13774.0,55825.0,55024.,55024.,0.0,0.,13576.,13576.0,0.,0.0,8024.,3.3,8024.0,3.2,0.0,0.0,0.,0.0,16571.0,16047.,3.3,0.0301,0.03073,-2.0,0.833,291,499.,471.,-0.007,0.009,0,2302446.,901629,901630, , ,2023-08-16 15:57:14,True,False,False,3.591863617350621
2023-08-17,FHMRF,FHMRF,2023/08/17,09:23:49,CMA620,LFPGZSPD,370,-11,42 N,32.6,229.3,28.0,18623.9,85.270,-0.259,-1.1,-0.9,12296.0,57509.0,56860.,56864.,0.0,0.,12157.,12158.0,0.,0.0,7084.,3.3,7083.0,3.9,0.0,0.0,0.,0.0,14680.0,14166.,3.6,0.03346,0.03437,-2.6,0.831,271,491.,522.,0.007,0.031,0,2355128.,901629,901630, , ,2023-08-17 09:23:49,True,False,False,3.5930429184419532
2023-08-17,FHMRF,FHMRF,2023/08/17,12:11:53,CMA620,LFPGZSPD,390,-18,48 N,30.1,211.4,24.0,18626.9,84.740,-0.263,-1.1,-0.9,11475.0,59090.0,58420.,58424.,0.0,0.,11345.,11346.0,0.,0.0,6524.,3.9,6523.0,4.0,0.0,0.0,0.,0.0,13562.0,13047.,3.9,0.03576,0.03685,-2.9,0.832,259,485.,510.,0.011,-0.003,0,2393198.,901629,901630, , ,2023-08-17 12:11:53,True,False,False,3.5941901774294522
2023-08-17,FHMRF,FHMRF,2023/08/17,12:21:16,CMA620,LFPGZSPD,390,-18,48 N,30.0,210.5,24.0,18625.2,84.540,-0.276,-1.2,-0.9,11321.0,58292.0,57588.,57592.,0.0,0.,11184.,11185.0,0.,0.0,6452.,3.4,6451.0,3.7,0.0,0.0,0.,0.0,13359.0,12902.,3.5,0.03636,0.03729,-2.5,0.832,259,486.,515.,0.002,0.009,0,2382104.,901629,901630, , ,2023-08-17 12:21:16,True,False,False,3.5953023915105984
2023-08-17,FHMRF,FHMRF,2023/08/17,12:24:26,CMA620,LFPGZSPD,390,-17,47 N,30.0,210.2,24.0,18625.2,84.780,-0.174,-0.8,-0.5,11351.0,58452.0,58008.,58012.,0.0,0.,11265.,11266.0,0.,0.0,6497.,3.8,6496.0,4.1,0.0,0.0,0.,0.0,13507.0,12994.,4.0,0.03595,0.03718,-3.3,0.831,259,486.,516.,0.007,0.002,2,2378540.,901629,901630, , ,2023-08-17 12:24:26,True,False,False,3.596376463711856
2023-08-17,FHMRF,FHMRF,2023/08/17,12:27:26,CMA620,LFPGZSPD,390,-17,47 N,30.0,209.9,24.0,18625.2,84.680,-0.31,-1.3,-1.1,11383.0,58615.0,57825.,57830.,0.0,0.,11230.,11231.0,0.,0.0,6480.,3.5,6479.0,3.7,0.0,0.0,0.,0.0,13422.0,12959.,3.6,0.03621,0.0371,-2.4,0.832,259,486.,518.,0.01,-0.002,0,2375022.,901629,901630, , ,2023-08-17 12:27:26,True,False,False,3.5974092156717394
2023-08-17,FHMRF,FHMRF,2023/08/17,14:21:43,CMA620,LFPGZSPD,391,-13,42 N,29.5,198.5,24.0,18624.1,84.050,-0.122,-0.5,-0.3,10598.0,54833.0,54577.,54581.,0.0,0.,10548.,10549.0,0.,0.0,6174.,3.3,6173.0,3.7,0.0,0.0,0.,0.0,12778.0,12347.,3.5,0.03827,0.0395,-3.1,0.83,258,489.,595.,-0.008,-0.006,0,2253063.,901629,901630, , ,2023-08-17 14:21:43,True,False,False,3.598397400857658
2023-08-18,FHMRF,FHMRF,2023/08/18,02:37:59,CMA621,ZSPDLFPG,320,-13,47 N,33.8,283.7,30.0,18627.7,84.255,-0.414,-1.8,-1.5,15209.0,56144.0,55118.,55142.,0.0,0.,14932.,14938.0,0.,0.0,8621.,2.7,8623.0,3.2,0.0,0.0,0.,0.0,17750.0,17244.,2.9,0.02765,0.02803,-1.4,0.833,304,491.,444.,0.012,-0.019,0,2315169.,901629,901630, , ,2023-08-18 02:37:59,True,False,False,3.599337718229264
2023-08-18,FHMRF,FHMRF,2023/08/18,06:37:51,CMA621,ZSPDLFPG,360,-5,42 N,30.1,252.6,28.0,18609.0,87.750,-0.1,-0.4,-0.2,13624.0,60732.0,60469.,60473.,0.0,0.,13565.,13566.0,0.,0.0,7996.,3.4,7995.0,3.4,0.0,0.0,0.,0.0,16537.0,15991.,3.4,0.0301,0.03107,-3.1,0.832,278,498.,474.,0.002,0.001,0,2487972.,901629,901630, , ,2023-08-18 06:37:51,True,False,False,3.600226826368845
2023-08-18,FHMRF,FHMRF,2023/08/18,06:42:16,CMA621,ZSPDLFPG,360,-5,42 N,30.1,252.0,28.0,18625.2,87.655,-0.205,-0.9,-0.6,13661.0,60897.0,60350.,60379.,0.0,0.,13538.,13545.0,0.,0.0,7968.,3.7,7971.0,3.7,0.0,0.0,0.,0.0,16535.0,15939.,3.7,0.03009,0.03102,-3.0,0.832,278,497.,476.,0.007,0.007,0,2482545.,901629,901630, , ,2023-08-18 06:42:16,True,False,False,3.6010613580979225
2023-08-18,FHMRF,FHMRF,2023/08/18,18:58:20,CMA602,LFPGVHHH,370,-11,43 N,33.1,229.6,28.0,18627.7,85.850,-0.198,-0.8,-0.8,12528.0,58599.0,58105.,58109.,0.0,0.,12423.,12423.0,0.,0.0,7204.,3.1,7203.0,3.3,0.0,0.0,0.,0.0,14869.0,14406.,3.2,0.03301,0.03381,-2.4,0.829,270,491.,508.,0.025,-0.002,0,2360710.,901629,901630, , ,2023-08-18 18:58:20,True,False,False,3.6018379355854355
2023-08-18,FHMRF,FHMRF,2023/08/18,19:33:05,CMA602,LFPGVHHH,370,-10,42 N,33.5,225.8,24.0,18626.8,84.710,-0.404,-1.7,-1.5,11974.0,56008.0,55037.,55041.,0.0,0.,11767.,11767.0,0.,0.0,6895.,3.6,6894.0,3.3,0.0,0.0,0.,0.0,14266.0,13789.,3.5,0.03455,0.03523,-1.9,0.832,271,493.,520.,-0.005,-0.010,0,2320142.,901629,901630, , ,2023-08-18 19:33:05,True,False,False,3.602553185931353
2023-08-18,FHMRF,FHMRF,2023/08/18,19:36:05,CMA602,LFPGVHHH,370,-10,42 N,33.4,225.5,24.0,18624.9,84.860,-0.343,-1.5,-1.3,12002.0,56139.0,55285.,55289.,0.0,0.,11820.,11820.0,0.,0.0,6923.,3.4,6922.0,3.4,0.0,0.0,0.,0.0,14320.0,13845.,3.4,0.0344,0.03513,-2.1,0.831,271,493.,520.,-0.001,0.002,0,2316803.,901629,901630, , ,2023-08-18 19:36:05,True,False,False,3.603203757188262
2023-08-18,FHMRF,FHMRF,2023/08/18,22:49:42,CMA602,LFPGVHHH,390,-16,41 N,29.2,205.2,29.0,18626.9,84.340,-0.429,-1.9,-1.6,11161.0,57469.0,56382.,56386.,0.0,0.,10949.,10950.0,0.,0.0,6350.,3.7,6349.0,4.4,0.0,0.0,0.,0.0,13211.0,12699.,4.0,0.03685,0.03773,-2.3,0.831,259,487.,554.,0.012,-0.027,0,2319507.,901629,901630, , ,2023-08-18 22:49:42,True,False,False,3.6037863347659584
2023-08-18,FHMRF,FHMRF,2023/08/18,22:52:42,CMA602,LFPGVHHH,390,-16,41 N,29.1,204.9,29.0,18630.8,84.260,-0.374,-1.7,-1.4,11086.0,57085.0,56138.,56142.,0.0,0.,10902.,10903.0,0.,0.0,6325.,3.5,6324.0,3.8,0.0,0.0,0.,0.0,13112.0,12650.,3.7,0.03713,0.03797,-2.2,0.831,259,487.,555.,0.006,0.018,0,2316106.,901629,901630, , ,2023-08-18 22:52:42,True,False,False,3.6042976581496844
2023-08-18,FHMRF,FHMRF,2023/08/18,22:59:22,CMA602,LFPGVHHH,391,-16,41 N,29.0,204.3,29.0,18630.8,84.565,-0.669,-2.9,-2.5,11347.0,58712.0,57005.,57035.,0.0,0.,11017.,11023.0,0.,0.0,6374.,3.8,6376.0,4.0,0.0,0.0,0.,0.0,13247.0,12749.,3.9,0.03665,0.03714,-1.3,0.829,258,486.,556.,0.034,-0.030,0,2319725.,901629,901630, , ,2023-08-18 22:59:22,True,False,False,3.604734537852934
2023-08-19,FHMRF,FHMRF,2023/08/19,02:42:16,CMA602,LFPGVHHH,411,-21,27 N,27.8,183.1,24.0,18632.0,83.360,-0.162,-0.7,-0.5,9917.0,56485.0,56066.,56071.,0.0,0.,9843.,9844.0,0.,0.0,5685.,3.2,5684.0,3.9,0.0,0.0,0.,0.0,11773.0,11369.,3.6,0.04106,0.04232,-3.0,0.834,248,483.,496.,-0.004,0.012,0,2290964.,901629,901630, , ,2023-08-19 02:42:16,True,False,False,3.6050938725245785
2023-08-19,FHMRF,FHMRF,2023/08/19,03:23:09,CMA602,LFPGVHHH,411,-23,24 N,27.7,179.5,24.0,18632.0,83.170,-0.061,-0.3,-0.1,9943.0,56637.0,56475.,56480.,0.0,0.,9914.,9915.0,0.,0.0,5690.,3.3,5689.0,4.3,0.0,0.0,0.,0.0,11813.0,11380.,3.8,0.04071,0.04223,-3.6,0.833,247,481.,449.,0.019,-0.005,0,2241983.,901629,901630, , ,2023-08-19 03:23:09,True,False,False,3.6053726661383276
2023-08-19,FHMRF,FHMRF,2023/08/19,14:18:13,CMA603,VHHHLFPG,320,-1,41 N,32.5,283.5,24.0,18613.1,86.410,-0.274,-1.2,-1.0,15287.0,56432.0,55763.,55767.,0.0,0.,15106.,15107.0,0.,0.0,8938.,3.5,8937.0,3.3,0.0,0.0,0.,0.0,18485.0,17875.,3.4,0.02712,0.02777,-2.3,0.832,304,501.,445.,0.013,-0.023,0,2312398.,901629,901630, , ,2023-08-19 14:18:13,True,False,False,3.6055680452061205
2023-08-19,FHMRF,FHMRF,2023/08/19,14:36:21,CMA603,VHHHLFPG,320,-1,40 N,31.9,281.0,24.0,18612.7,85.850,-0.374,-1.4,-1.2,15027.0,55471.0,54675.,54675.,0.0,0.,14811.,14811.0,0.,0.0,8778.,2.7,8778.0,3.6,0.0,0.0,0.,0.0,18107.0,17556.,3.1,0.0277,0.02822,-1.9,0.833,304,502.,446.,0.003,-0.015,0,2291940.,901629,901630, , ,2023-08-19 14:36:21,True,False,False,3.605677275970173
2023-08-19,FHMRF,FHMRF,2023/08/19,18:15:45,CMA603,VHHHLFPG,360,-8,43 N,28.8,252.1,24.0,18617.2,87.000,-0.226,-1.0,-0.7,13549.0,60398.0,59805.,59805.,0.0,0.,13416.,13416.0,0.,0.0,7848.,2.7,7848.0,3.3,0.0,0.0,0.,0.0,16162.0,15695.,3.0,0.03063,0.03131,-2.2,0.832,278,495.,461.,-0.002,-0.004,0,2482585.,901629,901630, , ,2023-08-19 18:15:45,True,False,False,3.6056977815360503
2023-08-20,FHMRF,FHMRF,2023/08/20,06:39:31,CMA620,LFPGZSPD,330,-7,47 N,31.1,281.2,28.0,18619.4,85.760,-0.311,-1.3,-1.3,14859.0,57459.0,56697.,56697.,0.0,0.,14661.,14661.0,0.,0.0,8512.,4.0,8512.0,3.8,0.0,0.0,0.,0.0,17684.0,17025.,3.9,0.02796,0.02868,-2.5,0.83,296,494.,535.,0.0,0.017,0,2390857.,901629,901630, , ,2023-08-20 06:39:31,True,False,False,3.6056271589065694
2023-08-21,FHMRF,FHMRF,2023/08/21,07:14:27,CMA621,ZSPDLFPG,340,-5,42 N,31.3,258.1,29.0,18627.9,85.520,-0.401,-1.7,-1.4,13793.0,55906.0,54968.,54968.,0.0,0.,13562.,13562.0,0.,0.0,8015.,3.3,8015.0,3.9,0.0,0.0,0.,0.0,16611.0,16031.,3.6,0.03001,0.03068,-2.2,0.833,291,499.,454.,-0.001,-0.021,0,2311794.,901629,901630, , ,2023-08-21 07:14:27,True,False,False,3.6054631958612657
2023-08-21,FHMRF,FHMRF,2023/08/21,07:58:18,CMA621,ZSPDLFPG,360,-7,42 N,31.0,252.6,24.0,18628.6,87.000,-0.348,-1.5,-1.2,13580.0,60536.0,59628.,59628.,0.0,0.,13376.,13376.0,0.,0.0,7833.,3.8,7833.0,3.8,0.0,0.0,0.,0.0,16266.0,15667.,3.8,0.03045,0.03124,-2.5,0.832,278,495.,456.,0.002,-0.014,0,2487675.,901629,901630, , ,2023-08-21 07:58:18,True,False,False,3.6052038876033303
2023-08-21,FHMRF,FHMRF,2023/08/21,08:04:09,CMA621,ZSPDLFPG,360,-7,42 N,31.0,251.9,24.0,18627.8,87.000,-0.269,-1.2,-0.9,13481.0,60099.0,59398.,59398.,0.0,0.,13324.,13324.0,0.,0.0,7815.,3.5,7815.0,4.1,0.0,0.0,0.,0.0,16222.0,15630.,3.8,0.03057,0.03145,-2.8,0.832,278,496.,456.,-0.002,0.001,0,2480655.,901629,901630, , ,2023-08-21 08:04:09,True,False,False,3.6048474530765047
2023-08-21,FHMRF,FHMRF,2023/08/21,09:54:01,CMA621,ZSPDLFPG,360,-16,47 N,30.9,239.0,24.0,18627.9,83.890,-0.356,-1.6,-1.2,12637.0,56336.0,55443.,55443.,0.0,0.,12437.,12437.0,0.,0.0,7185.,3.7,7185.0,3.5,0.0,0.0,0.,0.0,14890.0,14369.,3.6,0.03275,0.03352,-2.3,0.833,278,488.,470.,-0.011,-0.010,0,2354539.,901629,901630, , ,2023-08-21 09:54:01,True,False,False,3.6043923508468008
2023-08-21,FHMRF,FHMRF,2023/08/21,10:13:00,CMA621,ZSPDLFPG,360,-16,48 N,30.9,236.9,24.0,18627.9,83.870,-0.26,-1.2,-0.9,12573.0,56049.0,55397.,55397.,0.0,0.,12427.,12427.0,0.,0.0,7179.,3.8,7179.0,4.2,0.0,0.0,0.,0.0,14932.0,14358.,4.0,0.03266,0.03367,-3.0,0.833,278,488.,461.,-0.008,-0.021,0,2333514.,901629,901630, , ,2023-08-21 10:13:00,True,False,False,3.6038372944479073
2023-08-21,FHMRF,FHMRF,2023/08/21,21:36:02,CMA602,LFPGVHHH,410,-17,41 N,26.9,188.9,24.0,18628.1,84.460,-0.346,-1.5,-1.2,10245.0,58075.0,57191.,57191.,0.0,0.,10089.,10089.0,0.,0.0,5860.,3.3,5860.0,4.0,0.0,0.0,0.,0.0,12149.0,11720.,3.7,0.04002,0.04098,-2.3,0.832,247,486.,557.,0.0,0.011,0,2350034.,901629,901630, , ,2023-08-21 21:36:02,True,False,False,3.6031812670994894
2023-08-21,FHMRF,FHMRF,2023/08/21,21:42:13,CMA602,LFPGVHHH,410,-18,41 N,26.9,188.3,24.0,18624.3,84.460,-0.613,-2.6,-2.3,10423.0,59085.0,57520.,57520.,0.0,0.,10147.,10147.0,0.,0.0,5881.,3.7,5881.0,3.7,0.0,0.0,0.,0.0,12198.0,11761.,3.7,0.0398,0.04034,-1.4,0.832,247,485.,562.,0.02,-0.030,0,2342860.,901629,901630, , ,2023-08-21 21:42:13,True,False,False,3.602423535720549
2023-08-21,FHMRF,FHMRF,2023/08/21,22:28:44,CMA602,LFPGVHHH,411,-19,42 N,26.4,184.2,24.0,18626.6,83.390,-0.388,-1.8,-1.4,9861.0,56168.0,55179.,55179.,0.0,0.,9687.,9687.0,0.,0.0,5627.,3.7,5627.0,4.1,0.0,0.0,0.,0.0,11694.0,11255.,3.9,0.04149,0.04249,-2.4,0.833,247,485.,580.,-0.015,0.003,0,2301417.,901629,901630, , ,2023-08-21 22:28:44,True,False,False,3.601563664174496
2023-08-21,FHMRF,FHMRF,2023/08/21,23:47:35,CMA602,LFPGVHHH,411,-20,40 N,25.9,177.2,24.0,18629.3,83.160,-0.242,-1.0,-0.8,9742.0,55488.0,54927.,54927.,0.0,0.,9643.,9643.0,0.,0.0,5576.,3.8,5576.0,4.4,0.0,0.0,0.,0.0,11613.0,11153.,4.1,0.04148,0.04287,-3.2,0.828,245,482.,582.,0.01,0.019,0,2214361.,901629,901630, , ,2023-08-21 23:47:35,True,False,False,3.6006015256981088
2023-08-22,FHMRF,FHMRF,2023/08/22,00:00:38,CMA602,LFPGVHHH,411,-19,39 N,25.8,176.0,24.0,18626.8,82.360,-0.39,-1.5,-1.2,9443.0,53789.0,52964.,52964.,0.0,0.,9298.,9298.0,0.,0.0,5413.,3.5,5413.0,3.5,0.0,0.0,0.,0.0,11207.0,10827.,3.5,0.04315,0.04412,-2.2,0.83,246,484.,573.,-0.016,-0.051,0,2199872.,901629,901630, , ,2023-08-22 00:00:38,True,False,False,3.5995373144831397
2023-08-22,FHMRF,FHMRF,2023/08/22,00:14:37,CMA602,LFPGVHHH,411,-19,38 N,25.8,174.9,24.0,18624.2,82.460,-0.406,-1.6,-1.3,9511.0,54176.0,53318.,53318.,0.0,0.,9361.,9361.0,0.,0.0,5438.,3.0,5438.0,3.7,0.0,0.0,0.,0.0,11241.0,10876.,3.4,0.04294,0.04382,-2.0,0.829,246,483.,567.,-0.005,0.023,0,2185415.,901629,901630, , ,2023-08-22 00:14:37,True,False,False,3.5983715563974674
2023-08-22,FHMRF,FHMRF,2023/08/22,00:17:37,CMA602,LFPGVHHH,411,-19,38 N,25.8,174.6,24.0,18624.2,82.510,-0.102,-0.4,-0.2,9416.0,53633.0,53417.,53417.,0.0,0.,9378.,9378.0,0.,0.0,5447.,3.6,5447.0,3.8,0.0,0.0,0.,0.0,11299.0,10894.,3.7,0.04272,0.04422,-3.4,0.829,246,483.,565.,-0.013,-0.007,0,2182339.,901629,901630, , ,2023-08-22 00:17:37,True,False,False,3.597105118851855
2023-08-22,FHMRF,FHMRF,2023/08/22,00:20:37,CMA602,LFPGVHHH,411,-19,37 N,25.7,174.4,24.0,18624.2,82.400,-0.157,-0.6,-0.4,9408.0,53585.0,53253.,53253.,0.0,0.,9349.,9349.0,0.,0.0,5430.,3.1,5430.0,3.8,0.0,0.0,0.,0.0,11238.0,10860.,3.5,0.04293,0.04425,-3.0,0.829,246,482.,563.,-0.013,0.008,0,2178994.,901629,901630, , ,2023-08-22 00:20:37,True,False,False,3.5957392198338005
2023-08-22,FHMRF,FHMRF,2023/08/22,01:32:13,CMA602,LFPGVHHH,411,-23,29 N,25.5,168.4,24.0,18624.2,81.390,-0.363,-1.5,-1.2,9294.0,52940.0,52168.,52168.,0.0,0.,9158.,9158.0,0.,0.0,5288.,3.6,5288.0,3.7,0.0,0.0,0.,0.0,10957.0,10575.,3.6,0.04372,0.04478,-2.4,0.828,246,479.,528.,0.001,0.002,0,2105950.,901629,901630, , ,2023-08-22 01:32:13,True,False,False,3.5942754361372438
2023-08-22,FHMRF,FHMRF,2023/08/22,01:40:54,CMA602,LFPGVHHH,411,-23,27 N,25.5,167.7,24.0,18624.2,80.920,-0.249,-1.2,-0.9,9098.0,51824.0,51207.,51207.,0.0,0.,8990.,8990.0,0.,0.0,5202.,3.3,5202.0,3.5,0.0,0.0,0.,0.0,10761.0,10404.,3.4,0.04458,0.0457,-2.4,0.83,246,480.,524.,-0.019,-0.013,0,2097227.,901629,901630, , ,2023-08-22 01:40:54,True,False,False,3.5927157108168597
2023-08-22,FHMRF,FHMRF,2023/08/22,16:34:25,CMA603,VHHHLFPG,340,-9,42 N,27.9,256.9,29.0,18632.8,84.985,-0.479,-2.1,-1.8,13959.0,56578.0,55380.,55408.,0.0,0.,13663.,13670.0,0.,0.0,7982.,3.2,7984.0,3.7,0.0,0.0,0.,0.0,16517.0,15966.,3.5,0.02993,0.03042,-1.6,0.833,291,494.,467.,0.011,-0.005,0,2300712.,901629,901630, , ,2023-08-22 16:34:25,True,False,False,3.5910623598925255
2023-08-22,FHMRF,FHMRF,2023/08/22,16:59:53,CMA603,VHHHLFPG,340,-9,42 N,27.7,253.7,29.0,18627.8,84.600,-0.339,-1.3,-1.0,13620.0,55203.0,54503.,54507.,0.0,0.,13448.,13449.0,0.,0.0,7867.,2.8,7866.0,3.4,0.0,0.0,0.,0.0,16223.0,15733.,3.1,0.03045,0.03108,-2.0,0.832,290,494.,472.,-0.001,0.024,0,2272408.,901629,901630, , ,2023-08-22 16:59:53,True,False,False,3.589318078325064
2023-08-22,FHMRF,FHMRF,2023/08/22,17:11:33,CMA603,VHHHLFPG,340,-9,42 N,27.6,252.3,24.0,18631.8,84.620,-0.49,-1.9,-1.6,13695.0,55507.0,54449.,54453.,0.0,0.,13434.,13435.0,0.,0.0,7856.,3.0,7855.0,3.5,0.0,0.0,0.,0.0,16222.0,15711.,3.3,0.03043,0.03093,-1.6,0.831,290,494.,473.,0.01,0.012,0,2259694.,901629,901630, , ,2023-08-22 17:11:33,True,False,False,3.5874859452770878
2023-08-22,FHMRF,FHMRF,2023/08/22,19:06:17,CMA603,VHHHLFPG,340,-14,45 N,27.2,238.7,26.0,18629.0,82.480,-0.098,-0.4,-0.2,12799.0,51875.0,51646.,51650.,0.0,0.,12742.,12743.0,0.,0.0,7395.,3.1,7394.0,3.1,0.0,0.0,0.,0.0,15246.0,14789.,3.1,0.03201,0.03291,-2.8,0.829,290,488.,476.,-0.009,-0.006,0,2137784.,901629,901630, , ,2023-08-22 19:06:17,True,False,False,3.585569428660169
2023-08-23,FHMRF,FHMRF,2023/08/23,08:24:17,CMA620,LFPGZSPD,330,-10,43 N,32.2,288.8,30.0,18627.7,86.280,-0.224,-0.9,-0.7,15348.0,59353.0,58799.,58802.,0.0,0.,15204.,15205.0,0.,0.0,8798.,2.9,8797.0,3.5,0.0,0.0,0.,0.0,18159.0,17595.,3.2,0.02714,0.0278,-2.4,0.831,297,493.,498.,0.006,0.009,0,2455219.,901629,901630, , ,2023-08-23 08:24:17,True,False,False,3.5835723889499547
2023-08-23,FHMRF,FHMRF,2023/08/23,08:26:26,CMA620,LFPGZSPD,330,-9,43 N,32.2,288.5,30.0,18627.7,86.160,-0.325,-1.4,-1.1,15326.0,59270.0,58467.,58471.,0.0,0.,15119.,15119.0,0.,0.0,8754.,3.4,8753.0,3.4,0.0,0.0,0.,0.0,18100.0,17507.,3.4,0.02723,0.02784,-2.2,0.831,297,493.,499.,0.006,-0.005,0,2452667.,901629,901630, , ,2023-08-23 08:26:26,True,False,False,3.581499082224231
2023-08-23,FHMRF,FHMRF,2023/08/23,09:27:10,CMA620,LFPGZSPD,330,-9,42 N,33.5,280.3,30.0,18628.9,85.520,-0.292,-1.3,-1.0,14821.0,57316.0,56597.,56600.,0.0,0.,14635.,14636.0,0.,0.0,8509.,2.9,8508.0,3.6,0.0,0.0,0.,0.0,17569.0,17017.,3.2,0.02809,0.0287,-2.1,0.831,297,494.,508.,0.004,-0.005,0,2382440.,901629,901630, , ,2023-08-23 09:27:10,True,False,False,3.5793541623477294
2023-08-23,FHMRF,FHMRF,2023/08/23,11:26:05,CMA620,LFPGZSPD,350,-19,47 N,31.4,264.9,30.0,18619.0,84.700,-0.391,-1.7,-1.4,14052.0,59718.0,58709.,58713.,0.0,0.,13815.,13815.0,0.,0.0,7856.,3.0,7856.0,4.7,0.0,0.0,0.,0.0,16311.0,15712.,3.8,0.02963,0.03033,-2.3,0.83,283,483.,518.,0.004,-0.024,0,2475586.,901629,901630, , ,2023-08-23 11:26:05,True,False,False,3.5771426821952654
2023-08-24,FHMRF,FHMRF,2023/08/24,21:18:17,CMA602,LFPGVHHH,350,-4,41 N,35.0,256.6,24.0,18617.8,86.495,-0.412,-1.7,-1.5,13663.0,58061.0,57063.,57042.,0.0,0.,13428.,13423.0,0.,0.0,7917.,3.9,7913.0,4.3,0.0,0.0,0.,0.0,16474.0,15830.,4.1,0.0302,0.03097,-2.5,0.83,283,498.,574.,0.008,-0.005,0,2393975.,901629,901630, , ,2023-08-24 21:18:17,True,False,False,3.574870093775897
2023-08-27,FHMRF,FHMRF,2023/08/27,06:24:42,CMA621,ZSPDLFPG,340,-13,41 N,30.1,265.7,30.0,18623.1,85.425,-0.448,-1.9,-1.6,14560.0,59013.0,57886.,57910.,0.0,0.,14282.,14288.0,0.,0.0,8250.,3.3,8253.0,4.4,0.0,0.0,0.,0.0,17141.0,16504.,3.9,0.02865,0.02928,-2.2,0.833,291,491.,436.,0.026,-0.047,0,2379621.,901629,901630, , ,2023-08-27 06:24:42,True,False,False,3.5725422470999053
2023-08-27,FHMRF,FHMRF,2023/08/27,06:28:09,CMA621,ZSPDLFPG,340,-12,41 N,30.1,265.3,30.0,18623.1,85.490,-0.259,-1.1,-0.9,14452.0,58576.0,57931.,57931.,0.0,0.,14293.,14293.0,0.,0.0,8257.,3.2,8257.0,4.9,0.0,0.0,0.,0.0,17177.0,16514.,4.0,0.02857,0.02946,-3.0,0.832,291,491.,440.,0.021,-0.021,0,2375642.,901629,901630, , ,2023-08-27 06:28:09,True,False,False,3.5701653876230917
2023-08-27,FHMRF,FHMRF,2023/08/27,06:32:33,CMA621,ZSPDLFPG,340,-12,41 N,30.1,264.7,30.0,18623.1,85.220,-0.461,-2.0,-1.7,14396.0,58351.0,57206.,57206.,0.0,0.,14114.,14114.0,0.,0.0,8169.,3.1,8169.0,4.3,0.0,0.0,0.,0.0,16942.0,16339.,3.7,0.02901,0.02958,-1.9,0.833,291,491.,444.,0.018,-0.006,0,2370612.,901629,901630, , ,2023-08-27 06:32:33,True,False,False,3.5677461521124028
2023-08-27,FHMRF,FHMRF,2023/08/27,18:54:54,CMA602,LFPGVHHH,370,-14,42 N,34.3,243.2,26.0,18624.0,86.115,-0.67,-2.9,-2.5,13226.0,61861.0,60071.,60097.,0.0,0.,12843.,12849.0,0.,0.0,7405.,3.0,7408.0,3.4,0.0,0.0,0.,0.0,15293.0,14814.,3.2,0.03192,0.03212,-0.6,0.83,271,488.,537.,0.023,0.054,0,2497696.,901629,901630, , ,2023-08-27 18:54:54,True,False,False,3.5652915628001085
2023-08-27,FHMRF,FHMRF,2023/08/27,19:01:42,CMA602,LFPGVHHH,370,-14,42 N,34.0,242.4,25.0,18624.0,86.040,-0.481,-2.1,-1.8,13096.0,61254.0,59978.,59978.,0.0,0.,12823.,12823.0,0.,0.0,7390.,3.7,7390.0,3.7,0.0,0.0,0.,0.0,15326.0,14781.,3.7,0.03184,0.03242,-1.8,0.83,271,488.,548.,0.018,0.005,0,2489387.,901629,901630, , ,2023-08-27 19:01:42,True,False,False,3.562809019721227
2023-08-27,FHMRF,FHMRF,2023/08/27,19:04:42,CMA602,LFPGVHHH,370,-14,42 N,33.9,242.0,25.0,18624.0,86.010,-0.416,-1.8,-1.5,13036.0,60976.0,59872.,59872.,0.0,0.,12800.,12800.0,0.,0.0,7379.,3.8,7379.0,3.8,0.0,0.0,0.,0.0,15326.0,14759.,3.8,0.03185,0.03256,-2.2,0.83,271,488.,551.,0.015,0.014,0,2485727.,901629,901630, , ,2023-08-27 19:04:42,True,False,False,3.560306291150445
2023-08-27,FHMRF,FHMRF,2023/08/27,19:21:06,CMA602,LFPGVHHH,370,-16,41 N,33.3,240.2,24.0,18622.9,85.580,-0.244,-1.1,-0.9,12845.0,60081.0,59430.,59430.,0.0,0.,12706.,12706.0,0.,0.0,7297.,3.9,7297.0,4.1,0.0,0.0,0.,0.0,15173.0,14594.,4.0,0.03203,0.03302,-3.0,0.829,270,486.,554.,0.01,-0.004,0,2466591.,901629,901630, , ,2023-08-27 19:21:06,True,False,False,3.557791502065958
2023-08-27,FHMRF,FHMRF,2023/08/27,23:33:42,CMA602,LFPGVHHH,391,-18,40 N,29.3,212.9,24.0,18629.3,85.130,-0.321,-1.4,-1.1,11621.0,60130.0,59270.,59270.,0.0,0.,11455.,11455.0,0.,0.0,6581.,3.6,6581.0,4.2,0.0,0.0,0.,0.0,13676.0,13162.,3.9,0.0354,0.03637,-2.6,0.83,258,484.,523.,0.018,-0.008,0,2419581.,901629,901630, , ,2023-08-27 23:33:42,True,False,False,3.555273120572884
2023-08-28,FHMRF,FHMRF,2023/08/28,14:03:27,CMA603,VHHHLFPG,320,-10,40 N,31.5,275.5,29.0,18621.3,84.700,-0.267,-1.2,-1.0,15156.0,55946.0,55282.,55289.,0.0,0.,14976.,14978.0,0.,0.0,8677.,3.2,8676.0,4.0,0.0,0.0,0.,0.0,17975.0,17353.,3.6,0.02737,0.02807,-2.5,0.831,304,492.,443.,0.033,-0.005,0,2247016.,901629,901630, , ,2023-08-28 14:03:27,True,False,False,3.5527599422275293
2023-08-30,FHMRF,FHMRF,2023/08/30,00:18:58,CMA602,LFPGVHHH,391,-15,40 N,29.8,216.9,24.0,18625.3,85.950,-0.339,-1.5,-1.2,11813.0,61118.0,60216.,60216.,0.0,0.,11638.,11638.0,0.,0.0,6719.,3.4,6719.0,3.7,0.0,0.0,0.,0.0,13918.0,13439.,3.6,0.03498,0.03579,-2.3,0.83,258,487.,545.,0.016,0.000,0,2463824.,901629,901630, , ,2023-08-30 00:18:58,True,False,False,3.5502610722210846
2023-08-30,FHMRF,FHMRF,2023/08/30,01:00:34,CMA602,LFPGVHHH,391,-15,37 N,29.7,212.6,24.0,18625.3,85.235,-0.509,-2.2,-1.8,11507.0,59540.0,58255.,58230.,0.0,0.,11259.,11254.0,0.,0.0,6525.,3.2,6522.0,4.5,0.0,0.0,0.,0.0,13548.0,13047.,3.8,0.036,0.03669,-1.9,0.831,258,488.,546.,0.009,-0.010,0,2414184.,901629,901630, , ,2023-08-30 01:00:34,True,False,False,3.547785905404113
2023-08-30,FHMRF,FHMRF,2023/08/30,01:31:33,CMA602,LFPGVHHH,391,-14,32 N,29.6,209.4,24.0,18625.3,85.225,-0.274,-1.2,-0.9,11267.0,58299.0,57621.,57595.,0.0,0.,11136.,11131.0,0.,0.0,6482.,3.4,6480.0,4.1,0.0,0.0,0.,0.0,13448.0,12962.,3.8,0.03637,0.03738,-2.7,0.831,258,489.,538.,0.0,0.007,0,2384208.,901629,901630, , ,2023-08-30 01:31:33,True,False,False,3.545344104154654
2023-08-30,FHMRF,FHMRF,2023/08/30,01:34:33,CMA602,LFPGVHHH,391,-13,32 N,29.6,209.1,24.0,18625.3,85.070,-0.487,-2.1,-1.8,11283.0,58379.0,57152.,57152.,0.0,0.,11046.,11046.0,0.,0.0,6440.,3.7,6440.0,4.1,0.0,0.0,0.,0.0,13385.0,12880.,3.9,0.03659,0.03736,-2.0,0.832,259,490.,538.,0.002,-0.022,2,2380614.,901629,901630, , ,2023-08-30 01:34:33,True,False,False,3.5429455741095883
2023-08-30,FHMRF,FHMRF,2023/08/30,01:37:33,CMA602,LFPGVHHH,391,-13,32 N,29.6,208.8,24.0,18625.3,85.090,-0.014,-0.1,0.1,11057.0,57208.0,57173.,57173.,0.0,0.,11050.,11050.0,0.,0.0,6444.,3.3,6444.0,3.9,0.0,0.0,0.,0.0,13349.0,12887.,3.6,0.0367,0.03805,-3.6,0.832,258,490.,537.,-0.016,0.011,0,2377062.,901629,901630, , ,2023-08-30 01:37:33,True,False,False,3.5406004377938927
2023-08-30,FHMRF,FHMRF,2023/08/30,09:29:37,CMA603,VHHHLFPG,301,4,36 N,31.0,313.1,28.0,18615.5,87.250,-0.266,-1.1,-1.0,16760.0,56695.0,56046.,56053.,0.0,0.,16568.,16570.0,0.,0.0,9866.,3.1,9864.0,3.6,0.0,0.0,0.,0.0,20393.0,19729.,3.4,0.02476,0.02535,-2.3,0.831,316,505.,473.,0.007,-0.002,0,2334205.,901629,901630, , ,2023-08-30 09:29:37,True,False,False,3.538319006199318
2023-08-30,FHMRF,FHMRF,2023/08/30,14:57:45,CMA603,VHHHLFPG,320,-9,40 N,31.9,266.7,29.0,18616.1,83.970,-0.062,-0.2,-0.1,14431.0,53272.0,53143.,53146.,0.0,0.,14396.,14397.0,0.,0.0,8409.,2.4,8408.0,3.2,0.0,0.0,0.,0.0,17293.0,16818.,2.8,0.02852,0.0293,-2.7,0.83,303,493.,468.,0.011,0.003,0,2174928.,901629,901630, , ,2023-08-30 14:57:45,True,False,False,3.536111748382505
2023-08-31,FHMRF,FHMRF,2023/08/31,10:46:49,CMA620,LFPGZSPD,370,-22,44 N,31.3,236.3,30.0,18621.0,84.320,-0.424,-1.9,-1.6,12883.0,60258.0,59126.,59126.,0.0,0.,12641.,12641.0,0.,0.0,7158.,4.1,7158.0,5.8,0.0,0.0,0.,0.0,15028.0,14316.,5.0,0.03198,0.03304,-3.2,0.831,271,481.,501.,0.025,-0.002,0,2429730.,901629,901630, , ,2023-08-31 10:46:49,True,False,False,3.5339892591667845
2023-08-31,FHMRF,FHMRF,2023/08/31,11:54:17,CMA620,LFPGZSPD,370,-11,48 N,30.2,228.8,30.0,18618.7,85.250,-0.606,-2.6,-2.2,12481.0,58378.0,56867.,56867.,0.0,0.,12158.,12158.0,0.,0.0,7083.,3.3,7083.0,3.9,0.0,0.0,0.,0.0,14680.0,14166.,3.6,0.03342,0.03385,-1.3,0.83,271,491.,555.,0.021,0.005,0,2351554.,901629,901630, , ,2023-08-31 11:54:17,True,False,False,3.5319622250377005
2023-09-01,FHMRF,FHMRF,2023/09/01,09:51:44,CMA621,ZSPDLFPG,360,-22,49 N,28.4,241.0,25.0,18621.4,83.365,-0.332,-1.5,-1.2,12895.0,57482.0,56651.,56625.,0.0,0.,12709.,12703.0,0.,0.0,7231.,3.7,7228.0,6.2,0.0,0.0,0.,0.0,15172.0,14459.,4.9,0.03184,0.03302,-3.6,0.835,279,483.,416.,-0.004,0.010,0,2374171.,901629,901630, , ,2023-09-01 09:51:44,True,False,False,3.5300413883248836
2023-09-01,FHMRF,FHMRF,2023/09/01,23:18:27,CMA602,LFPGVHHH,330,-14,46 N,31.6,288.9,29.0,18622.2,85.530,-0.227,-1.0,-0.8,15344.0,59338.0,58775.,58772.,0.0,0.,15198.,15197.0,0.,0.0,8692.,3.5,8693.0,3.3,0.0,0.0,0.,0.0,17983.0,17386.,3.4,0.02714,0.02785,-2.5,0.83,296,488.,527.,0.007,0.020,0,2456796.,901629,901630, , ,2023-09-01 23:18:27,True,False,False,3.5282375097767167
2023-09-02,FHMRF,FHMRF,2023/09/02,03:12:13,CMA602,LFPGVHHH,350,-18,41 N,36.4,258.8,30.0,18622.4,84.655,-0.217,-0.9,-0.7,13782.0,58572.0,58036.,58018.,0.0,0.,13656.,13652.0,0.,0.0,7798.,3.2,7793.0,3.8,0.0,0.0,0.,0.0,16132.0,15591.,3.5,0.03004,0.03087,-2.7,0.83,283,485.,527.,0.014,0.002,0,2416284.,901629,901630, , ,2023-09-02 03:12:13,True,False,False,3.5265613296682274
2023-09-02,FHMRF,FHMRF,2023/09/02,08:48:28,CMA602,LFPGVHHH,371,-11,25 N,31.8,220.3,24.0,18622.4,84.950,-0.208,-0.9,-0.7,12005.0,56420.0,55896.,55904.,0.0,0.,11893.,11895.0,0.,0.0,6966.,3.4,6964.0,4.0,0.0,0.0,0.,0.0,14440.0,13930.,3.7,0.03412,0.03514,-2.9,0.833,271,493.,469.,0.014,0.021,0,2276870.,901629,901630, , ,2023-09-02 08:48:28,True,False,False,3.525023527629961
2023-09-03,FHMRF,FHMRF,2023/09/03,02:42:18,CMA603,VHHHLFPG,360,-18,49 N,29.5,236.3,26.0,18622.6,83.930,-0.29,-1.3,-1.0,12773.0,56939.0,56209.,56209.,0.0,0.,12609.,12609.0,0.,0.0,7246.,4.0,7246.0,4.6,0.0,0.0,0.,0.0,15116.0,14492.,4.3,0.03212,0.03318,-3.2,0.832,278,486.,495.,0.008,0.003,0,2327946.,901629,901630, , ,2023-09-03 02:42:18,True,False,False,3.5236346814296695
2023-09-04,FHMRF,FHMRF,2023/09/04,08:41:56,CMA621,ZSPDLFPG,360,-14,49 N,27.7,241.1,25.0,18623.9,84.640,-0.381,-1.7,-1.5,12937.0,57668.0,56713.,56716.,0.0,0.,12722.,12723.0,0.,0.0,7331.,4.0,7330.0,4.0,0.0,0.0,0.,0.0,15242.0,14660.,4.0,0.0321,0.03288,-2.4,0.833,278,489.,494.,-0.003,-0.001,0,2374673.,901629,901630, , ,2023-09-04 08:41:56,True,False,False,3.522405224969691
2023-09-05,FHMRF,FHMRF,2023/09/05,07:52:15,CMA603,VHHHLFPG,276,15,26 N,29.3,326.5,28.0,18620.2,87.550,-0.059,-0.2,-0.1,17545.0,53026.0,52910.,52910.,0.0,0.,17507.,17507.0,0.,0.0,10674.,2.6,10674.0,3.2,0.0,0.0,0.,0.0,21969.0,21348.,2.9,0.02334,0.02399,-2.7,0.826,331,513.,519.,0.002,-0.007,0,2179919.,901629,901630, , ,2023-09-05 07:52:15,True,False,False,3.521345405785479
2023-09-05,FHMRF,FHMRF,2023/09/05,14:19:14,CMA603,VHHHLFPG,320,-6,40 N,32.3,270.3,30.0,18620.0,84.420,-0.212,-0.8,-0.6,14503.0,53537.0,53103.,53106.,0.0,0.,14386.,14386.0,0.,0.0,8464.,2.9,8463.0,3.2,0.0,0.0,0.,0.0,17440.0,16927.,3.0,0.0285,0.02919,-2.3,0.832,304,497.,442.,0.003,0.000,0,2205133.,901629,901630, , ,2023-09-05 14:19:14,True,False,False,3.5204652423545464
2023-09-05,FHMRF,FHMRF,2023/09/05,14:25:02,CMA603,VHHHLFPG,320,-6,40 N,32.2,269.6,29.0,18620.0,84.660,-0.046,-0.2,-0.0,14563.0,53757.0,53660.,53663.,0.0,0.,14537.,14538.0,0.,0.0,8535.,2.8,8534.0,3.3,0.0,0.0,0.,0.0,17593.0,17069.,3.1,0.02821,0.02907,-2.9,0.831,303,496.,445.,0.01,0.001,0,2198736.,901629,901630, , ,2023-09-05 14:25:02,True,False,False,3.51977448154848
2023-09-05,FHMRF,FHMRF,2023/09/05,14:39:44,CMA603,VHHHLFPG,320,-6,40 N,32.0,267.7,29.0,18620.0,84.180,-0.173,-0.7,-0.5,14407.0,53183.0,52828.,52831.,0.0,0.,14311.,14312.0,0.,0.0,8406.,2.7,8405.0,3.0,0.0,0.0,0.,0.0,17295.0,16810.,2.9,0.02867,0.02936,-2.3,0.831,303,496.,444.,0.005,-0.003,0,2182954.,901629,901630, , ,2023-09-05 14:39:44,True,False,False,3.519282556570336
2023-09-05,FHMRF,FHMRF,2023/09/05,14:42:44,CMA603,VHHHLFPG,320,-6,40 N,32.0,267.3,29.0,18624.0,84.155,-0.198,-0.8,-0.6,14408.0,53185.0,52790.,52773.,0.0,0.,14301.,14296.0,0.,0.0,8398.,2.4,8395.0,2.8,0.0,0.0,0.,0.0,17230.0,16793.,2.6,0.02878,0.02936,-2.0,0.831,303,496.,445.,0.006,-0.004,2,2179775.,901629,901630, , ,2023-09-05 14:42:44,True,False,False,3.5189985457058772
2023-09-10,FHMRF,FHMRF,2023/09/10,07:28:09,CMA621,ZSPDLFPG,320,-11,42 N,30.4,255.5,30.0,18631.9,83.040,0.148,0.6,0.6,14043.0,51838.0,52139.,52142.,0.0,0.,14124.,14125.0,0.,0.0,8206.,2.6,8205.0,3.2,0.0,0.0,0.,0.0,16891.0,16411.,2.9,0.02908,0.03012,-3.5,0.831,303,491.,426.,0.012,-0.022,0,2083662.,901629,901630, , ,2023-09-10 07:28:09,True,False,False,3.518931132182845
2023-09-10,FHMRF,FHMRF,2023/09/10,07:45:12,CMA621,ZSPDLFPG,320,-12,42 N,30.3,253.3,25.0,18631.9,82.540,0.009,0.0,0.2,13893.0,51282.0,51302.,51305.,0.0,0.,13898.,13899.0,0.,0.0,8060.,2.3,8059.0,4.4,0.0,0.0,0.,0.0,16654.0,16119.,3.3,0.02938,0.0304,-3.4,0.829,303,489.,435.,0.009,0.008,0,2066076.,901629,901630, , ,2023-09-10 07:45:12,True,False,False,3.519088565385613
2023-09-10,FHMRF,FHMRF,2023/09/10,09:14:59,CMA621,ZSPDLFPG,360,-19,44 N,30.1,242.1,24.0,18630.8,84.140,-0.376,-1.6,-1.3,13032.0,58097.0,57147.,57151.,0.0,0.,12819.,12820.0,0.,0.0,7332.,3.4,7331.0,4.3,0.0,0.0,0.,0.0,15223.0,14663.,3.8,0.03184,0.03262,-2.4,0.832,278,485.,487.,0.007,-0.016,0,2384549.,901629,901630, , ,2023-09-10 09:14:59,True,False,False,3.5194786236191864
2023-09-10,FHMRF,FHMRF,2023/09/10,09:22:23,CMA621,ZSPDLFPG,360,-19,44 N,30.1,241.2,25.0,18630.8,84.310,-0.202,-0.9,-0.6,13058.0,58207.0,57696.,57700.,0.0,0.,12943.,12944.0,0.,0.0,7387.,3.7,7387.0,3.7,0.0,0.0,0.,0.0,15326.0,14774.,3.7,0.03157,0.03255,-3.0,0.831,277,484.,488.,0.013,0.001,0,2376111.,901629,901630, , ,2023-09-10 09:22:23,True,False,False,3.5201085785638546
2023-09-10,FHMRF,FHMRF,2023/09/10,09:26:09,CMA621,ZSPDLFPG,360,-19,45 N,30.1,240.8,24.0,18630.8,83.950,-0.264,-1.2,-0.9,12846.0,57263.0,56594.,56598.,0.0,0.,12696.,12697.0,0.,0.0,7275.,3.6,7274.0,4.2,0.0,0.0,0.,0.0,15120.0,14549.,3.9,0.0321,0.03307,-2.9,0.833,278,485.,490.,-0.003,0.012,0,2371876.,901629,901630, , ,2023-09-10 09:26:09,True,False,False,3.52098516152126
2023-09-10,FHMRF,FHMRF,2023/09/10,09:52:17,CMA621,ZSPDLFPG,360,-18,45 N,30.1,237.8,24.0,18634.8,83.630,-0.162,-0.7,-0.5,12582.0,56090.0,55680.,55683.,0.0,0.,12490.,12491.0,0.,0.0,7165.,3.4,7164.0,4.0,0.0,0.0,0.,0.0,14858.0,14328.,3.7,0.03265,0.03369,-3.1,0.832,278,485.,489.,-0.01,-0.007,0,2342917.,901629,901630, , ,2023-09-10 09:52:17,True,False,False,3.522114531533105
2023-09-10,FHMRF,FHMRF,2023/09/10,16:31:50,CMA602,LFPGVHHH,330,-11,47 N,31.2,288.9,30.0,18640.1,85.790,-0.095,-0.4,-0.3,15146.0,58570.0,58334.,58334.,0.0,0.,15085.,15085.0,0.,0.0,8684.,2.8,8684.0,3.5,0.0,0.0,0.,0.0,17917.0,17369.,3.2,0.02741,0.0282,-2.8,0.831,297,491.,492.,-0.008,0.012,0,2457809.,901629,901630, , ,2023-09-10 16:31:50,True,False,False,3.52350224545502
2023-09-10,FHMRF,FHMRF,2023/09/10,18:31:40,CMA602,LFPGVHHH,330,-15,42 N,33.6,272.9,31.0,18641.6,84.185,-0.215,-0.9,-0.8,14620.0,56538.0,55990.,56015.,0.0,0.,14478.,14484.0,0.,0.0,8278.,3.5,8281.0,3.5,0.0,0.0,0.,0.0,17134.0,16559.,3.5,0.02841,0.02916,-2.6,0.83,296,487.,530.,0.019,-0.009,0,2319127.,901629,901630, , ,2023-09-10 18:31:40,True,False,False,3.525153230081784
2023-09-10,FHMRF,FHMRF,2023/09/10,21:07:25,CMA602,LFPGVHHH,350,-13,41 N,32.5,253.5,30.0,18635.8,84.650,-0.382,-1.7,-1.4,13400.0,56945.0,55995.,55995.,0.0,0.,13176.,13176.0,0.,0.0,7620.,2.7,7620.0,3.6,0.0,0.0,0.,0.0,15720.0,15240.,3.2,0.03109,0.03163,-1.7,0.829,283,489.,582.,0.002,-0.003,0,2365187.,901629,901630, , ,2023-09-10 21:07:25,True,False,False,3.527071756434578
2023-09-11,FHMRF,FHMRF,2023/09/11,15:49:57,CMA603,VHHHLFPG,320,-4,41 N,31.1,263.4,29.0,18622.8,84.270,-0.081,-0.3,-0.2,14258.0,52631.0,52465.,52468.,0.0,0.,14213.,14214.0,0.,0.0,8406.,2.6,8405.0,3.4,0.0,0.0,0.,0.0,17321.0,16811.,3.0,0.02885,0.02968,-2.8,0.835,305,500.,406.,0.0,-0.005,0,2148588.,901629,901630, , ,2023-09-11 15:49:57,True,False,False,3.5292614163274014
2023-09-11,FHMRF,FHMRF,2023/09/11,15:54:55,CMA603,VHHHLFPG,320,-4,41 N,31.0,262.8,29.0,18622.8,84.065,-0.306,-1.2,-1.0,14277.0,52699.0,52083.,52066.,0.0,0.,14110.,14105.0,0.,0.0,8349.,2.4,8345.0,2.6,0.0,0.0,0.,0.0,17115.0,16694.,2.5,0.02919,0.02964,-1.5,0.835,305,500.,408.,0.003,-0.011,0,2143321.,901629,901630, , ,2023-09-11 15:54:55,True,False,False,3.531725101324213
2023-09-12,FHMRF,FHMRF,2023/09/12,19:58:41,CMA602,LFPGVHHH,390,-17,41 N,31.8,214.1,30.0,18632.0,85.010,-0.152,-0.7,-0.5,11420.0,58805.0,58420.,58420.,0.0,0.,11345.,11345.0,0.,0.0,6534.,3.1,6534.0,4.0,0.0,0.0,0.,0.0,13530.0,13067.,3.5,0.03584,0.03694,-3.0,0.829,258,485.,586.,0.001,0.009,0,2419331.,901629,901630, , ,2023-09-12 19:58:41,True,False,False,3.534464984180236
2023-09-12,FHMRF,FHMRF,2023/09/12,20:07:24,CMA602,LFPGVHHH,390,-17,41 N,31.7,213.2,30.0,18632.0,84.740,-0.331,-1.4,-1.2,11363.0,58512.0,57674.,57674.,0.0,0.,11200.,11200.0,0.,0.0,6459.,3.6,6459.0,4.3,0.0,0.0,0.,0.0,13430.0,12919.,4.0,0.03612,0.03711,-2.7,0.829,258,485.,582.,0.0,0.003,0,2409489.,901629,901630, , ,2023-09-12 20:07:24,True,False,False,3.537482502830098
2023-09-12,FHMRF,FHMRF,2023/09/12,20:56:09,CMA602,LFPGVHHH,390,-18,41 N,31.0,208.4,30.0,18639.9,84.100,-0.399,-1.8,-1.5,11185.0,57596.0,56584.,56584.,0.0,0.,10989.,10989.0,0.,0.0,6326.,3.5,6326.0,5.0,0.0,0.0,0.,0.0,13185.0,12652.,4.2,0.0367,0.03768,-2.6,0.829,258,484.,580.,0.006,-0.005,0,2354433.,901629,901630, , ,2023-09-12 20:56:09,True,False,False,3.5407783469468908
2023-09-12,FHMRF,FHMRF,2023/09/12,21:27:30,CMA602,LFPGVHHH,390,-17,41 N,30.6,205.2,30.0,18639.9,83.840,0.216,1.0,1.0,10706.0,55124.0,55652.,55652.,0.0,0.,10808.,10808.0,0.,0.0,6249.,3.8,6249.0,4.0,0.0,0.0,0.,0.0,12984.0,12497.,3.9,0.0374,0.03925,-4.7,0.831,259,486.,587.,-0.025,0.033,0,2318850.,901629,901630, , ,2023-09-12 21:27:30,True,False,False,3.5443524470637864
2023-09-13,FHMRF,FHMRF,2023/09/13,14:17:21,CMA603,VHHHLFPG,320,0,40 N,30.7,277.0,29.0,18614.9,85.770,-0.154,-0.6,-0.4,14745.0,54426.0,54116.,54116.,0.0,0.,14661.,14661.0,0.,0.0,8727.,3.1,8727.0,3.1,0.0,0.0,0.,0.0,18000.0,17454.,3.1,0.02796,0.02871,-2.6,0.834,305,503.,427.,-0.005,-0.006,0,2258822.,901629,901630, , ,2023-09-13 14:17:21,True,False,False,3.548203966239278
2023-09-13,FHMRF,FHMRF,2023/09/13,14:36:57,CMA603,VHHHLFPG,320,0,40 N,30.2,274.3,29.0,18614.9,85.460,-0.261,-1.0,-0.8,14658.0,54105.0,53579.,53579.,0.0,0.,14515.,14515.0,0.,0.0,8643.,2.7,8643.0,3.3,0.0,0.0,0.,0.0,17807.0,17286.,3.0,0.02825,0.02887,-2.2,0.834,304,503.,424.,-0.004,0.003,0,2237297.,901629,901630, , ,2023-09-13 14:36:57,True,False,False,3.552331294260707
2023-09-15,FHMRF,FHMRF,2023/09/15,03:01:18,CMA621,ZSPDLFPG,300,-10,47 N,33.9,289.0,30.0,18613.3,83.300,-0.174,-0.7,-0.5,15655.0,52718.0,52361.,52358.,0.0,0.,15549.,15548.0,0.,0.0,9032.,3.0,9033.0,2.1,0.0,0.0,0.,0.0,18527.0,18065.,2.6,0.02656,0.0271,-2.0,0.831,317,492.,425.,0.014,-0.011,0,2151305.,901629,901630, , ,2023-09-15 03:01:18,True,False,False,3.556732044402724
2023-09-15,FHMRF,FHMRF,2023/09/15,05:33:14,CMA621,ZSPDLFPG,320,-12,43 N,30.5,268.4,30.0,18609.5,83.470,-0.12,-0.5,-0.3,14489.0,53485.0,53239.,53236.,0.0,0.,14422.,14422.0,0.,0.0,8370.,2.6,8371.0,4.0,0.0,0.0,0.,0.0,17293.0,16741.,3.3,0.0284,0.02925,-2.9,0.832,304,491.,432.,0.008,0.013,0,2188492.,901629,901630, , ,2023-09-15 05:33:14,True,False,False,3.561403052765849
2023-09-15,FHMRF,FHMRF,2023/09/15,06:21:14,CMA621,ZSPDLFPG,320,-13,42 N,30.0,262.4,30.0,18611.4,82.810,-0.069,-0.3,-0.1,14186.0,52364.0,52221.,52218.,0.0,0.,14147.,14147.0,0.,0.0,8194.,2.6,8195.0,3.4,0.0,0.0,0.,0.0,16877.0,16389.,3.0,0.02897,0.02981,-2.8,0.83,303,489.,445.,0.006,0.012,0,2140098.,901629,901630, , ,2023-09-15 06:21:14,True,False,False,3.5663403802033313
2023-09-15,FHMRF,FHMRF,2023/09/15,20:44:54,CMA602,LFPGVHHH,390,-16,41 N,29.8,209.2,29.0,18605.7,84.380,-0.146,-0.7,-0.4,11012.0,56705.0,56334.,56334.,0.0,0.,10940.,10940.0,0.,0.0,6354.,3.6,6354.0,4.2,0.0,0.0,0.,0.0,13200.0,12708.,3.9,0.03686,0.03812,-3.3,0.83,258,487.,589.,-0.015,-0.010,0,2364164.,901629,901630, , ,2023-09-15 20:44:54,True,False,False,3.5715393168057914
2023-09-15,FHMRF,FHMRF,2023/09/15,20:50:56,CMA602,LFPGVHHH,390,-16,41 N,29.7,208.6,30.0,18605.7,84.180,-0.51,-2.3,-1.9,11115.0,57233.0,55944.,55944.,0.0,0.,10865.,10865.0,0.,0.0,6314.,3.7,6314.0,4.6,0.0,0.0,0.,0.0,13150.0,12628.,4.1,0.03702,0.03782,-2.1,0.831,259,487.,586.,-0.006,0.046,2,2357341.,901629,901630, , ,2023-09-15 20:50:56,True,False,False,3.5769943888672
2023-09-15,FHMRF,FHMRF,2023/09/15,21:06:10,CMA602,LFPGVHHH,390,-17,41 N,29.5,207.1,29.0,18609.6,84.030,-0.207,-0.9,-0.7,10979.0,56536.0,56012.,56012.,0.0,0.,10878.,10878.0,0.,0.0,6303.,3.3,6303.0,3.8,0.0,0.0,0.,0.0,13054.0,12606.,3.5,0.03722,0.03828,-2.8,0.831,259,486.,583.,-0.01,-0.017,0,2340352.,901629,901630, , ,2023-09-15 21:06:10,True,False,False,3.582699368218489
2023-09-15,FHMRF,FHMRF,2023/09/15,22:04:09,CMA602,LFPGVHHH,391,-16,42 N,28.9,201.4,25.0,18609.2,84.170,-0.31,-1.4,-1.1,10937.0,56587.0,55804.,55804.,0.0,0.,10786.,10786.0,0.,0.0,6264.,3.4,6264.0,4.0,0.0,0.0,0.,0.0,12989.0,12529.,3.7,0.03742,0.03837,-2.5,0.829,257,486.,595.,0.009,0.068,0,2285946.,901629,901630, , ,2023-09-15 22:04:09,True,False,False,3.588647283796827
2023-09-15,FHMRF,FHMRF,2023/09/15,23:49:13,CMA602,LFPGVHHH,391,-19,38 N,28.2,191.3,24.0,18612.5,82.530,-0.841,-3.2,-2.7,10656.0,55138.0,53370.,53370.,0.0,0.,10315.,10315.0,0.,0.0,5958.,3.5,5958.0,3.6,0.0,0.0,0.,0.0,12340.0,11915.,3.6,0.039,0.03929,-0.7,0.826,256,481.,581.,0.029,-0.029,0,2171689.,901629,901630, , ,2023-09-15 23:49:13,True,False,False,3.5948304353197957
2023-09-16,FHMRF,FHMRF,2023/09/16,01:10:32,CMA602,LFPGVHHH,411,-24,28 N,28.0,183.9,25.0,18606.9,82.750,-0.038,-0.2,0.0,9794.0,55790.0,55691.,55691.,0.0,0.,9777.,9777.0,0.,0.0,5617.,3.5,5617.0,4.4,0.0,0.0,0.,0.0,11677.0,11233.,4.0,0.04112,0.04276,-3.8,0.833,247,480.,510.,-0.016,0.000,0,2299955.,901629,901630, , ,2023-09-16 01:10:32,True,False,False,3.601240408945703
2023-09-16,FHMRF,FHMRF,2023/09/16,01:53:58,CMA602,LFPGVHHH,411,-25,24 N,28.0,180.0,24.0,18611.5,82.455,-0.062,-0.3,-0.1,9779.0,55705.0,55530.,55556.,0.0,0.,9749.,9753.0,0.,0.0,5581.,4.0,5583.0,4.5,0.0,0.0,0.,0.0,11635.0,11164.,4.2,0.04115,0.04286,-4.0,0.833,247,479.,487.,0.003,-0.019,0,2247271.,901629,901630, , ,2023-09-16 01:53:58,True,False,False,3.607868094814283
2023-09-18,FHMRF,FHMRF,2023/09/18,03:01:42,CMA621,ZSPDLFPG,320,-18,47 N,33.0,284.0,30.0,18611.4,83.030,-0.125,-0.5,-0.3,14840.0,54779.0,54517.,54517.,0.0,0.,14769.,14769.0,0.,0.0,8434.,3.1,8434.0,4.3,0.0,0.0,0.,0.0,17488.0,16868.,3.7,0.02779,0.02873,-3.3,0.834,305,486.,427.,-0.011,-0.016,0,2317527.,901629,901630, , ,2023-09-18 03:01:42,True,False,False,3.6147037063743928
2023-09-18,FHMRF,FHMRF,2023/09/18,22:23:28,CMA602,LFPGVHHH,410,-19,41 N,28.5,186.7,24.0,18618.6,83.640,-0.296,-1.3,-1.1,9998.0,56680.0,55923.,55923.,0.0,0.,9865.,9865.0,0.,0.0,5714.,3.8,5714.0,4.3,0.0,0.0,0.,0.0,11891.0,11428.,4.1,0.04069,0.04189,-2.9,0.831,247,484.,563.,-0.008,0.007,0,2322008.,901629,901630, , ,2023-09-18 22:23:28,True,False,False,3.621736801422026
2023-09-18,FHMRF,FHMRF,2023/09/18,22:26:28,CMA602,LFPGVHHH,410,-19,41 N,28.4,186.4,24.0,18622.6,83.465,-0.575,-2.6,-2.2,10036.0,56891.0,55434.,55408.,0.0,0.,9779.,9774.0,0.,0.0,5669.,3.5,5666.0,4.3,0.0,0.0,0.,0.0,11775.0,11335.,3.9,0.0411,0.04176,-1.6,0.831,247,484.,562.,-0.003,-0.017,2,2318687.,901629,901630, , ,2023-09-18 22:26:28,True,False,False,3.6289563047961813
2023-09-19,FHMRF,FHMRF,2023/09/19,15:13:36,CMA603,VHHHLFPG,300,-4,41 N,28.9,267.9,30.0,18605.4,83.310,0.062,0.3,0.4,14893.0,50152.0,50294.,50300.,0.0,0.,14935.,14937.0,0.,0.0,8831.,2.5,8829.0,2.7,0.0,0.0,0.,0.0,18117.0,17661.,2.6,0.02746,0.02828,-2.9,0.831,317,498.,414.,0.008,-0.016,0,1992681.,901629,901630, , ,2023-09-19 15:13:36,True,False,False,3.6363505327088563
2023-09-20,FHMRF,FHMRF,2023/09/20,06:56:50,CMA620,LFPGZSPD,350,-18,47 N,34.4,244.3,28.0,18626.8,83.440,-0.55,-2.4,-2.1,13282.0,56447.0,55088.,55092.,0.0,0.,12962.,12963.0,0.,0.0,7425.,3.1,7424.0,3.2,0.0,0.0,0.,0.0,15315.0,14849.,3.1,0.03167,0.03199,-1.0,0.831,284,485.,502.,0.026,0.001,0,2282386.,901629,901630, , ,2023-09-20 06:56:50,True,False,False,3.6439072187114276
2023-09-20,FHMRF,FHMRF,2023/09/20,09:48:27,CMA620,LFPGZSPD,370,-17,42 N,33.1,225.3,29.0,18618.5,83.910,-0.584,-2.6,-2.2,12262.0,57352.0,55880.,55884.,0.0,0.,11947.,11948.0,0.,0.0,6875.,4.1,6874.0,4.2,0.0,0.0,0.,0.0,14320.0,13749.,4.2,0.03388,0.0345,-1.8,0.83,271,485.,543.,0.024,-0.021,0,2314010.,901629,901630, , ,2023-09-20 09:48:27,True,False,False,3.6516135413134894
2023-09-21,FHMRF,FHMRF,2023/09/21,03:09:37,CMA621,ZSPDLFPG,320,-19,46 N,33.6,290.0,30.0,18616.2,83.970,-0.355,-1.5,-1.3,15719.0,58024.0,57130.,57130.,0.0,0.,15477.,15477.0,0.,0.0,8762.,2.8,8762.0,3.3,0.0,0.0,0.,0.0,18061.0,17525.,3.1,0.0268,0.02725,-1.7,0.832,304,484.,436.,0.027,-0.035,0,2366297.,901629,901630, , ,2023-09-21 03:09:37,True,False,False,3.659456153264695
2023-09-21,FHMRF,FHMRF,2023/09/21,05:40:30,CMA621,ZSPDLFPG,320,-7,41 N,31.4,269.9,30.0,18618.5,84.440,-0.009,-0.0,0.1,14508.0,53554.0,53533.,53536.,0.0,0.,14502.,14503.0,0.,0.0,8509.,2.8,8508.0,2.8,0.0,0.0,0.,0.0,17500.0,17017.,2.8,0.02837,0.0292,-2.8,0.833,304,497.,418.,0.003,-0.012,0,2201695.,901629,901630, , ,2023-09-21 05:40:30,True,False,False,3.667421212488548
2023-09-21,FHMRF,FHMRF,2023/09/21,08:39:40,CMA621,ZSPDLFPG,360,-22,45 N,29.9,247.5,25.0,18617.4,84.275,-0.424,-1.9,-1.5,13454.0,59977.0,58846.,58876.,0.0,0.,13200.,13207.0,0.,0.0,7484.,3.5,7487.0,5.4,0.0,0.0,0.,0.0,15641.0,14971.,4.5,0.03082,0.0317,-2.8,0.833,278,482.,436.,0.015,0.006,0,2437720.,901629,901630, , ,2023-09-21 08:39:40,True,False,False,3.6754944146312196
2023-09-21,FHMRF,FHMRF,2023/09/21,08:42:40,CMA621,ZSPDLFPG,360,-22,45 N,29.9,247.2,25.0,18617.4,84.215,-0.213,-0.9,-0.7,13302.0,59297.0,58741.,58770.,0.0,0.,13177.,13184.0,0.,0.0,7470.,3.7,7473.0,4.2,0.0,0.0,0.,0.0,15536.0,14943.,4.0,0.03103,0.03204,-3.2,0.833,278,482.,438.,0.006,-0.005,1,2434172.,901629,901630, , ,2023-09-21 08:42:40,True,False,False,3.683661027165497
2023-09-21,FHMRF,FHMRF,2023/09/21,08:45:40,CMA621,ZSPDLFPG,360,-22,45 N,29.8,246.8,25.0,18617.4,84.170,-0.301,-1.3,-1.0,13341.0,59474.0,58695.,58699.,0.0,0.,13166.,13167.0,0.,0.0,7462.,3.3,7462.0,4.4,0.0,0.0,0.,0.0,15494.0,14924.,3.8,0.0311,0.03196,-2.7,0.833,278,482.,440.,0.01,0.001,0,2430858.,901629,901630, , ,2023-09-21 08:45:40,True,False,False,3.691905924971321
2023-09-21,FHMRF,FHMRF,2023/09/21,19:27:59,CMA602,LFPGVHHH,330,-15,42 N,33.1,281.4,30.0,18629.0,84.520,-0.398,-1.7,-1.5,14912.0,57667.0,56674.,56677.,0.0,0.,14655.,14656.0,0.,0.0,8391.,3.1,8390.0,3.2,0.0,0.0,0.,0.0,17311.0,16781.,3.2,0.02814,0.0286,-1.6,0.83,296,487.,505.,0.009,0.004,0,2391250.,901629,901630, , ,2023-09-21 19:27:59,True,False,False,3.700213627305243
2023-09-21,FHMRF,FHMRF,2023/09/21,20:06:02,CMA602,LFPGVHHH,350,-13,41 N,33.9,276.2,30.0,18626.9,86.520,-0.549,-2.3,-2.0,14656.0,62281.0,60838.,60842.,0.0,0.,14316.,14317.0,0.,0.0,8229.,2.9,8228.0,3.1,0.0,0.0,0.,0.0,16956.0,16457.,3.0,0.02881,0.02908,-0.9,0.829,283,489.,559.,-0.001,0.062,0,2577591.,901629,901630, , ,2023-09-21 20:06:02,True,False,False,3.708568336075687
2023-09-22,FHMRF,FHMRF,2023/09/22,16:22:45,CMA603,VHHHLFPG,340,-16,42 N,30.1,260.3,30.0,18609.2,84.000,-0.11,-0.5,-0.3,13857.0,56164.0,55884.,55891.,0.0,0.,13789.,13790.0,0.,0.0,7916.,3.4,7914.0,5.0,0.0,0.0,0.,0.0,16496.0,15830.,4.2,0.02952,0.03066,-3.7,0.832,291,487.,444.,0.0,-0.001,0,2330809.,901629,901630, , ,2023-09-22 16:22:45,True,False,False,3.7169539753501484
2023-09-23,FHMRF,FHMRF,2023/09/23,11:25:13,CMA620,LFPGZSPD,350,-23,46 N,32.0,261.4,30.0,18612.6,83.970,-0.147,-0.6,-0.5,13880.0,58988.0,58613.,58613.,0.0,0.,13792.,13792.0,0.,0.0,7769.,3.9,7769.0,5.2,0.0,0.0,0.,0.0,16245.0,15539.,4.5,0.02955,0.03075,-3.9,0.831,284,480.,451.,0.006,0.000,0,2444188.,901629,901630, , ,2023-09-23 11:25:13,True,False,False,3.725354232019626
2023-09-24,FHMRF,FHMRF,2023/09/24,04:13:06,CMA621,ZSPDLFPG,320,-16,42 N,30.5,279.3,32.0,18622.8,83.480,-0.277,-1.1,-1.0,15020.0,55444.0,54848.,54848.,0.0,0.,14858.,14858.0,0.,0.0,8452.,3.0,8452.0,4.7,0.0,0.0,0.,0.0,17556.0,16905.,3.9,0.02767,0.02844,-2.7,0.83,303,486.,496.,0.015,-0.005,0,2277736.,901629,901630, , ,2023-09-24 04:13:06,True,False,False,3.7337525975339227
2023-09-24,FHMRF,FHMRF,2023/09/24,04:17:47,CMA621,ZSPDLFPG,320,-16,42 N,30.4,278.7,30.0,18620.3,83.360,-0.335,-1.3,-1.0,14954.0,55198.0,54504.,54504.,0.0,0.,14766.,14766.0,0.,0.0,8442.,3.2,8442.0,4.2,0.0,0.0,0.,0.0,17511.0,16884.,3.7,0.02774,0.02848,-2.6,0.83,303,486.,500.,0.012,0.016,0,2273443.,901629,901630, , ,2023-09-24 04:17:47,True,False,False,3.74213241061419
2023-09-24,FHMRF,FHMRF,2023/09/24,21:08:17,CMA602,LFPGVHHH,350,-19,41 N,33.1,252.2,30.0,18620.3,83.045,-0.445,-1.8,-1.5,13083.0,55602.0,54615.,54590.,0.0,0.,12851.,12845.0,0.,0.0,7357.,3.4,7355.0,4.5,0.0,0.0,0.,0.0,15293.0,14712.,3.9,0.03169,0.03244,-2.3,0.832,284,485.,496.,-0.015,-0.028,0,2355082.,901629,901630, , ,2023-09-24 21:08:17,True,False,False,3.750476900859077
2023-09-26,FHMRF,FHMRF,2023/09/26,17:53:29,CMA602,LFPGVHHH,350,-16,43 N,33.3,258.5,29.0,18611.1,84.910,-0.053,-0.2,-0.1,13720.0,58306.0,58173.,58173.,0.0,0.,13689.,13689.0,0.,0.0,7841.,2.8,7841.0,3.7,0.0,0.0,0.,0.0,16194.0,15681.,3.3,0.03003,0.03099,-3.1,0.831,284,486.,527.,0.006,0.011,0,2413210.,901629,901630, , ,2023-09-26 17:53:29,True,False,False,3.7587692331835285
2023-09-26,FHMRF,FHMRF,2023/09/26,17:56:29,CMA602,LFPGVHHH,350,-16,43 N,33.4,258.1,30.0,18611.1,85.010,-0.076,-0.3,-0.2,13788.0,58595.0,58403.,58403.,0.0,0.,13742.,13742.0,0.,0.0,7870.,2.8,7870.0,3.3,0.0,0.0,0.,0.0,16223.0,15740.,3.1,0.02998,0.03085,-2.8,0.831,284,486.,528.,0.012,0.007,0,2409827.,901629,901630, , ,2023-09-26 17:56:29,True,False,False,3.7669925530497705
2023-09-27,FHMRF,FHMRF,2023/09/27,01:30:59,CMA602,LFPGVHHH,391,-18,30 N,29.4,207.6,24.0,18616.5,84.750,-0.116,-0.5,-0.3,11293.0,58431.0,58136.,58136.,0.0,0.,11236.,11236.0,0.,0.0,6489.,3.2,6489.0,4.1,0.0,0.0,0.,0.0,13449.0,12977.,3.6,0.03615,0.03737,-3.2,0.833,259,486.,482.,0.009,0.019,0,2363388.,901629,901630, , ,2023-09-27 01:30:59,True,False,False,3.7751300324572687
2023-09-27,FHMRF,FHMRF,2023/09/27,13:54:34,CMA603,VHHHLFPG,320,-16,40 N,31.7,278.5,30.0,18597.2,83.240,-0.099,-0.4,-0.2,14754.0,54464.0,54257.,54260.,0.0,0.,14698.,14699.0,0.,0.0,8429.,3.3,8428.0,4.1,0.0,0.0,0.,0.0,17481.0,16857.,3.7,0.02785,0.02882,-3.4,0.832,304,487.,464.,0.0,-0.002,0,2272095.,901629,901630, , ,2023-09-27 13:54:34,True,False,False,3.783164916649418
2023-09-27,FHMRF,FHMRF,2023/09/27,15:41:35,CMA603,VHHHLFPG,340,-14,41 N,30.1,264.7,30.0,18602.9,84.970,-0.436,-1.9,-1.6,14434.0,58500.0,57411.,57414.,0.0,0.,14165.,14166.0,0.,0.0,8168.,3.1,8167.0,4.3,0.0,0.0,0.,0.0,16942.0,16336.,3.7,0.0289,0.0295,-2.0,0.833,291,490.,421.,0.021,0.002,0,2370863.,901629,901630, , ,2023-09-27 15:41:35,True,False,False,3.7910805714722056
2023-09-28,FHMRF,FHMRF,2023/09/28,10:39:02,CMA620,LFPGZSPD,310,-10,44 N,32.4,299.0,25.0,18608.2,85.130,0.085,0.4,0.4,15910.0,56083.0,56294.,56294.,0.0,0.,15970.,15970.0,0.,0.0,9222.,3.4,9222.0,3.4,0.0,0.0,0.,0.0,19069.0,18444.,3.4,0.02581,0.0268,-3.7,0.831,310,492.,477.,0.01,-0.005,0,2318402.,901629,901630, , ,2023-09-28 10:39:02,True,False,False,3.798860531292186
2023-09-28,FHMRF,FHMRF,2023/09/28,11:57:28,CMA620,LFPGZSPD,330,-18,48 N,29.9,288.0,30.0,18610.6,84.580,0.119,0.5,0.6,14873.0,57516.0,57812.,57812.,0.0,0.,14950.,14950.0,0.,0.0,8513.,3.4,8513.0,4.4,0.0,0.0,0.,0.0,17689.0,17026.,3.9,0.0274,0.02865,-4.3,0.83,297,485.,519.,-0.02,0.040,0,2449034.,901629,901630, , ,2023-09-28 11:57:28,True,False,False,3.8064885473566092
2023-09-29,FHMRF,FHMRF,2023/09/29,00:41:47,CMA621,ZSPDLFPG,321,-13,42 N,32.1,294.8,32.0,18610.7,85.030,-0.417,-1.8,-1.5,15717.0,58288.0,57250.,57250.,0.0,0.,15437.,15437.0,0.,0.0,8880.,2.5,8880.0,3.0,0.0,0.0,0.,0.0,18256.0,17760.,2.8,0.02683,0.02716,-1.2,0.832,303,490.,400.,0.006,-0.016,0,2416574.,901629,901630, , ,2023-09-29 00:41:47,True,False,False,3.8139486364599584
2023-09-29,FHMRF,FHMRF,2023/09/29,17:57:01,CMA602,LFPGVHHH,390,-22,44 N,34.7,226.5,30.0,18620.0,86.530,0.026,0.1,0.3,12541.0,64572.0,64644.,64639.,0.0,0.,12554.,12553.0,0.,0.0,7119.,2.5,7120.0,3.2,0.0,0.0,0.,0.0,14643.0,14239.,2.8,0.03287,0.0339,-3.0,0.831,259,481.,478.,0.033,0.011,0,2563800.,901629,901630, , ,2023-09-29 17:57:01,True,False,False,3.821225129763868
2023-09-29,FHMRF,FHMRF,2023/09/29,22:56:51,CMA602,LFPGVHHH,411,-23,42 N,29.5,196.1,25.0,18623.3,85.040,-0.145,-0.6,-0.4,10846.0,61779.0,61389.,61384.,0.0,0.,10778.,10777.0,0.,0.0,6132.,3.3,6132.0,4.3,0.0,0.0,0.,0.0,12729.0,12264.,3.8,0.03765,0.03892,-3.2,0.83,246,479.,570.,0.027,0.042,0,2452676.,901629,901630, , ,2023-09-29 22:56:51,True,False,False,3.828302721593851
2023-09-30,FHMRF,FHMRF,2023/09/30,00:46:51,CMA602,LFPGVHHH,411,-24,37 N,29.1,186.0,24.0,18622.7,83.350,0.093,0.4,0.5,9991.0,56905.0,57145.,57145.,0.0,0.,10033.,10033.0,0.,0.0,5729.,3.6,5729.0,4.7,0.0,0.0,0.,0.0,11933.0,11458.,4.1,0.04013,0.04201,-4.5,0.83,246,479.,575.,-0.001,0.017,0,2322946.,901629,901630, , ,2023-09-30 00:46:51,True,False,False,3.835166518000555
2023-09-30,FHMRF,FHMRF,2023/09/30,00:50:59,CMA602,LFPGVHHH,411,-24,37 N,29.1,185.6,24.0,18622.7,83.205,-0.043,-0.2,-0.0,9976.0,56821.0,56722.,56696.,0.0,0.,9958.,9954.0,0.,0.0,5696.,3.4,5693.0,4.2,0.0,0.0,0.,0.0,11821.0,11389.,3.8,0.04057,0.04209,-3.6,0.831,246,480.,573.,-0.003,0.052,0,2319167.,901629,901630, , ,2023-09-30 00:50:59,True,False,False,3.8418020848275427
2023-09-30,FHMRF,FHMRF,2023/09/30,02:38:27,CMA602,LFPGVHHH,411,-23,24 N,29.0,176.2,24.0,18624.4,82.810,-0.23,-1.1,-0.8,9852.0,56118.0,55525.,55525.,0.0,0.,9748.,9748.0,0.,0.0,5594.,3.5,5594.0,4.2,0.0,0.0,0.,0.0,11621.0,11188.,3.9,0.04134,0.04259,-2.9,0.832,247,480.,472.,0.026,0.011,0,2200476.,901629,901630, , ,2023-09-30 02:38:27,True,False,False,3.8481954949854242
2023-09-30,FHMRF,FHMRF,2023/09/30,14:37:56,CMA603,VHHHLFPG,340,-22,46 N,31.7,271.6,30.0,18600.7,84.145,-0.225,-1.0,-0.7,14625.0,59274.0,58716.,58691.,0.0,0.,14487.,14481.0,0.,0.0,8182.,3.0,8179.0,5.3,0.0,0.0,0.,0.0,17036.0,16360.,4.1,0.02829,0.02924,-3.3,0.833,291,482.,420.,0.014,-0.002,0,2432696.,901629,901630, , ,2023-09-30 14:37:56,True,False,False,3.8543333746072252
2023-09-30,FHMRF,FHMRF,2023/09/30,19:15:26,CMA603,VHHHLFPG,360,-21,48 N,29.6,238.1,26.0,18600.8,83.425,-0.27,-1.2,-0.9,12797.0,57049.0,56352.,56377.,0.0,0.,12641.,12647.0,0.,0.0,7212.,3.9,7215.0,5.9,0.0,0.0,0.,0.0,15135.0,14426.,4.9,0.03191,0.03317,-3.8,0.833,278,483.,427.,0.004,-0.003,0,2345090.,901629,901630, , ,2023-09-30 19:15:26,True,False,False,3.860202947753893
2023-10-01,FHMRF,FHMRF,2023/10/01,12:49:26,CMA620,LFPGZSPD,371,-25,47 N,29.9,224.7,26.0,18620.4,82.130,-0.55,-2.4,-2.0,11953.0,56179.0,54847.,54843.,0.0,0.,11670.,11669.0,0.,0.0,6603.,4.0,6604.0,5.5,0.0,0.0,0.,0.0,13837.0,13207.,4.8,0.03457,0.03549,-2.6,0.832,271,478.,541.,-0.001,-0.005,0,2320424.,901629,901630, , ,2023-10-01 12:49:26,True,False,False,3.8657920793459897
2023-10-01,FHMRF,FHMRF,2023/10/01,15:08:46,CMA620,LFPGZSPD,391,-20,41 N,29.4,210.2,25.0,18617.7,84.390,-0.339,-1.5,-1.2,11412.0,59050.0,58187.,58183.,0.0,0.,11246.,11245.0,0.,0.0,6442.,3.7,6443.0,4.1,0.0,0.0,0.,0.0,13385.0,12884.,3.9,0.03604,0.037,-2.6,0.83,258,482.,584.,0.014,0.018,0,2386926.,901629,901630, , ,2023-10-01 15:08:46,True,False,False,3.871089316017413
2023-10-01,FHMRF,FHMRF,2023/10/01,15:42:38,CMA620,LFPGZSPD,391,-22,41 N,29.4,206.9,26.0,18617.7,83.000,-0.462,-2.1,-1.7,10962.0,56718.0,55536.,55531.,0.0,0.,10734.,10733.0,0.,0.0,6146.,4.1,6147.0,5.0,0.0,0.0,0.,0.0,12857.0,12293.,4.6,0.03741,0.03844,-2.7,0.831,258,481.,577.,-0.009,0.012,0,2348576.,901629,901630, , ,2023-10-01 15:42:38,True,False,False,3.876083924623355
2023-10-01,FHMRF,FHMRF,2023/10/01,16:03:16,CMA620,LFPGZSPD,391,-23,40 N,29.3,204.9,26.0,18617.7,82.790,-0.489,-2.2,-1.9,10941.0,56615.0,55362.,55358.,0.0,0.,10699.,10698.0,0.,0.0,6116.,4.1,6116.0,5.8,0.0,0.0,0.,0.0,12833.0,12232.,4.9,0.03741,0.03852,-2.9,0.831,258,480.,575.,-0.001,-0.064,0,2326062.,901629,901630, , ,2023-10-01 16:03:16,True,False,False,3.880765928185256
2023-10-02,FHMRF,FHMRF,2023/10/02,09:36:59,CMA621,ZSPDLFPG,360,-20,47 N,30.2,228.3,25.0,18610.8,82.800,-0.395,-1.5,-1.2,12408.0,55312.0,54453.,54457.,0.0,0.,12215.,12216.0,0.,0.0,7006.,3.7,7005.0,5.6,0.0,0.0,0.,0.0,14663.0,14010.,4.7,0.03297,0.03409,-3.3,0.832,278,483.,450.,0.013,-0.017,0,2247686.,901629,901630, , ,2023-10-02 09:36:59,True,False,False,3.8851261391108345
2023-10-02,FHMRF,FHMRF,2023/10/02,20:59:12,CMA602,LFPGVHHH,390,-26,41 N,30.0,200.0,30.0,18620.4,81.640,-0.361,-1.4,-1.1,10652.0,54852.0,54076.,54076.,0.0,0.,10502.,10502.0,0.,0.0,5971.,3.8,5971.0,4.3,0.0,0.0,0.,0.0,12428.0,11942.,4.1,0.03846,0.03957,-2.8,0.833,259,478.,498.,-0.008,0.018,0,2261580.,901629,901630, , ,2023-10-02 20:59:12,True,False,False,3.889156189582416
2023-10-03,FHMRF,FHMRF,2023/10/03,00:29:13,CMA602,LFPGVHHH,411,-23,37 N,28.6,180.6,25.0,18616.9,82.420,-0.42,-1.8,-1.4,9773.0,55669.0,54692.,54692.,0.0,0.,9601.,9601.0,0.,0.0,5512.,3.4,5512.0,4.2,0.0,0.0,0.,0.0,11441.0,11023.,3.8,0.04184,0.0428,-2.3,0.829,246,479.,572.,0.003,-0.006,2,2255439.,901629,901630, , ,2023-10-03 00:29:13,True,False,False,3.8928485590643938
2023-10-03,FHMRF,FHMRF,2023/10/03,02:02:10,CMA602,LFPGVHHH,411,-22,26 N,28.4,172.6,25.0,18615.4,81.750,-0.316,-1.3,-1.0,9404.0,53565.0,52891.,52891.,0.0,0.,9285.,9285.0,0.,0.0,5378.,3.0,5378.0,4.1,0.0,0.0,0.,0.0,11138.0,10757.,3.5,0.04331,0.04441,-2.5,0.834,247,482.,485.,-0.008,-0.007,0,2156436.,901629,901630, , ,2023-10-03 02:02:10,True,False,False,3.8961965989393645
2023-10-03,FHMRF,FHMRF,2023/10/03,14:31:43,CMA603,VHHHLFPG,320,-9,40 N,32.7,268.9,30.0,18605.6,83.520,-0.133,-0.5,-0.4,14268.0,52666.0,52392.,52395.,0.0,0.,14194.,14194.0,0.,0.0,8297.,2.7,8296.0,3.4,0.0,0.0,0.,0.0,17103.0,16594.,3.1,0.02895,0.02971,-2.6,0.834,305,495.,408.,-0.009,0.002,0,2192855.,901629,901630, , ,2023-10-03 14:31:43,True,False,False,3.899194554330601
2023-10-03,FHMRF,FHMRF,2023/10/03,17:28:13,CMA603,VHHHLFPG,340,-19,43 N,31.0,247.0,26.0,18613.6,82.290,-0.173,-0.7,-0.5,13225.0,53603.0,53237.,53241.,0.0,0.,13135.,13136.0,0.,0.0,7513.,3.1,7513.0,4.7,0.0,0.0,0.,0.0,15614.0,15026.,3.9,0.03096,0.03203,-3.3,0.831,290,483.,458.,0.003,-0.025,0,2211251.,901629,901630, , ,2023-10-03 17:28:13,True,False,False,3.901837583193186
2023-10-05,FHMRF,FHMRF,2023/10/05,12:55:48,CMA608,LFPGVHHH,370,-23,41 N,32.1,221.6,30.0,18612.5,82.020,-0.299,-1.2,-0.9,11659.0,54534.0,53901.,53897.,0.0,0.,11524.,11523.0,0.,0.0,6567.,3.8,6567.0,4.4,0.0,0.0,0.,0.0,13676.0,13134.,4.1,0.03512,0.03624,-3.1,0.832,271,480.,536.,-0.01,-0.010,0,2275590.,901629,901630, , ,2023-10-05 12:55:48,True,False,False,3.9041217727535824
2023-10-05,FHMRF,FHMRF,2023/10/05,16:53:15,CMA608,LFPGVHHH,391,-17,35 N,30.4,197.8,25.0,18608.7,83.290,-0.716,-2.9,-2.5,10812.0,55942.0,54308.,54304.,0.0,0.,10496.,10495.0,0.,0.0,6116.,3.5,6117.0,4.0,0.0,0.0,0.,0.0,12693.0,12233.,3.8,0.03845,0.03891,-1.2,0.835,259,488.,463.,0.008,-0.009,0,2253226.,901629,901630, , ,2023-10-05 16:53:15,True,False,False,3.90604415335595
2023-10-06,FHMRF,FHMRF,2023/10/06,06:53:47,CMA609,VHHHLFPG,320,-15,45 N,25.9,272.4,30.0,18597.8,83.290,-0.189,-0.7,-0.5,14670.0,54149.0,53754.,53760.,0.0,0.,14563.,14564.0,0.,0.0,8389.,3.2,8387.0,3.7,0.0,0.0,0.,0.0,17359.0,16776.,3.5,0.02808,0.02891,-2.9,0.83,303,487.,440.,0.007,0.020,0,2221578.,901629,901630, , ,2023-10-06 06:53:47,True,False,False,3.907602709748173
2023-10-06,FHMRF,FHMRF,2023/10/06,07:58:18,CMA609,VHHHLFPG,300,-11,42 N,24.8,264.1,30.0,18594.7,81.495,-0.184,-0.9,-0.7,14424.0,48568.0,48120.,48149.,0.0,0.,14290.,14299.0,0.,0.0,8329.,3.0,8331.0,3.8,0.0,0.0,0.,0.0,17231.0,16661.,3.4,0.02825,0.02901,-2.6,0.821,313,487.,458.,-0.002,0.008,0,1964868.,901629,901630, , ,2023-10-06 07:58:18,True,False,False,3.908796389822683
2023-10-06,FHMRF,FHMRF,2023/10/06,19:29:28,CMA027,LEMDLFPG,430,-35,44 N,22.2,158.9,28.0,18606.5,80.630,-0.371,-1.7,-1.3,8954.0,55883.0,54950.,54940.,0.0,0.,8805.,8803.0,0.,0.0,4960.,3.7,4962.0,3.7,0.0,0.0,0.,0.0,10286.0,9922.,3.7,0.04576,0.04681,-2.2,0.835,237,471.,479.,0.014,-0.004,0,2181350.,901629,901630, , ,2023-10-06 19:29:28,True,False,False,3.909625110815646
2023-10-07,FHMRF,FHMRF,2023/10/07,08:28:13,CMA620,LFPGZSPD,330,-18,44 N,32.9,283.1,30.0,18618.9,83.840,-0.235,-1.0,-0.7,14638.0,56607.0,56018.,56018.,0.0,0.,14486.,14486.0,0.,0.0,8286.,2.7,8286.0,2.8,0.0,0.0,0.,0.0,17032.0,16573.,2.8,0.02851,0.02909,-2.0,0.832,297,486.,491.,-0.016,0.019,0,2408084.,901629,901630, , ,2023-10-07 08:28:13,True,False,False,3.910089762953336
2023-10-08,FHMRF,FHMRF,2023/10/08,05:55:26,CMA621,ZSPDLFPG,340,-21,41 N,27.9,258.8,30.0,18604.8,82.570,-0.454,-1.8,-1.5,13688.0,55476.0,54474.,54474.,0.0,0.,13441.,13441.0,0.,0.0,7653.,3.4,7653.0,6.7,0.0,0.0,0.,0.0,16077.0,15305.,5.0,0.03003,0.03107,-3.4,0.833,291,483.,480.,-0.009,0.014,0,2317075.,901629,901630, , ,2023-10-08 05:55:26,True,False,False,3.9101922105099103
2023-10-08,FHMRF,FHMRF,2023/10/08,09:29:16,CMA621,ZSPDLFPG,360,-21,49 N,26.8,234.3,26.0,18605.8,83.910,-0.217,-0.9,-0.7,13011.0,58000.0,57450.,57450.,0.0,0.,12887.,12887.0,0.,0.0,7340.,3.7,7340.0,5.2,0.0,0.0,0.,0.0,15337.0,14680.,4.5,0.03147,0.03265,-3.6,0.832,278,483.,413.,0.03,0.010,0,2307839.,901629,901630, , ,2023-10-08 09:29:16,True,False,False,3.9099352902088627
2023-10-08,FHMRF,FHMRF,2023/10/08,09:49:40,CMA621,ZSPDLFPG,360,-21,49 N,26.8,231.9,26.0,18605.8,82.740,-0.576,-2.5,-2.1,12619.0,56254.0,54855.,54855.,0.0,0.,12305.,12305.0,0.,0.0,7037.,4.0,7037.0,6.1,0.0,0.0,0.,0.0,14784.0,14074.,5.0,0.03271,0.03364,-2.8,0.835,279,484.,436.,0.007,0.006,0,2284637.,901629,901630, , ,2023-10-08 09:49:40,True,False,False,3.9093228068727326
2023-10-08,FHMRF,FHMRF,2023/10/08,10:05:58,CMA621,ZSPDLFPG,340,-15,50 N,26.8,230.1,26.0,18606.9,82.085,-0.193,-0.9,-0.6,12795.0,51858.0,51388.,51412.,0.0,0.,12679.,12685.0,0.,0.0,7343.,2.6,7346.0,4.9,0.0,0.0,0.,0.0,15242.0,14689.,3.8,0.03194,0.03292,-3.0,0.83,290,487.,449.,0.012,0.016,0,2061304.,901629,901630, , ,2023-10-08 10:05:58,True,False,False,3.908359526218479
2023-10-08,FHMRF,FHMRF,2023/10/08,15:59:32,CMA602,LFPGVHHH,330,-12,48 N,31.7,270.4,30.0,18606.6,84.290,-0.112,-0.4,-0.4,14306.0,55326.0,55086.,55093.,0.0,0.,14244.,14246.0,0.,0.0,8217.,3.7,8215.0,4.0,0.0,0.0,0.,0.0,17063.0,16432.,3.8,0.02873,0.02972,-3.3,0.831,297,490.,515.,0.001,0.017,0,2300120.,901629,901630, , ,2023-10-08 15:59:32,True,False,False,3.907051164718645
2023-10-08,FHMRF,FHMRF,2023/10/08,16:13:27,CMA602,LFPGVHHH,330,-12,48 N,31.9,268.6,29.0,18609.8,84.040,-0.439,-1.7,-1.5,14349.0,55492.0,54551.,54558.,0.0,0.,14106.,14108.0,0.,0.0,8143.,4.5,8142.0,2.9,0.0,0.0,0.,0.0,16887.0,16285.,3.7,0.02904,0.02965,-2.1,0.831,297,490.,518.,0.01,0.005,0,2284382.,901629,901630, , ,2023-10-08 16:13:27,True,False,False,3.9054043764915396
2023-10-08,FHMRF,FHMRF,2023/10/08,20:23:19,CMA602,LFPGVHHH,370,-27,41 N,33.8,239.0,30.0,18607.3,83.600,-0.137,-0.6,-0.4,12709.0,59443.0,59082.,59082.,0.0,0.,12631.,12631.0,0.,0.0,7096.,3.7,7096.0,5.1,0.0,0.0,0.,0.0,14816.0,14192.,4.4,0.03224,0.03352,-3.8,0.833,272,478.,477.,0.005,-0.002,0,2456238.,901629,901630, , ,2023-10-08 20:23:19,True,False,False,3.9034267372249003
2023-10-08,FHMRF,FHMRF,2023/10/08,20:40:15,CMA602,LFPGVHHH,370,-28,41 N,33.4,237.1,30.0,18604.4,83.115,-0.379,-1.7,-1.4,12754.0,59652.0,58667.,58641.,0.0,0.,12543.,12538.0,0.,0.0,7015.,3.9,7012.0,5.0,0.0,0.0,0.,0.0,14655.0,14028.,4.5,0.03244,0.03341,-2.9,0.832,271,475.,483.,0.017,0.000,0,2436584.,901629,901630, , ,2023-10-08 20:40:15,True,False,False,3.9011267251615833
2023-10-09,FHMRF,FHMRF,2023/10/09,00:45:23,CMA602,LFPGVHHH,391,-19,37 N,30.7,211.1,25.0,18609.9,84.330,-0.469,-2.0,-1.7,11369.0,58823.0,57630.,57630.,0.0,0.,11139.,11139.0,0.,0.0,6416.,3.2,6416.0,4.1,0.0,0.0,0.,0.0,13302.0,12832.,3.7,0.03642,0.03712,-1.9,0.832,258,484.,537.,0.006,0.009,2,2396834.,901629,901630, , ,2023-10-09 00:45:23,True,False,False,3.898513699186038
2023-10-09,FHMRF,FHMRF,2023/10/09,15:23:21,CMA603,VHHHLFPG,340,-17,40 N,32.0,254.8,30.0,18596.9,83.620,-0.297,-1.3,-1.2,13848.0,56128.0,55379.,55379.,0.0,0.,13663.,13663.0,0.,0.0,7848.,3.7,7848.0,4.0,0.0,0.0,0.,0.0,16301.0,15696.,3.9,0.03006,0.03084,-2.5,0.839,293,490.,457.,0.011,-0.007,0,2281844.,901629,901630, , ,2023-10-09 15:23:21,True,False,False,3.8955978740601713
2023-10-10,FHMRF,FHMRF,2023/10/10,23:32:31,CMA602,LFPGVHHH,391,-30,41 N,30.1,201.1,26.0,18607.1,80.990,-0.373,-1.5,-1.2,10632.0,55011.0,54203.,54203.,0.0,0.,10476.,10476.0,0.,0.0,5908.,3.6,5908.0,5.4,0.0,0.0,0.,0.0,12347.0,11817.,4.5,0.03846,0.03972,-3.2,0.835,260,475.,501.,-0.014,-0.013,0,2285530.,901629,901630, , ,2023-10-10 23:32:31,True,False,False,3.8923902928740266
2023-10-11,FHMRF,FHMRF,2023/10/11,18:15:31,CMA603,VHHHLFPG,360,-23,46 N,27.7,242.7,26.0,18605.8,83.340,-0.634,-2.8,-2.4,13105.0,58420.0,56806.,56806.,0.0,0.,12743.,12743.0,0.,0.0,7236.,3.9,7236.0,5.9,0.0,0.0,0.,0.0,15182.0,14473.,4.9,0.03171,0.03248,-2.4,0.833,278,481.,459.,0.006,-0.008,0,2390325.,901629,901630, , ,2023-10-11 18:15:31,True,False,False,3.8889027967964855
2023-10-12,FHMRF,FHMRF,2023/10/12,08:42:06,CMA620,LFPGZSPD,310,-13,42 N,32.5,301.6,30.0,18608.2,84.200,-0.447,-1.9,-1.7,15916.0,56104.0,55031.,55031.,0.0,0.,15612.,15612.0,0.,0.0,8993.,2.6,8993.0,2.9,0.0,0.0,0.,0.0,18485.0,17987.,2.8,0.02653,0.02681,-1.1,0.832,310,490.,484.,0.003,0.006,0,2337090.,901629,901630, , ,2023-10-12 08:42:06,True,False,False,3.885147992230375
2023-10-12,FHMRF,FHMRF,2023/10/12,08:45:06,CMA620,LFPGZSPD,310,-13,42 N,32.5,301.1,30.0,18608.2,84.165,-0.401,-1.7,-1.5,15871.0,55947.0,55006.,54985.,0.0,0.,15605.,15599.0,0.,0.0,8988.,2.9,8985.0,3.3,0.0,0.0,0.,0.0,18529.0,17972.,3.1,0.02646,0.02688,-1.6,0.832,310,490.,484.,0.002,-0.005,0,2333809.,901629,901630, , ,2023-10-12 08:45:06,True,False,False,3.881139215497768
2023-10-13,FHMRF,FHMRF,2023/10/13,05:27:37,CMA621,ZSPDLFPG,340,-18,41 N,26.7,265.4,30.0,18595.2,84.450,-0.56,-2.4,-2.0,14660.0,59415.0,57996.,57996.,0.0,0.,14309.,14309.0,0.,0.0,8197.,3.9,8197.0,3.9,0.0,0.0,0.,0.0,17034.0,16394.,3.9,0.02868,0.0292,-1.8,0.839,293,489.,463.,0.019,0.027,0,2376916.,901629,901630, , ,2023-10-13 05:27:37,True,False,False,3.876890495202639
2023-10-13,FHMRF,FHMRF,2023/10/13,05:30:37,CMA621,ZSPDLFPG,340,-18,41 N,26.6,265.0,30.0,18595.2,84.230,-0.41,-1.8,-1.5,14441.0,58531.0,57494.,57498.,0.0,0.,14185.,14186.0,0.,0.0,8123.,3.6,8122.0,6.0,0.0,0.0,0.,0.0,17027.0,16245.,4.8,0.02872,0.02965,-3.1,0.84,294,489.,466.,0.005,-0.015,2,2373604.,901629,901630, , ,2023-10-13 05:30:37,True,False,False,3.872416512425704
2023-10-13,FHMRF,FHMRF,2023/10/13,05:33:37,CMA621,ZSPDLFPG,340,-19,41 N,26.6,264.6,30.0,18595.2,84.160,-0.377,-1.6,-1.4,14390.0,58326.0,57372.,57375.,0.0,0.,14155.,14156.0,0.,0.0,8105.,3.5,8104.0,4.5,0.0,0.0,0.,0.0,16856.0,16209.,4.0,0.029,0.02975,-2.5,0.84,294,489.,466.,0.003,-0.014,2,2370175.,901629,901630, , ,2023-10-13 05:33:37,True,False,False,3.867732558893281
2023-10-13,FHMRF,FHMRF,2023/10/13,05:36:37,CMA621,ZSPDLFPG,340,-19,41 N,26.5,264.2,30.0,18595.2,84.260,-0.419,-1.8,-1.5,14484.0,58705.0,57644.,57647.,0.0,0.,14222.,14223.0,0.,0.0,8134.,3.5,8133.0,5.1,0.0,0.0,0.,0.0,16966.0,16267.,4.3,0.02878,0.02956,-2.6,0.839,293,488.,468.,0.012,-0.003,0,2366754.,901629,901630, , ,2023-10-13 05:36:37,True,False,False,3.8628544932436846
2023-10-14,FHMRF,FHMRF,2023/10/14,14:54:04,CMA603,VHHHLFPG,320,-13,40 N,30.7,271.2,30.0,18604.4,83.120,-0.06,-0.2,-0.1,14378.0,53072.0,52946.,52949.,0.0,0.,14344.,14344.0,0.,0.0,8297.,2.7,8296.0,3.2,0.0,0.0,0.,0.0,17084.0,16592.,3.0,0.02861,0.02944,-2.8,0.83,303,489.,475.,-0.003,0.000,0,2212006.,901629,901630, , ,2023-10-14 14:54:04,True,False,False,3.8577986955128023
2023-10-14,FHMRF,FHMRF,2023/10/14,16:00:18,CMA603,VHHHLFPG,340,-18,42 N,29.8,262.7,30.0,18599.6,84.100,-0.24,-1.0,-0.8,14204.0,57571.0,56964.,56968.,0.0,0.,14054.,14055.0,0.,0.0,8032.,3.3,8031.0,4.0,0.0,0.0,0.,0.0,16645.0,16063.,3.6,0.02914,0.02996,-2.7,0.832,290,485.,460.,0.015,0.018,0,2352770.,901629,901630, , ,2023-10-14 16:00:18,True,False,False,3.852582019977306
2023-10-14,FHMRF,FHMRF,2023/10/14,16:03:18,CMA603,VHHHLFPG,340,-18,42 N,29.8,262.3,30.0,18612.1,84.060,-0.208,-0.9,-0.7,14140.0,57311.0,56785.,56789.,0.0,0.,14011.,14012.0,0.,0.0,8007.,2.9,8006.0,3.4,0.0,0.0,0.,0.0,16519.0,16014.,3.2,0.02937,0.0301,-2.4,0.832,290,485.,462.,0.012,0.015,0,2349301.,901629,901630, , ,2023-10-14 16:03:18,True,False,False,3.8472217465118552
2023-10-14,FHMRF,FHMRF,2023/10/14,16:06:18,CMA603,VHHHLFPG,340,-18,42 N,29.7,261.9,30.0,18610.9,84.100,-0.466,-2.0,-1.7,14333.0,58093.0,56919.,56922.,0.0,0.,14044.,14045.0,0.,0.0,8024.,3.8,8023.0,5.0,0.0,0.0,0.,0.0,16752.0,16046.,4.4,0.02896,0.02972,-2.6,0.832,290,485.,466.,0.026,0.011,0,2345926.,901629,901630, , ,2023-10-14 16:06:18,True,False,False,3.8417355306179015
2023-10-14,FHMRF,FHMRF,2023/10/14,16:09:58,CMA603,VHHHLFPG,340,-18,42 N,29.7,261.5,30.0,18606.5,83.775,-0.365,-1.6,-1.3,14045.0,56924.0,55991.,56020.,0.0,0.,13815.,13822.0,0.,0.0,7909.,3.6,7912.0,5.0,0.0,0.0,0.,0.0,16503.0,15821.,4.3,0.02941,0.03028,-2.9,0.832,291,485.,471.,0.009,-0.025,0,2341828.,901629,901630, , ,2023-10-14 16:09:58,True,False,False,3.8361413522639984
2023-10-14,FHMRF,FHMRF,2023/10/14,16:33:46,CMA603,VHHHLFPG,340,-16,42 N,29.5,258.5,30.0,18599.0,83.710,-0.344,-1.5,-1.2,13817.0,56002.0,55148.,55151.,0.0,0.,13607.,13608.0,0.,0.0,7829.,3.3,7829.0,4.3,0.0,0.0,0.,0.0,16253.0,15658.,3.8,0.02993,0.03069,-2.5,0.831,290,486.,482.,0.003,0.016,0,2315550.,901629,901630, , ,2023-10-14 16:33:46,True,False,False,3.8304574636541204
2023-10-16,FHMRF,FHMRF,2023/10/16,10:11:16,CMA621,ZSPDLFPG,360,-27,50 N,31.0,225.9,25.0,18604.8,81.570,0.034,0.1,0.3,12138.0,54112.0,54185.,54185.,0.0,0.,12155.,12155.0,0.,0.0,6859.,3.9,6859.0,5.0,0.0,0.0,0.,0.0,14324.0,13719.,4.4,0.03334,0.03491,-4.5,0.833,278,478.,430.,0.002,-0.007,0,2224962.,901629,901630, , ,2023-10-16 10:11:16,True,False,False,3.824702336028438
2023-10-17,FHMRF,FHMRF,2023/10/17,11:39:56,CMA603,VHHHLFPG,321,-17,44 N,30.1,293.6,31.0,18601.6,84.370,-0.29,-1.3,-1.2,15616.0,57912.0,57186.,57183.,0.0,0.,15421.,15420.0,0.,0.0,8759.,3.5,8760.0,3.9,0.0,0.0,0.,0.0,18165.0,17519.,3.7,0.02674,0.02741,-2.4,0.831,303,486.,489.,0.003,0.007,0,2407100.,901629,901630, , ,2023-10-17 11:39:56,True,False,False,3.8188946056074826
2023-10-17,FHMRF,FHMRF,2023/10/17,15:16:20,CMA603,VHHHLFPG,340,-21,42 N,28.0,265.5,31.0,18603.1,83.250,-0.462,-2.0,-1.7,14086.0,57090.0,55922.,55922.,0.0,0.,13798.,13798.0,0.,0.0,7845.,3.4,7845.0,5.1,0.0,0.0,0.,0.0,16353.0,15690.,4.2,0.02954,0.03025,-2.4,0.833,291,483.,447.,-0.005,0.012,0,2376419.,901629,901630, , ,2023-10-17 15:16:20,True,False,False,3.8130530188099776
2023-10-17,FHMRF,FHMRF,2023/10/17,18:50:20,CMA603,VHHHLFPG,360,-22,47 N,26.4,240.8,26.0,18607.0,83.755,-0.623,-2.7,-2.3,13240.0,59022.0,57428.,57453.,0.0,0.,12883.,12889.0,0.,0.0,7321.,3.5,7324.0,4.6,0.0,0.0,0.,0.0,15242.0,14646.,4.1,0.03161,0.03214,-1.7,0.832,278,482.,419.,0.021,0.025,0,2371946.,901629,901630, , ,2023-10-17 18:50:20,True,False,False,3.8071963768972776
2023-10-18,FHMRF,FHMRF,2023/10/18,07:11:35,CMA620,LFPGZSPD,350,-21,45 N,33.9,264.7,28.0,18625.6,84.825,-0.026,-0.1,-0.1,14097.0,59908.0,59824.,59851.,0.0,0.,14077.,14083.0,0.,0.0,7932.,3.1,7935.0,3.7,0.0,0.0,0.,0.0,16406.0,15867.,3.4,0.02937,0.03034,-3.2,0.83,283,482.,547.,0.012,0.001,0,2472609.,901629,901630, , ,2023-10-18 07:11:35,True,False,False,3.801343480218409
2023-10-18,FHMRF,FHMRF,2023/10/18,10:27:18,CMA620,LFPGZSPD,370,-29,44 N,32.7,241.8,30.0,18612.3,83.850,0.137,0.6,0.7,12884.0,60265.0,60639.,60635.,0.0,0.,12964.,12963.0,0.,0.0,7221.,3.5,7222.0,4.1,0.0,0..0,0.,0.0,14994.0,14442.,3.8,0.03163,0.03308,-4.4,0.83,271,474.,534.,0.008,0.007,0,2485893.,901629,901630, , ,2023-10-18 10:27:18,True,False,False,3.7955130722481387
2023-10-18,FHMRF,FHMRF,2023/10/18,13:27:01,CMA620,LFPGZSPD,371,-26,44 N,30.8,222.5,26.0,18624.5,82.010,-0.207,-0.9,-0.7,11812.0,55516.0,55021.,55018.,0.0,0.,11707.,11706.0,0.,0.0,6610.,4.3,6610.0,4.9,0.0,0.0,0.,0.0,13828.0,13220.,4.6,0.03455,0.0359,-3.8,0.833,271,478.,469.,-0.004,-0.008,0,2300143.,901629,901630, , ,2023-10-18 13:27:01,True,False,False,3.789723783625123
2023-10-18,FHMRF,FHMRF,2023/10/18,13:41:54,CMA620,LFPGZSPD,371,-27,44 N,30.7,221.0,26.0,18620.1,81.920,-0.419,-1.8,-1.5,11900.0,55927.0,54911.,54908.,0.0,0.,11683.,11683.0,0.,0.0,6591.,4.6,6592.0,5.2,0.0,0.0,0.,0.0,13829.0,13183.,4.9,0.03449,0.03564,-3.2,0.832,271,477.,479.,0.01,0.008,0,2282775.,901629,901630, , ,2023-10-18 13:41:54,True,False,False,3.7839940764070117
2023-10-19,FHMRF,FHMRF,2023/10/19,01:12:42,CMA621,ZSPDLFPG,321,-17,43 N,31.7,294.3,30.0,18596.6,84.510,-0.413,-1.8,-1.5,15713.0,58274.0,57238.,57242.,0.0,0.,15434.,15435.0,0.,0.0,8815.,3.0,8814.0,3.2,0.0,0.0,0.,0.0,18181.0,17630.,3.1,0.02675,0.02717,-1.6,0.831,303,486.,473.,0.009,-0.010,0,2412461.,901629,901630, , ,2023-10-19 01:12:42,True,False,False,3.7783421887695905
2023-10-19,FHMRF,FHMRF,2023/10/19,01:35:52,CMA621,ZSPDLFPG,321,-17,44 N,32.2,291.2,30.0,18589.9,84.130,-0.377,-1.6,-1.4,15538.0,57622.0,56674.,56677.,0.0,0.,15282.,15283.0,0.,0.0,8719.,2.7,8718.0,3.4,0.0,0.0,0.,0.0,17966.0,17437.,3.0,0.02702,0.02745,-1.6,0.831,303,485.,484.,0.01,-0.006,0,2386711.,901629,901630, , ,2023-10-19 01:35:52,True,False,False,3.7727860803973985
2023-10-19,FHMRF,FHMRF,2023/10/19,03:31:53,CMA621,ZSPDLFPG,320,-17,48 N,31.7,275.7,30.0,18594.0,82.760,-0.187,-0.7,-0.5,14628.0,53995.0,53604.,53607.,0.0,0.,14522.,14523.0,0.,0.0,8324.,2.9,8323.0,3.3,0.0,0.0,0.,0.0,17165.0,16646.,3.1,0.0283,0.02904,-2.5,0.832,304,486.,447.,0.001,-0.004,0,2249542.,901629,901630, , ,2023-10-19 03:31:53,True,False,False,3.7673433788423463
2023-10-19,FHMRF,FHMRF,2023/10/19,03:48:19,CMA621,ZSPDLFPG,320,-17,47 N,31.3,273.6,30.0,18596.7,82.400,-0.135,-0.5,-0.3,14313.0,52835.0,52552.,52555.,0.0,0.,14237.,14238.0,0.,0.0,8196.,2.8,8196.0,3.4,0.0,0.0,0.,0.0,16895.0,16392.,3.1,0.02884,0.02962,-2.6,0.833,304,487.,438.,-0.015,-0.009,0,2232363.,901629,901630, , ,2023-10-19 03:48:19,True,False,False,3.762031327145698
2023-10-19,FHMRF,FHMRF,2023/10/19,03:53:36,CMA621,ZSPDLFPG,320,-16,47 N,31.2,272.9,30.0,18592.9,82.590,-0.148,-0.6,-0.4,14386.0,53106.0,52796.,52799.,0.0,0.,14302.,14303.0,0.,0.0,8241.,2.8,8240.0,3.1,0.0,0.0,0.,0.0,16963.0,16481.,2.9,0.02875,0.02948,-2.5,0.833,304,488.,435.,-0.009,-0.011,0,2227015.,901629,901630, , ,2023-10-19 03:53:36,True,False,False,3.756866733008262
2023-10-19,FHMRF,FHMRF,2023/10/19,07:42:32,CMA621,ZSPDLFPG,360,-25,43 N,28.6,245.1,26.0,18602.0,83.360,-0.31,-1.4,-1.0,13124.0,58501.0,57707.,57711.,0.0,0.,12946.,12946.0,0.,0.0,7319.,4.1,7318.0,4.7,0.0,0.0,0.,0.0,15281.0,14638.,4.4,0.03141,0.03245,-3.2,0.834,278,480.,436.,-0.001,0.013,0,2413197.,901629,901630, , ,2023-10-19 07:42:32,True,False,False,3.7518659197538002
2023-10-19,FHMRF,FHMRF,2023/10/19,22:50:07,CMA602,LFPGVHHH,371,-24,42 N,29.6,222.7,26.0,18618.9,82.270,-0.491,-2.1,-1.8,11922.0,56031.0,54848.,54848.,0.0,0.,11670.,11670.0,0.,0.0,6621.,3.9,6621.0,4.8,0.0,0.0,0.,0.0,13818.0,13242.,4.3,0.03468,0.03554,-2.4,0.832,271,479.,496.,0.003,0.010,0,2299948.,901629,901630, , ,2023-10-19 22:50:07,True,False,False,3.7470446792778143
2023-10-20,FHMRF,FHMRF,2023/10/20,00:11:24,CMA602,LFPGVHHH,391,-26,40 N,29.1,214.2,26.0,18617.8,83.905,-0.267,-1.2,-0.9,11612.0,60084.0,59372.,59345.,0.0,0.,11475.,11469.0,0.,0.0,6483.,4.0,6480.0,4.7,0.0,0.0,0.,0.0,13526.0,12963.,4.3,0.03531,0.0365,-3.3,0.831,258,478.,486.,0.012,0.008,0,2435225.,901629,901630, , ,2023-10-20 00:11:24,True,False,False,3.7424182271278696
2023-10-20,FHMRF,FHMRF,2023/10/20,12:31:41,CMA603,VHHHLFPG,320,-18,42 N,29.6,283.3,26.0,18601.4,83.310,-0.188,-0.7,-0.5,14946.0,55172.0,54781.,54781.,0.0,0.,14840.,14840.0,0.,0.0,8470.,3.3,8470.0,2.8,0.0,0.0,0.,0.0,17458.0,16941.,3.1,0.0278,0.02849,-2.4,0.831,303,485.,486.,-0.004,-0.001,0,2311603.,901629,901630, , ,2023-10-20 12:31:41,True,False,False,3.7380011598386944
2023-10-21,FHMRF,FHMRF,2023/10/21,08:53:02,CMA620,LFPGZSPD,330,-15,42 N,33.5,277.8,30.0,18615.0,84.155,-0.467,-2.0,-1.8,14705.0,56866.0,55715.,55690.,0.0,0.,14407.,14400.0,0.,0.0,8285.,3.2,8282.0,3.4,0.0,0.0,0.,0.0,17114.0,16567.,3.3,0.02857,0.02899,-1.5,0.833,297,489.,461.,0.005,-0.006,0,2362214.,901629,901630, , ,2023-10-21 08:53:02,True,False,False,3.733807414650021
2023-10-21,FHMRF,FHMRF,2023/10/21,08:56:02,CMA620,LFPGZSPD,330,-15,42 N,33.5,277.4,30.0,18615.0,84.290,-0.26,-1.1,-0.9,14666.0,56718.0,56071.,56071.,0.0,0.,14499.,14499.0,0.,0.0,8327.,2.9,8327.0,3.6,0.0,0.0,0.,0.0,17190.0,16653.,3.2,0.0284,0.02905,-2.2,0.832,297,488.,461.,0.005,-0.004,0,2358910.,901629,901630, , ,2023-10-21 08:56:02,True,False,False,3.7298502317537237
2023-10-21,FHMRF,FHMRF,2023/10/21,09:34:36,CMA620,LFPGZSPD,330,-15,42 N,34.3,272.5,30.0,18616.2,83.760,-0.34,-1.4,-1.1,14384.0,55623.0,54851.,54851.,0.0,0.,14184.,14184.0,0.,0.0,8159.,2.7,8159.0,3.2,0.0,0.0,0.,0.0,16800.0,16319.,3.0,0.02906,0.02957,-1.7,0.832,297,488.,453.,0.003,0.005,0,2316692.,901629,901630, , ,2023-10-21 09:34:36,True,False,False,3.7261421192263193
2023-10-21,FHMRF,FHMRF,2023/10/21,09:37:36,CMA620,LFPGZSPD,330,-15,42 N,34.4,272.1,30.0,18616.2,83.810,-0.304,-1.3,-1.0,14395.0,55667.0,54962.,54962.,0.0,0.,14213.,14213.0,0.,0.0,8174.,3.1,8174.0,3.1,0.0,0.0,0.,0.0,16852.0,16348.,3.1,0.02897,0.02955,-2.0,0.832,297,488.,453.,0.005,0.002,0,2313441.,901629,901630, , ,2023-10-21 09:37:36,True,False,False,3.722694820789502
2023-10-21,FHMRF,FHMRF,2023/10/21,09:40:36,CMA620,LFPGZSPD,330,-15,42 N,34.5,271.7,30.0,18616.2,83.685,-0.241,-0.9,-0.7,14266.0,55172.0,54683.,54662.,0.0,0.,14140.,14135.0,0.,0.0,8142.,2.8,8140.0,3.5,0.0,0.0,0.,0.0,16796.0,16282.,3.2,0.0291,0.02981,-2.4,0.833,297,489.,454.,-0.003,0.001,0,2310308.,901629,901630, , ,2023-10-21 09:40:36,True,False,False,3.7195192865068534
2023-10-21,FHMRF,FHMRF,2023/10/21,09:43:36,CMA620,LFPGZSPD,330,-15,42 N,34.5,271.3,30.0,18616.2,83.600,-0.302,-1.1,-0.9,14248.0,55100.0,54473.,54473.,0.0,0.,14086.,14086.0,0.,0.0,8116.,3.2,8116.0,3.2,0.0,0.0,0.,0.0,16753.0,16231.,3.2,0.02918,0.02984,-2.2,0.833,297,489.,453.,-0.003,0.002,0,2307001.,901629,901630, , ,2023-10-21 09:43:36,True,False,False,3.716625646478048
2023-10-22,FHMRF,FHMRF,2023/10/22,07:36:32,CMA621,ZSPDLFPG,340,-17,42 N,31.7,259.2,26.0,18606.9,83.930,-0.328,-1.4,-1.2,14035.0,56886.0,56063.,56063.,0.0,0.,13832.,13832.0,0.,0.0,7920.,3.3,7920.0,4.4,0.0,0.0,0.,0.0,16445.0,15839.,3.8,0.02953,0.03029,-2.5,0.831,290,486.,504.,0.019,-0.015,0,2321572.,901629,901630, , ,2023-10-22 07:36:32,True,False,False,3.7140231875403273
2023-10-22,FHMRF,FHMRF,2023/10/22,19:31:12,CMA602,LFPGVHHH,350,-20,41 N,33.4,243.0,30.0,18611.1,82.700,-0.3,-1.1,-0.9,12966.0,55103.0,54469.,54469.,0.0,0.,12817.,12817.0,0.,0.0,7313.,3.1,7313.0,4.5,0.0,0.0,0.,0.0,15177.0,14626.,3.8,0.03182,0.03272,-2.7,0.832,284,483.,489.,0.007,0.026,0,2269457.,901629,901630, , ,2023-10-22 19:31:12,True,False,False,3.711720332937114
2023-10-22,FHMRF,FHMRF,2023/10/22,22:45:39,CMA602,LFPGVHHH,371,-29,42 N,30.3,221.9,26.0,18613.8,81.705,-0.312,-1.4,-1.1,11896.0,55910.0,55133.,55111.,0.0,0.,11731.,11726.0,0.,0.0,6587.,4.3,6585.0,6.5,0.0,0.0,0.,0.0,13881.0,13172.,5.4,0.03423,0.03566,-4.0,0.832,271,475.,464.,0.006,0.018,0,2292933.,901629,901630, , ,2023-10-22 22:45:39,True,False,False,3.709724624872482
2023-10-23,FHMRF,FHMRF,2023/10/23,14:32:35,CMA603,VHHHLFPG,340,-18,40 N,32.5,266.5,30.0,18586.2,83.970,-0.227,-1.0,-0.8,14132.0,57276.0,56707.,56703.,0.0,0.,13991.,13991.0,0.,0.0,7991.,3.4,7992.0,3.6,0.0,0.0,0.,0.0,16546.0,15984.,3.5,0.02931,0.0301,-2.6,0.832,291,485.,482.,0.001,0.015,0,2386404.,901629,901630, , ,2023-10-23 14:32:35,True,False,False,3.7080427098467714
2023-10-23,FHMRF,FHMRF,2023/10/23,14:52:27,CMA603,VHHHLFPG,340,-18,40 N,32.1,264.0,30.0,18596.2,83.780,-0.404,-1.8,-1.5,14066.0,57007.0,55990.,55997.,0.0,0.,13815.,13816.0,0.,0.0,7905.,3.3,7903.0,4.1,0.0,0.0,0.,0.0,16394.0,15808.,3.7,0.02961,0.03025,-2.1,0.832,290,485.,478.,0.005,-0.002,0,2364291.,901629,901630, , ,2023-10-23 14:52:27,True,False,False,3.706680326671204
2023-10-23,FHMRF,FHMRF,2023/10/23,18:48:06,CMA603,VHHHLFPG,340,-15,47 N,30.4,236.1,26.0,18593.3,82.270,-0.326,-1.3,-1.1,12977.0,52594.0,51907.,51914.,0.0,0.,12807.,12809.0,0.,0.0,7442.,2.4,7440.0,3.7,0.0,0.0,0.,0.0,15334.0,14882.,3.0,0.03198,0.03261,-1.9,0.837,293,490.,392.,0.004,-0.015,0,2114110.,901629,901630, , ,2023-10-23 18:48:06,True,False,False,3.705642297086639
2023-10-29,FHMRF,FHMRF,2023/10/29,16:39:53,CMA630,LFPGZSPD,371,-18,34 N,30.0,215.9,25.0,18619.5,83.350,-0.534,-2.2,-1.9,11898.0,55918.0,54679.,54679.,0.0,0.,11634.,11634.0,0.,0.0,6701.,3.7,6701.0,5.1,0.0,0.0,0.,0.0,13987.0,13402.,4.4,0.03462,0.03546,-2.4,0.829,270,484.,512.,0.028,-0.003,0,2229385.,901629,901630, , ,2023-10-29 16:39:53,True,False,False,3.704932518947263
2023-10-30,FHMRF,FHMRF,2023/10/30,04:55:33,CMA631,ZSPDLFPG,320,-11,42 N,30.6,275.3,30.0,18608.6,83.890,-0.11,-0.4,-0.3,14680.0,54187.0,53961.,53961.,0.0,0.,14619.,14619.0,0.,0.0,8482.,3.2,8482.0,2.6,0.0,0.0,0.,0.0,17450.0,16965.,2.9,0.0282,0.02893,-2.5,0.833,304,492.,438.,0.001,-0.009,0,2245914.,901629,901630, , ,2023-10-30 04:55:33,True,False,False,3.704553961953023
2023-10-30,FHMRF,FHMRF,2023/10/30,05:59:09,CMA631,ZSPDLFPG,360,-22,41 N,29.4,266.9,29.0,18608.6,86.170,-0.257,-1.1,-0.8,14499.0,64630.0,63938.,63938.,0.0,0.,14343.,14343.0,0.,0.0,8090.,3.5,8090.0,3.5,0.0,0.0,0.,0.0,16752.0,16179.,3.5,0.02875,0.02952,-2.6,0.832,277,482.,430.,-0.002,-0.004,0,2628503.,901629,901630, , ,2023-10-30 05:59:09,True,False,False,3.704508665917812
2023-11-02,FHMRF,FHMRF,2023/11/02,22:02:40,CMA610,LFPGVHHH,370,-28,41 N,30.5,215.7,29.0,18620.5,80.705,-0.368,-1.5,-1.2,11460.0,53605.0,52824.,52803.,0.0,0.,11294.,11289.0,0.,0.0,6375.,3.2,6373.0,4.6,0.0,0.0,0.,0.0,13249.0,12748.,3.9,0.03594,0.03691,-2.6,0.833,272,476.,466.,-0.007,-0.010,0,2216546.,901629,901630, , ,2023-11-02 22:02:40,True,False,False,3.7047977415511597
2023-11-02,FHMRF,FHMRF,2023/11/02,22:19:10,CMA610,LFPGVHHH,390,-33,41 N,30.3,213.9,29.0,18619.9,82.390,-0.044,-0.2,0.0,11463.0,59029.0,58914.,58914.,0.0,0.,11441.,11441.0,0.,0.0,6350.,3.7,6350.0,4.5,0.0,0.0,0.,0.0,13220.0,12700.,4.1,0.03563,0.03709,-3.9,0.833,259,471.,458.,0.005,-0.038,0,2420580.,901629,901630, , ,2023-11-02 22:19:10,True,False,False,3.7054213737175625
2023-11-02,FHMRF,FHMRF,2023/11/02,22:25:08,CMA610,LFPGVHHH,390,-33,41 N,30.2,213.3,29.0,18614.9,82.035,0.079,0.4,0.5,11196.0,57651.0,57844.,57870.,0.0,0.,11233.,11238.0,0.,0.0,6254.,3.6,6257.0,5.3,0.0,0.0,0.,0.0,13063.0,12511.,4.4,0.03612,0.0379,-4.7,0.834,260,472.,460.,-0.016,-0.007,0,2413732.,901629,901630, , ,2023-11-02 22:25:08,True,False,False,3.706378827124069
2023-11-04,FHMRF,FHMRF,2023/11/04,11:44:58,CMA630,LFPGZSPD,350,-25,46 N,29.1,261.0,30.0,18613.6,83.550,-0.401,-1.7,-1.4,13976.0,59397.0,58365.,58369.,0.0,0.,13734.,13735.0,0.,0.0,7713.,3.7,7713.0,3.8,0.0,0.0,0.,0.0,16001.0,15426.,3.7,0.02992,0.03058,-2.2,0.832,284,479.,502.,0.009,-0.003,0,2439564.,901629,901630, , ,2023-11-04 11:44:58,True,False,False,3.7076684543805505
2023-11-04,FHMRF,FHMRF,2023/11/04,12:29:54,CMA630,LFPGZSPD,350,-26,48 N,28.4,255.7,30.0,18619.8,82.725,-0.413,-1.8,-1.5,13583.0,57726.0,56681.,56660.,0.0,0.,13337.,13332.0,0.,0.0,7484.,3.9,7480.0,4.1,0.0,0.0,0.,0.0,15561.0,14963.,4.0,0.03067,0.0314,-2.3,0.831,284,477.,516.,0.003,-0.011,0,2389263.,901629,901630, , ,2023-11-04 12:29:54,True,False,False,3.7092877063860907
2023-11-05,FHMRF,FHMRF,2023/11/05,03:31:07,CMA631,ZSPDLFPG,320,-20,48 N,35.2,284.5,31.0,18611.5,83.300,-0.105,-0.5,-0.3,15172.0,56004.0,55739.,55739.,0.0,0.,15100.,15100.0,0.,0.0,8557.,3.4,8557.0,3.4,0.0,0.0,0.,0.0,17700.0,17114.,3.4,0.02731,0.02815,-3.0,0.832,304,483.,474.,0.012,0.005,0,2322068.,901629,901630, , ,2023-11-05 03:31:07,True,False,False,3.71123314501808
2023-11-05,FHMRF,FHMRF,2023/11/05,21:35:53,CMA610,LFPGVHHH,370,-29,41 N,29.3,242.7,30.0,18624.4,83.880,-0.322,-1.4,-1.2,13222.0,61842.0,60964.,60960.,0.0,0.,13034.,13034.0,0.,0.0,7243.,3.6,7244.0,4.6,0.0,0.0,0.,0.0,15083.0,14488.,4.1,0.03141,0.03231,-2.8,0.83,271,474.,497.,0.023,0.012,0,2493924.,901629,901630, , ,2023-11-05 21:35:53,True,False,False,3.7135004581277142
2023-11-05,FHMRF,FHMRF,2023/11/05,21:39:01,CMA610,LFPGVHHH,370,-29,41 N,29.2,242.4,30.0,18628.3,83.640,-0.266,-1.2,-1.0,13047.0,61024.0,60300.,60296.,0.0,0.,12892.,12891.0,0.,0.0,7172.,3.9,7173.0,4.1,0.0,0.0,0.,0.0,14920.0,14345.,4.0,0.03179,0.03274,-2.9,0.831,271,474.,500.,0.011,0.008,0,2490325.,901629,901630, , ,2023-11-05 21:39:01,True,False,False,3.716084476866683
2023-11-07,FHMRF,FHMRF,2023/11/07,00:26:26,CMA611A,VHHHLFPG,301,-14,36 N,29.9,316.2,30.0,18599.0,84.965,-0.122,-0.5,-0.4,17108.0,57872.0,57574.,57558.,0.0,0.,17020.,17015.0,0.,0.0,9709.,2.4,9702.0,3.0,0.0,0.0,0.,0.0,19941.0,19411.,2.7,0.02443,0.02499,-2.3,0.829,316,487.,494.,0.024,-0.006,0,2357004.,901629,901630, , ,2023-11-07 00:26:26,True,False,False,3.718979195382597
2023-11-07,FHMRF,FHMRF,2023/11/07,19:21:53,CMA610,LFPGVHHH,370,-21,42 N,31.9,215.8,28.0,18628.1,82.020,-0.198,-0.8,-0.6,11422.0,53426.0,53012.,53008.,0.0,0.,11334.,11333.0,0.,0.0,6485.,3.5,6486.0,3.6,0.0,0.0,0.,0.0,13435.0,12972.,3.6,0.03578,0.03684,-2.9,0.828,270,481.,556.,-0.006,-0.002,0,2215466.,901629,901630, , ,2023-11-07 19:21:53,True,False,False,3.722177792928066
2023-11-08,FHMRF,FHMRF,2023/11/08,10:35:37,CMA611,VHHHLFPG,301,-16,40 N,30.0,307.1,32.0,18616.1,83.305,-0.315,-1.2,-1.1,16297.0,55127.0,54481.,54463.,0.0,0.,16106.,16101.0,0.,0.0,9160.,3.1,9156.0,3.1,0.0,0.0,0.,0.0,18880.0,18316.,3.1,0.02579,0.02629,-1.9,0.832,317,487.,446.,0.002,-0.001,0,2294486.,901629,901630, , ,2023-11-08 10:35:37,True,False,False,3.725672658429774
2023-11-10,FHMRF,FHMRF,2023/11/10,00:43:53,CMA631,ZSPDLFPG,301,-21,42 N,26.3,320.7,30.0,18631.3,83.885,-0.581,-2.5,-2.2,17497.0,59188.0,57727.,57702.,0.0,0.,17065.,17057.0,0.,0.0,9597.,3.0,9593.0,3.1,0.0,0.0,0.,0.0,19773.0,19189.,3.0,0.02441,0.02461,-0.8,0.833,317,483.,418.,0.02,-0.017,0,2398474.,901629,901630, , ,2023-11-10 00:43:53,True,False,False,3.729455417553249
2023-11-10,FHMRF,FHMRF,2023/11/10,00:46:53,CMA631,ZSPDLFPG,301,-21,42 N,26.3,320.3,30.0,18634.7,83.650,-0.446,-1.9,-1.7,17201.0,58186.0,57054.,57054.,0.0,0.,16866.,16866.0,0.,0.0,9489.,3.4,9489.0,3.2,0.0,0.0,0.,0.0,19605.0,18977.,3.3,0.02463,0.02502,-1.5,0.833,317,483.,420.,0.005,0.012,0,2395186.,901629,901630, , ,2023-11-10 00:46:53,True,False,False,3.7335169622725632
2023-11-11,FHMRF,FHMRF,2023/11/11,07:44:44,CMA611,VHHHLFPG,276,9,26 N,27.2,330.6,29.0,18615.3,86.765,-0.291,-1.1,-1.0,17826.0,53871.0,53302.,53290.,0.0,0.,17637.,17633.0,0.,0.0,10605.,3.0,10599.0,3.4,0.0,0.0,0.,0.0,21880.0,21204.,3.2,0.02329,0.02378,-2.1,0.83,333,509.,439.,0.003,0.033,0,2207079.,901629,901630, , ,2023-11-11 07:44:44,True,False,False,3.737847482915084
2023-11-13,FHMRF,FHMRF,2023/11/13,09:19:16,CMA631,ZSPDLFPG,360,-27,48 N,30.8,241.9,26.0,18612.7,82.900,-0.339,-1.5,-1.3,13077.0,58297.0,57428.,57424.,0.0,0.,12882.,12881.0,0.,0.0,7234.,4.3,7235.0,4.8,0.0,0.0,0.,0.0,15124.0,14469.,4.5,0.03168,0.0327,-3.1,0.836,279,479.,361.,0.01,0.017,0,2382579.,901629,901630, , ,2023-11-13 09:19:16,True,False,False,3.7424365026058934
2023-11-13,FHMRF,FHMRF,2023/11/13,16:10:24,CMA610,LFPGVHHH,370,-27,47 N,33.8,224.0,29.0,18630.5,81.730,-0.577,-2.4,-2.2,11973.0,56001.0,54643.,54643.,0.0,0.,11682.,11682.0,0.,0.0,6559.,3.4,6559.0,3.6,0.0,0.0,0.,0.0,13580.0,13117.,3.5,0.03503,0.03548,-1.3,0.83,270,476.,579.,0.011,-0.038,0,2301743.,901629,901630, , ,2023-11-13 16:10:24,True,False,False,3.7472729139917513
2023-11-14,FHMRF,FHMRF,2023/11/14,02:30:38,CMA610,LFPGVHHH,331,-4,23 N,28.8,166.9,25.0,18625.6,79.240,-0.486,-2.2,-1.8,11027.0,42848.0,41907.,41907.,0.0,0.,10785.,10785.0,0.,0.0,6564.,2.8,6564.0,4.0,0.0,0.0,0.,0.0,13572.0,13127.,3.4,0.03664,0.03721,-1.5,0.83,296,497.,560.,-0.012,-0.112,0,1419860.,901629,901630, , ,2023-11-14 02:30:38,True,False,False,3.7523450180895863
2023-11-14,FHMRF,FHMRF,2023/11/14,13:05:22,CMA611,VHHHLFPG,320,-20,41 N,31.6,289.2,31.0,18609.8,83.160,-0.122,-0.6,-0.5,15117.0,55800.0,55493.,55493.,0.0,0.,15034.,15034.0,0.,0.0,8486.,3.3,8486.0,3.8,0.0,0.0,0.,0.0,17579.0,16973.,3.6,0.02746,0.02829,-3.0,0.831,303,483.,497.,-0.008,0.011,0,2359353.,901629,901630, , ,2023-11-14 13:05:22,True,False,False,3.7576405650857243
2023-11-14,FHMRF,FHMRF,2023/11/14,13:13:21,CMA611,VHHHLFPG,320,-20,41 N,31.8,288.1,31.0,18609.8,83.280,-0.202,-0.9,-0.7,15201.0,56112.0,55602.,55602.,0.0,0.,15063.,15063.0,0.,0.0,8531.,3.7,8531.0,3.7,0.0,0.0,0.,0.0,17700.0,17063.,3.7,0.02726,0.02807,-2.9,0.83,303,482.,496.,0.002,-0.009,0,2350624.,901629,901630, , ,2023-11-14 13:13:21,True,False,False,3.7631467969049672
2023-11-14,FHMRF,FHMRF,2023/11/14,17:59:27,CMA611,VHHHLFPG,340,-21,43 N,27.4,252.0,26.0,18611.0,82.300,-0.322,-1.2,-1.0,13461.0,54558.0,53877.,53877.,0.0,0.,13293.,13293.0,0.,0.0,7588.,3.7,7588.0,4.2,0.0,0.0,0.,0.0,15770.0,15176.,3.9,0.03072,0.03161,-2.8,0.836,292,484.,389.,-0.006,-0.007,0,2256363.,901629,901630, , ,2023-11-14 17:59:27,True,False,False,3.7688504913622656
2023-11-15,FHMRF,FHMRF,2023/11/15,00:58:47,CMA610,LFPGVHHH,411,-24,31 N,27.3,173.0,24.0,18621.1,81.920,-0.91,-3.7,-3.2,9834.0,56013.0,53922.,53922.,0.0,0.,9467.,9467.0,0.,0.0,5461.,3.7,5461.0,3.7,0.0,0.0,0.,0.0,11324.0,10921.,3.7,0.04263,0.04277,-0.3,0.838,249,483.,432.,0.024,0.013,0,2168237.,901629,901630, , ,2023-11-15 00:58:47,True,False,False,3.774738007698886
2023-11-15,FHMRF,FHMRF,2023/11/15,02:07:24,CMA610,LFPGVHHH,411,-27,24 N,27.2,167.3,25.0,18618.9,80.640,-0.373,-1.5,-1.2,9296.0,52954.0,52153.,52153.,0.0,0.,9156.,9156.0,0.,0.0,5240.,3.5,5240.0,3.4,0.0,0.0,0.,0.0,10839.0,10480.,3.4,0.04394,0.0449,-2.1,0.831,246,476.,514.,0.006,-0.018,0,2088610.,901629,901630, , ,2023-11-15 02:07:24,True,False,False,3.780795333293704
2023-11-16,FHMRF,FHMRF,2023/11/16,02:39:22,CMA631,ZSPDLFPG,301,-18,42 N,30.1,307.8,31.0,18615.7,83.295,-0.453,-1.9,-1.7,16557.0,56007.0,54919.,54940.,0.0,0.,16236.,16242.0,0.,0.0,9218.,3.6,9222.0,3.4,0.0,0.0,0.,0.0,19083.0,18440.,3.5,0.02538,0.02582,-1.7,0.83,316,484.,498.,0.017,0.014,0,2300276.,901629,901630, , ,2023-11-16 02:39:22,True,False,False,3.787008131332567
2023-11-16,FHMRF,FHMRF,2023/11/16,02:42:47,CMA631,ZSPDLFPG,301,-18,42 N,30.1,307.3,31.0,18616.3,83.270,-0.267,-1.1,-0.9,16397.0,55467.0,54871.,54871.,0.0,0.,16220.,16220.0,0.,0.0,9211.,3.7,9211.0,3.7,0.0,0.0,0.,0.0,19100.0,18421.,3.7,0.02535,0.02606,-2.7,0.83,316,484.,500.,0.01,-0.003,0,2296254.,901629,901630, , ,2023-11-16 02:42:47,True,False,False,3.7933617892121716
2023-11-16,FHMRF,FHMRF,2023/11/16,06:27:50,CMA631,ZSPDLFPG,340,-23,45 N,30.7,276.4,30.0,18614.2,84.290,-0.423,-1.9,-1.6,14883.0,60321.0,59197.,59197.,0.0,0.,14605.,14605.0,0.,0.0,8226.,3.5,8226.0,5.8,0.0,0.0,0.,0.0,17224.0,16453.,4.7,0.02793,0.02877,-2.9,0.832,291,481.,428.,0.013,-0.008,0,2476179.,901629,901630, , ,2023-11-16 06:27:50,True,False,False,3.7998414674444545
2023-11-17,FHMRF,FHMRF,2023/11/17,02:29:28,CMA610,LFPGVHHH,391,-22,30 N,28.7,200.9,25.0,18628.4,82.680,-0.318,-1.3,-1.0,10712.0,55426.0,54706.,54715.,0.0,0.,10573.,10575.0,0.,0.0,6076.,3.7,6075.0,4.7,0.0,0.0,0.,0.0,12662.0,12151.,4.2,0.03813,0.03934,-3.1,0.834,259,483.,482.,-0.012,-0.004,0,2286254.,901629,901630, , ,2023-11-17 02:29:28,True,False,False,3.806432148814222
2023-11-17,FHMRF,FHMRF,2023/11/17,14:54:36,CMA611,VHHHLFPG,320,-15,40 N,32.2,276.9,30.0,18615.1,83.690,-0.2,-0.8,-0.6,14921.0,55077.0,54660.,54666.,0.0,0.,14808.,14810.0,0.,0.0,8509.,3.4,8508.0,2.8,0.0,0.0,0.,0.0,17550.0,17017.,3.1,0.02783,0.02854,-2.5,0.832,304,488.,460.,0.015,0.005,0,2258962.,901629,901630, , ,2023-11-17 14:54:36,True,False,False,3.8131186875358236
2023-11-17,FHMRF,FHMRF,2023/11/17,16:57:44,CMA611,VHHHLFPG,320,-18,42 N,30.3,261.3,30.0,18617.5,82.505,0.037,0.1,0.2,14384.0,53099.0,53187.,53166.,0.0,0.,14408.,14403.0,0.,0.0,8252.,3.1,8249.0,3.8,0.0,0.0,0.,0.0,17073.0,16502.,3.5,0.02851,0.02957,-3.6,0.834,305,487.,404.,0.02,-0.016,0,2131088.,901629,901630, , ,2023-11-17 16:57:44,True,False,False,3.819885858162114
2023-11-19,FHMRF,FHMRF,2023/11/19,09:20:30,CMA631,ZSPDLFPG,360,-25,45 N,30.1,243.8,26.0,18618.7,83.660,-0.236,-1.0,-0.7,13245.0,59047.0,58444.,58444.,0.0,0.,13110.,13110.0,0.,0.0,7403.,3.5,7403.0,4.1,0.0,0.0,0.,0.0,15372.0,14806.,3.8,0.03126,0.03222,-3.0,0.835,279,481.,376.,0.015,-0.031,0,2401013.,901629,901630, , ,2023-11-19 09:20:30,True,False,False,3.826718404014703
2023-11-19,FHMRF,FHMRF,2023/11/19,13:18:24,CMA630,LFPGZSPD,350,-27,47 N,30.0,250.1,31.0,18622.2,81.810,-0.527,-2.3,-2.0,13241.0,56272.0,54970.,54970.,0.0,0.,12935.,12935.0,0.,0.0,7249.,3.8,7249.0,4.0,0.0,0.0,0.,0.0,15064.0,14498.,3.9,0.03163,0.03221,-1.8,0.832,284,476.,483.,0.001,0.002,0,2337168.,901629,901630, , ,2023-11-19 13:18:24,True,False,False,3.833601084912579
2023-11-19,FHMRF,FHMRF,2023/11/19,13:22:13,CMA630,LFPGZSPD,350,-27,47 N,29.9,249.6,30.0,18622.2,82.110,-0.543,-2.4,-2.1,13420.0,57031.0,55638.,55638.,0.0,0.,13092.,13092.0,0.,0.0,7327.,4.6,7327.0,4.6,0.0,0.0,0.,0.0,15326.0,14654.,4.6,0.03106,0.03179,-2.3,0.831,284,476.,486.,0.016,0.003,0,2332980.,901629,901630, , ,2023-11-19 13:22:13,True,False,False,3.8405187239689753
2023-11-19,FHMRF,FHMRF,2023/11/19,13:44:01,CMA630,LFPGZSPD,371,-31,47 N,29.7,247.0,28.0,18625.6,83.680,-0.557,-2.4,-2.1,13398.0,62969.0,61441.,61441.,0.0,0.,13073.,13073.0,0.,0.0,7226.,4.3,7226.0,4.3,0.0,0.0,0.,0.0,15071.0,14452.,4.3,0.03133,0.03197,-2.0,0.831,270,472.,497.,0.014,-0.014,0,2552732.,901629,901630, , ,2023-11-19 13:44:01,True,False,False,3.847456253213609
2023-11-19,FHMRF,FHMRF,2023/11/19,13:51:35,CMA630,LFPGZSPD,371,-31,46 N,29.6,246.2,26.0,18630.6,83.430,-0.422,-1.9,-1.6,13147.0,61790.0,60632.,60632.,0.0,0.,12901.,12901.0,0.,0.0,7143.,4.2,7143.0,6.0,0.0,0.0,0.,0.0,15013.0,14285.,5.1,0.0315,0.03257,-3.3,0.832,271,473.,495.,-0.002,0.002,0,2544892.,901629,901630, , ,2023-11-19 13:51:35,True,False,False,3.854398757795397
2023-11-19,FHMRF,FHMRF,2023/11/19,14:37:03,CMA630,LFPGZSPD,371,-31,44 N,29.4,241.0,26.0,18622.0,83.250,-0.353,-1.6,-1.4,12972.0,60968.0,60000.,60000.,0.0,0.,12766.,12766.0,0.,0.0,7074.,4.0,7074.0,5.0,0.0,0.0,0.,0.0,14788.0,14147.,4.5,0.03197,0.03296,-3.0,0.831,270,473.,510.,0.011,0.012,0,2489775.,901629,901630, , ,2023-11-19 14:37:03,True,False,False,3.8613315185394717
2023-11-20,FHMRF,FHMRF,2023/11/20,01:17:25,CMA610,LFPGVHHH,411,-23,27 N,30.3,186.2,25.0,18628.4,82.900,0.033,0.2,0.3,9796.0,55799.0,55887.,55882.,0.0,0.,9812.,9811.0,0.,0.0,5630.,4.2,5631.0,4.1,0.0,0.0,0.,0.0,11728.0,11261.,4.1,0.04099,0.04282,-4.3,0.833,247,481.,556.,-0.022,0.026,0,2324558.,901629,901630, , ,2023-11-20 01:17:25,True,False,False,3.8682400526728093
2023-11-20,FHMRF,FHMRF,2023/11/20,02:09:33,CMA610,LFPGVHHH,291,1,23 N,30.3,181.8,25.0,18625.6,75.390,-0.502,-2.5,-2.0,10691.0,34560.0,33709.,33707.,0.0,0.,10428.,10427.0,0.,0.0,6198.,3.3,6198.0,3.9,0.0,0.0,0.,0.0,12839.0,12396.,3.6,0.03485,0.03538,-1.5,0.729,280,447.,515.,-0.006,0.030,0,1287436.,901629,901630, , ,2023-11-20 02:09:33,True,False,False,3.8751101525891194
2023-11-20,FHMRF,FHMRF,2023/11/20,08:32:35,CMA611,VHHHLFPG,276,5,27 N,29.6,321.9,28.0,18618.2,85.690,-0.134,-0.5,-0.4,17373.0,52505.0,52238.,52238.,0.0,0.,17284.,17284.0,0.,0.0,10349.,2.8,10349.0,3.1,0.0,0.0,0.,0.0,21307.0,20698.,2.9,0.02373,0.02432,-2.5,0.829,333,506.,439.,0.005,0.005,0,2147037.,901629,901630, , ,2023-11-20 08:32:35,True,False,False,3.8819279225829364
2023-11-23,FHMRF,FHMRF,2023/11/23,14:27:48,CMA630,LFPGZSPD,351,-23,42 N,29.6,238.4,26.0,18628.4,82.040,-0.216,-0.8,-0.6,12716.0,54298.0,53841.,53841.,0.0,0.,12609.,12609.0,0.,0.0,7148.,4.1,7148.0,4.5,0.0,0.0,0.,0.0,14906.0,14297.,4.3,0.03219,0.03335,-3.5,0.83,283,480.,527.,0.005,-0.012,0,2235764.,901629,901630, , ,2023-11-23 14:27:48,True,False,False,3.8886798135276814
2023-11-23,FHMRF,FHMRF,2023/11/23,14:30:48,CMA630,LFPGZSPD,351,-23,42 N,29.6,238.0,26.0,18628.4,81.970,-0.434,-1.7,-1.4,12826.0,54766.0,53845.,53845.,0.0,0.,12610.,12610.0,0.,0.0,7141.,4.0,7141.0,5.3,0.0,0.0,0.,0.0,14946.0,14283.,4.6,0.03207,0.03309,-3.1,0.83,283,479.,529.,0.014,0.009,0,2232530.,901629,901630, , ,2023-11-23 14:30:48,True,False,False,3.895352655490369
2023-11-24,FHMRF,FHMRF,2023/11/24,09:32:50,CMA631,ZSPDLFPG,340,-21,45 N,29.5,240.5,25.0,18607.0,81.505,-0.57,-2.3,-1.9,13187.0,53448.0,52233.,52258.,0.0,0.,12887.,12893.0,0.,0.0,7368.,3.2,7370.0,2.8,0.0,0.0,0.,0.0,15179.0,14737.,3.0,0.0318,0.03214,-1.1,0.833,291,483.,412.,0.015,-0.007,0,2153509.,901629,901630, , ,2023-11-24 09:32:50,True,False,False,3.901933688269905
2023-11-27,FHMRF,FHMRF,2023/11/27,01:29:51,CMA631,ZSPDLFPG,321,-19,43 N,29.5,300.2,30.0,18616.1,85.040,-0.311,-1.4,-1.2,16248.0,60258.0,59433.,59443.,0.0,0.,16026.,16029.0,0.,0.0,9077.,3.6,9074.0,3.2,0.0,0.0,0.,0.0,18765.0,18151.,3.4,0.02584,0.0264,-2.1,0.832,303,485.,446.,0.016,0.017,0,2460564.,901629,901630, , ,2023-11-27 01:29:51,True,False,False,3.9084105898335344
2023-11-28,FHMRF,FHMRF,2023/11/28,00:21:01,CMA610,LFPGVHHH,391,-32,37 N,30.5,194.6,26.0,18624.6,80.675,-0.103,-0.4,-0.2,10477.0,54210.0,53999.,53973.,0.0,0.,10436.,10431.0,0.,0.0,5831.,4.0,5830.0,4.6,0.0,0.0,0.,0.0,12167.0,11661.,4.3,0.03858,0.04016,-3.9,0.827,257,469.,594.,0.008,-0.018,0,2208276.,901629,901630, , ,2023-11-28 00:21:01,True,False,False,3.9147715026188568
2023-11-28,FHMRF,FHMRF,2023/11/28,01:37:29,CMA610,LFPGVHHH,411,-28,27 N,30.4,187.6,24.0,18624.6,82.530,-0.039,-0.2,0.0,9968.0,56779.0,56679.,56674.,0.0,0.,9950.,9949.0,0.,0.0,5642.,3.7,5642.0,4.6,0.0,0.0,0.,0.0,11753.0,11284.,4.2,0.04047,0.04216,-4.0,0.831,246,476.,553.,-0.008,0.011,0,2343133.,901629,901630, , ,2023-11-28 01:37:29,True,False,False,3.921005057662497
2023-11-28,FHMRF,FHMRF,2023/11/28,02:23:31,CMA610,LFPGVHHH,311,-7,23 N,30.4,183.9,24.0,18621.7,75.640,-0.328,-1.6,-1.2,10326.0,36566.0,35997.,35995.,0.0,0.,10165.,10164.0,0.,0.0,5911.,3.3,5911.0,4.2,0.0,0.0,0.,0.0,12261.0,11822.,3.7,0.03614,0.03702,-2.4,0.733,270,443.,500.,-0.004,-0.041,0,1426612.,901629,901630, , ,2023-11-28 02:23:31,True,False,False,3.927100396504224
2023-11-30,FHMRF,FHMRF,2023/11/30,01:45:54,CMA631,ZSPDLFPG,301,-14,44 N,33.2,301.7,31.0,18617.5,83.560,-0.012,-0.0,0.1,16026.0,54212.0,54187.,54187.,0.0,0.,16018.,16018.0,0.,0.0,9187.,3.3,9187.0,2.8,0.0,0.0,0.,0.0,18926.0,18373.,3.0,0.02578,0.02657,-3.0,0.83,316,488.,463.,0.007,-0.027,0,2255677.,901629,901630, , ,2023-11-30 01:45:54,True,False,False,3.933047190802513
2023-11-30,FHMRF,FHMRF,2023/11/30,22:20:40,CMA610,LFPGVHHH,371,-33,43 N,29.3,235.7,26.0,18630.7,81.685,-0.423,-1.9,-1.6,12344.0,58015.0,56928.,56902.,0.0,0.,12113.,12108.0,0.,0.0,6706.,5.1,6703.0,6.3,0.0,0.0,0.,0.0,14172.0,13409.,5.7,0.03327,0.0346,-3.8,0.833,271,472.,502.,-0.014,-0.012,0,2435396.,901629,901630, , ,2023-11-30 22:20:40,True,False,False,3.938835659591696
2023-11-30,FHMRF,FHMRF,2023/11/30,22:58:31,CMA610,LFPGVHHH,371,-31,43 N,29.0,231.7,26.0,18629.6,81.870,-0.588,-2.6,-2.3,12326.0,57930.0,56406.,56406.,0.0,0.,12002.,12002.0,0.,0.0,6683.,4.6,6683.0,4.7,0.0,0.0,0.,0.0,13992.0,13366.,4.7,0.03382,0.03459,-2.2,0.832,271,473.,495.,0.0,0.010,0,2394451.,901629,901630, , ,2023-11-30 22:58:31,True,False,False,3.9444565841095627
2023-11-30,FHMRF,FHMRF,2023/11/30,23:55:21,CMA610,LFPGVHHH,371,-30,38 N,28.8,225.7,26.0,18629.0,81.675,-0.484,-2.2,-1.9,12069.0,56721.0,55458.,55484.,0.0,0.,11800.,11805.0,0.,0.0,6596.,4.6,6599.0,4.5,0.0,0.0,0.,0.0,13793.0,13195.,4.5,0.03438,0.03526,-2.5,0.832,271,474.,515.,0.005,-0.015,0,2329162.,901629,901630, , ,2023-11-30 23:55:21,True,False,False,3.949901320127463
2023-12-03,FHMRF,FHMRF,2023/12/03,03:29:24,CMA631,ZSPDLFPG,320,-22,46 N,33.8,289.0,31.0,18610.0,82.930,-0.252,-1.1,-1.0,15266.0,56352.0,55714.,55714.,0.0,0.,15093.,15093.0,0.,0.0,8500.,3.5,8500.0,3.5,0.0,0.0,0.,0.0,17600.0,16999.,3.5,0.02731,0.02801,-2.5,0.831,304,481.,452.,0.005,0.008,0,2357800.,901629,901630, , ,2023-12-03 03:29:24,True,False,False,3.9551618077341093
2023-12-03,FHMRF,FHMRF,2023/12/03,05:20:52,CMA631,ZSPDLFPG,340,-23,41 N,31.0,274.3,30.0,18607.0,83.800,-0.311,-1.3,-1.1,14547.0,58961.0,58172.,58168.,0.0,0.,14352.,14351.0,0.,0.0,8088.,3.8,8089.0,4.1,0.0,0.0,0.,0.0,16820.0,16177.,4.0,0.02857,0.02938,-2.8,0.832,291,481.,465.,0.0,-0.002,0,2456948.,901629,901630, , ,2023-12-03 05:20:52,True,False,False,3.9602305785658145
2023-12-04,FHMRF,FHMRF,2023/12/04,13:51:58,CMA611,VHHHLFPG,320,-17,41 N,27.7,283.4,26.0,18610.8,83.560,-0.124,-0.5,-0.4,15018.0,55436.0,55142.,55142.,0.0,0.,14939.,14939.0,0.,0.0,8527.,3..5,8527.0,3.5,0.0,0.0,0.,0.0,17650.0,17053.,3.5,0.02752,0.02838,-3.0,0.831,304,486.,465.,-0.003,0.011,0,2312119.,901629,901630, , ,2023-12-04 13:51:58,True,False,False,3.9651007605243573
2023-12-04,FHMRF,FHMRF,2023/12/04,14:29:26,CMA611,VHHHLFPG,320,-16,40 N,26.7,278.4,30.0,18606.4,83.700,-0.258,-1.1,-0.9,15064.0,55606.0,55006.,55006.,0.0,0.,14901.,14901.0,0.,0.0,8531.,3.2,8531.0,3.2,0.0,0.0,0.,0.0,17605.0,17061.,3.2,0.02763,0.02826,-2.2,0.83,303,486.,482.,0.015,-0.006,0,2271256.,901629,901630, , ,2023-12-04 14:29:26,True,False,False,3.96976608005567
2023-12-04,FHMRF,FHMRF,2023/12/04,14:37:57,CMA611,VHHHLFPG,320,-15,40 N,26.5,277.3,30.0,18600.8,83.390,-0.284,-1.1,-0.9,14797.0,54620.0,54032.,54032.,0.0,0.,14638.,14638.0,0.,0.0,8421.,3.4,8421.0,3.1,0.0,0.0,0.,0.0,17384.0,16841.,3.2,0.02806,0.02872,-2.3,0.831,303,488.,488.,0.0,-0.001,0,2262399.,901629,901630, , ,2023-12-04 14:37:57,True,False,False,3.9742208620678645
2023-12-04,FHMRF,FHMRF,2023/12/04,18:19:41,CMA611,VHHHLFPG,360,-28,45 N,24.0,249.9,26.0,18608.9,83.440,-0.734,-3.3,-2.9,13749.0,61294.0,59298.,59298.,0.0,0.,13302.,13302.0,0.,0.0,7432.,4.2,7432.0,4.2,0.0,0.0,0.,0.0,15494.0,14864.,4.2,0.03075,0.03113,-1.2,0.833,278,476.,430.,0.016,-0.003,0,2460403.,901629,901630, , ,2023-12-04 18:19:41,True,False,False,3.97846002754896
2023-12-05,FHMRF,FHMRF,2023/12/05,23:42:05,CMA610,LFPGVHHH,391,-33,43 N,30.5,197.4,26.0,18617.9,80.890,-0.337,-1.5,-1.2,10779.0,55769.0,54941.,54937.,0.0,0.,10619.,10618.0,0.,0.0,5916.,4.3,5916.0,5.2,0.0,0.0,0.,0.0,12393.0,11832.,4.7,0.03785,0.03918,-3.4,0.829,257,469.,521.,0.02,0.055,0,2244501.,901629,901630, , ,2023-12-05 23:42:05,True,False,False,3.9824790889104014
2023-12-06,FHMRF,FHMRF,2023/12/06,08:07:07,CMA611,VHHHLFPG,276,9,26 N,25.1,329.3,28.0,18618.2,86.590,-0.197,-0.7,-0.7,17640.0,53311.0,52924.,52918.,0.0,0.,17511.,17510.0,0.,0.0,10541.,2.8,10543.0,4.1,0.0,0.0,0.,0.0,21802.0,21083.,3.4,0.02343,0.02405,-2.6,0.832,334,511.,414.,-0.008,-0.024,0,2197967.,901629,901630, , ,2023-12-06 08:07:07,True,False,False,3.9862741430435045
2023-12-07,FHMRF,FHMRF,2023/12/07,10:57:48,CMA630,LFPGZSPD,350,-30,46 N,31.7,262.3,30.0,18617.0,82.430,-0.415,-1.8,-1.7,13810.0,58691.0,57619.,57619.,0.0,0.,13558.,13558.0,0.,0.0,7499.,3.9,7499.0,4.3,0.0,0.0,0.,0.0,15613.0,14997.,4.1,0.03033,0.03105,-2.3,0.831,284,474.,518.,0.001,0.008,0,2450458.,901629,901630, , ,2023-12-07 10:57:48,True,False,False,3.9898418620477543
2023-12-07,FHMRF,FHMRF,2023/12/07,11:03:05,CMA630,LFPGZSPD,350,-30,46 N,31.6,261.6,30.0,18621.0,82.585,-0.453,-2.0,-1.7,13897.0,59060.0,57905.,57876.,0.0,0.,13625.,13619.0,0.,0.0,7558.,3.5,7556.0,4.7,0.0,0.0,0.,0.0,15735.0,15115.,4.1,0.0301,0.03081,-2.3,0.831,284,474.,521.,0.009,-0.002,0,2444540.,901629,901630, , ,2023-12-07 11:03:05,True,False,False,3.9931794815801696
2023-12-07,FHMRF,FHMRF,2023/12/07,11:17:54,CMA630,LFPGZSPD,350,-30,47 N,31.4,259.9,30.0,18616.6,82.990,-0.227,-1.0,-0.8,14022.0,59589.0,58991.,58987.,0.0,0.,13881.,13880.0,0.,0.0,7679.,4.1,7680.0,5.2,0.0,0.0,0.,0.0,16073.0,15359.,4.6,0.0294,0.03052,-3.7,0.829,283,472.,528.,0.025,0.002,0,2427997.,901629,901630, , ,2023-12-07 11:17:54,True,False,False,3.9962847867770384
2023-12-07,FHMRF,FHMRF,2023/12/07,11:23:35,CMA630,LFPGZSPD,350,-30,47 N,31.3,259.2,30.0,18620.5,82.560,-0.443,-1.9,-1.7,13888.0,59021.0,57880.,57876.,0.0,0.,13619.,13619.0,0.,0.0,7549.,4.2,7549.0,5.4,0.0,0.0,0.,0.0,15820.0,15098.,4.8,0.0299,0.03081,-3.0,0.83,283,473.,534.,0.018,-0.005,0,2421538.,901629,901630, , ,2023-12-07 11:23:35,True,False,False,3.9991560957038175
2023-12-07,FHMRF,FHMRF,2023/12/07,11:43:52,CMA630,LFPGZSPD,350,-29,48 N,31.0,256.8,30.0,18623.9,82.640,-0.617,-2.7,-2.3,13984.0,59428.0,57837.,57834.,0.0,0.,13609.,13609.0,0.,0.0,7553.,4.2,7554.0,4.4,0.0,0.0,0.,0.0,15752.0,15106.,4.3,0.03007,0.03061,-1.8,0.83,283,474.,563.,0.033,-0.010,0,2398262.,901629,901630, , ,2023-12-07 11:43:52,True,False,False,4.001792240297733
2023-12-07,FHMRF,FHMRF,2023/12/07,11:57:15,CMA630,LFPGZSPD,350,-29,48 N,30.9,255.2,30.0,18618.9,82.375,-0.5,-2.2,-1.9,13743.0,58406.0,57108.,57130.,0.0,0.,13438.,13443.0,0.,0.0,7464.,4.2,7468.0,5.1,0.0,0.0,0.,0.0,15624.0,14931.,4.6,0.03028,0.03108,-2.6,0.829,283,473.,578.,0.023,-0.011,0,2383048.,901629,901630, , ,2023-12-07 11:57:15,True,False,False,4.004192544788955
2023-12-07,FHMRF,FHMRF,2023/12/07,11:59:31,CMA630,LFPGZSPD,350,-29,48 N,30.8,254.9,30.0,18618.9,82.180,-0.377,-1.7,-1.4,13577.0,57700.0,56732.,56728.,0.0,0.,13349.,13348.0,0.,0.0,7418.,4.2,7419.0,6.2,0.0,0.0,0.,0.0,15608.0,14837.,5.2,0.03033,0.03145,-3.6,0.83,283,473.,581.,0.012,0.004,0,2380475.,901629,901630, , ,2023-12-07 11:59:31,True,False,False,4.006356801622658
2023-12-07,FHMRF,FHMRF,2023/12/07,12:07:04,CMA630,LFPGZSPD,350,-29,48 N,30.8,254.0,30.0,18620.7,82.040,-0.441,-2.0,-1.7,13539.0,57540.0,56406.,56403.,0.0,0.,13273.,13272.0,0.,0.0,7377.,4.4,7378.0,4.7,0.0,0.0,0.,0.0,15428.0,14755.,4.6,0.03068,0.03154,-2.7,0.83,283,473.,588.,0.013,-0.015,0,2371999.,901629,901630, , ,2023-12-07 12:07:04,True,False,False,4.008285244950994
2023-12-08,FHMRF,FHMRF,2023/12/08,04:05:11,CMA631,ZSPDLFPG,320,-26,48 N,34.2,278.1,28.0,18607.0,81.990,-0.156,-0.6,-0.4,14967.0,55250.0,54912.,54912.,0.0,0.,14876.,14876.0,0.,0.0,8340.,3.8,8340.0,4.8,0.0,0.0,0.,0.0,17396.0,16680.,4.3,0.02752,0.02859,-3.7,0.834,305,479.,413.,0.019,-0.003,0,2269074.,901629,901630, , ,2023-12-08 04:05:11,True,False,False,4.009978521817161
2023-12-08,FHMRF,FHMRF,2023/12/08,04:09:54,CMA631,ZSPDLFPG,320,-26,48 N,34.0,277.5,31.0,18607.0,81.810,-0.076,-0.3,-0.1,14839.0,54773.0,54612.,54612.,0.0,0.,14795.,14795.0,0.,0.0,8295.,3.8,8295.0,4.9,0.0,0.0,0.,0.0,17313.0,16591.,4.4,0.02764,0.02881,-4.1,0.834,305,479.,417.,0.013,-0.006,2,2263836.,901629,901630, , ,2023-12-08 04:09:54,True,False,False,4.011437661212527
2023-12-08,FHMRF,FHMRF,2023/12/08,04:39:05,CMA631,ZSPDLFPG,320,-26,47 N,33.4,273.7,31.0,18609.9,81.330,-0.032,-0.1,0.0,14481.0,53454.0,53386.,53386.,0.0,0.,14463.,14463.0,0.,0.0,8131.,3.0,8131.0,3.6,0.0,0.0,0.,0.0,16800.0,16262.,3.3,0.02849,0.02944,-3.2,0.833,304,479.,416.,0.001,0.004,0,2232999.,901629,901630, , ,2023-12-08 04:39:05,True,False,False,4.012664041247921
2023-12-08,FHMRF,FHMRF,2023/12/08,19:35:16,CMA610,LFPGVHHH,370,-30,41 N,30.1,229.0,30.0,18608.8,81.590,-0.528,-2.4,-2.1,12158.0,56866.0,55499.,55502.,0.0,0.,11865.,11866.0,0.,0.0,6626.,4.1,6625.0,5.2,0.0,0.0,0.,0.0,13866.0,13251.,4.6,0.03408,0.03493,-2.4,0.83,271,473.,554.,0.004,-0.009,0,2351754.,901629,901630, , ,2023-12-08 19:35:16,True,False,False,4.013659354731555
2023-12-11,FHMRF,FHMRF,2023/12/11,03:34:56,CMA631,ZSPDLFPG,320,-20,48 N,34.6,284.5,30.0,18604.4,83.090,-0.167,-0.7,-0.5,15039.0,55511.0,55107.,55111.,0.0,0.,14929.,14930.0,0.,0.0,8505.,3.3,8505.0,3.9,0.0,0.0,0.,0.0,17622.0,17010.,3.6,0.02757,0.02841,-3.0,0.836,306,486.,372.,-0.001,0.006,0,2321166.,901629,901630, , ,2023-12-11 03:34:56,True,False,False,4.014425573479561
2023-12-11,FHMRF,FHMRF,2023/12/11,03:43:32,CMA631,ZSPDLFPG,320,-19,48 N,34.7,283.3,26.0,18603.6,83.055,-0.388,-1.6,-1.4,15122.0,55823.0,54893.,54917.,0.0,0.,14870.,14877.0,0.,0.0,8481.,4.4,8483.0,3.7,0.0,0.0,0.,0.0,17650.0,16964.,4.0,0.02754,0.02826,-2.6,0.836,305,486.,373.,0.008,-0.023,0,2311933.,901629,901630, , ,2023-12-11 03:43:32,True,False,False,4.014964911699914
2023-12-11,FHMRF,FHMRF,2023/12/11,06:15:43,CMA631,ZSPDLFPG,320,-17,41 N,31.0,263.1,30.0,18606.1,82.610,-0.157,-0.6,-0.4,14461.0,53378.0,53050.,53053.,0.0,0.,14372.,14373.0,0.,0.0,8254.,3.4,8253.0,3.9,0.0,0.0,0.,0.0,17112.0,16508.,3.7,0.02843,0.02935,-3.1,0.832,304,487.,395.,0.022,0.030,0,2145874.,901629,901630, , ,2023-12-11 06:15:43,True,False,False,4.015279788792841
2023-12-11,FHMRF,FHMRF,2023/12/11,06:18:22,CMA631,ZSPDLFPG,320,-17,41 N,31.0,262.8,30.0,18608.6,82.315,-0.126,-0.5,-0.3,14295.0,52769.0,52495.,52519.,0.0,0.,14221.,14227.0,0.,0.0,8175.,3.4,8177.0,3.4,0.0,0.0,0.,0.0,16906.0,16353.,3.4,0.0288,0.02968,-3.0,0.833,304,487.,398.,0.012,-0.028,0,2143218.,901629,901630, , ,2023-12-11 06:18:22,True,False,False,4.015372791906763
2023-12-12,FHMRF,FHMRF,2023/12/12,01:13:53,CMA610,LFPGVHHH,391,-22,30 N,27.3,172.4,26.0,18624.6,80.540,-0.584,-2.8,-2.4,9987.0,51673.0,50222.,50219.,0.0,0.,9706.,9706.0,0.,0.0,5629.,3.7,5630.0,4.0,0.0,0.0,0.,0.0,11694.0,11259.,3.9,0.04145,0.04203,-1.4,0.839,261,485.,420.,0.01,-0.027,0,1962208.,901629,901630, , ,2023-12-12 01:13:53,True,False,False,4.015246638579412
2023-12-13,FHMRF,FHMRF,2023/12/13,09:32:32,CMA611,VHHHLFPG,321,-26,37 N,31.2,291.5,30.0,18622.0,82.830,-0.459,-2.0,-1.9,15663.0,58087.0,56915.,56915.,0.0,0.,15347.,15347.0,0.,0.0,8544.,3.6,8544.0,3.7,0.0,0.0,0.,0.0,17709.0,17087.,3.6,0.02703,0.02749,-1.7,0.833,304,479.,407.,0.017,-0.005,0,2387227.,901629,901630, , ,2023-12-13 09:32:32,True,False,False,4.014904139776918
2023-12-13,FHMRF,FHMRF,2023/12/13,14:01:25,CMA611,VHHHLFPG,340,-25,40 N,31.5,257.2,30.0,18614.9,82.100,-0.31,-1.2,-1.0,13642.0,55290.0,54618.,54618.,0.0,0.,13476.,13476.0,0.,0.0,7607.,4.0,7607.0,4.6,0.0,0.0,0.,0.0,15867.0,15214.,4.3,0.03023,0.03122,-3.2,0.833,291,480.,447.,0.0,-0.011,0,2303118.,901629,901630, , ,2023-12-13 14:01:25,True,False,False,4.014348163619258
2023-12-13,FHMRF,FHMRF,2023/12/13,14:36:21,CMA611,VHHHLFPG,340,-24,40 N,31.0,253.0,30.0,18618.9,82.700,-0.003,-0.0,0.1,13806.0,55959.0,55951.,55951.,0.0,0.,13804.,13804.0,0.,0.0,7763.,3.6,7763.0,4.2,0.0,0.0,0.,0.0,16133.0,15526.,3.9,0.02964,0.03084,-3.9,0.83,290,478.,467.,0.027,0.009,0,2265756.,901629,901630, , ,2023-12-13 14:36:21,True,False,False,4.0135816000532
2023-12-13,FHMRF,FHMRF,2023/12/13,15:16:33,CMA611,VHHHLFPG,360,-26,40 N,30.5,248.2,30.0,18619.5,83.250,-0.205,-0.9,-0.6,13135.0,58554.0,58027.,58027.,0.0,0.,13017.,13017.0,0.,0.0,7311.,2.9,7311.0,4.2,0.0,0.0,0.,0.0,15142.0,14621.,3.6,0.03154,0.03245,-2.8,0.832,278,478.,474.,-0.006,0.016,0,2444062.,901629,901630, , ,2023-12-13 15:16:33,True,False,False,4.012607326710476
2023-12-13,FHMRF,FHMRF,2023/12/13,15:43:23,CMA611,VHHHLFPG,360,-26,41 N,30.2,245.1,30.0,18619.5,82.945,-0.2,-0.9,-0.6,12909.0,57542.0,57042.,57016.,0.0,0.,12796.,12790.0,0.,0.0,7210.,3.6,7207.0,4.6,0.0,0.0,0.,0.0,15006.0,14417.,4.1,0.0319,0.03299,-3.3,0.833,278,479.,484.,-0.012,0.010,0,2413738.,901629,901630, , ,2023-12-13 15:43:23,True,False,False,4.011428176173265
2023-12-14,FHMRF,FHMRF,2023/12/14,05:06:26,CMA631,ZSPDLFPG,320,-23,45 N,31.9,273.6,31.0,18618.9,82.010,-0.203,-0.8,-0.6,14719.0,54331.0,53900.,53906.,0.0,0.,14602.,14604.0,0.,0.0,8232.,4.1,8230.0,4.7,0.0,0.0,0.,0.0,17187.0,16462.,4.4,0.0279,0.02896,-3.6,0.83,303,480.,468.,0.018,-0.012,0,2231307.,901629,901630, , ,2023-12-14 05:06:26,True,False,False,4.01004690485937
2023-12-21,FHMRF,FHMRF,2023/12/21,10:44:47,CMA630,LFPGZSPD,330,-21,45 N,32.4,270.4,31.0,18617.5,82.990,-0.101,-0.5,-0.3,14342.0,55463.0,55213.,55213.,0.0,0.,14278.,14278.0,0.,0.0,8092.,3.5,8092.0,4.1,0.0,0.0,0.,0.0,16800.0,16184.,3.8,0.02874,0.02973,-3.4,0.832,297,483.,452.,0.006,0.037,0,2300195.,901629,901630, , ,2023-12-21 10:44:47,True,False,False,4.008466163731613
2023-12-21,FHMRF,FHMRF,2023/12/21,10:47:47,CMA630,LFPGZSPD,330,-21,45 N,32.3,270.0,30.0,18618.2,82.950,-0.49,-2.1,-1.8,14546.0,56252.0,55054.,55054.,0.0,0.,14236.,14236.0,0.,0.0,8078.,3.7,8078.0,3.7,0.0,0.0,0.,0.0,16752.0,16157.,3.7,0.02883,0.02934,-1.7,0.832,297,483.,455.,0.021,-0.014,0,2297028.,901629,901630, , ,2023-12-21 10:47:47,True,False,False,4.006688471030277
2023-12-21,FHMRF,FHMRF,2023/12/21,10:50:47,CMA630,LFPGZSPD,330,-20,45 N,32.2,269.6,30.0,18621.5,82.660,-0.41,-1.6,-1.3,14286.0,55247.0,54385.,54385.,0.0,0.,14063.,14063.0,0.,0.0,7991.,3.6,7991.0,3.7,0.0,0.0,0.,0.0,16571.0,15981.,3.7,0.02915,0.02983,-2.3,0.832,297,483.,457.,0.005,0.006,0,2293811.,901629,901630, , ,2023-12-21 10:50:47,True,False,False,4.00471618722571
2023-12-21,FHMRF,FHMRF,2023/12/21,10:53:47,CMA630,LFPGZSPD,330,-21,46 N,32.2,269.2,31.0,18621.5,82.710,-0.404,-1.6,-1.3,14341.0,55462.0,54576.,54576.,0.0,0.,14112.,14112.0,0.,0.0,8012.,3.8,8012.0,4.3,0.0,0.0,0.,0.0,16674.0,16024.,4.1,0.02896,0.02973,-2.6,0.832,297,483.,459.,0.01,-0.005,2,2290576.,901629,901630, , ,2023-12-21 10:53:47,True,False,False,4.002551492387327
2023-12-21,FHMRF,FHMRF,2023/12/21,10:56:47,CMA630,LFPGZSPD,330,-20,46 N,32.1,268.9,30.0,18621.5,82.760,-0.258,-1.0,-0.8,14264.0,55162.0,54622.,54622.,0.0,0.,14124.,14124.0,0.,0.0,8021.,4.0,8021.0,3.6,0.0,0.0,0.,0.0,16652.0,16042.,3.8,0.02901,0.02988,-2.9,0.832,297,483.,460.,0.006,-0.003,0,2287366.,901629,901630, , ,2023-12-21 10:56:47,True,False,False,4.000196366158839
2023-12-21,FHMRF,FHMRF,2023/12/21,10:59:47,CMA630,LFPGZSPD,330,-20,46 N,32.0,268.5,31.0,18621.5,82.680,-0.556,-2.2,-1.9,14402.0,55697.0,54454.,54454.,0.0,0.,14081.,14081.0,0.,0.0,7999.,3.5,7999.0,4.0,0.0,0.0,0.,0.0,16597.0,15998.,3.7,0.0291,0.02961,-1.7,0.832,297,483.,462.,0.016,0.000,0,2284141.,901629,901630, , ,2023-12-21 10:59:47,True,False,False,3.9976525705164736
2023-12-21,FHMRF,FHMRF,2023/12/21,11:05:51,CMA630,LFPGZSPD,330,-20,46 N,31.9,267.7,31.0,18621.5,82.690,-0.191,-0.7,-0.5,14184.0,54852.0,54452.,54452.,0.0,0.,14080.,14080.0,0.,0.0,7995.,3.9,7995.0,4.0,0.0,0.0,0.,0.0,16622.0,15989.,4.0,0.02903,0.03001,-3.3,0.831,297,483.,466.,0.005,0.009,0,2277635.,901629,901630, , ,2023-12-21 11:05:51,True,False,False,3.9949216354720147
2023-12-21,FHMRF,FHMRF,2023/12/21,11:09:35,CMA630,LFPGZSPD,330,-21,46 N,31.9,267.3,31.0,18621.5,82.420,-0.303,-1.2,-0.9,14140.0,54679.0,54043.,54043.,0.0,0.,13975.,13975.0,0.,0.0,7937.,3.3,7937.0,3.2,0.0,0.0,0.,0.0,16393.0,15873.,3.3,0.02944,0.03012,-2.2,0.832,297,483.,469.,0.003,-0.005,0,2273503.,901629,901630, , ,2023-12-21 11:09:35,True,False,False,3.992004847868732
2023-12-22,FHMRF,FHMRF,2023/12/22,02:15:44,CMA631,ZSPDLFPG,321,-21,46 N,34.0,274.2,31.0,18618.0,82.460,0.019,0.1,0.0,14667.0,54391.0,54431.,54431.,0.0,0.,14678.,14678.0,0.,0.0,8272.,3.5,8272.0,3.5,0.0,0.0,0.,0.0,17130.0,16544.,3.5,0.02814,0.02915,-3.5,0.832,303,482.,427.,0.012,0.016,0,2246878.,901629,901630, , ,2023-12-22 02:15:44,True,False,False,3.988903243403772
2023-12-22,FHMRF,FHMRF,2023/12/22,02:18:45,CMA631,ZSPDLFPG,321,-21,46 N,34.0,273.9,31.0,18619.3,82.370,-0.189,-0.7,-0.7,14705.0,54534.0,54138.,54138.,0.0,0.,14598.,14598.0,0.,0.0,8236.,4.0,8236.0,4.0,0.0,0.0,0.,0.0,17130.0,16472.,4.0,0.02816,0.02908,-3.2,0.832,303,482.,430.,0.016,-0.012,0,2243835.,901629,901630, , ,2023-12-22 02:18:45,True,False,False,3.9856176019917853
2024-01-15,FHMRF,FHMRF,2024/01/15,14:11:04,CMA611,VHHHLFPG,320,-21,41 N,32.6,282.2,26.0,18610.1,82.500,0.025,0.1,0.2,14683.0,54197.0,54250.,54247.,0.0,0.,14697.,14696.0,0.,0.0,8344.,3.3,8345.0,3.9,0.0,0.0,0.,0.0,17291.0,16689.,3.6,0.02794,0.02902,-3.7,0.833,304,483.,423.,-0.014,0.024,0,2301613.,901629,901630, , ,2024-01-15 14:11:04,True,False,False,3.9821484465591954
2024-01-15,FHMRF,FHMRF,2024/01/15,14:14:04,CMA611,VHHHLFPG,320,-21,41 N,32.5,281.8,26.0,18608.9,82.585,-0.186,-0.7,-0.5,14887.0,54950.0,54564.,54553.,0.0,0.,14782.,14779.0,0.,0.0,8376.,3.6,8371.0,3.7,0.0,0.0,0.,0.0,17359.0,16747.,3.7,0.02781,0.02867,-3.0,0.833,304,483.,422.,0.0,0.008,0,2298368.,901629,901630, , ,2024-01-15 14:14:04,True,False,False,3.97849604532831
2024-01-15,FHMRF,FHMRF,2024/01/15,14:31:54,CMA611,VHHHLFPG,320,-22,40 N,31.9,279.4,26.0,18607.6,82.450,-0.38,-1.5,-1.2,14996.0,55356.0,54529.,54538.,0.0,0.,14772.,14774.0,0.,0.0,8356.,3.5,8354.0,3.1,0.0,0.0,0.,0.0,17264.0,16711.,3.3,0.02792,0.02849,-2.0,0.833,304,482.,426.,0.014,-0.017,0,2279315.,901629,901630, , ,2024-01-15 14:31:54,True,False,False,3.9746604176203357
2024-01-15,FHMRF,FHMRF,2024/01/15,14:51:17,CMA611,VHHHLFPG,320,-22,40 N,31.3,276.9,32.0,18607.0,82.170,-0.305,-1.2,-0.9,14798.0,54625.0,53978.,53988.,0.0,0.,14623.,14625.0,0.,0.0,8280.,3.3,8277.0,3.5,0.0,0.0,0.,0.0,17114.0,16557.,3.4,0.02816,0.02883,-2.3,0.833,304,482.,431.,0.009,-0.017,0,2258800.,901629,901630, , ,2024-01-15 14:51:17,True,False,False,3.9706413431785714
2024-01-15,FHMRF,FHMRF,2024/01/15,14:56:51,CMA611,VHHHLFPG,320,-22,40 N,31.2,276.2,32.0,18611.0,82.240,-0.248,-1.0,-0.7,14775.0,54540.0,54013.,54022.,0.0,0.,14632.,14635.0,0.,0.0,8284.,3.4,8282.0,3.7,0.0,0.0,0.,0.0,17152.0,16566.,3.5,0.02808,0.02886,-2.7,0.832,304,482.,433.,0.01,0.007,0,2252924.,901629,901630, , ,2024-01-15 14:56:51,True,False,False,3.9664383749841057
2024-01-18,FHMRF,FHMRF,2024/01/18,13:36:20,CMA630,LFPGZSPD,350,-32,47 N,30.7,256.2,30.0,18617.4,82.050,-0.259,-1.2,-0.9,13662.0,58061.0,57387.,57395.,0.0,0.,13504.,13505.0,0.,0.0,7462.,3.8,7461.0,5.8,0.0,0.0,0.,0.0,15640.0,14923.,4.8,0.03013,0.03129,-3.7,0.83,283,471.,499.,0.013,0.003,0,2394724.,901629,901630, , ,2024-01-18 13:36:20,True,False,False,3.9620508555015688
2024-01-19,FHMRF,FHMRF,2024/01/19,02:57:34,CMA631,ZSPDLFPG,301,-20,44 N,27.8,297.3,32.0,18606.9,82.330,-0.082,-0.3,-0.3,15947.0,53946.0,53773.,53773.,0.0,0.,15896.,15896.0,0.,0.0,9001.,3.3,9001.0,2.9,0.0,0.0,0.,0.0,18564.0,18002.,3.1,0.02608,0.02683,-2.8,0.834,317,484.,411.,0.006,0.005,0,2222105.,901629,901630, , ,2024-01-19 02:57:34,True,False,False,3.957477936253802
2024-01-19,FHMRF,FHMRF,2024/01/19,06:07:18,CMA631,ZSPDLFPG,340,-28,41 N,25.8,271.6,30.0,18599.2,82.910,-0.28,-1.2,-0.9,14485.0,58710.0,57989.,57996.,0.0,0.,14307.,14309.0,0.,0.0,7981.,3.3,7980.0,3.8,0.0,0.0,0.,0.0,16529.0,15961.,3.6,0.02879,0.02953,-2.5,0.832,290,476.,492.,-0.002,-0.019,0,2432620.,901629,901630, , ,2024-01-19 06:07:18,True,False,False,3.9527186005906607
2024-01-19,FHMRF,FHMRF,2024/01/19,06:10:18,CMA631,ZSPDLFPG,340,-28,41 N,25.7,271.2,30.0,18603.2,83.050,-0.186,-0.8,-0.6,14499.0,58765.0,58285.,58293.,0.0,0.,14381.,14383.0,0.,0.0,8016.,3.7,8014.0,5.1,0.0,0.0,0.,0.0,16735.0,16030.,4.4,0.02841,0.02949,-3.7,0.831,290,475.,493.,0.001,0.010,0,2429127.,901629,901630, , ,2024-01-19 06:10:18,True,False,False,3.947771689494733
2024-01-19,FHMRF,FHMRF,2024/01/19,20:20:30,CMA610,LFPGVHHH,350,-29,41 N,32.1,244.1,30.0,18613.8,81.040,-0.215,-0.8,-0.6,12828.0,54515.0,54053.,54053.,0.0,0.,12719.,12719.0,0.,0.0,7107.,3.7,7107.0,3.6,0.0,0.0,0.,0.0,14732.0,14214.,3.6,0.0322,0.03316,-2.9,0.832,284,474.,467.,-0.004,0.016,0,2279896.,901629,901630, , ,2024-01-19 20:20:30,True,False,False,3.9426359302518112
2024-01-19,FHMRF,FHMRF,2024/01/19,20:23:30,CMA610,LFPGVHHH,350,-30,41 N,32.1,243.8,30.0,18614.5,81.090,-0.183,-0.7,-0.5,12863.0,54665.0,54271.,54271.,0.0,0.,12770.,12770.0,0.,0.0,7127.,3.9,7127.0,4.9,0.0,0.0,0.,0.0,14884.0,14255.,4.4,0.03186,0.03309,-3.7,0.832,284,474.,466.,0.0,0.000,2,2276776.,901629,901630, , ,2024-01-19 20:23:30,True,False,False,3.937309967800018
2024-01-20,FHMRF,FHMRF,2024/01/20,10:55:52,CMA611,VHHHLFPG,321,-27,40 N,29.3,303.6,31.0,18605.7,83.715,-0.364,-1.6,-1.4,16398.0,60809.0,59846.,59819.,0.0,0.,16138.,16131.0,0.,0.0,8957.,3.4,8953.0,2.8,0.0,0.0,0.,0.0,18467.0,17910.,3.1,0.02583,0.02626,-1.6,0.833,304,477.,422.,0.015,0.010,0,2487199.,901629,901630, , ,2024-01-20 10:55:52,True,False,False,3.93179239855952
2024-01-20,FHMRF,FHMRF,2024/01/20,11:23:53,CMA611,VHHHLFPG,321,-28,43 N,29.9,299.7,31.0,18610.8,83.220,-0.245,-1.1,-0.9,16026.0,59433.0,58799.,58799.,0.0,0.,15855.,15855.0,0.,0.0,8786.,3.6,8786.0,3.6,0.0,0.0,0.,0.0,18200.0,17573.,3.6,0.02615,0.02685,-2.6,0.832,303,476.,445.,0.01,-0.002,0,2455079.,901629,901630, , ,2024-01-20 11:23:53,True,False,False,3.926081806538259
2024-01-20,FHMRF,FHMRF,2024/01/20,11:28:12,CMA611,VHHHLFPG,321,-28,43 N,29.9,299.1,31.0,18609.6,83.560,-0.286,-1.3,-1.1,16305.0,60464.0,59694.,59694.,0.0,0.,16097.,16097.0,0.,0.0,8907.,3.6,8907.0,3.3,0.0,0.0,0.,0.0,18427.0,17813.,3.4,0.0258,0.0264,-2.3,0.831,303,475.,449.,0.029,0.001,0,2451075.,901629,901630, , ,2024-01-20 11:28:12,True,False,False,3.920176801503956
2024-01-22,FHMRF,FHMRF,2024/01/22,23:51:52,CMA610,LFPGVHHH,411,-18,40 N,27.7,180.4,24.0,18618.9,83.360,-0.323,-1.3,-1.1,9761.0,55600.0,54848.,54852.,0.0,0.,9629.,9630.0,0.,0.0,5607.,3.9,5607.0,4.0,0.0,0.0,0.,0.0,11656.0,11214.,3.9,0.04169,0.04286,-2.7,0.833,247,486.,516.,-0.006,0.001,0,2256610.,901629,901630, , ,2024-01-22 23:51:52,True,False,False,3.914076058999772
2024-01-23,FHMRF,FHMRF,2024/01/23,01:51:43,CMA610,LFPGVHHH,411,-25,27 N,27.5,170.1,24.0,18617.7,81.150,0.062,0.3,0.4,9174.0,52252.0,52381.,52386.,0.0,0.,9196.,9197.0,0.,0.0,5287.,3.5,5287.0,4.0,0.0,0.0,0.,0.0,10975.0,10574.,3.8,0.04356,0.04539,-4.0,0.83,246,478.,509.,-0.018,0.026,0,2127916.,901629,901630, , ,2024-01-23 01:51:43,True,False,False,3.9077783619564728
2024-01-23,FHMRF,FHMRF,2024/01/23,02:04:48,CMA610,LFPGVHHH,411,-26,26 N,27.5,169.1,24.0,18617.7,80.280,-0.275,-1.3,-1.1,9016.0,51355.0,50665.,50669.,0.0,0.,8895.,8895.0,0.,0.0,5111.,3.8,5110.0,4.4,0.0,0.0,0.,0.0,10637.0,10221.,4.1,0.04472,0.04605,-2.9,0.827,245,476.,541.,-0.025,-0.014,0,2111787.,901629,901630, , ,2024-01-23 02:04:48,True,False,False,3.9012826436235644
2024-01-23,FHMRF,FHMRF,2024/01/23,08:30:31,CMA611,VHHHLFPG,276,10,26 N,28.5,330.8,28.0,18614.4,87.030,0.119,0.4,0.5,17673.0,53413.0,53650.,53647.,0.0,0.,17752.,17751.0,0.,0.0,10734.,2.1,10735.0,2.0,0.0,0.0,0.,0.0,21915.0,21468.,2.1,0.02337,0.02396,-2.5,0.834,335,512.,394.,-0.008,-0.011,0,2207690.,901629,901630, , ,2024-01-23 08:30:31,True,False,False,3.8945880315149477
2024-01-25,FHMRF,FHMRF,2024/01/25,01:18:24,CMA631,ZSPDLFPG,301,-24,44 N,32.8,298.7,32.0,18616.5,81.410,0.005,0.0,0.1,15695.0,53091.0,53100.,53100.,0.0,0.,15698.,15698.0,0.,0.0,8802.,2.8,8802.0,3.4,0.0,0.0,0.,0.0,18152.0,17605.,3.1,0.02632,0.02717,-3.1,0.829,315,478.,496.,0.0,0.012,0,2233806.,901629,901630, , ,2024-01-25 01:18:24,True,False,False,3.887693892043796
2024-01-25,FHMRF,FHMRF,2024/01/25,01:21:24,CMA631,ZSPDLFPG,301,-24,44 N,32.9,298.3,32.0,18620.4,81.335,0.069,0.3,0.4,15598.0,52767.0,52900.,52921.,0.0,0.,15638.,15644.0,0.,0.0,8772.,3.2,8775.0,3.1,0.0,0.0,0.,0.0,18100.0,17547.,3.2,0.0264,0.02733,-3.4,0.829,315,478.,495.,-0.004,-0.009,0,2230832.,901629,901630, , ,2024-01-25 01:21:24,True,False,False,3.8805998754965634
2024-01-25,FHMRF,FHMRF,2024/01/25,01:45:32,CMA631,ZSPDLFPG,301,-24,45 N,33.4,295.0,32.0,18618.7,81.350,0.221,0.9,0.9,15459.0,52292.0,52756.,52756.,0.0,0.,15596.,15596.0,0.,0.0,8757.,2.8,8757.0,2.8,0.0,0.0,0.,0.0,18000.0,17514.,2.8,0.02655,0.02754,-3.6,0.828,315,478.,492.,-0.003,-0.002,0,2205221.,901629,901630, , ,2024-01-25 01:45:32,True,False,False,3.8733059609529312
2024-01-26,FHMRF,FHMRF,2024/01/26,20:14:24,CMA611,VHHHLFPG,360,-25,49 N,25.1,235.8,26.0,18618.9,82.330,-0.44,-2.0,-1.6,12687.0,56557.0,55428.,55432.,0.0,0.,12434.,12435.0,0.,0.0,7047.,4.1,7047.0,5.0,0.0,0.0,0.,0.0,14735.0,14094.,4.5,0.03263,0.03357,-2.8,0.837,280,481.,372.,-0.008,0.018,0,2322558.,901629,901630, , ,2024-01-26 20:14:24,True,False,False,3.8658125006937762
2024-01-30,FHMRF,FHMRF,2024/01/30,15:32:01,CMA634,LFOKZSPD,391,-38,42 N,30.6,204.4,26.0,18616.8,80.585,-0.406,-1.9,-1.6,11079.0,57322.0,56236.,56258.,0.0,0.,10869.,10873.0,0.,0.0,5976.,4.8,5980.0,5.2,0.0,0.0,0.,0.0,12552.0,11956.,5.0,0.03708,0.03832,-3.2,0.831,258,465.,520.,0.019,-0.016,0,2322625.,901629,901630, , ,2024-01-30 15:32:01,True,False,False,3.8581202635664393
2024-01-31,FHMRF,FHMRF,2024/01/31,06:30:15,CMA635,ZSPDLFPG,340,-28,42 N,27.4,259.8,30.0,18624.6,82.110,-0.167,-0.8,-0.5,13926.0,56441.0,56012.,56012.,0.0,0.,13820.,13820.0,0.,0.0,7705.,4.0,7705.0,6.1,0.0,0.0,0.,0.0,16188.0,15410.,5.0,0.02932,0.03064,-4.3,0.83,290,475.,521.,0.009,0.013,0,2327027.,901629,901630, , ,2024-01-31 06:30:15,True,False,False,3.8502304767175617
2024-01-31,FHMRF,FHMRF,2024/01/31,06:43:56,CMA635,ZSPDLFPG,340,-26,42 N,27.3,258.1,26.0,18624.6,81.970,-0.348,-1.5,-1.2,13770.0,55813.0,54970.,54970.,0.0,0.,13562.,13562.0,0.,0.0,7608.,4.0,7608.0,5.2,0.0,0.0,0.,0.0,15911.0,15215.,4.6,0.02997,0.03096,-3.2,0.831,290,477.,532.,0.003,-0.031,0,2311656.,901629,901630, , ,2024-01-31 06:43:56,True,False,False,3.8421448650791272
2024-02-01,FHMRF,FHMRF,2024/02/01,16:43:37,CMA630,LFPGZSPD,331,-31,40 N,29.7,249.0,26.0,18628.6,79.210,-0.022,-0.1,0.1,12997.0,50499.0,50440.,50446.,0.0,0.,12982.,12984.0,0.,0.0,7202.,3.5,7201.0,7.6,0.0,0.0,0.,0.0,15200.0,14403.,5.5,0.03074,0.03246,-5.3,0.821,292,467.,553.,-0.01,-0.006,0,2124325.,901629,901630, , ,2024-02-01 16:43:37,True,False,False,3.833865688014205
2024-02-02,FHMRF,FHMRF,2024/02/02,00:16:11,CMA631,ZSPDLFPG,301,-23,41 N,31.3,310.2,31.0,18609.5,82.980,-0.1,-0.5,-0.3,16628.0,56251.0,55994.,56000.,0.0,0.,16552.,16554.0,0.,0.0,9300.,3.2,9298.0,3.2,0.0,0.0,0.,0.0,19200.0,18597.,3.2,0.02505,0.02578,-2.8,0.832,317,481.,429.,0.015,-0.005,0,2319415.,901629,901630, , ,2024-02-02 00:16:11,True,False,False,3.825395772589587
2024-02-02,FHMRF,FHMRF,2024/02/02,05:17:20,CMA631,ZSPDLFPG,340,-31,45 N,31.2,269.7,31.0,18610.0,82.300,-0.324,-1.4,-1.1,14429.0,58484.0,57643.,57650.,0.0,0.,14222.,14223.0,0.,0.0,7908.,3.7,7907.0,6.5,0.0,0.0,0.,0.0,16620.0,15815.,5.1,0.02866,0.02978,-3.8,0.838,293,476.,458.,0.004,-0.011,0,2415943.,901629,901630, , ,2024-02-02 05:17:20,True,False,False,3.816738543023994
2024-02-02,FHMRF,FHMRF,2024/02/02,05:52:36,CMA631,ZSPDLFPG,340,-28,42 N,30.7,265.3,31.0,18612.5,82.660,-0.086,-0.4,-0.2,14269.0,57833.0,57606.,57614.,0.0,0.,14213.,14214.0,0.,0.0,7941.,4.2,7939.0,5.5,0.0,0.0,0.,0.0,16649.0,15880.,4.8,0.02871,0.03005,-4.5,0.837,293,478.,486.,0.01,-0.019,0,2375235.,901629,901630, , ,2024-02-02 05:52:36,True,False,False,3.8078980459427454
2024-02-02,FHMRF,FHMRF,2024/02/02,05:55:36,CMA631,ZSPDLFPG,340,-28,42 N,30.7,264.9,31.0,18614.4,82.500,-0.239,-1.1,-0.8,14236.0,57701.0,57083.,57090.,0.0,0.,14084.,14085.0,0.,0.0,7884.,3.9,7882.0,4.9,0.0,0.0,0.,0.0,16454.0,15766.,4.4,0.0291,0.03012,-3.4,0.838,293,479.,488.,0.007,-0.001,0,2371813.,901629,901630, , ,2024-02-02 05:55:36,True,False,False,3.798878971141762
2024-02-02,FHMRF,FHMRF,2024/02/02,06:00:32,CMA631,ZSPDLFPG,340,-28,42 N,30.6,264.3,31.0,18610.0,82.800,-0.326,-1.4,-1.1,14440.0,58529.0,57689.,57696.,0.0,0.,14233.,14235.0,0.,0.0,7965.,3.8,7963.0,5.2,0.0,0.0,0.,0.0,16643.0,15928.,4.5,0.02875,0.02971,-3.2,0.837,293,479.,492.,0.024,-0.012,0,2366402.,901629,901630, , ,2024-02-02 06:00:32,True,False,False,3.789686667627479
2024-02-02,FHMRF,FHMRF,2024/02/02,06:04:23,CMA631,ZSPDLFPG,340,-28,41 N,30.6,263.8,31.0,18613.8,82.700,-0.183,-0.8,-0.6,14271.0,57840.0,57367.,57374.,0.0,0.,14154.,14156.0,0.,0.0,7926.,3.9,7924.0,4.5,0.0,0.0,0.,0.0,16517.0,15850.,4.2,0.02898,0.03003,-3.5,0.837,293,479.,496.,0.014,0.017,2,2361746.,901629,901630, , ,2024-02-02 06:04:23,True,False,False,3.7803271547632313
2024-02-02,FHMRF,FHMRF,2024/02/02,19:04:25,CMA610,LFPGVHHH,350,-30,42 N,34.0,243.8,26.0,18613.7,80.505,-0.194,-0.8,-0.6,12609.0,53585.0,53155.,53180.,0.0,0.,12508.,12513.0,0.,0.0,6986.,3.6,6987.0,3.6,0.0,0.0,0.,0.0,14475.0,13973.,3.6,0.03273,0.03371,-2.9,0.832,284,474.,496.,-0.016,-0.004,0,2276900.,901629,901630, , ,2024-02-02 19:04:25,True,False,False,3.770807128419228
2024-02-02,FHMRF,FHMRF,2024/02/02,20:58:09,CMA610,LFPGVHHH,370,-27,41 N,31.5,231.2,30.0,18622.8,82.570,-0.289,-1.3,-1.0,12258.0,57336.0,56592.,56596.,0.0,0.,12099.,12100.0,0.,0.0,6806.,4.1,6805.0,4.2,0.0,0.0,0.,0.0,14176.0,13610.,4.2,0.03364,0.03467,-3.0,0.832,271,477.,519.,0.001,-0.003,0,2374639.,901629,901630, , ,2024-02-02 20:58:09,True,False,False,3.7611339620850806
2024-02-02,FHMRF,FHMRF,2024/02/02,21:21:22,CMA610,LFPGVHHH,370,-29,41 N,31.1,228.8,30.0,18622.2,82.370,-0.526,-2.3,-2.0,12507.0,58499.0,57139.,57143.,0.0,0.,12216.,12217.0,0.,0.0,6816.,4.2,6816.0,4.3,0.0,0.0,0.,0.0,14216.0,13632.,4.3,0.0333,0.03404,-2.2,0.83,271,473.,540.,0.032,0.011,0,2349524.,901629,901630, , ,2024-02-02 21:21:22,True,False,False,3.7513157029529203
2024-02-03,FHMRF,FHMRF,2024/02/03,02:17:49,CMA610,LFPGVHHH,391,-21,26 N,29.5,199.4,25.0,18622.8,82.265,-0.771,-3.0,-2.5,10641.0,55057.0,53432.,53415.,0.0,0.,10327.,10324.0,0.,0.0,5962.,3.8,5959.0,4.5,0.0,0.0,0.,0.0,12417.0,11922.,4.2,0.03888,0.03949,-1.5,0.832,259,483.,530.,-0.007,0.006,0,2262824.,901629,901630, , ,2024-02-03 02:17:49,True,False,False,3.7413610630143292
2024-02-03,FHMRF,FHMRF,2024/02/03,20:14:13,CMA611,VHHHLFPG,340,-25,49 N,27.9,238.9,26.0,18595.4,80.860,-0.548,-2.2,-1.9,13135.0,53240.0,52073.,52073.,0.0,0.,12847.,12847.0,0.,0.0,7294.,3.3,7294.0,3.8,0.0,0.0,0.,0.0,15106.0,14588.,3.6,0.03184,0.03236,-1.6,0.836,292,481.,389.,0.012,-0.036,0,2139516.,901629,901630, , ,2024-02-03 20:14:13,True,False,False,3.7312794052418723
2024-02-06,FHMRF,FHMRF,2024/02/06,01:25:52,CMA610,LFPGVHHH,391,-13,30 N,26.7,165.7,25.0,18620.5,79.920,-0.644,-2.6,-2.0,9028.0,46711.0,45494.,45494.,0.0,0.,8792.,8792.0,0.,0.0,5165.,3.6,5165.0,3.8,0.0,0.0,0.,0.0,10714.0,10331.,3.7,0.04411,0.04481,-1.6,0.799,247,473.,439.,-0.019,-0.040,0,1885685.,901629,901630, , ,2024-02-06 01:25:52,True,False,False,3.721080724953968
2024-02-07,FHMRF,FHMRF,2024/02/07,14:38:47,CMA630,LFPGZSPD,391,-21,41 N,28.7,198.3,26.0,18625.7,82.600,-0.402,-1.5,-1.2,10619.0,54944.0,54093.,54093.,0.0,0.,10454.,10454.0,0.,0.0,6024.,3.9,6024.0,4.0,0.0,0.0,0.,0.0,12528.0,12049.,4.0,0.03855,0.03959,-2.6,0.832,258,483.,522.,-0.006,-0.009,0,2252743.,901629,901630, , ,2024-02-07 14:38:47,True,False,False,3.7107756264907
2024-02-07,FHMRF,FHMRF,2024/02/07,14:58:22,CMA630,LFPGZSPD,391,-18,40 N,28.7,196.4,26.0,18624.2,82.940,-0.659,-2.6,-2.2,10711.0,55422.0,53997.,53997.,0.0,0.,10436.,10436.0,0.,0.0,6045.,3.6,6045.0,4.1,0.0,0.0,0.,0.0,12557.0,12090.,3.9,0.0386,0.03922,-1.6,0.831,258,485.,526.,0.01,-0.017,0,2230874.,901629,901630, , ,2024-02-07 14:58:22,True,False,False,3.7003752953516615
2024-02-07,FHMRF,FHMRF,2024/02/07,15:14:21,CMA630,LFPGZSPD,391,-19,41 N,28.7,194.9,26.0,18622.8,83.240,-0.591,-2.6,-2.2,10893.0,56362.0,54917.,54917.,0.0,0.,10614.,10614.0,0.,0.0,6119.,3.7,6119.0,4.6,0.0,0.0,0.,0.0,12748.0,12238.,4.2,0.03787,0.03859,-1.9,0.829,257,483.,527.,0.034,-0.005,0,2213671.,901629,901630, , ,2024-02-07 15:14:21,True,False,False,3.68989146596207
2024-02-07,FHMRF,FHMRF,2024/02/07,15:14:34,CMA630,LFPGZSPD,391,-19,41 N,28.7,194.9,26.0,18622.8,83.230,-0.594,-2.6,-2.2,10892.0,56356.0,54906.,54906.,0.0,0.,10612.,10612.0,0.,0.0,6117.,4.0,6117.0,4.6,0.0,0.0,0.,0.0,12765.0,12235.,4.3,0.03782,0.0386,-2.0,0.829,257,483.,527.,0.034,-0.006,0,2213422.,901629,901630, , ,2024-02-07 15:14:34,True,False,False,3.679336385245454
2024-02-07,FHMRF,FHMRF,2024/02/07,15:14:39,CMA630,LFPGZSPD,391,-19,41 N,28.7,194.9,26.0,18622.8,83.230,-0.569,-2.5,-2.1,10879.0,56292.0,54906.,54906.,0.0,0.,10612.,10612.0,0.,0.0,6117.,4.0,6117.0,4.6,0.0,0.0,0.,0.0,12765.0,12235.,4.3,0.03782,0.03864,-2.1,0.829,257,483.,528.,0.033,-0.010,0,2213332.,901629,901630, , ,2024-02-07 15:14:39,True,False,False,3.6687227721985445
2024-02-07,FHMRF,FHMRF,2024/02/07,15:14:42,CMA630,LFPGZSPD,391,-19,41 N,28.7,194.9,26.0,18622.8,83.230,-0.569,-2.5,-2.1,10879.0,56292.0,54906.,54906.,0.0,0.,10612.,10612.0,0.,0.0,6117.,4.0,6117.0,4.6,0.0,0.0,0.,0.0,12765.0,12235.,4.3,0.03782,0.03864,-2.1,0.829,257,483.,528.,0.033,-0.009,0,2213273.,901629,901630, , ,2024-02-07 15:14:42,True,False,False,3.658063773691574
2024-02-09,FHMRF,FHMRF,2024/02/09,02:05:32,CMA610,LFPGVHHH,411,-26,26 N,29.1,174.6,24.0,18620.9,81.090,-0.16,-0.6,-0.5,9320.0,53089.0,52748.,52743.,0.0,0.,9260.,9259.0,0.,0.0,5294.,3.5,5295.0,3.6,0.0,0.0,0.,0.0,10968.0,10588.,3.6,0.04358,0.0449,-2.9,0.832,247,478.,565.,-0.019,-0.011,0,2180589.,901629,901630, , ,2024-02-09 02:05:32,True,False,False,3.647372916755553
2024-02-10,FHMRF,FHMRF,2024/02/10,11:18:20,CMA630,LFPGZSPD,390,-35,48 N,28.9,193.8,26.0,18621.9,79.390,-0.259,-1.1,-0.8,10280.0,52935.0,52371.,52371.,0.0,0.,10170.,10170.0,0.,0.0,5659.,4.3,5659.0,4.8,0.0,0.0,0.,0.0,11833.0,11319.,4.5,0.03949,0.04094,-3.5,0.829,258,467.,563.,-0.011,-0.011,0,2192051.,901629,901630, , ,2024-02-10 11:18:20,True,False,False,3.6366640576638236
2024-02-11,FHMRF,FHMRF,2024/02/11,05:33:54,CMA631,ZSPDLFPG,340,-24,41 N,31.4,269.3,31.0,18618.9,83.140,-0.264,-1.2,-0.9,14221.0,57638.0,56968.,56968.,0.0,0.,14055.,14055.0,0.,0.0,7908.,4.7,7908.0,4.7,0.0,0.0,0.,0.0,16564.0,15816.,4.7,0.02895,0.03004,-3.6,0.832,291,479.,475.,-0.002,-0.018,0,2412070.,901629,901630, , ,2024-02-11 05:33:54,True,False,False,3.6259513281622886
2024-02-12,FHMRF,FHMRF,2024/02/12,15:27:44,CMA611,VHHHLFPG,340,-21,40 N,29.1,268.8,30.0,18603.1,83.890,-0.315,-1.4,-1.1,14386.0,58310.0,57513.,57513.,0.0,0.,14190.,14190.0,0.,0.0,8046.,3.3,8046.0,3.9,0.0,0.0,0.,0.0,16667.0,16091.,3.6,0.02895,0.02966,-2.4,0.832,291,483.,442.,0.005,0.009,0,2407586.,901629,901630, , ,2024-02-12 15:27:44,True,False,False,3.615249079247838
2024-02-19,FHMRF,FHMRF,2024/02/19,17:05:09,CMA610,LFPGVHHH,370,-36,45 N,33.5,239.6,30.0,18610.7,81.590,-0.225,-1.0,-0.8,12574.0,58813.0,58219.,58223.,0.0,0.,12447.,12448.0,0.,0.0,6830.,4.4,6829.0,3.0,0.0,0.0,0.,0.0,14170.0,13659.,3.7,0.03304,0.034,-2.9,0.833,272,468.,477.,-0.004,-0.012,0,2464240.,901629,901630, , ,2024-02-19 17:05:09,True,False,False,3.604571822940408
2024-02-19,FHMRF,FHMRF,2024/02/19,17:30:38,CMA610,LFPGVHHH,370,-33,44 N,34.0,236.9,30.0,18618.7,82.390,-0.275,-1.2,-1.0,12766.0,59711.0,58971.,58975.,0.0,0.,12608.,12608.0,0.,0.0,6947.,4.2,6947.0,3.4,0.0,0.0,0.,0.0,14422.0,13894.,3.8,0.03255,0.03345,-2.7,0.83,270,469.,477.,0.023,-0.008,0,2436520.,901629,901630, , ,2024-02-19 17:30:38,True,False,False,3.5939341725426983
2024-02-20,FHMRF,FHMRF,2024/02/20,16:26:32,CMA611,VHHHLFPG,340,-30,42 N,29.7,241.8,26.0,18595.2,80.010,-0.086,-0.4,-0.2,12854.0,52101.0,51916.,51916.,0.0,0.,12809.,12809.0,0.,0.0,7163.,2.9,7163.0,1.9,0.0,0.0,0.,0.0,14675.0,14325.,2.4,0.03225,0.03297,-2.2,0.83,290,473.,478.,-0.005,-0.018,0,2165540.,901629,901630, , ,2024-02-20 16:26:32,True,False,False,3.583350781926111
2024-02-22,FHMRF,FHMRF,2024/02/22,01:33:23,CMA631,ZSPDLFPG,301,-24,44 N,32.9,295.7,32.0,18610.8,81.080,0.11,0.4,0.5,15396.0,52082.0,52312.,52315.,0.0,0.,15464.,15465.0,0.,0.0,8706.,2.8,8705.0,1.6,0.0,0.0,0.,0.0,17799.0,17412.,2.2,0.02698,0.02772,-2.6,0.833,317,480.,420.,-0.014,0.009,0,2210562.,901629,901630, , ,2024-02-22 01:33:23,True,False,False,3.5728362844101236
2024-02-22,FHMRF,FHMRF,2024/02/22,05:36:03,CMA631,ZSPDLFPG,320,-27,43 N,31.8,263.9,32.0,18606.1,80.710,-0.151,-0.6,-0.4,14299.0,52781.0,52460.,52460.,0.0,0.,14212.,14212.0,0.,0.0,7973.,3.1,7973.0,2.5,0.0,0.0,0.,0.0,16394.0,15946.,2.8,0.02906,0.02976,-2.3,0.831,303,476.,447.,0.016,0.018,0,2151366.,901629,901630, , ,2024-02-22 05:36:03,True,False,False,3.5624052318055393
2024-02-22,FHMRF,FHMRF,2024/02/22,10:23:23,CMA631,ZSPDLFPG,360,-29,50 N,30.2,231.1,26.0,18607.1,81.670,-0.391,-1.8,-1.4,12606.0,56192.0,55184.,55184.,0.0,0.,12380.,12380.0,0.,0.0,6960.,4.4,6960.0,2.4,0.0,0.0,0.,0.0,14388.0,13919.,3.4,0.03315,0.03378,-1.9,0.836,279,477.,370.,0.016,-0.009,0,2276418.,901629,901630, , ,2024-02-22 10:23:23,True,False,False,3.5520720341639542
2024-02-24,FHMRF,FHMRF,2024/02/24,09:51:17,CMA630,LFPGZSPD,350,-21,41 N,34.1,266.0,25.0,18604.8,84.630,-0.386,-1.7,-1.4,14251.0,60564.0,59535.,59535.,0.0,0.,14009.,14009.0,0.,0.0,7922.,3.9,7922.0,2.7,0.0,0.0,0.,0.0,16373.0,15845.,3.3,0.02942,0.02996,-1.8,0.831,284,482.,534.,0.017,0.001,0,2483258.,901629,901630, , ,2024-02-24 09:51:17,True,False,False,3.541850900718556
2024-02-25,FHMRF,FHMRF,2024/02/25,00:42:06,CMA631,ZSPDLFPG,321,-30,41 N,31.6,294.8,32.0,18581.2,82.335,-0.419,-1.8,-1.6,15736.0,58358.0,57269.,57291.,0.0,0.,15442.,15448.0,0.,0.0,8569.,3.4,8573.0,2.6,0.0,0.0,0.,0.0,17663.0,17142.,3.0,0.02691,0.02729,-1.4,0.834,304,475.,414.,0.011,-0.021,0,2415825.,901629,901630, , ,2024-02-25 00:42:06,True,False,False,3.531755782431173
2024-02-25,FHMRF,FHMRF,2024/02/25,00:53:47,CMA631,ZSPDLFPG,321,-30,42 N,31.8,293.1,32.0,18581.4,82.380,-0.337,-1.5,-1.2,15789.0,58554.0,57689.,57685.,0.0,0.,15556.,15555.0,0.,0.0,8607.,3.9,8608.0,2.8,0.0,0.0,0.,0.0,17792.0,17215.,3.4,0.02665,0.0272,-2.0,0.833,304,474.,415.,0.021,-0.003,0,2402239.,901629,901630, , ,2024-02-25 00:53:47,True,False,False,3.521800316498499
2024-02-25,FHMRF,FHMRF,2024/02/25,20:28:11,CMA610,LFPGVHHH,370,-18,41 N,31.1,225.4,30.0,18594.2,83.240,-0.425,-1.8,-1.5,11926.0,55781.0,54791.,54791.,0.0,0.,11714.,11714.0,0.,0.0,6753.,3.7,6753.0,2.5,0.0,0.0,0.,0.0,13919.0,13506.,3.1,0.03489,0.03542,-1.5,0.833,272,486.,501.,-0.008,0.005,0,2315291.,901629,901630, , ,2024-02-25 20:28:11,True,False,False,3.511997773125663
2024-02-26,FHMRF,FHMRF,2024/02/26,07:58:56,CMA611,VHHHLFPG,276,3,26 N,30.3,298.3,30.0,18594.8,83.460,-0.122,-0.5,-0.3,15875.0,47978.0,47742.,47744.,0.0,0.,15797.,15798.0,0.,0.0,9355.,2.6,9354.0,1.8,0.0,0.0,0.,0.0,19118.0,18709.,2.2,0.02551,0.02599,-1.8,0.8,320,488.,414.,0.0,-0.010,0,1990349.,901629,901630, , ,2024-02-26 07:58:56,True,False,False,3.5023610048422524
2024-02-26,FHMRF,FHMRF,2024/02/26,13:26:39,CMA611,VHHHLFPG,360,-28,41 N,33.0,256.2,30.0,18589.6,83.990,-0.315,-1.4,-1.0,13858.0,61775.0,60915.,60919.,0.0,0.,13665.,13666.0,0.,0.0,7643.,3.7,7642.0,2.4,0.0,0.0,0.,0.0,15748.0,15286.,3.0,0.03023,0.03082,-1.9,0.833,278,476.,414.,0.014,0.019,0,2523258.,901629,901630, , ,2024-02-26 13:26:39,True,False,False,3.492902398604478
2024-02-26,FHMRF,FHMRF,2024/02/26,14:04:00,CMA611,VHHHLFPG,360,-27,41 N,32.3,251.7,30.0,18589.4,83.730,-0.407,-1.8,-1.6,13634.0,60778.0,59672.,59672.,0.0,0.,13386.,13386.0,0.,0.0,7492.,4.1,7492.0,2.5,0.0,0.0,0.,0.0,15483.0,14984.,3.3,0.03083,0.03135,-1.7,0.833,278,477.,446.,0.017,0.018,0,2479395.,901629,901630, , ,2024-02-26 14:04:00,True,False,False,3.4836338308893455
2024-02-26,FHMRF,FHMRF,2024/02/26,17:11:13,CMA611,VHHHLFPG,360,-32,42 N,30.5,230.8,26.0,18589.2,80.880,-0.407,-1.6,-1.4,12433.0,55424.0,54510.,54510.,0.0,0.,12228.,12228.0,0.,0.0,6809.,4.1,6809.0,3.0,0.0,0.0,0.,0.0,14096.0,13618.,3.5,0.0335,0.03419,-2.0,0.832,278,472.,484.,0.01,0.004,0,2273514.,901629,901630, , ,2024-02-26 17:11:13,True,False,False,3.474566625938532
2024-02-27,FHMRF,FHMRF,2024/02/27,20:24:47,CMA610,LFPGVHHH,390,-20,41 N,29.9,208.9,30.0,18603.2,84.000,-0.324,-1.4,-1.2,11244.0,57899.0,57074.,57074.,0.0,0.,11084.,11084.0,0.,0.0,6377.,4.3,6377.0,2.6,0.0,0.0,0.,0.0,13197.0,12755.,3.5,0.0367,0.03754,-2.2,0.833,259,484.,499.,0.003,-0.008,0,2362571.,901629,901630, , ,2024-02-27 20:24:47,True,False,False,3.4657115172567714
2024-02-27,FHMRF,FHMRF,2024/02/27,20:27:47,CMA610,LFPGVHHH,390,-20,41 N,29.8,208.6,30.0,18603.2,84.080,-0.459,-2.0,-1.7,11354.0,58463.0,57294.,57294.,0.0,0.,11127.,11127.0,0.,0.0,6399.,4.0,6399.0,2.5,0.0,0.0,0.,0.0,13214.0,12799.,3.2,0.03665,0.0372,-1.5,0.833,259,484.,501.,0.013,0.010,0,2359034.,901629,901630, , ,2024-02-27 20:27:47,True,False,False,3.457078612425105
2024-02-27,FHMRF,FHMRF,2024/02/27,20:30:47,CMA610,LFPGVHHH,390,-20,41 N,29.8,208.3,30.0,18603.2,83.740,-0.568,-2.5,-2.1,11241.0,57885.0,56435.,56435.,0.0,0.,10960.,10960.0,0.,0.0,6315.,4.2,6315.0,2.8,0.0,0.0,0.,0.0,13077.0,12631.,3.5,0.03708,0.03756,-1.3,0.834,260,485.,502.,0.004,-0.015,0,2355757.,901629,901630, , ,2024-02-27 20:30:47,True,False,False,3.4486773612620003
2024-02-27,FHMRF,FHMRF,2024/02/27,20:33:47,CMA610,LFPGVHHH,390,-19,41 N,29.7,208.0,30.0,18603.2,83.520,-0.494,-2.2,-1.9,11078.0,57046.0,55787.,55787.,0.0,0.,10834.,10834.0,0.,0.0,6252.,4.1,6252.0,2.5,0.0,0.0,0.,0.0,12918.0,12505.,3.3,0.03755,0.03806,-1.4,0.834,260,485.,502.,-0.009,0.010,0,2352448.,901629,901630, , ,2024-02-27 20:33:47,True,False,False,3.4405165273522953
2024-02-27,FHMRF,FHMRF,2024/02/27,20:56:40,CMA610,LFPGVHHH,390,-21,41 N,29.4,205.8,30.0,18603.2,83.350,-0.256,-1.2,-0.9,11035.0,56822.0,56167.,56167.,0.0,0.,10908.,10908.0,0.,0.0,6259.,4.2,6259.0,2.7,0.0,0.0,0.,0.0,12950.0,12517.,3.5,0.03727,0.03821,-2.5,0.833,259,483.,508.,-0.002,0.016,0,2326699.,901629,901630, , ,2024-02-27 20:56:40,True,False,False,3.432604162956897
2024-02-27,FHMRF,FHMRF,2024/02/27,21:01:31,CMA610,LFPGVHHH,390,-22,41 N,29.3,205.3,30.0,18603.2,83.280,-0.435,-1.9,-1.6,11104.0,57180.0,56068.,56068.,0.0,0.,10888.,10888.0,0.,0.0,6246.,4.4,6246.0,2.6,0.0,0.0,0.,0.0,12928.0,12491.,3.5,0.03732,0.038,-1.8,0.833,259,482.,510.,0.006,0.004,0,2321373.,901629,901630, , ,2024-02-27 21:01:31,True,False,False,3.4249475873100783
2024-02-27,FHMRF,FHMRF,2024/02/27,21:04:31,CMA610,LFPGVHHH,390,-22,41 N,29.2,205.0,30.0,18603.2,83.260,-0.431,-1.9,-1.6,11100.0,57158.0,56055.,56055.,0.0,0.,10886.,10886.0,0.,0.0,6243.,4.1,6243.0,2.5,0.0,0.0,0.,0.0,12899.0,12486.,3.3,0.0374,0.03801,-1.6,0.833,259,482.,511.,0.007,-0.004,0,2318029.,901629,901630, , ,2024-02-27 21:04:31,True,False,False,3.4175533683059784
2024-02-27,FHMRF,FHMRF,2024/02/27,21:11:31,CMA610,LFPGVHHH,390,-22,41 N,29.1,204.3,30.0,18605.1,82.980,-0.493,-2.2,-1.9,11018.0,56736.0,55474.,55474.,0.0,0.,10773.,10773.0,0.,0.0,6179.,4.3,6179.0,3.0,0.0,0.0,0.,0.0,12812.0,12357.,3.7,0.03763,0.03828,-1.7,0.833,259,482.,515.,0.003,-0.009,0,2310216.,901629,901630, , ,2024-02-27 21:11:31,True,False,False,3.4104273075729594
2024-02-28,FHMRF,FHMRF,2024/02/28,13:17:29,CMA611,VHHHLFPG,320,-24,43 N,28.6,267.5,31.0,18595.3,81.540,-0.261,-1.0,-0.8,14614.0,53948.0,53398.,53395.,0.0,0.,14466.,14465.0,0.,0.0,8148.,3.7,8148.0,2.6,0.0,0.0,0.,0.0,16808.0,16296.,3.1,0.02848,0.02914,-2.3,0.831,303,479.,437.,0.023,-0.006,0,2181998.,901629,901630, , ,2024-02-28 13:17:29,True,False,False,3.403574428934209
2024-02-28,FHMRF,FHMRF,2024/02/28,13:33:18,CMA611,VHHHLFPG,340,-28,43 N,28.2,265.4,31.0,18595.3,82.250,-0.444,-2.0,-1.7,14178.0,57465.0,56328.,56324.,0.0,0.,13897.,13896.0,0.,0.0,7769.,3.6,7769.0,2.5,0.0,0.0,0.,0.0,16012.0,15538.,3.1,0.02975,0.03014,-1.3,0.833,291,476.,441.,0.005,-0.046,0,2377103.,901629,901630, , ,2024-02-28 13:33:18,True,False,False,3.3969989702543315
2024-02-28,FHMRF,FHMRF,2024/02/28,13:52:24,CMA611,VHHHLFPG,340,-28,44 N,27.8,263.1,31.0,18597.4,82.410,-0.463,-2.1,-1.7,14257.0,57788.0,56604.,56601.,0.0,0.,13965.,13965.0,0.,0.0,7804.,4.2,7804.0,2.5,0.0,0.0,0.,0.0,16133.0,15608.,3.4,0.02951,0.02997,-1.5,0.832,291,476.,459.,0.018,0.001,0,2356360.,901629,901630, , ,2024-02-28 13:52:24,True,False,False,3.3907043786724316
2024-02-28,FHMRF,FHMRF,2024/02/28,14:53:19,CMA611,VHHHLFPG,340,-28,45 N,26.7,255.8,31.0,18599.0,81.840,-0.475,-2.1,-1.8,13881.0,56258.0,55072.,55069.,0.0,0.,13588.,13587.0,0.,0.0,7599.,4.1,7599.0,3.1,0.0,0.0,0.,0.0,15743.0,15198.,3.6,0.03015,0.03068,-1.7,0.829,289,475.,524.,0.019,0.015,2,2290297.,901629,901630, , ,2024-02-28 14:53:19,True,False,False,3.3846933092191454
2024-02-28,FHMRF,FHMRF,2024/02/28,14:58:06,CMA611,VHHHLFPG,340,-27,45 N,26.6,255.2,30.0,18602.1,81.675,-0.323,-1.2,-1.0,13618.0,55194.0,54498.,54516.,0.0,0.,13446.,13451.0,0.,0.0,7541.,3.5,7544.0,2.7,0.0,0.0,0.,0.0,15554.0,15085.,3.1,0.03059,0.03123,-2.1,0.83,290,476.,527.,0.002,0.023,0,2285135.,901629,901630, , ,2024-02-28 14:58:06,True,False,False,3.3789676268073796
2024-02-28,FHMRF,FHMRF,2024/02/28,15:39:21,CMA611,VHHHLFPG,340,-25,42 N,26.1,250.4,32.0,18601.1,81.740,-0.135,-0.5,-0.3,13396.0,54295.0,54011.,54008.,0.0,0.,13326.,13325.0,0.,0.0,7503.,3.4,7504.0,2.7,0.0,0.0,0.,0.0,15461.0,15007.,3.0,0.03082,0.03165,-2.6,0.828,289,476.,551.,0.004,-0.025,0,2241287.,901629,901630, , ,2024-02-28 15:39:21,True,False,False,3.373528411577394
2024-02-28,FHMRF,FHMRF,2024/02/28,17:33:09,CMA611,VHHHLFPG,340,-24,43 N,25.2,237.5,26.0,18597.1,81.120,-0.175,-0.7,-0.5,13020.0,52769.0,52399.,52396.,0.0,0.,12929.,12928.0,0.,0.0,7328.,3.2,7329.0,2.3,0.0,0.0,0.,0.0,15059.0,14657.,2.7,0.0318,0.03252,-2.2,0.831,290,479.,457.,0.011,0.002,0,2125696.,901629,901630, , ,2024-02-28 17:33:09,True,False,False,3.368375967569459
2024-02-28,FHMRF,FHMRF,2024/02/28,17:36:09,CMA611,VHHHLFPG,340,-25,43 N,25.2,237.1,26.0,18597.1,81.210,-0.262,-1.0,-0.8,13136.0,53242.0,52689.,52686.,0.0,0.,12999.,12999.0,0.,0.0,7355.,3.0,7356.0,1.9,0.0,0.0,0.,0.0,15074.0,14711.,2.5,0.03172,0.03224,-1.6,0.83,290,478.,460.,0.022,-0.004,0,2122772.,901629,901630, , ,2024-02-28 17:36:09,True,False,False,3.363509834688038
2024-02-29,FHMRF,FHMRF,2024/02/29,10:54:45,CMA630,LFPGZSPD,330,-29,45 N,29.5,267.6,31.0,18602.0,81.430,-0.393,-1.7,-1.4,14429.0,55800.0,54861.,54871.,0.0,0.,14186.,14189.0,0.,0.0,7902.,4.2,7899.0,3.0,0.0,0.0,0.,0.0,16364.0,15801.,3.6,0.02903,0.02964,-2.1,0.833,297,475.,442.,0.02,-0.005,0,2277225.,901629,901630, , ,2024-02-29 10:54:45,True,False,False,3.358928803902214
2024-03-01,FHMRF,FHMRF,2024/03/01,00:28:38,CMA631,ZSPDLFPG,301,-24,42 N,29.3,301.4,31.0,18609.8,81.685,-0.193,-0.8,-0.6,15954.0,53967.0,53549.,53570.,0.0,0.,15830.,15837.0,0.,0.0,8886.,3.4,8890.0,2.4,0.0,0.0,0.,0.0,18292.0,17776.,2.9,0.02617,0.02677,-2.3,0.83,316,479.,485.,0.003,0.010,0,2253334.,901629,901630, , ,2024-03-01 00:28:38,True,False,False,3.354630935594241
2024-03-01,FHMRF,FHMRF,2024/03/01,00:38:06,CMA631,ZSPDLFPG,301,-24,42 N,29.5,300.1,32.0,18611.8,81.740,-0.19,-0.7,-0.6,15971.0,54029.0,53629.,53629.,0.0,0.,15853.,15853.0,0.,0.0,8894.,3.3,8894.0,2.7,0.0,0.0,0.,0.0,18320.0,17789.,3.0,0.02611,0.02673,-2.3,0.829,316,478.,494.,0.009,-0.024,0,2244121.,901629,901630, , ,2024-03-01 00:38:06,True,False,False,3.350613580927255
2024-03-01,FHMRF,FHMRF,2024/03/01,03:31:38,CMA631,ZSPDLFPG,340,-31,48 N,29.4,277.0,30.0,18603.2,82.590,-0.58,-2.6,-2.2,14799.0,59982.0,58451.,58451.,0.0,0.,14421.,14421.0,0.,0.0,7978.,3.2,7978.0,2.5,0.0,0.0,0.,0.0,16414.0,15956.,2.9,0.02881,0.02899,-0.6,0.832,291,473.,466.,0.007,-0.050,0,2481766.,901629,901630, , ,2024-03-01 03:31:38,True,False,False,3.346873406064613
2024-03-01,FHMRF,FHMRF,2024/03/01,04:37:41,CMA631,ZSPDLFPG,340,-31,46 N,28.1,268.8,31.0,18605.0,81.850,-0.321,-1.4,-1.2,14117.0,57216.0,56389.,56389.,0.0,0.,13913.,13913.0,0.,0.0,7720.,4.6,7720.0,2.8,0.0,0.0,0.,0.0,16018.0,15440.,3.7,0.02952,0.03027,-2.5,0.831,290,473.,488.,-0.009,0.001,0,2407884.,901629,901630, , ,2024-03-01 04:37:41,True,False,False,3.3434064190418806
2024-03-01,FHMRF,FHMRF,2024/03/01,04:44:55,CMA631,ZSPDLFPG,340,-31,46 N,28.0,267.9,31.0,18604.4,81.775,-0.534,-2.4,-2.0,14211.0,57598.0,56209.,56235.,0.0,0.,13869.,13875.0,0.,0.0,7701.,4.4,7705.0,3.3,0.0,0.0,0.,0.0,15997.0,15406.,3.8,0.02958,0.0301,-1.7,0.832,290,473.,488.,-0.001,0.000,0,2399453.,901629,901630, , ,2024-03-01 04:44:55,True,False,False,3.340207999066121
2024-03-01,FHMRF,FHMRF,2024/03/01,04:49:12,CMA631,ZSPDLFPG,340,-31,45 N,27.9,267.4,31.0,18601.9,81.860,-0.248,-1.1,-0.9,14076.0,57050.0,56410.,56410.,0.0,0.,13918.,13918.0,0.,0.0,7724.,4.4,7724.0,3.1,0.0,0.0,0.,0.0,16029.0,15448.,3.8,0.0295,0.03034,-2.8,0.831,290,473.,489.,-0.007,0.012,0,2394730.,901629,901630, , ,2024-03-01 04:49:12,True,False,False,3.337272927996056
2024-03-01,FHMRF,FHMRF,2024/03/01,04:52:12,CMA631,ZSPDLFPG,340,-30,45 N,27.9,267.1,31.0,18602.5,81.900,-0.486,-2.2,-1.8,14241.0,57717.0,56465.,56465.,0.0,0.,13932.,13932.0,0.,0.0,7733.,4.0,7733.0,2.9,0.0,0.0,0.,0.0,16000.0,15466.,3.5,0.02956,0.03002,-1.5,0.831,290,473.,489.,0.005,0.002,0,2391425.,901629,901630, , ,2024-03-01 04:52:12,True,False,False,3.3345954237478024
2024-03-01,FHMRF,FHMRF,2024/03/01,04:56:20,CMA631,ZSPDLFPG,340,-30,45 N,27.8,266.5,31.0,18600.6,82.100,-0.531,-2.3,-2.0,14398.0,58356.0,56989.,56989.,0.0,0.,14060.,14060.0,0.,0.0,7799.,4.5,7799.0,2.6,0.0,0.0,0.,0.0,16153.0,15598.,3.6,0.02927,0.02971,-1.5,0.831,290,473.,490.,0.017,-0.004,0,2386977.,901629,901630, , ,2024-03-01 04:56:20,True,False,False,3.3321691753801392
2024-03-02,FHMRF,FHMRF,2024/03/02,02:40:27,CMA610,LFPGVHHH,411,-22,24 N,28.0,172.7,24.0,18621.7,81.250,-0.402,-1.6,-1.3,9255.0,52716.0,51860.,51856.,0.0,0.,9104.,9104.0,0.,0.0,5280.,3.1,5281.0,2.1,0.0,0.0,0.,0.0,10836.0,10561.,2.6,0.04445,0.04503,-1.3,0.833,247,482.,567.,-0.021,-0.021,0,2153578.,901629,901630, , ,2024-03-02 02:40:27,True,False,False,3.3299873796366217
2024-03-03,FHMRF,FHMRF,2024/03/03,08:14:57,CMA630,LFPGZSPD,330,-24,44 N,31.8,297.6,30.0,18613.6,84.715,-0.285,-1.2,-1.2,16025.0,61972.0,61197.,61224.,0.0,0.,15824.,15831.0,0.,0.0,8792.,3.7,8796.0,2.9,0.0,0.0,0.,0.0,18172.0,17588.,3.3,0.02632,0.02688,-2.1,0.83,296,478.,474.,0.018,0.000,0,2531463.,901629,901630, , ,2024-03-03 08:14:57,True,False,False,3.328042778747546
2024-03-03,FHMRF,FHMRF,2024/03/03,09:58:09,CMA630,LFPGZSPD,330,-24,41 N,33.8,283.7,30.0,18613.7,83.310,-0.396,-1.7,-1.5,15133.0,58524.0,57514.,57525.,0.0,0.,14872.,14875.0,0.,0.0,8339.,3.3,8337.0,3.0,0.0,0.0,0.,0.0,17203.0,16676.,3.2,0.02786,0.02832,-1.6,0.832,297,479.,467.,0.017,-0.006,0,2412018.,901629,901630, , ,2024-03-03 09:58:09,True,False,False,3.3263276993108257
2024-03-03,FHMRF,FHMRF,2024/03/03,11:52:53,CMA630,LFPGZSPD,330,-25,47 N,30.8,269.2,31.0,18605.9,82.000,-0.187,-0.7,-0.5,14257.0,55132.0,54731.,54741.,0.0,0.,14153.,14156.0,0.,0.0,7951.,4.0,7949.0,3.3,0.0,0.0,0.,0.0,16480.0,15901.,3.6,0.02902,0.02992,-3.0,0.832,297,478.,463.,0.005,-0.004,0,2290141.,901629,901630, , ,2024-03-03 11:52:53,True,False,False,3.3248340920717308
2024-03-03,FHMRF,FHMRF,2024/03/03,15:14:22,CMA630,LFPGZSPD,331,-24,42 N,28.9,245.1,26.0,18612.8,80.450,-0.235,-1.1,-0.9,13161.0,51135.0,50557.,50566.,0.0,0.,13012.,13015.0,0.,0.0,7358.,3.8,7356.0,2.5,0.0,0.0,0.,0.0,15176.0,14713.,3.1,0.03133,0.03203,-2.2,0.823,293,475.,523.,0.006,0.004,0,2092303.,901629,901630, , ,2024-03-03 15:14:22,True,False,False,3.323553572411033
2024-03-03,FHMRF,FHMRF,2024/03/03,16:11:50,CMA630,LFPGZSPD,331,-25,41 N,28.8,238.7,27.0,18608.8,80.055,-0.161,-0.8,-0.6,12940.0,50275.0,49866.,49899.,0.0,0.,12835.,12843.0,0.,0.0,7221.,3.6,7222.0,2.6,0.0,0.0,0.,0.0,14890.0,14443.,3.1,0.0316,0.03239,-2.4,0.815,290,470.,541.,0.015,0.014,0,2035856.,901629,901630, , ,2024-03-03 16:11:50,True,False,False,3.3224774613391697
2024-03-04,FHMRF,FHMRF,2024/03/04,04:02:30,CMA631,ZSPDLFPG,320,-26,43 N,30.4,282.5,32.0,18612.8,82.130,-0.43,-1.9,-1.7,15260.0,56332.0,55234.,55234.,0.0,0.,14963.,14963.0,0.,0.0,8360.,4.3,8360.0,3.0,0.0,0.0,0.,0.0,17336.0,16721.,3.7,0.02752,0.02806,-1.9,0.831,303,477.,464.,0.022,0.002,0,2304990.,901629,901630, , ,2024-03-04 04:02:30,True,False,False,3.321596826786887
2024-03-04,FHMRF,FHMRF,2024/03/04,05:11:32,CMA631,ZSPDLFPG,340,-27,41 N,29.1,273.3,31.0,18609.9,83.590,-0.467,-2.1,-1.8,14986.0,60743.0,59484.,59484.,0.0,0.,14676.,14676.0,0.,0.0,8166.,3.4,8166.0,3.2,0.0,0.0,0.,0.0,16871.0,16332.,3.3,0.02821,0.02862,-1.4,0.831,290,476.,460.,0.031,-0.006,0,2447769.,901629,901630, , ,2024-03-04 05:11:32,True,False,False,3.3209025249794855
2024-03-04,FHMRF,FHMRF,2024/03/04,05:11:46,CMA631,ZSPDLFPG,340,-27,41 N,29.1,273.3,32.0,18613.8,83.630,-0.448,-2.0,-1.7,14998.0,60790.0,59581.,59581.,0.0,0.,14700.,14700.0,0.,0.0,8172.,4.2,8172.0,3.1,0.0,0.0,0.,0.0,16937.0,16344.,3.6,0.02807,0.02858,-1.8,0.83,290,475.,460.,0.033,0.001,0,2447512.,901629,901630, , ,2024-03-04 05:11:46,True,False,False,3.3203852416795296
2024-03-04,FHMRF,FHMRF,2024/03/04,05:11:50,CMA631,ZSPDLFPG,340,-27,41 N,29.1,273.2,32.0,18613.8,83.640,-0.437,-1.9,-1.7,14997.0,60786.0,59608.,59608.,0.0,0.,14707.,14707.0,0.,0.0,8176.,4.2,8176.0,3.0,0.0,0.0,0.,0.0,16942.0,16351.,3.6,0.02806,0.02859,-1.8,0.83,290,475.,460.,0.033,-0.001,0,2447439.,901629,901630, , ,2024-03-04 05:11:50,True,False,False,3.3200355330834914
2024-03-04,FHMRF,FHMRF,2024/03/04,05:30:16,CMA631,ZSPDLFPG,340,-28,41 N,28.8,271.1,32.0,18613.8,82.845,-0.437,-1.9,-1.6,14569.0,59050.0,57917.,57942.,0.0,0.,14289.,14296.0,0.,0.0,7954.,4.1,7957.0,2.5,0.0,0.0,0.,0.0,16440.0,15911.,3.3,0.02893,0.02941,-1.6,0.832,291,476.,482.,0.011,-0.004,0,2428046.,901629,901630, , ,2024-03-04 05:30:16,True,False,False,3.319843866164185
2024-03-04,FHMRF,FHMRF,2024/03/04,06:08:32,CMA631,ZSPDLFPG,340,-29,42 N,28.3,266.5,32.0,18617.2,82.170,-0.413,-1.8,-1.5,14196.0,57540.0,56480.,56480.,0.0,0.,13935.,13935.0,0.,0.0,7758.,4.3,7758.0,3.1,0.0,0.0,0.,0.0,16089.0,15516.,3.7,0.02952,0.03014,-2.0,0.832,290,475.,503.,0.003,0.002,0,2386785.,901629,901630, , ,2024-03-04 06:08:32,True,False,False,3.3198006582630692
2024-03-04,FHMRF,FHMRF,2024/03/04,08:33:34,CMA631,ZSPDLFPG,360,-30,46 N,27.5,249.2,26.0,18616.5,83.540,-0.387,-1.7,-1.4,13799.0,61514.0,60458.,60458.,0.0,0.,13563.,13563.0,0.,0.0,7526.,4.1,7526.0,2.4,0.0,0.0,0.,0.0,15537.0,15052.,3.2,0.03051,0.03104,-1.7,0.832,278,474.,464.,0.032,0.006,0,2454534.,901629,901630, , ,2024-03-04 08:33:34,True,False,False,3.319896315751883
2024-03-04,FHMRF,FHMRF,2024/03/04,08:40:17,CMA631,ZSPDLFPG,360,-29,47 N,27.5,248.4,26.0,18615.9,83.040,-0.469,-2.1,-1.8,13500.0,60179.0,58921.,58921.,0.0,0.,13218.,13218.0,0.,0.0,7359.,4.1,7359.0,2.5,0.0,0.0,0.,0.0,15201.0,14718.,3.3,0.03124,0.0317,-1.4,0.833,278,475.,473.,0.013,-0.003,0,2446777.,901629,901630, , ,2024-03-04 08:40:17,True,False,False,3.3201212715988317
2024-03-04,FHMRF,FHMRF,2024/03/04,18:59:32,CMA610,LFPGVHHH,390,-26,41 N,30.8,212.0,30.0,18612.7,82.795,-0.28,-1.3,-1.0,11134.0,57333.0,56595.,56625.,0.0,0.,10991.,10997.0,0.,0.0,6241.,4.3,6243.0,2.5,0.0,0.0,0.,0.0,12909.0,12484.,3.4,0.0371,0.03799,-2.3,0.834,260,479.,488.,-0.017,-0.004,0,2397846.,901629,901630, , ,2024-03-04 18:59:32,True,False,False,3.320466021688288
2024-03-04,FHMRF,FHMRF,2024/03/04,19:29:57,CMA610,LFPGVHHH,390,-25,41 N,30.2,209.0,30.0,18616.0,82.795,-0.442,-2.0,-1.6,11170.0,57516.0,56362.,56392.,0.0,0.,10945.,10951.0,0.,0.0,6225.,4.0,6227.0,2.8,0.0,0.0,0.,0.0,12875.0,12451.,3.4,0.03724,0.03788,-1.7,0.834,260,480.,489.,-0.002,-0.012,0,2363563.,901629,901630, , ,2024-03-04 19:29:57,True,False,False,3.32092115975286
2024-03-04,FHMRF,FHMRF,2024/03/04,20:13:55,CMA610,LFPGVHHH,390,-28,41 N,29.4,204.8,30.0,18614.9,82.015,-0.379,-1.7,-1.4,11009.0,56689.0,55692.,55722.,0.0,0.,10815.,10821.0,0.,0.0,6107.,3.8,6109.0,2.8,0.0,0.0,0.,0.0,12621.0,12216.,3.3,0.03771,0.03841,-1.8,0.833,259,476.,485.,0.003,0.000,0,2315794.,901629,901630, , ,2024-03-04 20:13:55,True,False,False,3.321477410782373
2024-03-04,FHMRF,FHMRF,2024/03/04,21:07:02,CMA610,LFPGVHHH,390,-29,41 N,28.6,199.8,30.0,18617.8,81.120,-0.573,-2.3,-1.9,10750.0,55352.0,54086.,54090.,0.0,0.,10504.,10505.0,0.,0.0,5931.,4.4,5930.0,2.9,0.0,0.0,0.,0.0,12289.0,11861.,3.6,0.03864,0.03927,-1.6,0.833,259,475.,486.,0.001,0.011,0,2259176.,901629,901630, , ,2024-03-04 21:07:02,True,False,False,3.3221256627775255
2024-03-05,FHMRF,FHMRF,2024/03/05,02:43:30,CMA610,LFPGVHHH,311,-6,23 N,26.9,170.1,25.0,18617.7,74.250,-0.38,-1.9,-1.5,9642.0,34143.0,33497.,33499.,0.0,0.,9459.,9460.0,0.,0.0,5503.,3.5,5503.0,2.4,0.0,0.0,0.,0.0,11326.0,11006.,2.9,0.03807,0.0386,-1.4,0.71,260,431.,494.,-0.005,-0.033,0,1319285.,901629,901630, , ,2024-03-05 02:43:30,True,False,False,3.3228569967192985
2024-03-05,FHMRF,FHMRF,2024/03/05,15:31:22,CMA611,VHHHLFPG,320,-26,45 N,33.1,279.9,32.0,18604.9,81.810,-0.231,-0.9,-0.7,14948.0,55177.0,54686.,54689.,0.0,0.,14815.,14816.0,0.,0.0,8288.,3.9,8287.0,2.8,0.0,0.0,0.,0.0,17130.0,16574.,3.4,0.02786,0.0286,-2.6,0.832,304,477.,470.,0.013,0.005,0,2283838.,901629,901630, , ,2024-03-05 15:31:22,True,False,False,3.3236627146293465
2024-03-06,FHMRF,FHMRF,2024/03/06,10:36:09,CMA630,LFPGZSPD,350,-29,42 N,32.6,260.3,30.0,18616.6,82.600,-0.473,-2.1,-1.8,13860.0,58903.0,57683.,57690.,0.0,0.,13573.,13575.0,0.,0.0,7540.,3.9,7539.0,3.2,0.0,0.0,0.,0.0,15610.0,15079.,3.5,0.03035,0.03086,-1.7,0.83,283,474.,526.,0.014,-0.019,0,2431666.,901629,901630, , ,2024-03-06 10:36:09,True,False,False,3.3245343655998174
2024-03-06,FHMRF,FHMRF,2024/03/06,13:03:20,CMA630,LFPGZSPD,370,-33,47 N,30.0,243.6,30.0,18619.0,82.890,-0.256,-1.2,-0.9,12968.0,60657.0,59954.,59950.,0.0,0.,12818.,12817.0,0.,0.0,7073.,4.8,7074.0,2.9,0.0,0.0,0.,0.0,14687.0,14148.,3.8,0.03205,0.03296,-2.8,0.831,271,471.,503.,0.002,-0.009,0,2504878.,901629,901630, , ,2024-03-06 13:03:20,True,False,False,3.32546376967151
2024-03-07,FHMRF,FHMRF,2024/03/07,03:50:45,CMA631,ZSPDLFPG,320,-29,47 N,34.5,290.5,32.0,18619.7,82.010,-0.31,-1.4,-1.2,15421.0,56924.0,56128.,56128.,0.0,0.,15206.,15206.0,0.,0.0,8430.,3.4,8430.0,3.8,0.0,0.0,0.,0.0,17472.0,16860.,3.6,0.02718,0.02784,-2.4,0.832,304,475.,445.,0.012,0.010,0,2369266.,901629,901630, , ,2024-03-07 03:50:45,True,False,False,3.3264430394390665
2024-03-08,FHMRF,FHMRF,2024/03/08,20:06:42,CMA611,VHHHLFPG,360,-30,49 N,24.9,238.9,26.0,18601.1,81.990,-0.442,-2.0,-1.6,12949.0,57724.0,56580.,56584.,0.0,0.,12693.,12694.0,0.,0.0,7082.,4.6,7081.0,3.2,0.0,0.0,0.,0.0,14717.0,14163.,3.9,0.03221,0.03293,-2.2,0.833,278,474.,477.,0.007,0.000,0,2353911.,901629,901630, , ,2024-03-08 20:06:42,True,False,False,3.327464599267094
2024-03-10,FHMRF,FHMRF,2024/03/10,21:49:18,CMA610,LFPGVHHH,370,-31,41 N,29.0,229.9,31.0,18620.7,81.135,-0.323,-1.4,-1.1,11900.0,55662.0,54903.,54878.,0.0,0.,11738.,11733.0,0.,0.0,6539.,4.5,6537.0,3.1,0.0,0.0,0.,0.0,13575.0,13076.,3.8,0.03477,0.03569,-2.6,0.831,271,472.,543.,-0.021,-0.021,0,2360812.,901629,901630, , ,2024-03-10 21:49:18,True,False,False,3.32852120201692
2024-03-11,FHMRF,FHMRF,2024/03/11,12:49:24,CMA611,VHHHLFPG,321,-23,42 N,31.3,291.9,30.0,18597.9,83.220,0.001,0.0,0.1,15331.0,56852.0,56852.,56855.,0.0,0.,15331.,15331.0,0.,0.0,8630.,3.1,8629.0,2.6,0.0,0.0,0.,0.0,17750.0,17258.,2.8,0.02712,0.02793,-2.9,0.834,304,481.,425.,-0.007,0.037,0,2391604.,901629,901630, , ,2024-03-11 12:49:24,True,False,False,3.3296059432098835
2024-03-12,FHMRF,FHMRF,2024/03/12,18:43:34,CMA610,LFPGVHHH,390,-36,42 N,29.4,202.9,31.0,18609.8,80.530,-0.356,-1.7,-1.4,10895.0,56103.0,55175.,55175.,0.0,0.,10715.,10715.0,0.,0.0,5929.,4.5,5929.0,3.4,0.0,0.0,0.,0.0,12328.0,11858.,4.0,0.03788,0.03884,-2.5,0.83,259,467.,532.,0.008,-0.004,0,2294122.,901629,901630, , ,2024-03-12 18:43:34,True,False,False,3.3307122725847287
2024-03-12,FHMRF,FHMRF,2024/03/12,18:48:29,CMA610,LFPGVHHH,390,-36,42 N,29.3,202.5,32.0,18609.3,80.670,-0.477,-2.2,-1.9,11064.0,56971.0,55714.,55714.,0.0,0.,10820.,10820.0,0.,0.0,5976.,4.7,5976.0,3.0,0.0,0.0,0.,0.0,12411.0,11952.,3.8,0.03759,0.0383,-1.9,0.83,258,467.,537.,0.024,0.022,0,2288780.,901629,901630, , ,2024-03-12 18:48:29,True,False,False,3.331834003036585
2024-03-13,FHMRF,FHMRF,2024/03/13,01:44:15,CMA610,LFPGVHHH,411,-23,27 N,25.6,165.8,25.0,18611.1,80.930,-0.179,-0.9,-0.6,9096.0,51812.0,51367.,51367.,0.0,0.,9018.,9018.0,0.,0.0,5200.,3.1,5200.0,1.9,0.0,0.0,0.,0.0,10663.0,10401.,2.5,0.04471,0.04556,-1.9,0.825,244,477.,548.,-0.006,0.038,0,2070250.,901629,901630, , ,2024-03-13 01:44:15,True,False,False,3.3329653169485236
2024-03-15,FHMRF,FHMRF,2024/03/15,21:17:33,CMA610,LFPGVHHH,390,-32,41 N,28.2,211.7,30.0,18614.0,82.230,-0.512,-2.3,-1.9,11451.0,58965.0,57628.,57632.,0.0,0.,11191.,11192.0,0.,0.0,6248.,4.6,6247.0,3.5,0.0,0.0,0.,0.0,13004.0,12495.,4.1,0.03628,0.03704,-2.1,0.831,259,472.,506.,0.012,-0.003,0,2393873.,901629,901630, , ,2024-03-15 21:17:33,True,False,False,3.334100769944707
2024-03-17,FHMRF,FHMRF,2024/03/17,08:19:13,CMA630,LFPGZSPD,330,-24,44 N,34.0,275.9,32.0,18622.6,82.715,-0.299,-1.3,-1.1,14639.0,56612.0,55842.,55864.,0.0,0.,14440.,14445.0,0.,0.0,8099.,4.0,8103.0,3.0,0.0,0.0,0.,0.0,16767.0,16202.,3.5,0.02854,0.0292,-2.2,0.83,296,479.,509.,0.014,0.006,0,2346214.,901629,901630, , ,2024-03-17 08:19:13,True,False,False,3.3352352921093193
2024-03-17,FHMRF,FHMRF,2024/03/17,12:25:47,CMA630,LFPGZSPD,350,-31,47 N,30.8,246.5,30.0,18614.9,80.610,-0.38,-1.5,-1.2,12828.0,54517.0,53694.,53698.,0.0,0.,12635.,12635.0,0.,0.0,7045.,4.6,7045.0,2.5,0.0,0.0,0.,0.0,14588.0,14090.,3.5,0.03245,0.03319,-2.2,0.833,285,473.,496.,-0.014,-0.002,0,2303488.,901629,901630, , ,2024-03-17 12:25:47,True,False,False,3.3363641867278324
2024-03-17,FHMRF,FHMRF,2024/03/17,12:33:34,CMA630,LFPGZSPD,350,-32,47 N,30.8,245.6,30.0,18614.9,80.935,-0.365,-1.5,-1.2,13041.0,55422.0,54607.,54589.,0.0,0.,12849.,12845.0,0.,0.0,7140.,4.4,7137.0,2.6,0.0,0.0,0.,0.0,14773.0,14276.,3.5,0.03197,0.03268,-2.2,0.832,284,472.,498.,0.005,0.008,0,2295254.,901629,901630, , ,2024-03-17 12:33:34,True,False,False,3.337483126618018
2024-03-17,FHMRF,FHMRF,2024/03/17,13:05:01,CMA630,LFPGZSPD,351,-32,47 N,30.5,242.1,26.0,18614.0,80.900,-0.418,-1.7,-1.4,13000.0,55508.0,54556.,54559.,0.0,0.,12777.,12778.0,0.,0.0,7089.,4.2,7089.0,2.7,0.0,0.0,0.,0.0,14666.0,14178.,3.4,0.03212,0.03276,-1.9,0.83,283,471.,507.,0.016,-0.004,0,2273981.,901629,901630, , ,2024-03-17 13:05:01,True,False,False,3.33858814813184
2024-03-18,FHMRF,FHMRF,2024/03/18,03:03:47,CMA631,ZSPDLFPG,320,-24,48 N,32.6,287.4,32.0,18611.8,82.550,-0.261,-1.2,-1.0,15216.0,56165.0,55498.,55505.,0.0,0.,15035.,15037.0,0.,0.0,8445.,3.6,8443.0,2.6,0.0,0.0,0.,0.0,17410.0,16888.,3.1,0.02754,0.02812,-2.0,0.832,304,480.,463.,0.005,0.007,0,2345112.,901629,901630, , ,2024-03-18 03:03:47,True,False,False,3.33967564292628
2024-03-18,FHMRF,FHMRF,2024/03/18,22:25:29,CMA610,LFPGVHHH,391,-32,43 N,27.7,186.3,26.0,18616.8,80.010,-0.255,-1.0,-0.8,10288.0,53230.0,52679.,52675.,0.0,0.,10181.,10180.0,0.,0.0,5710.,4.4,5710.0,3.1,0.0,0.0,0.,0.0,11850.0,11420.,3.8,0.03972,0.04088,-2.9,0.83,258,471.,474.,0.013,0.013,0,2118412.,901629,901630, , ,2024-03-18 22:25:29,True,False,False,3.3407423476166342
2024-03-20,FHMRF,FHMRF,2024/03/20,12:05:53,CMA630,LFPGZSPD,370,-28,48 N,30.7,230.2,30.0,18616.6,82.420,-0.774,-3.4,-3.0,12548.0,58694.0,56703.,56699.,0.0,0.,12123.,12122.0,0.,0.0,6795.,3.7,6796.0,2.7,0.0,0.0,0.,0.0,14021.0,13591.,3.2,0.03389,0.03392,-0.1,0.831,271,475.,577.,0.027,-0.008,0,2365358.,901629,901630, , ,2024-03-20 12:05:53,True,False,False,3.3417853314363173
2024-03-21,FHMRF,FHMRF,2024/03/21,03:11:20,CMA631,ZSPDLFPG,320,-19,47 N,34.2,287.5,30.0,18604.6,83.810,-0.156,-0.7,-0.5,15393.0,56820.0,56428.,56428.,0.0,0.,15287.,15287.0,0.,0.0,8698.,3.5,8698.0,2.8,0.0,0.0,0.,0.0,17940.0,17396.,3.1,0.02708,0.02778,-2.5,0.834,305,486.,414.,0.013,-0.001,0,2345634.,901629,901630, , ,2024-03-21 03:11:20,True,False,False,3.342801982033409
2024-03-21,FHMRF,FHMRF,2024/03/21,03:14:38,CMA631,ZSPDLFPG,320,-19,47 N,34.2,287.0,30.0,18604.6,83.660,-0.045,-0.2,-0.1,15238.0,56250.0,56137.,56137.,0.0,0.,15208.,15208.0,0.,0.0,8652.,4.0,8652.0,2.9,0.0,0.0,0.,0.0,17900.0,17304.,3.4,0.02713,0.02804,-3.3,0.834,305,486.,416.,0.005,0.010,0,2342108.,901629,901630, , ,2024-03-21 03:14:38,True,False,False,3.3437899895384775
2024-03-23,FHMRF,FHMRF,2024/03/23,14:41:56,CMA630,LFPGZSPD,391,-33,42 N,30.4,214.8,26.0,18604.8,82.770,-0.535,-2.4,-2.1,11821.0,61160.0,59685.,59685.,0.0,0.,11536.,11536.0,0.,0.0,6395.,4.9,6395.0,2.9,0.0,0.0,0.,0.0,13287.0,12790.,3.9,0.03537,0.03598,-1.7,0.83,258,470.,562.,0.033,0.032,0,2439986.,901629,901630, , ,2024-03-23 14:41:56,True,False,False,3.344747329041006
2024-03-23,FHMRF,FHMRF,2024/03/23,14:56:18,CMA630,LFPGZSPD,391,-34,41 N,30.4,213.4,26.0,18605.0,81.920,-0.265,-1.2,-0.9,11300.0,58466.0,57771.,57771.,0.0,0.,11165.,11165.0,0.,0.0,6198.,4.7,6198.0,2.7,0.0,0.0,0.,0.0,12857.0,12396.,3.7,0.03654,0.03754,-2.7,0.831,258,470.,544.,-0.004,0.013,0,2424735.,901629,901630, , ,2024-03-23 14:56:18,True,False,False,3.3456722416126032
2024-03-23,FHMRF,FHMRF,2024/03/23,23:42:42,CMA631,ZSPDLFPG,301,-9,42 N,30.7,320.9,30.0,18595.3,85.850,-0.262,-1.1,-1.1,17251.0,58355.0,57707.,57707.,0.0,0.,17060.,17060.0,0.,0.0,9845.,2.9,9845.0,3.2,0.0,0.0,0.,0.0,20298.0,19689.,3.1,0.02435,0.02484,-2.0,0.833,317,494.,411.,0.009,0.012,0,2399624.,901629,901630, , ,2024-03-23 23:42:42,True,False,False,3.3465632140176895
2024-03-23,FHMRF,FHMRF,2024/03/23,23:53:21,CMA631,ZSPDLFPG,301,-9,42 N,30.9,319.3,30.0,18599.2,85.830,-0.242,-1.0,-0.8,17240.0,58316.0,57713.,57716.,0.0,0.,17061.,17062.0,0.,0.0,9875.,3.5,9874.0,3.0,0.0,0.0,0.,0.0,20389.0,19748.,3.2,0.02423,0.0248,-2.3,0.833,317,494.,415.,0.014,0.009,0,2387418.,901629,901630, , ,2024-03-23 23:53:21,True,False,False,3.34741895726217
2024-03-24,FHMRF,FHMRF,2024/03/24,04:07:38,CMA631,ZSPDLFPG,320,-25,48 N,34.2,283.8,26.0,18593.0,82.220,-0.333,-1.4,-1.2,15113.0,55788.0,54983.,54986.,0.0,0.,14895.,14896.0,0.,0.0,8375.,4.5,8374.0,2.8,0.0,0.0,0.,0.0,17362.0,16749.,3.7,0.02761,0.02828,-2.4,0.833,304,479.,429.,0.011,-0.013,0,2315850.,901629,901630, , ,2024-03-24 04:07:38,True,False,False,3.3482383841465624
2024-03-25,FHMRF,FHMRF,2024/03/25,19:16:03,CMA611,VHHHLFPG,360,-25,47 N,29.7,244.7,26.0,18599.1,83.330,-0.369,-1.6,-1.3,13210.0,58885.0,57938.,57938.,0.0,0.,12997.,12997.0,0.,0.0,7337.,3.9,7337.0,2.7,0.0,0.0,0.,0.0,15158.0,14675.,3.3,0.03169,0.03231,-1.9,0.836,279,480.,392.,0.006,0.018,0,2409514.,901629,901630, , ,2024-03-25 19:16:03,True,False,False,3.3490205860037894
2024-03-30,FHMRF,FHMRF,2024/03/30,17:09:38,CMA611,VHHHLFPG,360,-27,42 N,25.3,253.0,26.0,18597.0,83.820,-0.347,-1.5,-1.3,13637.0,60792.0,59850.,59850.,0.0,0.,13426.,13426.0,0.,0.0,7515.,4.1,7515.0,2.6,0.0,0.0,0.,0.0,15536.0,15030.,3.4,0.03073,0.03135,-2.0,0.833,278,477.,440.,-0.002,-0.017,0,2492131.,901629,901630, , ,2024-03-30 17:09:38,True,False,False,3.349764808808551
2024-03-31,FHMRF,FHMRF,2024/03/31,15:22:14,CMA620,LFPGZSPD,391,-35,42 N,30.8,213.7,26.0,18615.0,81.510,-0.643,-2.9,-2.4,11410.0,59035.0,57347.,57343.,0.0,0.,11083.,11083.0,0.,0.0,6142.,4.8,6143.0,3.0,0.0,0.0,0.,0.0,12763.0,12286.,3.9,0.03677,0.03728,-1.3,0.833,259,469.,523.,0.003,-0.020,0,2428486.,901629,901630, , ,2024-03-31 15:22:14,True,False,False,3.3504704288484666
2024-03-31,FHMRF,FHMRF,2024/03/31,22:30:13,CMA621,ZSPDLFPG,301,-10,36 N,29.2,328.5,30.0,18607.9,85.700,-0.406,-1.7,-1.6,17383.0,58802.0,57795.,57789.,0.0,0.,17086.,17084.0,0.,0.0,9830.,3.8,9832.0,3.4,0.0,0.0,0.,0.0,20371.0,19663.,3.6,0.02418,0.02466,-1.9,0.832,317,493.,484.,-0.006,0.004,0,2450562.,901629,901630, , ,2024-03-31 22:30:13,True,False,False,3.3511369281526937
2024-04-01,FHMRF,FHMRF,2024/04/01,00:17:38,CMA621,ZSPDLFPG,321,-15,42 N,31.1,312.3,30.0,18604.6,86.430,-0.514,-2.1,-1.9,16971.0,62937.0,61590.,61590.,0.0,0.,16608.,16608.0,0.,0.0,9460.,3.1,9460.0,3.1,0.0,0.0,0.,0.0,19516.0,18921.,3.1,0.02498,0.02528,-1.2,0.831,303,488.,421.,0.013,-0.010,0,2560156.,901629,901630, , ,2024-04-01 00:17:38,True,False,False,3.351763869884159
2024-04-02,FHMRF,FHMRF,2024/04/02,12:05:20,CMA601,VHHHLFPG,320,-22,47 N,28.5,293.9,31.0,18604.6,83.290,-0.498,-2.2,-1.9,15626.0,57678.0,56417.,56417.,0.0,0.,15284.,15284.0,0.,0.0,8624.,3.6,8624.0,2.6,0.0,0.0,0.,0.0,17787.0,17248.,3.1,0.02708,0.0274,-1.2,0.832,304,482.,451.,0.001,0.011,0,2398270.,901629,901630, , ,2024-04-02 12:05:20,True,False,False,3.352350873916795
2024-04-03,FHMRF,FHMRF,2024/04/03,10:16:27,CMA620,LFPGZSPD,350,-25,46 N,33.3,239.4,30.0,18620.2,81.715,-0.481,-1.9,-1.7,12979.0,55157.0,54121.,54145.,0.0,0.,12735.,12741.0,0.,0.0,7142.,3.6,7143.0,2.6,0.0,0.0,0.,0.0,14723.0,14285.,3.1,0.03234,0.03277,-1.3,0.828,283,476.,574.,0.025,0.030,0,2235934.,901629,901630, , ,2024-04-03 10:16:27,True,False,False,3.352897592835332
2024-04-04,FHMRF,FHMRF,2024/04/04,06:21:58,CMA621,ZSPDLFPG,320,-24,47 N,29.5,281.3,30.0,18608.7,82.150,-0.208,-0.8,-0.6,14886.0,54952.0,54511.,54514.,0.0,0.,14767.,14768.0,0.,0.0,8319.,4.0,8318.0,3.0,0.0,0.0,0.,0.0,17217.0,16636.,3.5,0.02783,0.02864,-2.8,0.831,303,479.,503.,0.001,-0.011,0,2295387.,901629,901630, , ,2024-04-04 06:21:58,True,False,False,3.3534036886042538
2024-04-05,FHMRF,FHMRF,2024/04/05,13:37:43,CMA601,VHHHLFPG,340,-26,47 N,28.7,281.5,26.0,18603.5,84.520,-0.33,-1.4,-1.2,15483.0,62751.0,61857.,61860.,0.0,0.,15262.,15263.0,0.,0.0,8551.,4.1,8550.0,2.9,0.0,0.0,0.,0.0,17700.0,17100.,3.5,0.02737,0.02798,-2.2,0.846,296,484.,500.,-0.01,0.016,0,2522655.,901629,901630, , ,2024-04-05 13:37:43,True,False,False,3.353868810149846
2024-04-06,FHMRF,FHMRF,2024/04/06,17:32:23,CMA620,LFPGZSPD,391,-34,36 N,29.0,184.8,26.0,18620.5,79.170,-0.346,-1.6,-1.2,10086.0,52184.0,51368.,51368.,0.0,0.,9928.,9928.0,0.,0.0,5572.,4.1,5572.0,2.7,0.0,0.0,0.,0.0,11520.0,11143.,3.4,0.04085,0.04171,-2.1,0.833,259,471.,484.,-0.004,0.006,0,2103546.,901629,901630, , ,2024-04-06 17:32:23,True,False,False,3.354292572089282
2024-04-08,FHMRF,FHMRF,2024/04/08,07:16:46,CMA601,VHHHLFPG,276,8,24 N,28.7,337.6,30.0,18616.4,87.150,0.225,0.8,0.7,17861.0,53982.0,54428.,54428.,0.0,0.,18009.,18009.0,0.,0.0,10781.,2.6,10781.0,2.4,0.0,0.0,0.,0.0,22104.0,21562.,2.5,0.023,0.02375,-3.1,0.83,333,508.,444.,-0.008,-0.019,0,2252866.,901629,901630, , ,2024-04-08 07:16:46,True,False,False,3.354674534832301
2024-04-10,FHMRF,FHMRF,2024/04/10,02:29:43,CMA600,LFPGVHHH,411,-26,26 N,28.2,167.9,26.0,18613.8,80.770,-1.064,-4.2,-3.6,9550.0,54397.0,52118.,52118.,0.0,0.,9150.,9150.0,0.,0.0,5243.,3.4,5243.0,2.4,0.0,0.0,0.,0.0,10793.0,10487.,2.9,0.04411,0.04375,0.8,0.829,246,476.,511.,0.034,-0.066,0,2097265.,901629,901630, , ,2024-04-10 02:29:43,True,False,False,3.3550141862774256
2024-04-12,FHMRF,FHMRF,2024/04/12,00:53:36,CMA621,ZSPDLFPG,301,-13,42 N,29.9,309.0,30.0,18601.6,83.745,-0.091,-0.3,-0.4,16146.0,54618.0,54441.,54421.,0.0,0.,16093.,16087.0,0.,0.0,9222.,3.5,9218.0,2.3,0.0,0.0,0.,0.0,18982.0,18440.,2.9,0.02583,0.02648,-2.5,0.833,317,490.,437.,-0.015,-0.008,0,2310640.,901629,901630, , ,2024-04-12 00:53:36,True,False,False,3.355310925319066
2024-04-12,FHMRF,FHMRF,2024/04/12,17:41:49,CMA600,LFPGVHHH,350,-23,44 N,34.0,266.1,30.0,18617.3,83.725,-0.245,-1.1,-0.8,13771.0,58524.0,57889.,57911.,0.0,0.,13622.,13627.0,0.,0.0,7687.,4.5,7691.0,2.3,0.0,0.0,0.,0.0,15904.0,15379.,3.4,0.03023,0.031,-2.5,0.832,284,481.,511.,-0.016,0.007,0,2486265.,901629,901630, , ,2024-04-12 17:41:49,True,False,False,3.355564047364414
2024-04-12,FHMRF,FHMRF,2024/04/12,17:58:51,CMA600,LFPGVHHH,350,-23,43 N,34.4,264.1,30.0,18616.2,84.065,-0.074,-0.3,-0.2,13859.0,58897.0,58723.,58693.,0.0,0.,13818.,13811.0,0.,0.0,7788.,3.3,7785.0,2.2,0.0,0.0,0.,0.0,16003.0,15573.,2.8,0.03002,0.03079,-2.5,0.831,284,480.,487.,-0.001,0.013,0,2466596.,901629,901630, , ,2024-04-12 17:58:51,True,False,False,3.3557727320280315
2024-04-13,FHMRF,FHMRF,2024/04/13,10:55:35,CMA601,VHHHLFPG,321,-15,41 N,32.6,306.8,30.0,18588.7,85.725,-0.498,-2.1,-1.9,16509.0,61224.0,59905.,59932.,0.0,0.,16153.,16160.0,0.,0.0,9225.,3.5,9229.0,2.3,0.0,0.0,0.,0.0,18989.0,18453.,2.9,0.02572,0.02596,-0.9,0.833,303,488.,406.,0.01,-0.008,0,2513656.,901629,901630, , ,2024-04-13 10:55:35,True,False,False,3.3559360331356882
2024-04-13,FHMRF,FHMRF,2024/04/13,12:04:32,CMA601,VHHHLFPG,321,-16,46 N,34.0,297.1,30.0,18588.8,84.740,-0.408,-1.7,-1.5,15785.0,58541.0,57520.,57520.,0.0,0.,15510.,15510.0,0.,0.0,8884.,3.6,8884.0,2.6,0.0,0.0,0.,0.0,18315.0,17768.,3.1,0.02668,0.02709,-1.5,0.834,304,489.,413.,0.004,-0.010,0,2434514.,901629,901630, , ,2024-04-13 12:04:32,True,False,False,3.3560528711355744
2024-04-13,FHMRF,FHMRF,2024/04/13,12:47:24,CMA601,VHHHLFPG,320,-17,47 N,34.9,291.1,30.0,18591.1,83.950,-0.17,-0.8,-0.6,15326.0,56573.0,56145.,56145.,0.0,0.,15210.,15210.0,0.,0.0,8701.,3.3,8701.0,2.8,0.0,0.0,0.,0.0,17929.0,17402.,3.0,0.02721,0.02787,-2.4,0.835,305,488.,425.,-0.003,-0.007,0,2375879.,901629,901630, , ,2024-04-13 12:47:24,True,False,False,3.3561220279848567
2024-04-13,FHMRF,FHMRF,2024/04/13,14:01:08,CMA601,VHHHLFPG,320,-18,47 N,33.5,281.2,30.0,18589.0,83.210,-0.037,-0.1,-0.0,14868.0,54882.0,54804.,54804.,0.0,0.,14847.,14847.0,0.,0.0,8474.,3.9,8474.0,2.5,0.0,0.0,0.,0.0,17486.0,16947.,3.2,0.02775,0.02862,-3.1,0.832,304,485.,456.,0.001,0.007,2,2294762.,901629,901630, , ,2024-04-13 14:01:08,True,False,False,3.356142144548989
2024-04-13,FHMRF,FHMRF,2024/04/13,14:06:13,CMA601,VHHHLFPG,320,-18,47 N,33.4,280.6,30.0,18587.3,82.930,-0.283,-1.1,-0.9,14851.0,54818.0,54227.,54227.,0.0,0.,14691.,14691.0,0.,0.0,8393.,3.5,8393.0,2.1,0.0,0.0,0.,0.0,17249.0,16785.,2.8,0.02813,0.02865,-1.8,0.832,304,485.,457.,0.002,-0.002,0,2289250.,901629,901630, , ,2024-04-13 14:06:13,True,False,False,3.356111720519717
2024-04-13,FHMRF,FHMRF,2024/04/13,14:34:00,CMA601,VHHHLFPG,320,-19,46 N,32.8,277.0,30.0,18587.3,82.770,-0.065,-0.2,-0.1,14725.0,54355.0,54220.,54220.,0.0,0.,14688.,14688.0,0.,0.0,8367.,3.5,8367.0,2.4,0.0,0.0,0.,0.0,17224.0,16734.,2.9,0.02808,0.02887,-2.7,0.831,304,484.,459.,0.006,0.000,0,2259515.,901629,901630, , ,2024-04-13 14:34:00,True,False,False,3.356029116827513
2024-04-13,FHMRF,FHMRF,2024/04/13,15:06:29,CMA601,VHHHLFPG,320,-19,44 N,32.3,272.8,30.0,18586.8,82.160,0.366,1.5,1.4,14158.0,52262.0,53025.,53025.,0.0,0.,14364.,14364.0,0.,0.0,8195.,2.9,8195.0,2.6,0.0,0.0,0.,0.0,16838.0,16389.,2.7,0.02871,0.02992,-4.0,0.831,303,483.,470.,-0.018,0.006,0,2224452.,901629,901630, , ,2024-04-13 15:06:29,True,False,False,3.355892560495091
2024-04-14,FHMRF,FHMRF,2024/04/14,11:13:32,CMA620,LFPGZSPD,350,-28,46 N,31.7,257.9,30.0,18620.4,82.590,-0.525,-2.3,-2.1,13794.0,58620.0,57272.,57268.,0.0,0.,13476.,13475.0,0.,0.0,7490.,4.5,7490.0,2.9,0.0,0.0,0.,0.0,15533.0,14980.,3.7,0.0306,0.03106,-1.5,0.831,284,475.,501.,0.015,-0.004,0,2409730.,901629,901630, , ,2024-04-14 11:13:32,True,False,False,3.355700151847508
2024-04-15,FHMRF,FHMRF,2024/04/15,04:05:13,CMA621,ZSPDLFPG,320,-22,48 N,32.7,282.5,26.0,18578.3,82.760,-0.143,-0.7,-0.5,15064.0,55604.0,55241.,55241.,0.0,0.,14965.,14965.0,0.,0.0,8474.,4.3,8474.0,3.2,0.0,0.0,0.,0.0,17584.0,16948.,3.8,0.02743,0.02833,-3.2,0.834,305,482.,437.,0.008,-0.001,0,2305412.,901629,901630, , ,2024-04-15 04:05:13,True,False,False,3.3554498739598886
2024-04-15,FHMRF,FHMRF,2024/04/15,05:04:27,CMA621,ZSPDLFPG,320,-22,45 N,31.2,274.8,30.0,18579.5,82.050,0.133,0.5,0.6,14484.0,53466.0,53745.,53745.,0.0,0.,14560.,14560.0,0.,0.0,8255.,3.8,8255.0,2.6,0.0,0.0,0.,0.0,17036.0,16510.,3.2,0.02825,0.02933,-3.7,0.832,304,481.,446.,-0.004,0.012,0,2242015.,901629,901630, , ,2024-04-15 05:04:27,True,False,False,3.3551396041915664
2024-04-15,FHMRF,FHMRF,2024/04/15,05:14:02,CMA621,ZSPDLFPG,320,-22,45 N,31.1,273.6,30.0,18579.5,81.930,-0.237,-0.9,-0.7,14647.0,54066.0,53568.,53568.,0.0,0.,14512.,14512.0,0.,0.0,8226.,3.7,8226.0,3.0,0.0,0.0,0.,0.0,17005.0,16452.,3.4,0.02829,0.02904,-2.6,0.832,304,481.,452.,0.01,-0.005,0,2230594.,901629,901630, , ,2024-04-15 05:14:02,True,False,False,3.3547671276355806
2024-04-15,FHMRF,FHMRF,2024/04/15,05:32:23,CMA621,ZSPDLFPG,340,-27,44 N,30.8,271.2,30.0,18583.4,83.110,-0.239,-1.0,-0.8,14522.0,58856.0,58244.,58244.,0.0,0.,14371.,14371.0,0.,0.0,8030.,3.7,8030.0,2.4,0.0,0.0,0.,0.0,16553.0,16061.,3.1,0.02878,0.02943,-2.2,0.832,291,476.,439.,0.011,0.004,0,2427934.,901629,901630, , ,2024-04-15 05:32:23,True,False,False,3.35433015230927
2024-04-15,FHMRF,FHMRF,2024/04/15,05:36:50,CMA621,ZSPDLFPG,340,-27,43 N,30.7,270.6,30.0,18583.4,82.600,-0.249,-1.1,-0.8,14183.0,57483.0,56846.,56846.,0.0,0.,14026.,14026.0,0.,0.0,7867.,4.0,7867.0,2.8,0.0,0.0,0.,0.0,16268.0,15734.,3.4,0.02936,0.03011,-2.5,0.834,291,478.,439.,-0.011,-0.001,0,2422920.,901629,901630, , ,2024-04-15 05:36:50,True,False,False,3.353826325918006
2024-04-15,FHMRF,FHMRF,2024/04/15,08:22:08,CMA621,ZSPDLFPG,340,-19,43 N,29.2,250.5,26.0,18582.4,82.680,-0.169,-0.7,-0.4,13403.0,54322.0,53966.,53966.,0.0,0.,13315.,13315.0,0.,0.0,7644.,3.5,7644.0,2.5,0.0,0.0,0.,0.0,15743.0,15288.,3.0,0.03083,0.03161,-2.5,0.834,291,485.,448.,-0.001,0.006,0,2243148.,901629,901630, , ,2024-04-15 08:22:08,True,False,False,3.3532532540286786
2024-04-15,FHMRF,FHMRF,2024/04/15,08:23:13,CMA621,ZSPDLFPG,340,-19,43 N,29.2,250.3,26.0,18582.4,82.760,-0.162,-0.6,-0.4,13454.0,54529.0,54189.,54189.,0.0,0.,13370.,13370.0,0.,0.0,7670.,3.7,7670.0,2.7,0.0,0.0,0.,0.0,15830.0,15339.,3.2,0.03065,0.03151,-2.7,0.834,291,485.,448.,0.003,0.003,0,2241993.,901629,901630, , ,2024-04-15 08:23:13,True,False,False,3.3526085194872035
2024-04-15,FHMRF,FHMRF,2024/04/15,23:12:46,CMA600,LFPGVHHH,411,-40,44 N,28.3,187.9,26.0,18624.8,80.800,-0.397,-1.8,-1.5,10294.0,58635.0,57573.,57577.,0.0,0.,10107.,10108.0,0.,0.0,5558.,4.2,5557.0,2.7,0.0,0.0,0.,0.0,11498.0,11115.,3.4,0.04038,0.04116,-1.9,0.832,247,464.,520.,0.02,0.002,0,2351515.,901629,901630, , ,2024-04-15 23:12:46,True,False,False,3.3518897029060413
2024-04-16,FHMRF,FHMRF,2024/04/16,13:27:27,CMA601,VHHHUBBB,341,-20,46 N,21.5,261.8,30.0,18596.6,83.230,-0.68,-3.0,-2.7,14065.0,57276.0,55556.,55556.,0.0,0.,13643.,13643.0,0.,0.0,7764.,3.6,7764.0,3.0,0.0,0.0,0.,0.0,16038.0,15527.,3.3,0.03021,0.03036,-0.5,0.834,291,484.,458.,-0.009,0.016,0,2354889.,901629,901630, , ,2024-04-16 13:27:27,True,False,False,3.3510944040359973
2024-04-20,FHMRF,FHMRF,2024/04/20,17:58:05,CMA620,LFPGZSPD,371,-24,36 N,30.5,224.9,26.0,18632.3,82.460,-0.929,-4.1,-3.6,12208.0,57376.0,55037.,55037.,0.0,0.,11710.,11710.0,0.,0.0,6656.,4.4,6656.0,3.0,0.0,0.0,0.,0.0,13808.0,13312.,3.7,0.03487,0.03486,0.0,0.835,272,481.,450.,0.013,-0.005,0,2327060.,901629,901630, , ,2024-04-20 17:58:05,True,False,False,3.350220263824164
2024-04-21,FHMRF,FHMRF,2024/04/21,09:17:23,CMA601,VHHHUBBB,340,-24,48 N,24.1,260.4,25.0,18610.8,82.450,-0.44,-2.0,-1.6,13870.0,56218.0,55119.,55119.,0.0,0.,13599.,13599.0,0.,0.0,7667.,4.1,7667.0,3.2,0.0,0.0,0.,0.0,15893.0,15335.,3.6,0.03012,0.0307,-1.9,0.83,290,479.,521.,-0.004,-0.018,0,2333249.,901629,901630, , ,2024-04-21 09:17:23,True,False,False,3.349264986950666
2024-04-21,FHMRF,FHMRF,2024/04/21,10:38:57,CMA601,VHHHUBBB,340,-19,44 N,23.8,250.8,24.0,18617.4,82.870,-0.414,-1.6,-1.3,13564.0,54976.0,54110.,54110.,0.0,0.,13351.,13351.0,0.,0.0,7631.,3.7,7631.0,2.8,0.0,0.0,0.,0.0,15756.0,15262.,3.2,0.03068,0.03126,-1.9,0.829,289,483.,510.,0.007,0.012,0,2244173.,901629,901630, , ,2024-04-21 10:38:57,True,False,False,3.3482263646347823
2024-04-21,FHMRF,FHMRF,2024/04/21,16:53:01,CMA601,UBBBLFPG,340,-24,47 N,22.8,254.8,30.0,18611.0,82.270,-0.471,-2.0,-1.7,13771.0,55816.0,54720.,54720.,0.0,0.,13501.,13501.0,0.,0.0,7626.,3.7,7626.0,2.9,0.0,0.0,0.,0.0,15760.0,15253.,3.3,0.03045,0.03093,-1.6,0.832,291,480.,448.,0.004,-0.009,0,2281657.,901629,901630, , ,2024-04-21 16:53:01,True,False,False,3.3471022975069746
2024-04-22,FHMRF,FHMRF,2024/04/22,02:04:55,CMA620,LFPGZSPD,370,-27,43 N,32.6,218.6,30.0,18628.3,81.020,-0.433,-1.7,-1.4,11567.0,54105.0,53175.,53179.,0.0,0.,11369.,11369.0,0.,0.0,6422.,3.8,6421.0,3.1,0.0,0.0,0.,0.0,13284.0,12844.,3.4,0.03591,0.03661,-1.9,0.833,272,477.,475.,-0.006,-0.007,0,2247929.,901629,901630, , ,2024-04-22 02:04:55,True,False,False,3.3458908183539364
2024-04-22,FHMRF,FHMRF,2024/04/22,04:46:46,CMA600,LFPGVHHH,391,-23,25 N,29.6,189.7,24.0,18627.7,82.170,-0.451,-1.7,-1.4,10596.0,54822.0,53863.,53867.,0.0,0.,10410.,10411.0,0.,0.0,5958.,3.9,5958.0,2.4,0.0,0.0,0.,0.0,12291.0,11916.,3.1,0.03897,0.03962,-1.7,0.828,257,479.,515.,0.028,0.016,0,2157912.,901629,901630, , ,2024-04-22 04:46:46,True,False,False,3.3445901145528527
2024-04-22,FHMRF,FHMRF,2024/04/22,04:51:58,CMA620,LFPGZSPD,391,-32,47 N,30.9,202.6,26.0,18630.7,81.160,-0.533,-2.4,-2.1,10927.0,56537.0,55151.,55156.,0.0,0.,10659.,10660.0,0.,0.0,5967.,4.9,5966.0,3.5,0.0,0.0,0.,0.0,12437.0,11932.,4.2,0.03801,0.0388,-2.0,0.834,259,473.,485.,0.007,0.002,0,2304285.,901629,901630, , ,2024-04-22 04:51:58,True,False,False,3.3431985500147645
2024-04-22,FHMRF,FHMRF,2024/04/22,05:47:01,CMA620,LFPGZSPD,391,-26,44 N,30.7,197.3,26.0,18630.7,81.630,-0.521,-2.0,-1.7,10661.0,55158.0,54037.,54041.,0.0,0.,10444.,10445.0,0.,0.0,5940.,4.1,5939.0,2.7,0.0,0.0,0.,0.0,12286.0,11879.,3.4,0.03891,0.03957,-1.7,0.833,259,478.,514.,0.004,0.031,0,2242938.,901629,901630, , ,2024-04-22 05:47:01,True,False,False,3.3417146864573817
2024-04-22,FHMRF,FHMRF,2024/04/22,06:25:27,CMA620,LFPGZSPD,391,-30,42 N,30.7,193.8,26.0,18632.4,81.330,-0.454,-1.9,-1.6,10756.0,55652.0,54595.,54599.,0.0,0.,10552.,10552.0,0.,0.0,5934.,4.3,5933.0,3.0,0.0,0.0,0.,0.0,12300.0,11867.,3.7,0.03846,0.03925,-2.0,0.83,258,473.,526.,0.031,0.003,0,2201746.,901629,901630, , ,2024-04-22 06:25:27,True,False,False,3.3401373038312534
2024-04-22,FHMRF,FHMRF,2024/04/22,12:52:42,CMA601,VHHHUBBB,321,-19,40 N,26.4,284.8,30.0,18602.7,83.140,-0.458,-1.9,-1.5,15034.0,55753.0,54695.,54695.,0.0,0.,14749.,14749.0,0.,0.0,8446.,3.0,8446.0,2.5,0.0,0.0,0.,0.0,17359.0,16892.,2.8,0.02796,0.02831,-1.2,0.833,304,485.,468.,-0.01,0.016,0,2332903.,901629,901630, , ,2024-04-22 12:52:42,True,False,False,3.3384654197353916
2024-04-22,FHMRF,FHMRF,2024/04/22,14:24:35,CMA601,VHHHUBBB,320,-18,47 N,25.2,272.8,30.0,18601.7,82.930,-0.16,-0.6,-0.4,14718.0,54329.0,53995.,53995.,0.0,0.,14627.,14627.0,0.,0.0,8356.,3.1,8356.0,3.0,0.0,0.0,0.,0.0,17219.0,16711.,3.0,0.02815,0.02888,-2.5,0.83,303,485.,466.,0.009,0.006,0,2226180.,901629,901630, , ,2024-04-22 14:24:35,True,False,False,3.3366983076775756
2024-04-22,FHMRF,FHMRF,2024/04/22,15:41:43,CMA601,VHHHUBBB,340,-22,47 N,24.6,263.0,26.0,18604.6,83.645,-0.625,-2.7,-2.3,14584.0,59107.0,57537.,57511.,0.0,0.,14196.,14190.0,0.,0.0,8013.,3.7,8009.0,2.7,0.0,0.0,0.,0.0,16534.0,16022.,3.2,0.02907,0.0293,-0.8,0.831,290,481.,473.,0.033,0.000,0,2355871.,901629,901630, , ,2024-04-22 15:41:43,True,False,False,3.334835514050931
2024-04-24,FHMRF,FHMRF,2024/04/24,02:41:11,CMA600,LFPGVHHH,391,-22,24 N,29.5,175.2,26.0,18620.5,79.900,-0.654,-3.2,-2.7,9639.0,49872.0,48254.,48258.,0.0,0.,9326.,9327.0,0.,0.0,5392.,4.3,5391.0,3.3,0.0,0.0,0.,0.0,11191.0,10783.,3.8,0.04258,0.04298,-0.9,0.822,255,477.,561.,-0.005,-0.015,0,1984753.,901629,901630, , ,2024-04-24 02:41:11,True,False,False,3.332876873701919
2024-04-25,FHMRF,FHMRF,2024/04/25,13:04:14,CMA620,LFPGZSPD,390,-22,47 N,29.4,213.4,30.0,18617.5,84.040,-0.642,-2.8,-2.4,11624.0,59857.0,58186.,58181.,0.0,0.,11300.,11299.0,0.,0.0,6456.,4.4,6457.0,2.9,0.0,0.0,0.,0.0,13390.0,12914.,3.7,0.03604,0.03647,-1.2,0.834,260,483.,490.,0.012,-0.010,0,2416230.,901629,901630, , ,2024-04-25 13:04:14,True,False,False,3.3308225239553453
2024-04-25,FHMRF,FHMRF,2024/04/25,13:33:16,CMA620,LFPGZSPD,390,-23,48 N,29.0,210.5,26.0,18617.7,83.670,-0.448,-1.9,-1.6,11458.0,59000.0,57852.,57848.,0.0,0.,11235.,11234.0,0.,0.0,6395.,4.2,6395.0,2.9,0.0,0.0,0.,0.0,13248.0,12790.,3.6,0.03628,0.03697,-1.9,0.833,259,481.,510.,0.013,-0.006,2,2382559.,901629,901630, , ,2024-04-25 13:33:16,True,False,False,3.3286729169505325
2024-04-25,FHMRF,FHMRF,2024/04/25,13:33:54,CMA620,LFPGZSPD,391,-32,42 N,29.8,201.2,26.0,18622.8,80.940,-0.499,-2.2,-1.8,10802.0,55886.0,54686.,54682.,0.0,0.,10570.,10569.0,0.,0.0,5915.,4.1,5916.0,3.1,0.0,0.0,0.,0.0,12256.0,11830.,3.6,0.03844,0.03912,-1.7,0.831,258,471.,526.,0.005,0.005,0,2285178.,901629,901630, , ,2024-04-25 13:33:54,True,False,False,3.3264288301422704
2024-04-25,FHMRF,FHMRF,2024/04/25,13:49:48,CMA620,LFPGZSPD,390,-24,47 N,28.9,208.9,26.0,18617.7,82.875,-0.673,-3.0,-2.6,11256.0,57963.0,56246.,56216.,0.0,0.,10923.,10917.0,0.,0.0,6222.,4.5,6220.0,2.8,0.0,0.0,0.,0.0,12897.0,12442.,3.7,0.03724,0.03761,-1.0,0.834,260,480.,522.,0.003,-0.021,0,2363622.,901629,901630, , ,2024-04-25 13:49:48,True,False,False,3.324091374834751
2024-04-25,FHMRF,FHMRF,2024/04/25,14:00:20,CMA620,LFPGZSPD,390,-27,47 N,28.8,207.8,26.0,18617.7,82.940,-0.728,-3.2,-2.7,11504.0,59236.0,57357.,57352.,0.0,0.,11139.,11138.0,0.,0.0,6292.,4.3,6293.0,2.9,0.0,0.0,0.,0.0,13036.0,12584.,3.6,0.0366,0.03687,-0.7,0.832,259,477.,529.,0.031,-0.003,0,2351666.,901629,901630, , ,2024-04-25 14:00:20,True,False,False,3.3216620026410073
2024-04-26,FHMRF,FHMRF,2024/04/26,04:05:35,CMA621,ZSPDLFPG,320,-23,47 N,33.1,289.7,26.0,18612.0,82.805,-0.468,-2.1,-1.9,15435.0,56973.0,55795.,55770.,0.0,0.,15116.,15109.0,0.,0.0,8497.,3.6,8493.0,3.1,0.0,0.0,0.,0.0,17553.0,16990.,3.3,0.02747,0.02784,-1.3,0.835,305,482.,430.,0.008,-0.004,0,2364074.,901629,901630, , ,2024-04-26 04:05:35,True,False,False,3.3191425097875182
2024-04-26,FHMRF,FHMRF,2024/04/26,04:44:34,CMA621,ZSPDLFPG,320,-21,48 N,31.8,284.5,30.0,18608.6,82.500,-0.543,-2.1,-1.9,15048.0,55548.0,54354.,54354.,0.0,0.,14724.,14724.0,0.,0.0,8346.,3.7,8346.0,2.9,0.0,0.0,0.,0.0,17248.0,16693.,3.3,0.02799,0.02839,-1.4,0.833,304,483.,457.,0.001,-0.025,0,2321720.,901629,901630, , ,2024-04-26 04:44:34,True,False,False,3.316535039209965
2024-04-26,FHMRF,FHMRF,2024/04/26,05:19:56,CMA621,ZSPDLFPG,320,-21,47 N,31.0,279.8,30.0,18612.5,82.515,-0.15,-0.6,-0.4,14821.0,54709.0,54384.,54405.,0.0,0.,14732.,14738.0,0.,0.0,8337.,3.7,8340.0,3.3,0.0,0.0,0.,0.0,17255.0,16678.,3.5,0.02792,0.02877,-2.9,0.831,303,482.,486.,0.002,-0.001,0,2283561.,901629,901630, , ,2024-04-26 05:19:56,True,False,False,3.313842080409299
2024-04-26,FHMRF,FHMRF,2024/04/26,05:27:36,CMA621,ZSPDLFPG,320,-21,47 N,30.9,278.8,31.0,18608.1,82.700,-0.189,-0.7,-0.5,14941.0,55151.0,54755.,54755.,0.0,0.,14834.,14834.0,0.,0.0,8388.,3.7,8388.0,3.2,0.0,0.0,0.,0.0,17357.0,16776.,3.5,0.02773,0.02853,-2.8,0.83,303,481.,487.,0.013,0.018,0,2275213.,901629,901630, , ,2024-04-26 05:27:36,True,False,False,3.3110664670546615
2024-04-29,FHMRF,FHMRF,2024/04/29,16:21:23,CMA621,ZSPDLFPG,301,-6,42 N,30.3,317.1,30.0,18628.6,86.190,-0.141,-0.6,-0.4,17030.0,57607.0,57262.,57256.,0.0,0.,16928.,16926.0,0.,0.0,9867.,3.1,9869.0,3.7,0.0,0.0,0.,0.0,20400.0,19735.,3.4,0.0244,0.0251,-2.8,0.834,317,498.,386.,0.006,0.029,0,2370772.,901629,901630, , ,2024-04-29 16:21:23,True,False,False,3.30821137233104
2024-04-29,FHMRF,FHMRF,2024/04/29,17:04:37,CMA621,ZSPDLFPG,301,-9,42 N,31.0,311.5,30.0,18626.3,85.190,-0.452,-2.0,-1.7,16929.0,57265.0,56146.,56140.,0.0,0.,16598.,16596.0,0.,0.0,9615.,3.1,9617.0,3.1,0.0,0.0,0.,0.0,19832.0,19233.,3.1,0.02493,0.02527,-1.3,0.834,317,495.,412.,0.02,0.000,0,2329042.,901629,901630, , ,2024-04-29 17:04:37,True,False,False,3.3052803020381187
2024-04-30,FHMRF,FHMRF,2024/04/30,09:56:47,CMA600,LFPGVHHH,390,-32,41 N,32.6,207.5,30.0,18645.1,81.610,-0.273,-1.3,-1.0,11068.0,56992.0,56276.,56276.,0.0,0.,10929.,10929.0,0.,0.0,6103.,4.9,6103.0,3.1,0.0,0.0,0.,0.0,12691.0,12206.,4.0,0.0373,0.0384,-2.8,0.835,260,473.,474.,0.0,0.000,0,2347728.,901629,901630, , ,2024-04-30 09:56:47,True,False,False,3.3022770854557963
2024-04-30,FHMRF,FHMRF,2024/04/30,10:49:47,CMA600,LFPGVHHH,390,-32,41 N,31.6,202.1,30.0,18637.3,81.150,-0.339,-1.5,-1.2,10843.0,55833.0,54993.,54993.,0.0,0.,10680.,10680.0,0.,0.0,5976.,4.5,5976.0,3.2,0.0,0.0,0.,0.0,12411.0,11951.,3.8,0.03808,0.03906,-2.5,0.833,259,473.,505.,0.004,0.013,0,2285626.,901629,901630, , ,2024-04-30 10:49:47,True,False,False,3.2992058640016975
2024-04-30,FHMRF,FHMRF,2024/04/30,13:25:43,CMA600,LFPGVHHH,411,-30,42 N,29.6,188.0,26.0,18642.4,82.315,-0.183,-0.8,-0.6,10112.0,57598.0,57107.,57133.,0.0,0.,10025.,10030.0,0.,0.0,5657.,4.3,5659.0,2.7,0.0,0.0,0.,0.0,11714.0,11316.,3.5,0.0406,0.04178,-2.8,0.835,248,476.,497.,-0.003,0.020,0,2351606.,901629,901630, , ,2024-04-30 13:25:43,True,False,False,3.29607107771773
2024-05-02,FHMRF,FHMRF,2024/05/02,07:10:42,CMA620,LFPGZSPD,370,-25,43 N,35.3,240.2,24.0,18618.9,83.860,-0.147,-0.7,-0.5,12758.0,59675.0,59279.,59275.,0.0,0.,12674.,12673.0,0.,0.0,7129.,3.7,7130.0,2.7,0.0,0.0,0.,0.0,14712.0,14258.,3.2,0.03254,0.03342,-2.6,0.833,272,479.,477.,0.005,-0.001,0,2469855.,901629,901630, , ,2024-05-02 07:10:42,True,False,False,3.2928774496405846
2024-05-03,FHMRF,FHMRF,2024/05/03,02:32:51,CMA621,ZSPDUBBB,340,-22,47 N,29.5,264.3,26.0,18615.3,83.175,-0.54,-2.4,-2.0,14207.0,57581.0,56226.,56200.,0.0,0.,13872.,13866.0,0.,0.0,7855.,4.1,7852.0,2.9,0.0,0.0,0.,0.0,16256.0,15706.,3.5,0.02965,0.03006,-1.4,0.833,291,482.,404.,0.01,-0.005,0,2367248.,901629,901630, , ,2024-05-03 02:32:51,True,False,False,3.289629968136665
2024-05-03,FHMRF,FHMRF,2024/05/03,19:32:27,CMA620,LFPGZSPD,390,-30,47 N,28.7,208.6,30.0,18621.6,81.870,-0.469,-2.1,-1.8,11162.0,57478.0,56260.,56251.,0.0,0.,10926.,10924.0,0.,0.0,6125.,4.7,6126.0,3.3,0.0,0.0,0.,0.0,12742.0,12251.,4.0,0.03715,0.03795,-2.1,0.832,259,473.,537.,0.001,-0.002,0,2359831.,901629,901630, , ,2024-05-03 19:32:27,True,False,False,3.28633386730946
2024-05-03,FHMRF,FHMRF,2024/05/03,20:48:55,CMA620,LFPGZSPD,390,-31,47 N,28.0,201.3,26.0,18626.8,81.520,-0.285,-1.3,-1.0,10956.0,56416.0,55677.,55669.,0.0,0.,10812.,10811.0,0.,0.0,6044.,4.7,6046.0,3.0,0.0,0.0,0.,0.0,12556.0,12090.,3.9,0.03756,0.0386,-2.7,0.83,258,472.,557.,0.016,-0.027,0,2277014.,901629,901630, , ,2024-05-03 20:48:55,True,False,False,3.282994605610409
2024-05-04,FHMRF,FHMRF,2024/05/04,00:08:42,CMA620,LFPGZSPD,411,-27,40 N,27.3,183.1,24.0,18626.8,82.090,-0.494,-2.3,-1.9,9943.0,56640.0,55359.,55350.,0.0,0.,9719.,9717.0,0.,0.0,5539.,3.8,5541.0,2.9,0.0,0.0,0.,0.0,11450.0,11080.,3.3,0.04172,0.04231,-1.4,0.834,247,478.,506.,0.001,-0.006,0,2289796.,901629,901630, , ,2024-05-04 00:08:42,True,False,False,3.279617842805167
2024-05-04,FHMRF,FHMRF,2024/05/04,08:35:36,CMA621,ZSPDUBBB,301,-9,44 N,31.3,295.6,24.0,18609.3,84.740,-0.167,-0.6,-0.5,16358.0,55336.0,54980.,54974.,0.0,0.,16253.,16251.0,0.,0.0,9490.,3.4,9492.0,3.4,0.0,0.0,0.,0.0,19626.0,18982.,3.4,0.0255,0.02622,-2.8,0.844,322,500.,460.,0.014,0.017,0,2210588.,901629,901630, , ,2024-05-04 08:35:36,True,False,False,3.2762094154736796
2024-05-04,FHMRF,FHMRF,2024/05/04,08:50:02,CMA621,ZSPDUBBB,301,-8,44 N,30.8,293.5,26.0,18612.6,84.525,0.009,0.0,0.1,16072.0,54368.0,54373.,54397.,0.0,0.,16073.,16080.0,0.,0.0,9417.,3.2,9419.0,3.0,0.0,0.0,0.,0.0,19417.0,18836.,3.1,0.02579,0.02662,-3.1,0.844,322,501.,468.,0.003,-0.013,0,2194704.,901629,901630, , ,2024-05-04 08:50:02,True,False,False,3.272775311255701
2024-05-04,FHMRF,FHMRF,2024/05/04,09:04:14,CMA621,ZSPDUBBB,301,-9,45 N,30.4,291.5,30.0,18612.1,84.220,-0.441,-1.7,-1.4,16259.0,54997.0,54081.,54084.,0.0,0.,15988.,15989.0,0.,0.0,9357.,2.6,9356.0,3.0,0.0,0.0,0.,0.0,19240.0,18713.,2.8,0.026,0.02636,-1.4,0.845,322,500.,469.,0.017,0.007,0,2178395.,901629,901630, , ,2024-05-04 09:04:14,True,False,False,3.2693216420846216
2024-05-04,FHMRF,FHMRF,2024/05/04,09:13:44,CMA621,ZSPDUBBB,301,-9,46 N,30.2,290.1,29.0,18612.1,83.600,-0.319,-1.2,-1.0,15778.0,53371.0,52706.,52709.,0.0,0.,15581.,15582.0,0.,0.0,9151.,2.6,9151.0,2.4,0.0,0.0,0.,0.0,18756.0,18302.,2.5,0.02672,0.0271,-1.4,0.846,322,501.,474.,-0.012,0.008,0,2168289.,901629,901630, , ,2024-05-04 09:13:44,True,False,False,3.265854616671302
2024-05-06,FHMRF,FHMRF,2024/05/06,04:30:17,CMA600,LFPGVHHH,391,-18,38 N,29.4,205.1,24.0,18626.6,84.390,-0.317,-1.4,-1.1,11232.0,58115.0,57309.,57309.,0.0,0.,11076.,11076.0,0.,0.0,6381.,4.3,6381.0,2.6,0.0,0.0,0.,0.0,13200.0,12763.,3.4,0.03674,0.03757,-2.2,0.831,258,485.,491.,0.019,-0.003,0,2330474.,901629,901630, , ,2024-05-06 04:30:17,True,False,False,3.2623805125010565
2024-05-09,FHMRF,FHMRF,2024/05/09,11:29:59,CMA621,UBBBLFPG,320,-19,42 N,27.7,268.3,28.0,18610.8,82.510,-0.004,-0.0,0.1,14502.0,53531.0,53521.,53521.,0.0,0.,14499.,14499.0,0.,0.0,8262.,3.1,8262.0,2.5,0.0,0.0,0.,0.0,16989.0,16524.,2.8,0.0285,0.02932,-2.8,0.831,303,484.,438.,0.01,0.009,0,2188140.,901629,901630, , ,2024-05-09 11:29:59,True,False,False,3.2589056475911833
2024-05-09,FHMRF,FHMRF,2024/05/09,11:48:06,CMA621,UBBBLFPG,320,-17,42 N,27.6,266.0,28.0,18611.8,82.400,-0.112,-0.4,-0.3,14312.0,52829.0,52596.,52596.,0.0,0.,14249.,14249.0,0.,0.0,8172.,3.1,8172.0,2.5,0.0,0.0,0.,0.0,16800.0,16343.,2.8,0.02894,0.02965,-2.4,0.831,303,486.,443.,0.003,-0.003,0,2169385.,901629,901630, , ,2024-05-09 11:48:06,True,False,False,3.2554363522285894
2024-05-09,FHMRF,FHMRF,2024/05/09,13:01:37,CMA621,UBBBLFPG,340,-22,45 N,27.8,264.6,31.0,18607.1,83.900,-0.375,-1.6,-1.4,14538.0,58924.0,57972.,57972.,0.0,0.,14303.,14303.0,0.,0.0,8093.,3.8,8093.0,2.7,0.0,0.0,0.,0.0,16711.0,16186.,3.2,0.02892,0.02945,-1.8,0.835,292,483.,402.,0.025,0.013,0,2369204.,901629,901630, , ,2024-05-09 13:01:37,True,False,False,3.2519789408754196
2024-05-09,FHMRF,FHMRF,2024/05/09,14:36:58,CMA621,UBBBLFPG,340,-24,49 N,27.1,245.4,24.0,18615.0,80.820,-0.482,-2.0,-1.7,12988.0,52639.0,51586.,51586.,0.0,0.,12728.,12728.0,0.,0.0,7226.,3.1,7226.0,2.6,0.0,0.0,0.,0.0,14864.0,14451.,2.9,0.03229,0.03265,-1.1,0.832,291,480.,486.,-0.014,-0.006,0,2198540.,901629,901630, , ,2024-05-09 14:36:58,True,False,False,3.248539684400879
2024-05-09,FHMRF,FHMRF,2024/05/09,19:45:24,CMA600,LFPGVHHH,350,-26,47 N,31.3,269.6,30.0,18624.8,84.810,-0.131,-0.6,-0.5,14691.0,62434.0,62080.,62084.,0.0,0.,14608.,14609.0,0.,0.0,8119.,3.8,8118.0,2.6,0.0,0.0,0.,0.0,16758.0,16237.,3.2,0.02849,0.02926,-2.6,0.831,284,478.,461.,0.026,-0.013,0,2521030.,901629,901630, , ,2024-05-09 19:45:24,True,False,False,3.2451247827702288
2024-05-09,FHMRF,FHMRF,2024/05/09,20:21:50,CMA600,LFPGVHHH,350,-27,46 N,32.0,265.1,30.0,18618.9,83.100,-0.096,-0.4,-0.4,13756.0,58460.0,58212.,58215.,0.0,0.,13697.,13698.0,0.,0.0,7630.,3.7,7629.0,2.9,0.0,0.0,0.,0.0,15762.0,15258.,3.3,0.03027,0.03116,-2.8,0.833,285,477.,482.,-0.016,0.007,0,2478235.,901629,901630, , ,2024-05-09 20:21:50,True,False,False,3.241740338296871
2024-05-09,FHMRF,FHMRF,2024/05/09,21:13:22,CMA600,LFPGVHHH,350,-25,44 N,33.0,259.0,30.0,18619.7,82.740,0.012,0.1,0.1,13301.0,56528.0,56557.,56560.,0.0,0.,13308.,13309.0,0.,0.0,7461.,3.8,7460.0,2.9,0.0,0.0,0.,0.0,15426.0,14921.,3.4,0.03104,0.03211,-3.3,0.833,284,479.,508.,-0.023,-0.018,0,2419614.,901629,901630, , ,2024-05-09 21:13:22,True,False,False,3.2383923295422994
2024-05-10,FHMRF,FHMRF,2024/05/10,02:19:30,CMA600,LFPGVHHH,371,-26,42 N,29.8,224.7,26.0,18621.6,82.060,-0.352,-1.5,-1.2,11849.0,55691.0,54853.,54857.,0.0,0.,11671.,11672.0,0.,0.0,6614.,3.7,6613.0,2.5,0.0,0.0,0.,0.0,13638.0,13227.,3.1,0.03516,0.03582,-1.8,0.835,272,480.,463.,-0.013,-0.002,0,2322122.,901629,901630, , ,2024-05-10 02:19:30,True,False,False,3.235086585933886
2024-05-10,FHMRF,FHMRF,2024/05/10,20:58:35,CMA601,VHHHLFPG,320,-18,46 N,27.6,280.9,30.0,18596.7,82.410,-0.73,-2.7,-2.4,14744.0,54424.0,52930.,52928.,0.0,0.,14339.,14339.0,0.,0.0,8105.,3.7,8106.0,2.8,0.0,0.0,0.,0.0,16733.0,16211.,3.2,0.02838,0.02858,-0.7,0.812,296,475.,415.,-0.003,-0.016,0,2291445.,901629,901630, , ,2024-05-10 20:58:35,True,False,False,3.2318287631630933
2024-05-10,FHMRF,FHMRF,2024/05/10,21:26:00,CMA601,VHHHLFPG,320,-18,45 N,27.1,277.4,30.0,18595.0,83.255,-0.102,-0.4,-0.2,14836.0,54762.0,54542.,54560.,0.0,0.,14776.,14781.0,0.,0.0,8362.,4.3,8365.0,2.9,0.0,0.0,0.,0.0,17331.0,16727.,3.6,0.02751,0.02844,-3.3,0.815,297,477.,417.,0.013,0.009,0,2262363.,901629,901630, , ,2024-05-10 21:26:00,True,False,False,3.2286243194254283
2024-05-14,FHMRF,FHMRF,2024/05/14,00:57:03,CMA601,VHHHLFPG,360,-21,44 N,22.2,250.0,26.0,18579.5,84.750,-0.228,-1.0,-0.8,13472.0,60059.0,59447.,59447.,0.0,0.,13335.,13335.0,0.,0.0,7576.,3.9,7576.0,2.8,0.0,0.0,0.,0.0,15663.0,15153.,3.4,0.03077,0.03155,-2.5,0.83,277,482.,446.,-0.006,-0.010,0,2461322.,901629,901630, , ,2024-05-14 00:57:03,True,False,False,3.225478492565238
2024-05-16,FHMRF,FHMRF,2024/05/16,03:07:39,CMA621,ZSPDUBBB,321,-13,45 N,29.5,285.7,31.0,18612.1,84.030,-0.27,-1.0,-1.0,14897.0,55247.0,54693.,54690.,0.0,0.,14748.,14747.0,0.,0.0,8481.,3.8,8482.0,3.0,0.0,0.0,0.,0.0,17534.0,16964.,3.4,0.02798,0.02864,-2.3,0.832,303,491.,497.,-0.017,-0.001,0,2340570.,901629,901630, , ,2024-05-16 03:07:39,True,False,False,3.2223962781920945
2024-05-18,FHMRF,FHMRF,2024/05/18,00:47:22,CMA601,VHHHLFPG,340,-19,44 N,28.2,251.7,26.0,18596.9,82.540,-0.126,-0.5,-0.3,13316.0,53969.0,53704.,53704.,0.0,0.,13251.,13251.0,0.,0.0,7597.,3.4,7597.0,2.5,0.0,0.0,0.,0.0,15642.0,15194.,2.9,0.03106,0.03188,-2.5,0.835,292,486.,423.,-0.013,0.014,0,2253620.,901629,901630, , ,2024-05-18 00:47:22,True,False,False,3.21938240884302
2024-05-18,FHMRF,FHMRF,2024/05/18,00:52:11,CMA601,VHHHLFPG,340,-19,44 N,28.2,251.1,26.0,18598.7,83.205,-0.379,-1.7,-1.4,13847.0,56124.0,55190.,55169.,0.0,0.,13616.,13611.0,0.,0.0,7773.,3.5,7770.0,3.0,0.0,0.0,0.,0.0,16044.0,15543.,3.2,0.0302,0.03073,-1.7,0.833,291,485.,424.,0.028,0.003,0,2248646.,901629,901630, , ,2024-05-18 00:52:11,True,False,False,3.216441334276426
2024-05-18,FHMRF,FHMRF,2024/05/18,08:30:32,CMA620,LFPGZSPD,330,-16,46 N,32.0,275.0,30.0,18618.9,83.415,-0.113,-0.4,-0.3,14179.0,54830.0,54584.,54605.,0.0,0.,14115.,14120.0,0.,0.0,8070.,2.9,8073.0,2.1,0.0,0.0,0.,0.0,16546.0,16143.,2.5,0.0293,0.02994,-2.1,0.828,295,485.,552.,-0.016,0.019,0,2337299.,901629,901630, , ,2024-05-18 08:30:32,True,False,False,3.2135772029943523
2024-05-18,FHMRF,FHMRF,2024/05/18,09:09:04,CMA620,LFPGZSPD,330,-18,44 N,32.8,270.0,30.0,18615.0,83.030,-0.035,-0.1,-0.0,14087.0,54480.0,54406.,54406.,0.0,0.,14068.,14068.0,0.,0.0,8024.,3.2,8024.0,2.8,0.0,0.0,0.,0.0,16527.0,16047.,3.0,0.02929,0.03016,-2.9,0.83,296,484.,549.,-0.006,-0.016,0,2294976.,901629,901630, , ,2024-05-18 09:09:04,True,False,False,3.210793845092304
2024-05-22,FHMRF,FHMRF,2024/05/22,11:31:01,CMA620,LFPGZSPD,370,-23,42 N,32.6,220.5,30.0,18621.4,82.350,-0.615,-2.5,-2.2,11926.0,55784.0,54386.,54386.,0.0,0.,11627.,11627.0,0.,0.0,6626.,4.1,6626.0,2.4,0.0,0.0,0.,0.0,13680.0,13251.,3.2,0.03516,0.03551,-1.0,0.832,271,481.,526.,0.014,0.014,0,2266699.,901629,901630, , ,2024-05-22 11:31:01,True,False,False,3.2080947565267204
2024-05-23,FHMRF,FHMRF,2024/05/23,04:34:30,CMA621,ZSPDUBBB,340,-19,48 N,30.6,264.3,25.0,18622.9,83.805,-0.393,-1.7,-1.4,14224.0,57649.0,56670.,56644.,0.0,0.,13982.,13976.0,0.,0.0,7971.,3.5,7968.0,2.7,0.0,0.0,0.,0.0,16426.0,15938.,3.1,0.02957,0.03004,-1.6,0.835,292,486.,438.,0.009,-0.003,0,2368046.,901629,901630, , ,2024-05-23 04:34:30,True,False,False,3.2054830848701266
2024-05-23,FHMRF,FHMRF,2024/05/23,04:45:58,CMA621,ZSPDUBBB,340,-20,48 N,30.6,262.9,25.0,18622.9,83.170,-0.362,-1.6,-1.3,13862.0,56182.0,55267.,55267.,0.0,0.,13636.,13636.0,0.,0.0,7780.,4.0,7780.0,2.8,0.0,0.0,0.,0.0,16089.0,15560.,3.4,0.03016,0.03076,-2.0,0.835,292,485.,438.,-0.01,0.003,0,2355424.,901629,901630, , ,2024-05-23 04:45:58,True,False,False,3.2029616165997945
2024-05-23,FHMRF,FHMRF,2024/05/23,04:48:52,CMA621,ZSPDUBBB,340,-20,48 N,30.6,262.6,25.0,18622.9,83.560,-0.341,-1.5,-1.2,14086.0,57095.0,56234.,56234.,0.0,0.,13874.,13874.0,0.,0.0,7900.,3.5,7900.0,2.7,0.0,0.0,0.,0.0,16289.0,15801.,3.1,0.02976,0.0303,-1.8,0.834,291,485.,437.,0.007,0.005,0,2352347.,901629,901630, , ,2024-05-23 04:48:52,True,False,False,3.2005327659454017
2024-05-24,FHMRF,FHMRF,2024/05/24,04:51:01,CMA600,LFPGVHHH,391,-18,31 N,29.7,192.8,25.0,18624.4,83.090,-0.475,-1.8,-1.5,10655.0,55131.0,54133.,54133.,0.0,0.,10462.,10462.0,0.,0.0,6055.,4.0,6055.0,3.1,0.0,0.0,0.,0.0,12539.0,12109.,3.5,0.03856,0.03934,-2.0,0.828,257,484.,496.,0.02,0.012,0,2194314.,901629,901630, , ,2024-05-24 04:51:01,True,False,False,3.198198565309644
2024-05-24,FHMRF,FHMRF,2024/05/24,04:54:49,CMA600,LFPGVHHH,391,-17,30 N,29.7,192.4,25.0,18624.4,82.720,-0.405,-1.6,-1.3,10431.0,53967.0,53115.,53115.,0.0,0.,10266.,10266.0,0.,0.0,5973.,4.0,5973.0,2.5,0.0,0.0,0.,0.0,12334.0,11946.,3.2,0.03939,0.04015,-1.9,0.831,258,486.,498.,-0.002,-0.011,0,2189922.,901629,901630, , ,2024-05-24 04:54:49,True,False,False,3.1959606572727424
2024-05-24,FHMRF,FHMRF,2024/05/24,18:40:02,CMA601,VHHHLFPG,321,-12,45 N,30.0,299.0,30.0,18622.1,86.230,-0.32,-1.4,-1.2,16284.0,60388.0,59555.,59555.,0.0,0.,16059.,16059.0,0.,0.0,9210.,2.7,9210.0,2.5,0.0,0.0,0.,0.0,18899.0,18420.,2.6,0.02585,0.02621,-1.4,0.827,301,489.,460.,0.025,0.015,0,2450354.,901629,901630, , ,2024-05-24 18:40:02,True,False,False,3.1938202881943627
2024-05-27,FHMRF,FHMRF,2024/05/27,00:49:47,CMA600,LFPGVHHH,370,-10,41 N,31.0,231.2,28.0,18617.5,85.720,-0.532,-2.2,-1.9,12601.0,58941.0,57617.,57617.,0.0,0.,12318.,12318.0,0.,0.0,7178.,4.3,7178.0,2.9,0.0,0.0,0.,0.0,14878.0,14357.,3.6,0.033,0.03354,-1.6,0.829,270,491.,544.,0.022,0.015,2,2374598.,901629,901630, , ,2024-05-27 00:49:47,True,False,False,3.191778303431051
2024-05-27,FHMRF,FHMRF,2024/05/27,03:24:01,CMA600,LFPGVHHH,371,-9,39 N,29.7,214.7,24.0,18617.4,84.420,-0.645,-2.4,-2.1,11778.0,55356.0,54005.,54005.,0.0,0.,11491.,11491.0,0.,0.0,6752.,3.7,6752.0,2.3,0.0,0.0,0.,0.0,13907.0,13504.,3.0,0.03537,0.03566,-0.8,0.828,269,492.,555.,0.02,0.007,0,2214846.,901629,901630, , ,2024-05-27 03:24:01,True,False,False,3.1898351441896344
2024-05-28,FHMRF,FHMRF,2024/05/28,14:02:57,CMA600,LFPGVHHH,410,-18,41 N,25.4,185.6,28.0,18629.3,83.835,-0.193,-0.9,-0.6,9991.0,56641.0,56158.,56132.,0.0,0.,9906.,9902.0,0.,0.0,5754.,4.3,5752.0,2.6,0.0,0.0,0.,0.0,11900.0,11506.,3.4,0.04085,0.04198,-2.7,0.834,248,486.,514.,-0.013,0.006,0,2309309.,901629,901630, , ,2024-05-28 14:02:57,True,False,False,3.187990846034535
2024-05-31,FHMRF,FHMRF,2024/05/31,04:13:41,CMA621,ZSPDUBBB,320,-19,48 N,26.2,279.0,30.0,18617.3,83.780,-0.558,-2.5,-2.1,15702.0,57960.0,56532.,56532.,0.0,0.,15315.,15315.0,0.,0.0,8784.,3.6,8784.0,3.0,0.0,0.0,0.,0.0,18150.0,17569.,3.3,0.02719,0.0275,-1.1,0.849,311,493.,452.,0.009,-0.021,0,2276850.,901629,901630, , ,2024-05-31 04:13:41,True,False,False,3.1862450390621224
2024-05-31,FHMRF,FHMRF,2024/05/31,04:26:37,CMA621,ZSPDUBBB,320,-18,48 N,26.1,277.3,30.0,18617.3,83.905,-0.45,-2.0,-1.7,15642.0,57737.0,56599.,56574.,0.0,0.,15333.,15326.0,0.,0.0,8807.,3.3,8803.0,2.8,0.0,0.0,0.,0.0,18150.0,17610.,3.1,0.02722,0.02759,-1.3,0.849,311,494.,454.,0.01,0.011,0,2262679.,901629,901630, , ,2024-05-31 04:26:37,True,False,False,3.1845969497531215
2024-06-01,FHMRF,FHMRF,2024/06/01,19:55:34,CMA601,VHHHUBBB,340,-17,42 N,24.5,259.0,26.0,18620.2,84.160,-0.414,-1.8,-1.5,14199.0,57549.0,56512.,56512.,0.0,0.,13943.,13943.0,0.,0.0,7989.,3.1,7989.0,2.9,0.0,0.0,0.,0.0,16459.0,15978.,3.0,0.02955,0.02999,-1.5,0.832,291,486.,460.,0.018,-0.002,0,2319902.,901629,901630, , ,2024-06-01 19:55:34,True,False,False,3.1830454045166596
2024-06-02,FHMRF,FHMRF,2024/06/02,04:13:42,CMA601,UBBBLFPG,320,-19,50 N,23.5,250.4,26.0,18614.9,81.310,-0.111,-0.5,-0.4,13907.0,51337.0,51069.,51069.,0.0,0.,13834.,13834.0,0.,0.0,7906.,3.0,7906.0,2.4,0.0,0.0,0.,0.0,16234.0,15812.,2.7,0.02976,0.03045,-2.3,0.83,303,483.,477.,0.013,-0.012,0,2043420.,901629,901630, , ,2024-06-02 04:13:42,True,False,False,3.1815888349439647
2024-06-03,FHMRF,FHMRF,2024/06/03,02:08:26,CMA600,LFPGVHHH,370,-18,41 N,33.2,232.4,28.0,18628.2,84.320,-0.577,-2.5,-2.1,12501.0,58473.0,57019.,57019.,0.0,0.,12190.,12190.0,0.,0.0,7011.,3.8,7011.0,2.7,0.0,0.0,0.,0.0,14480.0,14021.,3.3,0.03352,0.03389,-1.1,0.831,271,485.,533.,0.014,-0.016,0,2387412.,901629,901630, , ,2024-06-03 02:08:26,True,False,False,3.180225284790946
2024-06-03,FHMRF,FHMRF,2024/06/03,21:44:26,CMA601,VHHHLFPG,320,-20,48 N,31.3,286.9,28.0,18602.8,83.170,-0.427,-1.9,-1.6,15278.0,56394.0,55314.,55321.,0.0,0.,14985.,14987.0,0.,0.0,8506.,3.5,8505.0,3.3,0.0,0.0,0.,0.0,17589.0,17011.,3.4,0.02746,0.02793,-1.7,0.831,304,483.,474.,0.008,0.004,0,2341278.,901629,901630, , ,2024-06-03 21:44:26,True,False,False,3.1789524187029867
2024-06-05,FHMRF,FHMRF,2024/06/05,06:51:30,CMA601,VHHHLFPG,320,-13,43 N,26.0,268.8,31.0,18616.3,83.120,0.024,0.1,0.1,14334.0,52913.0,52963.,52963.,0.0,0.,14348.,14348.0,0.,0.0,8252.,3.2,8252.0,2.7,0.0,0.0,0.,0.0,16989.0,16504.,2.9,0.02871,0.02958,-2.9,0.828,302,488.,518.,-0.003,-0.005,0,2192412.,901629,901630, , ,2024-06-05 06:51:30,True,False,False,3.1777675326833212
2024-06-05,FHMRF,FHMRF,2024/06/05,07:21:05,CMA601,VHHHLFPG,340,-17,41 N,25.6,265.0,31.0,18616.3,83.930,-0.341,-1.5,-1.2,14008.0,56779.0,55924.,55924.,0.0,0.,13798.,13798.0,0.,0.0,7911.,3.5,7911.0,3.0,0.0,0.0,0.,0.0,16340.0,15822.,3.3,0.02977,0.03037,-2.0,0.832,290,486.,501.,-0.013,-0.032,0,2373784.,901629,901630, , ,2024-06-05 07:21:05,True,False,False,3.1766675662945905
2024-06-05,FHMRF,FHMRF,2024/06/05,19:49:34,CMA620,LFPGZSPD,350,-20,42 N,32.5,261.3,30.0,18624.1,84.420,-0.274,-1.2,-1.0,13918.0,59148.0,58452.,58456.,0.0,0.,13754.,13755.0,0.,0.0,7803.,4.0,7802.0,3.0,0.0,0.0,0.,0.0,16152.0,15605.,3.5,0.0299,0.03065,-2.5,0.831,284,483.,482.,0.009,-0.009,0,2441988.,901629,901630, , ,2024-06-05 19:49:34,True,False,False,3.1756491165768934
2024-06-07,FHMRF,FHMRF,2024/06/07,16:39:24,CMA600A,LFPGVHHH,411,-20,30 N,28.6,176.8,25.0,18629.4,82.710,-0.244,-0.9,-0.7,9620.0,54797.0,54278.,54278.,0.0,0.,9529.,9529.0,0.,0.0,5527.,3.7,5527.0,2.5,0.0,0.0,0.,0.0,11394.0,11053.,3.1,0.04249,0.0435,-2.3,0.834,248,484.,499.,-0.005,-0.020,0,2214280.,901629,901630, , ,2024-06-07 16:39:24,True,False,False,3.1747084536648336
2024-06-08,FHMRF,FHMRF,2024/06/08,08:08:06,CMA601A,VHHHLFPG,340,-16,48 N,23.8,246.2,25.0,18616.3,82.645,-0.275,-1.1,-0.9,13183.0,53431.0,52866.,52845.,0.0,0.,13044.,13039.0,0.,0.0,7541.,3.2,7539.0,2.2,0.0,0.0,0.,0.0,15484.0,15080.,2.7,0.03161,0.03218,-1.8,0.836,292,489.,406.,-0.017,0.031,0,2204543.,901629,901630, , ,2024-06-08 08:08:06,True,False,False,3.1738415380884866
2024-06-08,FHMRF,FHMRF,2024/06/08,08:45:59,CMA601A,VHHHLFPG,340,-18,49 N,23.6,241.7,25.0,18612.4,82.400,-0.096,-0.4,-0.2,13119.0,53169.0,52967.,52967.,0.0,0.,13069.,13069.0,0.,0.0,7528.,2.9,7528.0,1.8,0.0,0.0,0.,0.0,15410.0,15056.,2.3,0.03168,0.03235,-2.1,0.837,292,488.,396.,-0.009,0.015,0,2164911.,901629,901630, , ,2024-06-08 08:45:59,True,False,False,3.173044039747052
2024-06-08,FHMRF,FHMRF,2024/06/08,08:48:20,CMA601A,VHHHLFPG,340,-18,49 N,23.6,241.4,25.0,18612.4,82.110,-0.188,-0.7,-0.6,13013.0,52743.0,52347.,52347.,0.0,0.,12915.,12915.0,0.,0.0,7448.,3.4,7448.0,2.3,0.0,0.0,0.,0.0,15326.0,14897.,2.9,0.03186,0.03259,-2.3,0.837,292,488.,394.,-0.015,-0.026,0,2162603.,901629,901630, , ,2024-06-08 08:48:20,True,False,False,3.1723113585436
2024-06-08,FHMRF,FHMRF,2024/06/08,09:08:49,CMA601A,VHHHLFPG,340,-18,50 N,23.6,239.0,25.0,18614.9,82.485,0.015,0.1,0.2,13099.0,53089.0,53109.,53130.,0.0,0.,13104.,13109.0,0.,0.0,7537.,3.1,7540.0,2.7,0.0,0.0,0.,0.0,15516.0,15077.,2.9,0.0314,0.03237,-3.0,0.835,292,487.,393.,0.001,0.022,0,2141225.,901629,901630, , ,2024-06-08 09:08:49,True,False,False,3.171638646655982
2024-06-10,FHMRF,FHMRF,2024/06/10,08:11:29,CMA600,LFPGVHHH,391,-14,34 N,30.4,212.0,24.0,18626.5,84.990,-0.587,-2.5,-2.1,11357.0,58763.0,57282.,57282.,0.0,0.,11071.,11071.0,0.,0.0,6454.,3.9,6454.0,2.5,0.0,0.0,0.,0.0,13323.0,12907.,3.2,0.03679,0.03717,-1.0,0.834,259,490.,507.,-0.006,-0.014,0,2414568.,901629,901630, , ,2024-06-10 08:11:29,True,False,False,3.171020832389482
2024-06-16,FHMRF,FHMRF,2024/06/16,10:47:37,CMA620,LFPGZSPD,350,-17,42 N,33.5,233.8,28.0,18628.4,82.220,-0.25,-1.0,-0.7,12426.0,52809.0,52287.,52287.,0.0,0.,12303.,12303.0,0.,0.0,7082.,3.3,7082.0,2.0,0.0,0.0,0.,0.0,14542.0,14164.,2.7,0.03329,0.03392,-1.9,0.828,283,484.,529.,-0.001,-0.008,0,2181874.,901629,901630, , ,2024-06-16 10:47:37,True,False,False,3.1704526455191293
2024-06-17,FHMRF,FHMRF,2024/06/17,12:24:24,CMA621,UBBBLFPG,340,-16,44 N,27.1,261.1,28.0,18623.5,83.870,-0.525,-2.3,-2.0,14012.0,56790.0,55477.,55474.,0.0,0.,13688.,13687.0,0.,0.0,7863.,3.4,7864.0,3.0,0.0,0.0,0.,0.0,16237.0,15728.,3.2,0.03004,0.03039,-1.2,0.833,291,488.,438.,0.001,0.031,0,2337957.,901629,901630, , ,2024-06-17 12:24:24,True,False,False,3.169928643995536
2024-06-17,FHMRF,FHMRF,2024/06/17,13:23:42,CMA621,UBBBLFPG,340,-17,47 N,26.9,253.9,24.0,18627.6,83.330,-0.59,-2.4,-2.1,13790.0,55889.0,54545.,54545.,0.0,0.,13458.,13458.0,0.,0.0,7725.,3.0,7725.0,3.0,0.0,0.0,0.,0.0,15912.0,15451.,3.0,0.03061,0.03087,-0.8,0.833,291,487.,436.,0.011,0.014,0,2273803.,901629,901630, , ,2024-06-17 13:23:42,True,False,False,3.1694432418628007
2024-06-18,FHMRF,FHMRF,2024/06/18,01:18:15,CMA600,LFPGVHHH,411,-17,41 N,29.4,189.4,24.0,18628.2,84.880,-0.233,-1.0,-0.8,10341.0,58907.0,58312.,58312.,0.0,0.,10237.,10237.0,0.,0.0,5935.,3.7,5935.0,2.1,0.0,0.0,0.,0.0,12216.0,11871.,2.9,0.03979,0.04064,-2.1,0.832,247,486.,529.,0.01,0.031,0,2368228.,901629,901630, , ,2024-06-18 01:18:15,True,False,False,3.1689907382180555
2024-06-18,FHMRF,FHMRF,2024/06/18,01:23:00,CMA600,LFPGVHHH,411,-17,41 N,29.3,189.0,24.0,18628.2,84.630,-0.231,-1.0,-0.8,10223.0,58235.0,57645.,57645.,0.0,0.,10120.,10120.0,0.,0.0,5874.,3.8,5874.0,2.7,0.0,0.0,0.,0.0,12133.0,11749.,3.3,0.04007,0.04107,-2.4,0.832,247,486.,531.,0.002,-0.010,0,2362729.,901629,901630, , ,2024-06-18 01:23:00,True,False,False,3.1685653470261634
2024-06-18,FHMRF,FHMRF,2024/06/18,04:17:38,CMA600,LFPGVHHH,411,-20,34 N,28.5,173.2,24.0,18629.3,82.150,-0.145,-0.6,-0.4,9358.0,53304.0,52997.,52997.,0.0,0.,9304.,9304.0,0.,0.0,5415.,3.4,5415.0,2.3,0.0,0.0,0.,0.0,11138.0,10831.,2.8,0.04354,0.04462,-2.4,0.835,248,485.,496.,-0.019,-0.004,0,2170048.,901629,901630, , ,2024-06-18 04:17:38,True,False,False,3.1681612275886373
2024-06-19,FHMRF,FHMRF,2024/06/19,08:52:04,CMA620,LFPGZSPD,370,-23,45 N,34.6,232.6,28.0,18632.8,83.250,0.038,0.2,0.2,12112.0,56652.0,56747.,56751.,0.0,0.,12132.,12133.0,0.,0.0,6859.,3.8,6859.0,2.6,0.0,0.0,0.,0.0,14158.0,13718.,3.2,0.03394,0.0351,-3.3,0.832,271,481.,501.,-0.014,-0.009,0,2391616.,901629,901630, , ,2024-06-19 08:52:04,True,False,False,3.1677725154529615
2024-06-19,FHMRF,FHMRF,2024/06/19,13:02:22,CMA620,LFPGZSPD,390,-27,48 N,29.9,206.8,25.0,18626.3,82.840,-0.395,-1.8,-1.4,11349.0,58440.0,57417.,57417.,0.0,0.,11150.,11150.0,0.,0.0,6280.,4.2,6280.0,3.1,0.0,0.0,0.,0.0,13018.0,12559.,3.7,0.03655,0.03734,-2.1,0.831,259,476.,498.,0.025,0.019,0,2340384.,901629,901630, , ,2024-06-19 13:02:22,True,False,False,3.167393353537082
2024-06-20,FHMRF,FHMRF,2024/06/20,06:13:49,CMA621,ZSPDUBBB,340,-14,44 N,29.0,249.5,24.0,18602.7,83.670,-0.43,-1.7,-1.4,13666.0,55390.0,54467.,54470.,0.0,0.,13438.,13439.0,0.,0.0,7763.,3.6,7763.0,2.5,0.0,0.0,0.,0.0,16000.0,15526.,3.1,0.03054,0.03104,-1.6,0.832,290,489.,458.,0.021,-0.001,0,2232898.,901629,901630, , ,2024-06-20 06:13:49,True,False,False,3.167017923234834
2024-06-20,FHMRF,FHMRF,2024/06/20,06:16:49,CMA621,ZSPDUBBB,340,-15,44 N,29.0,249.1,24.0,18602.7,83.740,-0.419,-1.7,-1.4,13720.0,55608.0,54670.,54673.,0.0,0.,13488.,13489.0,0.,0.0,7787.,3.9,7786.0,2.6,0.0,0.0,0.,0.0,16077.0,15573.,3.2,0.03039,0.03093,-1.7,0.832,290,489.,462.,0.026,-0.010,0,2229578.,901629,901630, , ,2024-06-20 06:16:49,True,False,False,3.166640475264265
2024-06-21,FHMRF,FHMRF,2024/06/21,00:54:44,CMA600,LFPGVHHH,370,-19,42 N,35.2,227.1,25.0,18618.5,84.170,0.06,0.3,0.3,12253.0,57312.0,57463.,57464.,0.0,0.,12285.,12286.0,0.,0.0,7047.,4.2,7047.0,2.7,0.0,0.0,0.,0.0,14582.0,14094.,3.5,0.03351,0.03477,-3.6,0.84,274,489.,514.,0.006,-0.005,0,2332717.,901629,901630, , ,2024-06-21 00:54:44,True,False,False,3.166255360024802
2024-06-22,FHMRF,FHMRF,2024/06/22,01:43:55,CMA601,VHHHLFPG,340,-15,44 N,30.7,252.0,25.0,18613.5,83.760,-0.423,-1.8,-1.5,13794.0,55905.0,54910.,54910.,0.0,0.,13548.,13548.0,0.,0.0,7802.,3.5,7802.0,2.5,0.0,0.0,0.,0.0,16072.0,15604.,3.0,0.03036,0.0308,-1.4,0.832,290,488.,466.,0.024,-0.014,0,2256212.,901629,901630, , ,2024-06-22 01:43:55,True,False,False,3.1658570572391747
2024-06-23,FHMRF,FHMRF,2024/06/23,03:16:46,CMA621,ZSPDUBBB,321,-8,47 N,29.5,278.5,29.0,18599.2,84.780,-0.31,-1.2,-1.1,14934.0,55383.0,54740.,54740.,0.0,0.,14761.,14761.0,0.,0.0,8576.,3.8,8576.0,3.2,0.0,0.0,0.,0.0,17750.0,17152.,3.5,0.02784,0.02849,-2.3,0.831,303,494.,466.,0.006,0.011,0,2282672.,901629,901630, , ,2024-06-23 03:16:46,True,False,False,3.165440204667463
2024-06-24,FHMRF,FHMRF,2024/06/24,22:41:39,CMA601,VHHHLFPG,320,-9,44 N,29.3,274.7,32.0,18606.5,84.820,-0.271,-1.2,-0.9,15107.0,55768.0,55113.,55113.,0.0,0.,14930.,14930.0,0.,0.0,8740.,3.5,8740.0,3.0,0.0,0.0,0.,0.0,18050.0,17480.,3.3,0.02756,0.0282,-2.3,0.839,306,497.,474.,0.017,-0.002,0,2240332.,901629,901630, , ,2024-06-24 22:41:39,True,False,False,3.1649996256909767
2024-06-28,FHMRF,FHMRF,2024/06/28,02:40:08,CMA600,LFPGVHHH,370,-5,41 N,32.7,229.4,28.0,18598.9,86.400,-0.547,-2.3,-2.0,12535.0,58630.0,57282.,57278.,0.0,0.,12247.,12246.0,0.,0.0,7278.,4.1,7279.0,2.7,0.0,0.0,0.,0.0,15056.0,14556.,3.4,0.03329,0.03377,-1.4,0.839,274,501.,588.,0.013,-0.024,0,2354432.,901629,901630, , ,2024-06-28 02:40:08,True,False,False,3.164530355573606
2024-06-28,FHMRF,FHMRF,2024/06/28,04:41:46,CMA600,LFPGVHHH,371,-5,42 N,30.8,216.0,28.0,18601.6,84.980,-0.448,-1.7,-1.4,11722.0,55089.0,54163.,54159.,0.0,0.,11525.,11524.0,0.,0.0,6881.,3.5,6882.0,2.3,0.0,0.0,0.,0.0,14164.0,13763.,2.9,0.0354,0.03593,-1.5,0.84,273,501.,552.,-0.006,-0.018,0,2228526.,901629,901630, , ,2024-06-28 04:41:46,True,False,False,3.164027666219261
2024-06-28,FHMRF,FHMRF,2024/06/28,21:00:01,CMA601,VHHHLFPG,340,-5,47 N,28.4,281.3,30.0,18600.4,87.120,-0.557,-2.4,-2.1,14960.0,60636.0,59201.,59205.,0.0,0.,14606.,14607.0,0.,0.0,8573.,3.8,8573.0,3.2,0.0,0.0,0.,0.0,17750.0,17146.,3.5,0.02804,0.02843,-1.4,0.833,291,498.,425.,-0.014,-0.031,0,2520225.,901629,901630, , ,2024-06-28 21:00:01,True,False,False,3.1634870892563685
2024-06-30,FHMRF,FHMRF,2024/06/30,10:39:05,CMA621,UBBBLFPG,320,-6,41 N,27.9,287.2,28.0,18616.3,86.055,-0.126,-0.5,-0.5,15485.0,57160.0,56838.,56860.,0.0,0.,15398.,15404.0,0.,0.0,8988.,3.1,8993.0,3.2,0.0,0.0,0.,0.0,18551.0,17981.,3.2,0.02681,0.02753,-2.6,0.833,304,497.,453.,0.007,-0.004,0,2343184.,901629,901630, , ,2024-06-30 10:39:05,True,False,False,3.1629044372922683
2024-07-01,FHMRF,FHMRF,2024/07/01,02:28:18,CMA600,LFPGVHHH,350,-3,41 N,32.4,247.9,29.0,18622.9,85.960,-0.586,-2.5,-2.2,13391.0,56910.0,55478.,55478.,0.0,0.,13054.,13054.0,0.,0.0,7718.,4.2,7718.0,3.2,0.0,0.0,0.,0.0,16010.0,15436.,3.7,0.03108,0.03153,-1.4,0.829,283,498.,623.,0.017,0.009,0,2311879.,901629,901630, , ,2024-07-01 02:28:18,True,False,False,3.162275823189892
2024-07-01,FHMRF,FHMRF,2024/07/01,02:31:18,CMA600,LFPGVHHH,350,-3,41 N,32.3,247.6,29.0,18622.9,85.705,-0.465,-1.9,-1.6,13160.0,55926.0,54851.,54871.,0.0,0.,12907.,12911.0,0.,0.0,7641.,4.1,7644.0,2.9,0.0,0.0,0.,0.0,15822.0,15285.,3.5,0.03146,0.03204,-1.8,0.829,283,498.,625.,0.002,0.000,0,2308475.,901629,901630, , ,2024-07-01 02:31:18,True,False,False,3.161597677227839
2024-07-01,FHMRF,FHMRF,2024/07/01,02:34:18,CMA600,LFPGVHHH,350,-3,41 N,32.2,247.2,29.0,18622.9,85.800,-0.442,-1.9,-1.6,13198.0,56090.0,55044.,55044.,0.0,0.,12952.,12952.0,0.,0.0,7666.,3.8,7666.0,3.2,0.0,0.0,0.,0.0,15868.0,15332.,3.5,0.03137,0.03195,-1.8,0.829,283,498.,627.,0.006,-0.010,0,2305100.,901629,901630, , ,2024-07-01 02:34:18,True,False,False,3.1608667620175916
2024-07-01,FHMRF,FHMRF,2024/07/01,02:37:18,CMA600,LFPGVHHH,350,-3,41 N,32.1,246.9,28.0,18622.9,85.820,-0.329,-1.4,-1.1,13136.0,55823.0,55052.,55052.,0.0,0.,12955.,12955.0,0.,0.0,7664.,4.3,7664.0,2.2,0.0,0.0,0.,0.0,15832.0,15328.,3.3,0.03141,0.03207,-2.1,0.828,283,497.,627.,0.003,0.008,0,2301645.,901629,901630, , ,2024-07-01 02:37:18,True,False,False,3.1600801850716316
2024-07-01,FHMRF,FHMRF,2024/07/01,02:40:18,CMA600,LFPGVHHH,350,-3,41 N,32.1,246.5,29.0,18622.9,85.960,-0.27,-1.2,-1.0,13187.0,56044.0,55383.,55383.,0.0,0.,13032.,13032.0,0.,0.0,7705.,3.9,7705.0,3.5,0.0,0.0,0.,0.0,15975.0,15410.,3.7,0.03113,0.03196,-2.6,0.828,283,497.,627.,0.008,-0.004,0,2298363.,901629,901630, , ,2024-07-01 02:40:18,True,False,False,3.1592354089426604
2024-07-01,FHMRF,FHMRF,2024/07/01,02:45:05,CMA600,LFPGVHHH,350,-2,41 N,32.0,245.9,28.0,18622.9,86.175,-0.159,-0.7,-0.5,13143.0,55854.0,55478.,55454.,0.0,0.,13055.,13049.0,0.,0.0,7737.,4.0,7734.0,3.7,0.0,0.0,0.,0.0,16064.0,15471.,3.8,0.03102,0.03204,-3.2,0.828,282,498.,629.,0.006,0.010,0,2292840.,901629,901630, , ,2024-07-01 02:45:05,True,False,False,3.158330258883263
2024-07-01,FHMRF,FHMRF,2024/07/01,03:00:20,CMA600,LFPGVHHH,350,0,41 N,31.7,244.1,29.0,18627.9,85.810,-0.492,-1.8,-1.5,12982.0,55167.0,54169.,54169.,0.0,0.,12747.,12747.0,0.,0.0,7595.,3.6,7595.0,3.6,0.0,0.0,0.,0.0,15739.0,15190.,3.6,0.03175,0.0324,-2.0,0.828,283,500.,628.,-0.001,0.043,0,2275824.,901629,901630, , ,2024-07-01 03:00:20,True,False,False,3.1573629280050683
2024-07-04,FHMRF,FHMRF,2024/07/04,14:49:32,CMA621,UBBBLFPG,360,-18,49 N,28.9,254.5,24.0,18631.5,85.500,-0.505,-2.2,-1.9,13858.0,61779.0,60432.,60432.,0.0,0.,13556.,13556.0,0.,0.0,7730.,3.5,7730.0,2.6,0.0,0.0,0.,0.0,15931.0,15460.,3.0,0.03049,0.03083,-1.1,0.833,278,486.,411.,0.011,-0.022,0,2507023.,901629,901630, , ,2024-07-04 14:49:32,True,False,False,3.156331979948683
2024-07-04,FHMRF,FHMRF,2024/07/04,14:51:42,CMA621,UBBBLFPG,360,-18,49 N,28.9,254.2,24.0,18631.5,85.370,-0.665,-2.9,-2.6,13859.0,61783.0,60010.,60010.,0.0,0.,13461.,13461.0,0.,0.0,7678.,3.6,7678.0,2.5,0.0,0.0,0.,0.0,15823.0,15357.,3.0,0.03071,0.03083,-0.4,0.833,278,486.,413.,0.012,-0.011,0,2504489.,901629,901630, , ,2024-07-04 14:51:42,True,False,False,3.1552363491117044
2024-07-04,FHMRF,FHMRF,2024/07/04,15:02:44,CMA621,UBBBLFPG,360,-18,49 N,28.9,252.9,25.0,18630.5,85.045,-0.613,-2.7,-2.4,13638.0,60794.0,59182.,59156.,0.0,0.,13276.,13271.0,0.,0.0,7583.,3.7,7580.0,2.9,0.0,0.0,0.,0.0,15667.0,15162.,3.3,0.03105,0.03132,-0.9,0.834,279,486.,410.,0.002,0.002,0,2491550.,901629,901630, , ,2024-07-04 15:02:44,True,False,False,3.1540753385168223
2024-07-05,FHMRF,FHMRF,2024/07/05,01:57:26,CMA600,LFPGVHHH,370,-5,41 N,32.2,227.3,28.0,18622.9,85.560,-0.351,-1.5,-1.2,11926.0,55785.0,54965.,54972.,0.0,0.,11751.,11753.0,0.,0.0,6977.,4.3,6975.0,2.7,0.0,0.0,0.,0.0,14442.0,13952.,3.5,0.03444,0.03523,-2.2,0.831,271,497.,585.,-0.016,0.021,0,2332729.,901629,901630, , ,2024-07-05 01:57:26,True,False,False,3.152848615426624
2024-07-06,FHMRF,FHMRF,2024/07/06,02:08:35,CMA601,VHHHLFPG,360,-21,48 N,23.8,245.0,24.0,18613.5,84.140,-0.541,-2.3,-2.0,13319.0,59373.0,57998.,57998.,0.0,0.,13010.,13010.0,0.,0.0,7406.,4.0,7406.0,2.3,0.0,0.0,0.,0.0,15284.0,14813.,3.2,0.0317,0.03205,-1.1,0.835,279,484.,438.,0.0,-0.024,0,2413810.,901629,901630, , ,2024-07-06 02:08:35,True,False,False,3.151556204823494
2024-07-06,FHMRF,FHMRF,2024/07/06,02:16:46,CMA601,VHHHLFPG,360,-21,48 N,23.8,244.1,24.0,18613.5,83.705,-0.373,-1.6,-1.4,13013.0,58006.0,57046.,57072.,0.0,0.,12797.,12803.0,0.,0.0,7289.,4.0,7292.0,2.8,0.0,0.0,0.,0.0,15074.0,14580.,3.4,0.03212,0.03275,-1.9,0.835,279,484.,432.,-0.018,-0.014,0,2405086.,901629,901630, , ,2024-07-06 02:16:46,True,False,False,3.150198480878819
2024-07-06,FHMRF,FHMRF,2024/07/06,11:24:14,CMA620,LFPGZSPD,350,-8,43 N,32.1,257.8,28.0,18627.8,85.540,-0.15,-0.7,-0.5,13324.0,56620.0,56251.,56247.,0.0,0.,13237.,13236.0,0.,0.0,7744.,4.3,7745.0,3.0,0.0,0.0,0.,0.0,16058.0,15489.,3.7,0.03079,0.03177,-3.1,0.831,284,494.,542.,-0.024,0.031,0,2408384.,901629,901630, , ,2024-07-06 11:24:14,True,False,False,3.148776156544149
2024-07-09,FHMRF,FHMRF,2024/07/09,01:57:30,CMA601,VHHHLFPG,340,-16,48 N,27.8,244.0,25.0,18617.3,82.500,-0.258,-1.0,-0.8,13092.0,53062.0,52524.,52524.,0.0,0.,12959.,12959.0,0.,0.0,7479.,3.0,7479.0,1.9,0.0,0.0,0.,0.0,15326.0,14959.,2.5,0.03176,0.03229,-1.6,0.831,290,487.,467.,-0.004,0.012,0,2185433.,901629,901630, , ,2024-07-09 01:57:30,True,False,False,3.1472902714109043
2024-07-10,FHMRF,FHMRF,2024/07/10,11:16:41,CMA620,LFPGZSPD,390,-12,43 N,31.5,209.5,28.0,18622.8,85.335,0.011,0.0,0.2,11096.0,57135.0,57148.,57178.,0.0,0.,11098.,11104.0,0.,0.0,6493.,4.1,6495.0,2.5,0.0,0.0,0.,0.0,13418.0,12987.,3.3,0.03657,0.03786,-3.4,0.831,259,491.,536.,-0.011,-0.005,0,2370836.,901629,901630, , ,2024-07-10 11:16:41,True,False,False,3.145742178002291
2024-07-11,FHMRF,FHMRF,2024/07/11,03:23:11,CMA621,ZSPDUBBB,320,-13,47 N,23.1,282.2,30.0,18612.8,83.645,-0.548,-2.1,-1.8,14937.0,55138.0,53994.,54014.,0.0,0.,14627.,14632.0,0.,0.0,8447.,3.6,8450.0,2.4,0.0,0.0,0.,0.0,17402.0,16897.,3.0,0.02819,0.02851,-1.1,0.833,304,491.,471.,-0.016,-0.020,0,2302817.,901629,901630, , ,2024-07-11 03:23:11,True,False,False,3.1441335266763986
2024-07-11,FHMRF,FHMRF,2024/07/11,11:09:35,CMA621,UBBBLFPG,320,5,42 N,23.2,286.2,28.0,18609.6,87.430,-0.699,-2.9,-2.6,15669.0,57841.0,56156.,56156.,0.0,0.,15213.,15213.0,0.,0.0,9122.,3.3,9122.0,3.2,0.0,0.0,0.,0.0,18836.0,18244.,3.2,0.02694,0.0271,-0.6,0.834,305,507.,429.,0.007,0.017,0,2334830.,901629,901630, , ,2024-07-11 11:09:35,True,False,False,3.142466249327592
2024-07-12,FHMRF,FHMRF,2024/07/12,00:49:28,CMA600,LFPGVHHH,370,-8,42 N,33.4,225.4,28.0,18621.1,84.860,-0.453,-1.8,-1.5,11872.0,55528.0,54542.,54546.,0.0,0.,11661.,11662.0,0.,0.0,6880.,3.5,6879.0,2.3,0.0,0.0,0.,0.0,14163.0,13759.,2.9,0.03496,0.03545,-1.4,0.832,271,495.,566.,-0.012,-0.014,0,2314637.,901629,901630, , ,2024-07-12 00:49:28,True,False,False,3.140742542072678
2024-07-12,FHMRF,FHMRF,2024/07/12,01:51:13,CMA600,LFPGVHHH,370,-7,41 N,32.0,218.9,28.0,18615.0,84.580,-0.644,-2.4,-2.1,11804.0,55210.0,53885.,53888.,0.0,0.,11521.,11522.0,0.,0.0,6802.,3.3,6801.0,1.9,0.0,0.0,0.,0.0,13961.0,13604.,2.6,0.03541,0.03559,-0.5,0.83,271,494.,578.,0.007,0.011,0,2246585.,901629,901630, , ,2024-07-12 01:51:13,True,False,False,3.1389648471025375
2024-07-12,FHMRF,FHMRF,2024/07/12,02:30:15,CMA600,LFPGVHHH,390,-10,41 N,31.4,214.4,28.0,18619.0,85.955,-0.286,-1.2,-1.0,11398.0,58694.0,57989.,57969.,0.0,0.,11262.,11258.0,0.,0.0,6612.,3.6,6609.0,2.3,0.0,0.0,0.,0.0,13611.0,13221.,2.9,0.03622,0.03693,-1.9,0.832,259,493.,546.,-0.008,-0.007,0,2423309.,901629,901630, , ,2024-07-12 02:30:15,True,False,False,3.1371358338720685
2024-07-12,FHMRF,FHMRF,2024/07/12,04:44:11,CMA600,LFPGVHHH,391,-12,44 N,29.9,201.2,24.0,18626.9,84.690,0.052,0.2,0.4,10740.0,55570.0,55698.,55702.,0.0,0.,10765.,10766.0,0.,0.0,6301.,4.3,6300.0,2.5,0.0,0.0,0.,0.0,13031.0,12601.,3.4,0.03759,0.03902,-3.7,0.83,258,490.,537.,-0.008,0.002,0,2287629.,901629,901630, , ,2024-07-12 04:44:11,True,False,False,3.1352583797894473
2024-07-12,FHMRF,FHMRF,2024/07/12,05:40:38,CMA600,LFPGVHHH,411,-18,40 N,29.7,195.6,24.0,18626.3,85.450,-0.196,-0.9,-0.6,10625.0,60518.0,59989.,59994.,0.0,0.,10532.,10533.0,0.,0.0,6091.,2.8,6090.0,1.7,0.0,0.0,0.,0.0,12453.0,12181.,2.2,0.039,0.03962,-1.6,0.832,247,486.,547.,0.006,0.013,0,2446170.,901629,901630, , ,2024-07-12 05:40:38,True,False,False,3.133335550547711
2024-07-14,FHMRF,FHMRF,2024/07/14,11:20:55,CMA621,UBBBLFPG,320,2,41 N,26.0,286.4,28.0,18617.9,87.090,-0.658,-2.8,-2.4,15720.0,58025.0,56429.,56429.,0.0,0.,15287.,15287.0,0.,0.0,9091.,3.3,9091.0,3.8,0.0,0.0,0.,0.0,18826.0,18183.,3.5,0.02679,0.02705,-1.0,0.833,304,504.,430.,0.018,-0.013,0,2336113.,901629,901630, , ,2024-07-14 11:20:55,True,False,False,3.131370580219914
2024-07-14,FHMRF,FHMRF,2024/07/14,11:28:05,CMA621,UBBBLFPG,320,2,41 N,25.8,285.4,28.0,18617.9,87.220,-0.362,-1.5,-1.3,15622.0,57665.0,56787.,56787.,0.0,0.,15384.,15384.0,0.,0.0,9143.,3.3,9143.0,3.2,0.0,0.0,0.,0.0,18876.0,18285.,3.2,0.02671,0.02721,-1.8,0.833,304,504.,436.,0.015,-0.003,0,2327990.,901629,901630, , ,2024-07-14 11:28:05,True,False,False,3.1293668512180846
2024-07-15,FHMRF,FHMRF,2024/07/15,23:08:28,CMA601,VHHHLFPG,320,2,42 N,28.5,268.0,28.0,18604.2,85.100,-0.524,-2.0,-1.7,14426.0,53249.0,52198.,52198.,0.0,0.,14141.,14141.0,0.,0.0,8473.,3.0,8473.0,2.8,0.0,0.0,0.,0.0,17431.0,16946.,2.9,0.0289,0.02923,-1.1,0.832,304,504.,461.,-0.003,0.017,0,2185821.,901629,901630, , ,2024-07-15 23:08:28,True,False,False,3.1273278741979884
2024-07-16,FHMRF,FHMRF,2024/07/16,23:12:02,CMA778,LFLXOTBD,390,-15,28 N,24.6,201.9,24.0,18630.6,84.160,-0.607,-2.7,-2.3,11055.0,56926.0,55394.,55394.,0.0,0.,10758.,10758.0,0.,0.0,6268.,4.1,6268.0,2.7,0.0,0.0,0.,0.0,12963.0,12536.,3.4,0.03773,0.03812,-1.0,0.833,260,489.,470.,0.007,0.003,0,2280623.,901629,901630, , ,2024-07-16 23:12:02,True,False,False,3.1252572679777897
2024-07-17,FHMRF,FHMRF,2024/07/17,00:16:52,CMA778,LFLXOTBD,390,-14,26 N,24.4,195.6,24.0,18632.8,83.380,-0.666,-2.5,-2.2,10687.0,55032.0,53635.,53635.,0.0,0.,10416.,10416.0,0.,0.0,6099.,3.6,6099.0,2.2,0.0,0.0,0.,0.0,12551.0,12197.,2.9,0.03908,0.03935,-0.7,0.835,260,491.,463.,-0.003,0.003,0,2209040.,901629,901630, , ,2024-07-17 00:16:52,True,False,False,3.123158739531239
2024-07-17,FHMRF,FHMRF,2024/07/17,00:35:07,CMA778,LFLXOTBD,390,-14,26 N,24.3,193.9,24.0,18636.8,83.650,-0.306,-1.2,-0.9,10657.0,54876.0,54235.,54235.,0.0,0.,10532.,10532.0,0.,0.0,6150.,4.1,6150.0,2.9,0.0,0.0,0.,0.0,12730.0,12299.,3.5,0.03844,0.03942,-2.5,0.833,259,489.,463.,0.003,0.023,0,2190042.,901629,901630, , ,2024-07-17 00:35:07,True,False,False,3.121036064114237
2024-07-17,FHMRF,FHMRF,2024/07/17,00:41:05,CMA778,LFLXOTBD,390,-15,26 N,24.3,193.3,24.0,18636.8,83.390,-0.693,-2.6,-2.2,10720.0,55202.0,53749.,53749.,0.0,0.,10438.,10438.0,0.,0.0,6101.,3.4,6101.0,2.6,0.0,0.0,0.,0.0,12570.0,12202.,3.0,0.03896,0.03923,-0.7,0.834,260,490.,464.,0.01,0.007,0,2182897.,901629,901630, , ,2024-07-17 00:41:05,True,False,False,3.1188930655847344
2024-07-17,FHMRF,FHMRF,2024/07/17,22:05:38,CMA779,OTBDLFPG,400,-16,31 N,25.5,181.4,27.0,18664.4,83.360,-0.435,-1.7,-1.4,10196.0,55088.0,54173.,54173.,0.0,0.,10027.,10027.0,0.,0.0,5831.,3.1,5831.0,2.4,0.0,0.0,0.,0.0,11984.0,11663.,2.8,0.04061,0.04116,-1.3,0.831,253,487.,490.,0.019,-0.015,0,2160789.,901629,901630, , ,2024-07-17 22:05:38,True,False,False,3.116733596978448
2024-07-17,FHMRF,FHMRF,2024/07/17,22:08:07,CMA779,OTBDLFPG,400,-16,31 N,25.5,181.2,27.0,18662.5,83.020,-0.391,-1.5,-1.2,10040.0,54244.0,53421.,53421.,0.0,0.,9888.,9888.0,0.,0.0,5768.,2.9,5768.0,2.3,0.0,0.0,0.,0.0,11833.0,11536.,2.6,0.04123,0.04177,-1.3,0.833,253,488.,492.,0.002,-0.005,0,2158064.,901629,901630, , ,2024-07-17 22:08:07,True,False,False,3.1145615214059976
2024-07-18,FHMRF,FHMRF,2024/07/18,02:14:40,CMA779,OTBDLFPG,430,-18,48 N,24.1,159.9,24.0,18665.7,83.000,-0.446,-1.7,-1.4,8820.0,55046.0,54095.,54095.,0.0,0.,8668.,8668.0,0.,0.0,5086.,3.7,5086.0,2.2,0.0,0.0,0.,0.0,10474.0,10173.,3.0,0.04664,0.04736,-1.5,0.838,238,489.,446.,-0.018,-0.014,0,2203709.,901629,901630, , ,2024-07-18 02:14:40,True,False,False,3.1123806933371485
2024-07-18,FHMRF,FHMRF,2024/07/18,07:51:54,CMA620,LFPGZSPD,350,-16,47 N,31.6,255.7,28.0,18655.1,84.310,-0.386,-1.7,-1.5,13520.0,57456.0,56485.,56485.,0.0,0.,13291.,13291.0,0.,0.0,7601.,3.6,7601.0,2.7,0.0,0.0,0.,0.0,15678.0,15202.,3.1,0.0311,0.03158,-1.5,0.832,284,488.,507.,-0.002,0.017,0,2389093.,901629,901630, , ,2024-07-18 07:51:54,True,False,False,3.1101949403294946
2024-07-18,FHMRF,FHMRF,2024/07/18,15:05:51,CMA620,LFPGZSPD,391,-14,42 N,31.9,210.6,24.0,18629.1,85.190,-0.47,-2.0,-1.7,11358.0,58766.0,57582.,57582.,0.0,0.,11129.,11129.0,0.,0.0,6475.,3.7,6475.0,2.8,0.0,0.0,0.,0.0,13367.0,12950.,3.2,0.03658,0.03712,-1.5,0.831,258,489.,543.,0.007,0.048,0,2392243.,901629,901630, , ,2024-07-18 15:05:51,True,False,False,3.1080080452412338
2024-07-18,FHMRF,FHMRF,2024/07/18,17:34:32,CMA620,LFPGZSPD,391,-16,34 N,27.9,193.5,24.0,18654.4,83.375,-0.221,-0.9,-0.6,10545.0,54559.0,54082.,54107.,0.0,0.,10452.,10457.0,0.,0.0,6088.,3.6,6089.0,2.5,0.0,0.0,0.,0.0,12545.0,12177.,3.0,0.03886,0.0398,-2.4,0.832,258,487.,505.,0.001,0.002,0,2200402.,901629,901630, , ,2024-07-18 17:34:32,True,False,False,3.105823728947098
2024-07-19,FHMRF,FHMRF,2024/07/19,10:30:08,CMA621,UBBBLFPG,300,5,42 N,27.7,278.6,28.0,18616.7,84.770,-0.053,-0.2,-0.2,14950.0,50344.0,50221.,50221.,0.0,0.,14914.,14914.0,0.,0.0,8957.,3.3,8957.0,3.6,0.0,0.0,0.,0.0,18529.0,17913.,3.4,0.02716,0.02805,-3.2,0.825,314,503.,462.,-0.009,-0.013,0,2073150.,901629,901630, , ,2024-07-19 10:30:08,True,False,False,3.103645633561237
2024-07-19,FHMRF,FHMRF,2024/07/19,13:15:49,CMA621,UBBBLFPG,340,-12,48 N,26.9,256.9,25.0,18618.5,84.505,-0.351,-1.5,-1.3,13920.0,56417.0,55532.,55556.,0.0,0.,13701.,13708.0,0.,0.0,7939.,3.3,7942.0,3.1,0.0,0.0,0.,0.0,16388.0,15880.,3.2,0.02998,0.03053,-1.8,0.833,291,491.,444.,0.008,-0.008,0,2300704.,901629,901630, , ,2024-07-19 13:15:49,True,False,False,3.1014773061641954
2024-07-19,FHMRF,FHMRF,2024/07/19,21:26:00,CMA600,LFPGVHHH,370,-21,46 N,34.2,225.9,29.0,18626.2,83.200,-0.169,-0.8,-0.5,11955.0,55919.0,55491.,55491.,0.0,0.,11864.,11864.0,0.,0.0,6783.,3.8,6783.0,2.3,0.0,0.0,0.,0.0,13981.0,13567.,3.1,0.0345,0.03537,-2.4,0.831,271,482.,529.,-0.002,0.008,0,2323192.,901629,901630, , ,2024-07-19 21:26:00,True,False,False,3.099322183031637
2024-07-19,FHMRF,FHMRF,2024/07/19,21:30:01,CMA600,LFPGVHHH,370,-21,46 N,34.3,225.5,29.0,18628.9,83.030,-0.176,-0.8,-0.5,11864.0,55494.0,55072.,55072.,0.0,0.,11774.,11774.0,0.,0.0,6736.,3.8,6736.0,2.9,0.0,0.0,0.,0.0,13920.0,13472.,3.3,0.03466,0.03562,-2.7,0.831,271,482.,529.,-0.007,-0.014,0,2318768.,901629,901630, , ,2024-07-19 21:30:01,True,False,False,3.097183574367796
2024-07-19,FHMRF,FHMRF,2024/07/19,23:44:26,CMA600,LFPGVHHH,390,-12,41 N,31.8,211.3,28.0,18622.9,85.220,-0.19,-0.8,-0.6,11134.0,57332.0,56856.,56856.,0.0,0.,11041.,11041.0,0.,0.0,6467.,4.0,6467.0,2.3,0.0,0.0,0.,0.0,13345.0,12934.,3.2,0.03682,0.03776,-2.5,0.832,259,491.,564.,-0.015,-0.012,0,2388137.,901629,901630, , ,2024-07-19 23:44:26,True,False,False,3.0950646495550074
2024-07-20,FHMRF,FHMRF,2024/07/20,00:55:23,CMA600,LFPGVHHH,390,-14,41 N,30.7,204.3,28.0,18625.2,84.440,-0.587,-2.6,-2.2,11115.0,57233.0,55755.,55755.,0.0,0.,10828.,10828.0,0.,0.0,6321.,3.9,6321.0,2.2,0.0,0.0,0.,0.0,13023.0,12643.,3.0,0.03758,0.03786,-0.7,0.832,259,489.,535.,0.011,0.024,0,2309039.,901629,901630, , ,2024-07-20 00:55:23,True,False,False,3.0929684229401406
2024-07-20,FHMRF,FHMRF,2024/07/20,02:35:43,CMA600,LFPGVHHH,391,-10,42 N,29.6,194.5,24.0,18624.1,84.110,-0.509,-1.9,-1.6,10583.0,54753.0,53699.,53699.,0.0,0.,10379.,10379.0,0.,0.0,6122.,3.5,6122.0,2.5,0.0,0.0,0.,0.0,12612.0,12245.,3.0,0.03895,0.03949,-1.4,0.829,258,491.,595.,0.004,0.051,0,2209171.,901629,901630, , ,2024-07-20 02:35:43,True,False,False,3.0908977401878492
2024-07-21,FHMRF,FHMRF,2024/07/21,02:14:32,CMA601,UBBBLFPG,340,-12,48 N,21.3,261.2,24.0,18608.1,84.980,-0.596,-2.5,-2.2,14341.0,58126.0,56647.,56651.,0.0,0.,13976.,13977.0,0.,0.0,8080.,3.4,8079.0,2.7,0.0,0.0,0.,0.0,16650.0,16158.,3.0,0.02938,0.02961,-0.8,0.829,289,489.,440.,0.015,-0.005,0,2340212.,901629,901630, , ,2024-07-21 02:14:32,True,False,False,3.0888552652379824
2024-07-21,FHMRF,FHMRF,2024/07/21,09:06:38,CMA620,LFPGZSPD,370,-12,43 N,33.4,229.5,24.0,18622.7,84.710,-0.732,-3.2,-2.9,12313.0,57592.0,55768.,55768.,0.0,0.,11923.,11923.0,0.,0.0,6876.,4.1,6876.0,2.7,0.0,0.0,0.,0.0,14220.0,13752.,3.4,0.03404,0.03418,-0.4,0.819,267,484.,541.,0.013,0.029,0,2357707.,901629,901630, , ,2024-07-21 09:06:38,True,False,False,3.086843467908486
2024-07-21,FHMRF,FHMRF,2024/07/21,15:39:27,CMA620,LFPGZSPD,391,-11,41 N,28.7,189.8,24.0,18625.2,83.270,-0.575,-2.2,-1.9,10346.0,53533.0,52339.,52339.,0.0,0.,10115.,10115.0,0.,0.0,5965.,3.2,5965.0,2.0,0.0,0.0,0.,0.0,12244.0,11930.,2.6,0.04003,0.04033,-0.7,0.829,257,490.,568.,0.0,-0.024,0,2155711.,901629,901630, , ,2024-07-21 15:39:27,True,False,False,3.0848646121849748
2024-07-22,FHMRF,FHMRF,2024/07/22,13:52:43,CMA621,UBBBLFPG,360,-18,50 N,29.2,240.0,25.0,18619.7,83.695,-0.435,-1.9,-1.6,12766.0,56908.0,55797.,55823.,0.0,0.,12517.,12523.0,0.,0.0,7194.,4.2,7197.0,2.5,0.0,0.0,0.,0.0,14871.0,14390.,3.3,0.03274,0.03329,-1.6,0.835,279,487.,414.,-0.01,0.015,0,2364464.,901629,901630, , ,2024-07-22 13:52:43,True,False,False,3.0829207452358047
2024-07-22,FHMRF,FHMRF,2024/07/22,22:33:36,CMA600,LFPGVHHH,390,-12,42 N,31.7,209.5,28.0,18621.1,85.260,-0.264,-1.2,-0.9,11169.0,57512.0,56850.,56850.,0.0,0.,11041.,11041.0,0.,0.0,6469.,4.0,6469.0,1.9,0.0,0.0,0.,0.0,13318.0,12938.,2.9,0.03687,0.03762,-2.0,0.831,259,491.,554.,-0.004,0.013,0,2368040.,901629,901630, , ,2024-07-22 22:33:36,True,False,False,3.0810136871889813
2024-07-23,FHMRF,FHMRF,2024/07/23,02:03:47,CMA600,LFPGVHHH,411,-16,42 N,28.6,189.0,24.0,18620.2,84.985,-0.125,-0.5,-0.3,10232.0,58283.0,57977.,57951.,0.0,0.,10179.,10174.0,0.,0.0,5925.,3.9,5922.0,2.4,0.0,0.0,0.,0.0,12224.0,11847.,3.2,0.03983,0.04097,-2.8,0.831,247,487.,570.,0.001,0.053,0,2362782.,901629,901630, , ,2024-07-23 02:03:47,True,False,False,3.079145021704261
2024-07-23,FHMRF,FHMRF,2024/07/23,04:47:00,CMA600,LFPGVHHH,411,-19,34 N,27.9,174.6,24.0,18620.2,82.780,-0.281,-1.1,-0.8,9555.0,54426.0,53830.,53830.,0.0,0.,9451.,9451.0,0.,0.0,5511.,3.4,5511.0,2.2,0.0,0.0,0.,0.0,11328.0,11022.,2.8,0.04289,0.04372,-1.9,0.834,248,486.,500.,-0.005,0.005,0,2187358.,901629,901630, , ,2024-07-23 04:47:00,True,False,False,3.077316087369728
2024-07-23,FHMRF,FHMRF,2024/07/23,15:27:56,CMA601,VHHHUBBB,341,-12,46 N,23.3,265.0,30.0,18600.2,85.020,-0.677,-2.9,-2.5,14356.0,58462.0,56776.,56780.,0.0,0.,13942.,13943.0,0.,0.0,8084.,3.1,8083.0,3.0,0.0,0.0,0.,0.0,16657.0,16167.,3.0,0.0295,0.02963,-0.5,0.833,290,491.,452.,0.001,-0.013,0,2384252.,901629,901630, , ,2024-07-23 15:27:56,True,False,False,3.075527969947681
2024-07-26,FHMRF,FHMRF,2024/07/26,08:54:54,CMA621,UBBBLFPG,320,6,41 N,25.9,278.6,27.0,18618.0,86.610,-0.559,-2.0,-1.7,14886.0,54941.0,53820.,53827.,0.0,0.,14582.,14584.0,0.,0.0,8817.,3.6,8815.0,3.7,0.0,0.0,0.,0.0,18279.0,17633.,3.7,0.02791,0.02843,-1.8,0.836,305,510.,430.,-0.018,0.232,0,2272442.,901629,901630, , ,2024-07-26 08:54:54,True,False,False,3.0737814954903238
2024-07-26,FHMRF,FHMRF,2024/07/26,23:36:25,CMA600,LFPGVHHH,370,-20,47 N,32.3,235.1,28.0,18628.6,83.660,-0.524,-2.3,-1.9,12389.0,57950.0,56620.,56620.,0.0,0.,12105.,12105.0,0.,0.0,6916.,3.5,6916.0,3.0,0.0,0.0,0.,0.0,14280.0,13832.,3.2,0.03383,0.03425,-1.2,0.832,272,483.,522.,-0.007,-0.006,0,2417638.,901629,901630, , ,2024-07-26 23:36:25,True,False,False,3.0720772243417747
2024-07-27,FHMRF,FHMRF,2024/07/27,03:24:11,CMA600,LFPGVHHH,390,-10,41 N,30.9,210.5,28.0,18622.9,85.460,-0.266,-1.2,-0.9,11145.0,57391.0,56725.,56725.,0.0,0.,11016.,11016.0,0.,0.0,6471.,3.6,6471.0,2.6,0.0,0.0,0.,0.0,13344.0,12942.,3.1,0.03691,0.0377,-2.1,0.831,259,492.,566.,-0.012,0.026,0,2378701.,901629,901630, , ,2024-07-27 03:24:11,True,False,False,3.070415446042179
2024-07-27,FHMRF,FHMRF,2024/07/27,03:27:11,CMA600,LFPGVHHH,390,-10,41 N,30.8,210.0,28.0,18622.9,85.505,-0.299,-1.3,-1.0,11170.0,57519.0,56760.,56785.,0.0,0.,11023.,11028.0,0.,0.0,6477.,3.5,6480.0,2.4,0.0,0.0,0.,0.0,13338.0,12957.,2.9,0.03694,0.03762,-1.8,0.831,259,493.,564.,-0.007,-0.019,0,2372969.,901629,901630, , ,2024-07-27 03:27:11,True,False,False,3.068796175156581
2024-07-27,FHMRF,FHMRF,2024/07/27,03:58:48,CMA600,LFPGVHHH,390,-11,41 N,30.3,206.7,28.0,18626.9,84.730,-0.594,-2.6,-2.2,11038.0,56839.0,55352.,55352.,0.0,0.,10749.,10749.0,0.,0.0,6315.,3.6,6315.0,3.1,0.0,0.0,0.,0.0,13054.0,12630.,3.4,0.03769,0.03808,-1.0,0.832,259,492.,560.,-0.006,-0.023,0,2336496.,901629,901630, , ,2024-07-27 03:58:48,True,False,False,3.0672191480647464
2024-07-27,FHMRF,FHMRF,2024/07/27,04:18:05,CMA600,LFPGVHHH,390,-11,41 N,30.0,205.0,28.0,18626.9,85.290,-0.431,-1.9,-1.6,11212.0,57733.0,56654.,56654.,0.0,0.,11003.,11003.0,0.,0.0,6446.,3.6,6446.0,2.7,0.0,0.0,0.,0.0,13299.0,12892.,3.2,0.03693,0.03749,-1.5,0.83,258,491.,560.,0.017,0.020,2,2316534.,901629,901630, , ,2024-07-27 04:18:05,True,False,False,3.065683820761636
2024-07-27,FHMRF,FHMRF,2024/07/27,04:27:33,CMA600,LFPGVHHH,390,-10,41 N,29.9,204.0,28.0,18626.9,85.090,0.01,0.0,0.2,10861.0,55927.0,55950.,55950.,0.0,0.,10866.,10866.0,0.,0.0,6384.,3.6,6384.0,2.7,0.0,0.0,0.,0.0,13165.0,12768.,3.1,0.03738,0.03861,-3.2,0.831,259,492.,564.,-0.01,-0.007,0,2305674.,901629,901630, , ,2024-07-27 04:27:33,True,False,False,3.0641893677274297
2024-07-27,FHMRF,FHMRF,2024/07/27,06:35:52,CMA600,LFPGVHHH,411,-15,40 N,28.7,191.6,24.0,18622.9,85.480,-0.121,-0.5,-0.3,10365.0,59042.0,58735.,58735.,0.0,0.,10311.,10311.0,0.,0.0,6013.,3.6,6013.0,2.4,0.0,0.0,0.,0.0,12387.0,12027.,3.0,0.03944,0.0405,-2.6,0.832,247,489.,542.,-0.001,0.043,0,2395686.,901629,901630, , ,2024-07-27 06:35:52,True,False,False,3.0627346819331787
2024-07-28,FHMRF,FHMRF,2024/07/28,00:42:30,CMA601,VHHHLFPG,340,-12,43 N,31.5,251.3,24.0,18615.0,84.070,-0.241,-0.9,-0.7,13591.0,55084.0,54581.,54581.,0.0,0.,13467.,13467.0,0.,0.0,7852.,3.0,7852.0,2.7,0.0,0.0,0.,0.0,16153.0,15704.,2.9,0.03062,0.03128,-2.1,0.839,293,495.,461.,0.001,-0.001,0,2250176.,901629,901630, , ,2024-07-28 00:42:30,True,False,False,3.061318376056418
2024-07-28,FHMRF,FHMRF,2024/07/28,00:46:52,CMA601,VHHHLFPG,340,-12,44 N,31.5,250.8,24.0,18615.0,84.210,-0.136,-0.5,-0.3,13626.0,55227.0,54940.,54940.,0.0,0.,13556.,13556.0,0.,0.0,7896.,3.6,7896.0,2.6,0.0,0.0,0.,0.0,16276.0,15791.,3.1,0.03037,0.03121,-2.7,0.839,293,494.,462.,0.005,0.001,0,2245412.,901629,901630, , ,2024-07-28 00:46:52,True,False,False,3.059938784988836
2024-07-28,FHMRF,FHMRF,2024/07/28,08:52:18,CMA620,LFPGZSPD,330,-10,46 N,34.1,264.2,29.0,18626.5,84.160,-0.353,-1.3,-1.1,14134.0,54659.0,53938.,53935.,0.0,0.,13947.,13947.0,0.,0.0,8115.,3.1,8116.0,2.6,0.0,0.0,0.,0.0,16696.0,16230.,2.9,0.02947,0.02998,-1.7,0.83,296,492.,497.,0.012,-0.005,0,2246856.,901629,901630, , ,2024-07-28 08:52:18,True,False,False,3.0585939697215663
2024-07-28,FHMRF,FHMRF,2024/07/28,12:35:11,CMA620,LFPGZSPD,370,-7,47 N,31.8,237.2,28.0,18621.1,86.100,-0.578,-2.4,-2.1,12553.0,58712.0,57281.,57285.,0.0,0.,12247.,12248.0,0.,0.0,7204.,3.8,7203.0,2.7,0.0,0.0,0.,0.0,14874.0,14407.,3.2,0.03328,0.03364,-1.1,0.831,271,495.,600.,-0.006,-0.044,0,2436707.,901629,901630, , ,2024-07-28 12:35:11,True,False,False,3.0572817226918976
2024-07-29,FHMRF,FHMRF,2024/07/29,05:30:50,CMA621,ZSPDUBBB,320,-11,45 N,31.0,256.8,25.0,18603.2,82.890,0.057,0.3,0.3,13958.0,51524.0,51658.,51658.,0.0,0.,13994.,13994.0,0.,0.0,8140.,2.9,8140.0,2.4,0.0,0.0,0.,0.0,16710.0,16280.,2.6,0.02932,0.0302,-2.9,0.828,302,490.,453.,0.007,-0.009,0,2094599.,901629,901630, , ,2024-07-29 05:30:50,True,False,False,3.0559995746704436
2024-07-29,FHMRF,FHMRF,2024/07/29,11:19:16,CMA621,UBBBLFPG,320,0,41 N,30.5,270.5,27.0,18611.5,84.840,-0.223,-0.9,-0.7,14287.0,52738.0,52288.,52288.,0.0,0.,14165.,14165.0,0.,0.0,8441.,2.6,8441.0,3.1,0.0,0.0,0.,0.0,17363.0,16883.,2.8,0.02888,0.0295,-2.1,0.831,303,501.,455.,-0.014,0.011,0,2206745.,901629,901630, , ,2024-07-29 11:19:16,True,False,False,3.0547448032622286
2024-07-29,FHMRF,FHMRF,2024/07/29,11:26:05,CMA621,UBBBLFPG,320,1,41 N,30.5,269.6,27.0,18608.4,85.410,-0.361,-1.3,-1.1,14581.0,53822.0,53097.,53097.,0.0,0.,14384.,14384.0,0.,0.0,8576.,2.6,8576.0,3.2,0.0,0.0,0.,0.0,17650.0,17152.,2.9,0.02843,0.02893,-1.7,0.83,303,502.,453.,0.008,0.004,0,2199332.,901629,901630, , ,2024-07-29 11:26:05,True,False,False,3.053514443088014
2024-07-29,FHMRF,FHMRF,2024/07/29,11:37:42,CMA621,UBBBLFPG,320,1,42 N,30.4,268.1,28.0,18604.8,85.420,-0.307,-1.2,-0.9,14507.0,53549.0,52932.,52932.,0.0,0.,14340.,14340.0,0.,0.0,8565.,2.7,8565.0,3.3,0.0,0.0,0.,0.0,17650.0,17130.,3.0,0.02846,0.02905,-2.0,0.83,303,502.,455.,0.007,0.004,0,2186411.,901629,901630, , ,2024-07-29 11:37:42,True,False,False,3.052305297700905
2024-07-29,FHMRF,FHMRF,2024/07/29,22:32:09,CMA600,LFPGVHHH,370,-9,42 N,31.2,206.9,28.0,18620.0,83.170,-0.096,-0.4,-0.3,11024.0,51563.0,51332.,51332.,0.0,0.,10975.,10975.0,0.,0.0,6473.,2.8,6473.0,2.2,0.0,0.0,0.,0.0,13273.0,12945.,2.5,0.03703,0.03785,-2.2,0.827,269,491.,552.,-0.016,-0.017,2,2124544.,901629,901630, , ,2024-07-29 22:32:09,True,False,False,3.051113953276924
2024-07-29,FHMRF,FHMRF,2024/07/29,22:42:34,CMA600,LFPGVHHH,370,-8,41 N,31.0,205.9,28.0,18620.0,83.360,-0.005,-0.0,0.1,11035.0,51612.0,51600.,51600.,0.0,0.,11032.,11032.0,0.,0.0,6502.,3.7,6502.0,2.3,0.0,0.0,0.,0.0,13397.0,13005.,3.0,0.03664,0.03778,-3.0,0.825,269,491.,550.,-0.011,0.021,0,2113835.,901629,901630, , ,2024-07-29 22:42:34,True,False,False,3.0499367940994135
2024-07-29,FHMRF,FHMRF,2024/07/29,22:45:34,CMA600,LFPGVHHH,370,-8,41 N,30.9,205.6,28.0,18624.0,83.310,-0.252,-1.1,-0.9,11121.0,52016.0,51442.,51442.,0.0,0.,10998.,10998.0,0.,0.0,6485.,2.9,6485.0,2.1,0.0,0.0,0.,0.0,13293.0,12969.,2.5,0.03693,0.03752,-1.6,0.825,269,491.,548.,-0.002,-0.026,0,2110852.,901629,901630, , ,2024-07-29 22:45:34,True,False,False,3.0487700198379266
2024-07-29,FHMRF,FHMRF,2024/07/29,22:56:13,CMA600,LFPGVHHH,370,-7,41 N,30.7,204.5,28.0,18624.0,83.465,-0.008,-0.0,0.1,10992.0,51413.0,51380.,51404.,0.0,0.,10985.,10990.0,0.,0.0,6490.,2.6,6493.0,2.3,0.0,0.0,0.,0.0,13296.0,12983.,2.4,0.03696,0.03788,-2.4,0.824,268,491.,542.,-0.01,0.024,0,2099394.,901629,901630, , ,2024-07-29 22:56:13,True,False,False,3.047609664601684
2024-07-30,FHMRF,FHMRF,2024/07/30,00:55:27,CMA600,LFPGVHHH,390,-11,41 N,29.0,192.8,24.0,18621.1,83.370,-0.139,-0.5,-0.4,10241.0,52734.0,52444.,52444.,0.0,0.,10185.,10185.0,0.,0.0,6006.,3.1,6006.0,1.9,0.0,0.0,0.,0.0,12309.0,12011.,2.5,0.03985,0.04069,-2.1,0.829,258,491.,552.,-0.021,0.010,2,2178250.,901629,901630, , ,2024-07-30 00:55:27,True,False,False,3.0464516177229912
2024-07-30,FHMRF,FHMRF,2024/07/30,01:31:11,CMA600,LFPGVHHH,411,-16,42 N,28.7,189.4,24.0,18626.9,84.850,-0.213,-0.9,-0.7,10242.0,58340.0,57797.,57797.,0.0,0.,10147.,10147.0,0.,0.0,5906.,3.1,5906.0,2.0,0.0,0.0,0.,0.0,12110.0,11812.,2.5,0.04027,0.041,-1.8,0.833,247,488.,547.,-0.001,0.012,0,2367296.,901629,901630, , ,2024-07-30 01:31:11,True,False,False,3.04529164619487
2024-07-30,FHMRF,FHMRF,2024/07/30,01:34:11,CMA600,LFPGVHHH,411,-16,42 N,28.7,189.1,24.0,18626.3,84.655,-0.201,-0.9,-0.6,10154.0,57841.0,57317.,57342.,0.0,0.,10062.,10067.0,0.,0.0,5860.,3.9,5863.0,2.5,0.0,0.0,0.,0.0,12099.0,11723.,3.2,0.0403,0.04132,-2.5,0.833,247,488.,546.,-0.007,-0.033,0,2363894.,901629,901630, , ,2024-07-30 01:34:11,True,False,False,3.0441254186485147
2024-07-30,FHMRF,FHMRF,2024/07/30,02:13:15,CMA600,LFPGVHHH,411,-16,44 N,28.4,185.5,24.0,18625.2,84.390,-0.203,-0.9,-0.7,10007.0,57004.0,56487.,56487.,0.0,0.,9917.,9917.0,0.,0.0,5792.,3.7,5792.0,2.0,0.0,0.0,0.,0.0,11912.0,11585.,2.8,0.04101,0.04189,-2.1,0.834,248,488.,529.,-0.007,-0.028,0,2321119.,901629,901630, , ,2024-07-30 02:13:15,True,False,False,3.042948530712818
2024-07-30,FHMRF,FHMRF,2024/07/30,18:11:37,CMA601,VHHHUBBB,340,-3,45 N,22.6,245.1,24.0,18603.2,85.150,-0.515,-1.9,-1.6,13523.0,54813.0,53761.,53768.,0.0,0.,13264.,13266.0,0.,0.0,7874.,2.7,7872.0,2.8,0.0,0.0,0.,0.0,16178.0,15746.,2.7,0.03087,0.0312,-1.1,0.832,291,499.,436.,0.01,0.002,0,2194520.,901629,901630, , ,2024-07-30 18:11:37,True,False,False,3.0417565315574406
2024-07-31,FHMRF,FHMRF,2024/07/31,02:34:59,CMA601,UBBBLFPG,360,-20,49 N,22.4,241.6,25.0,18624.8,83.810,-0.591,-2.6,-2.2,13069.0,58257.0,56762.,56766.,0.0,0.,12733.,12734.0,0.,0.0,7266.,3.7,7265.0,3.2,0.0,0.0,0.,0.0,15032.0,14531.,3.4,0.03222,0.03259,-1.1,0.833,278,484.,456.,-0.005,-0.002,0,2380399.,901629,901630, , ,2024-07-31 02:34:59,True,False,False,3.040544951389487
2024-08-01,FHMRF,FHMRF,2024/08/01,12:21:18,CMA620,LFPGZSPD,370,-5,47 N,31.3,225.8,28.0,18622.8,85.080,-0.424,-1.6,-1.3,11756.0,54987.0,54118.,54118.,0.0,0.,11571.,11571.0,0.,0.0,6867.,3.7,6867.0,2.5,0.0,0.0,0.,0.0,14160.0,13734.,3.1,0.03511,0.03572,-1.7,0.831,271,497.,579.,-0.026,0.038,0,2319920.,901629,901630, , ,2024-08-01 12:21:18,True,False,False,3.0393093296530407
2024-08-01,FHMRF,FHMRF,2024/08/01,12:36:25,CMA620,LFPGZSPD,370,-6,47 N,31.1,224.2,28.0,18622.8,85.250,-0.416,-1.6,-1.4,11883.0,55578.0,54665.,54665.,0.0,0.,11688.,11688.0,0.,0.0,6916.,4.1,6916.0,2.9,0.0,0.0,0.,0.0,14315.0,13832.,3.5,0.03465,0.03537,-2.0,0.83,271,496.,565.,-0.009,0.019,0,2303467.,901629,901630, , ,2024-08-01 12:36:25,True,False,False,3.0380452436682623
2024-08-01,FHMRF,FHMRF,2024/08/01,13:02:34,CMA620,LFPGZSPD,370,-8,48 N,30.8,221.3,28.0,18626.8,85.120,-0.283,-1.2,-1.0,11932.0,55812.0,55130.,55130.,0.0,0.,11787.,11787.0,0.,0.0,6933.,3.9,6933.0,3.2,0.0,0.0,0.,0.0,14352.0,13866.,3.5,0.03441,0.03527,-2.4,0.83,271,494.,567.,0.006,0.004,0,2274508.,901629,901630, , ,2024-08-01 13:02:34,True,False,False,3.036748337442609
2024-08-01,FHMRF,FHMRF,2024/08/01,13:24:55,CMA620,LFPGZSPD,370,-10,47 N,30.6,219.0,24.0,18626.8,83.950,-0.381,-1.5,-1.2,11605.0,54280.0,53492.,53492.,0.0,0.,11436.,11436.0,0.,0.0,6712.,3.2,6712.0,2.2,0.0,0.0,0.,0.0,13785.0,13424.,2.7,0.03571,0.03623,-1.4,0.831,271,492.,566.,-0.011,-0.013,0,2250007.,901629,901630, , ,2024-08-01 13:24:55,True,False,False,3.03541435039347
2024-08-01,FHMRF,FHMRF,2024/08/01,14:29:28,CMA620,LFPGZSPD,391,-11,44 N,30.2,212.2,24.0,18629.0,86.020,-0.405,-1.7,-1.4,11516.0,59586.0,58557.,58557.,0.0,0.,11317.,11317.0,0.,0.0,6616.,3.6,6616.0,2.3,0.0,0.0,0.,0.0,13625.0,13232.,3.0,0.03607,0.03661,-1.5,0.831,258,491.,539.,0.01,-0.003,0,2411373.,901629,901630, , ,2024-08-01 14:29:28,True,False,False,3.034039145738298
2024-08-01,FHMRF,FHMRF,2024/08/01,15:30:36,CMA620,LFPGZSPD,391,-14,42 N,30.0,206.0,24.0,18627.9,84.400,-0.434,-1.9,-1.6,10955.0,56685.0,55591.,55591.,0.0,0.,10744.,10744.0,0.,0.0,6283.,4.2,6283.0,3.0,0.0,0.0,0.,0.0,13018.0,12565.,3.6,0.03769,0.03842,-1.9,0.834,259,491.,539.,-0.012,-0.024,0,2340346.,901629,901630, , ,2024-08-01 15:30:36,True,False,False,3.0326187383287313
2024-08-02,FHMRF,FHMRF,2024/08/02,23:21:08,CMA600,LFPGVHHH,370,-8,42 N,33.5,228.3,28.0,18615.0,85.055,-0.58,-2.4,-2.1,12049.0,56360.0,54991.,54970.,0.0,0.,11757.,11752.0,0.,0.0,6877.,4.0,6875.0,2.8,0.0,0.0,0.,0.0,14221.0,13752.,3.4,0.03434,0.03475,-1.2,0.82,267,488.,550.,-0.003,0.011,0,2344029.,901629,901630, , ,2024-08-02 23:21:08,True,False,False,3.031149321721507
2024-08-02,FHMRF,FHMRF,2024/08/02,23:53:08,CMA600,LFPGVHHH,370,-6,41 N,32.7,224.7,28.0,18613.3,85.290,-0.656,-2.8,-2.4,12093.0,56566.0,54993.,54993.,0.0,0.,11757.,11757.0,0.,0.0,6950.,3.6,6950.0,2.8,0.0,0.0,0.,0.0,14344.0,13899.,3.2,0.03457,0.03481,-0.7,0.831,271,496.,586.,0.008,-0.021,0,2306514.,901629,901630, , ,2024-08-02 23:53:08,True,False,False,3.0296272942903646
2024-08-02,FHMRF,FHMRF,2024/08/02,23:56:08,CMA600,LFPGVHHH,370,-6,41 N,32.7,224.4,28.0,18613.3,85.200,-0.416,-1.7,-1.4,11901.0,55664.0,54736.,54736.,0.0,0.,11702.,11702.0,0.,0.0,6924.,3.4,6924.0,2.8,0.0,0.0,0.,0.0,14280.0,13847.,3.1,0.03474,0.03532,-1.7,0.831,271,496.,585.,-0.006,-0.015,0,2303194.,901629,901630, , ,2024-08-02 23:56:08,True,False,False,3.028049284196529
2024-08-03,FHMRF,FHMRF,2024/08/03,00:02:26,CMA600,LFPGVHHH,370,-7,41 N,32.5,223.7,28.0,18613.3,85.140,-0.597,-2.5,-2.1,12006.0,56152.0,54770.,54770.,0.0,0.,11710.,11710.0,0.,0.0,6916.,4.0,6916.0,2.9,0.0,0.0,0.,0.0,14312.0,13832.,3.5,0.03459,0.03503,-1.3,0.83,271,495.,585.,0.005,0.022,0,2296282.,901629,901630, , ,2024-08-03 00:02:26,True,False,False,3.0264121730555296
2024-08-03,FHMRF,FHMRF,2024/08/03,00:25:58,CMA600,LFPGVHHH,370,-6,41 N,32.1,221.2,28.0,18613.3,84.690,-0.696,-2.6,-2.2,11789.0,55141.0,53713.,53713.,0.0,0.,11484.,11484.0,0.,0.0,6800.,3.6,6800.0,2.3,0.0,0.0,0.,0.0,14008.0,13601.,3.0,0.03537,0.03561,-0.7,0.83,271,495.,582.,-0.003,0.005,0,2270520.,901629,901630, , ,2024-08-03 00:25:58,True,False,False,3.024713118161984
2024-08-03,FHMRF,FHMRF,2024/08/03,02:15:00,CMA600,LFPGVHHH,391,-13,42 N,30.7,209.8,24.0,18617.3,85.100,-0.348,-1.5,-1.2,11205.0,57976.0,57099.,57099.,0.0,0.,11036.,11036.0,0.,0.0,6442.,3.3,6442.0,2.2,0.0,0.0,0.,0.0,13238.0,12884.,2.7,0.03702,0.03757,-1.5,0.832,258,490.,549.,-0.004,-0.009,0,2382635.,901629,901630, , ,2024-08-03 02:15:00,True,False,False,3.0229495731560636
2024-08-03,FHMRF,FHMRF,2024/08/03,02:20:42,CMA600,LFPGVHHH,391,-13,42 N,30.6,209.2,24.0,18617.3,84.970,-0.412,-1.8,-1.5,11173.0,57813.0,56777.,56777.,0.0,0.,10973.,10973.0,0.,0.0,6409.,3.4,6409.0,2.5,0.0,0.0,0.,0.0,13196.0,12817.,3.0,0.03714,0.03767,-1.4,0.832,258,490.,549.,-0.004,-0.018,0,2376163.,901629,901630, , ,2024-08-03 02:20:42,True,False,False,3.021119307033366
2024-08-03,FHMRF,FHMRF,2024/08/03,06:02:08,CMA600,LFPGVHHH,411,-24,26 N,29.9,187.8,24.0,18620.2,83.395,-0.352,-1.6,-1.2,10217.0,58197.0,57274.,57299.,0.0,0.,10055.,10059.0,0.,0.0,5769.,4.0,5772.0,2.6,0.0,0.0,0.,0.0,11922.0,11541.,3.3,0.04043,0.04125,-2.0,0.836,248,482.,484.,0.005,-0.008,0,2347361.,901629,901630, , ,2024-08-03 06:02:08,True,False,False,3.019220421411925
2024-08-03,FHMRF,FHMRF,2024/08/03,22:24:21,CMA601,VHHHUBBB,320,-7,47 N,25.7,278.1,29.0,18602.9,84.670,-0.288,-1.1,-1.0,14877.0,54917.0,54328.,54325.,0.0,0.,14717.,14717.0,0.,0.0,8587.,3.1,8588.0,3.0,0.0,0.0,0.,0.0,17700.0,17176.,3.1,0.02801,0.02859,-2.0,0.833,304,496.,434.,-0.004,-0.006,0,2269408.,901629,901630, , ,2024-08-03 22:24:21,True,False,False,3.017251365974274
2024-08-03,FHMRF,FHMRF,2024/08/03,22:29:20,CMA601,VHHHUBBB,320,-8,47 N,25.7,277.4,29.0,18606.3,84.650,-0.267,-1.0,-0.8,14885.0,54944.0,54398.,54398.,0.0,0.,14737.,14737.0,0.,0.0,8613.,3.3,8613.0,3.3,0.0,0.0,0.,0.0,17800.0,17225.,3.3,0.02782,0.02853,-2.5,0.833,304,495.,435.,-0.001,-0.016,0,2263842.,901629,901630, , ,2024-08-03 22:29:20,True,False,False,3.0152109520016617
2024-08-04,FHMRF,FHMRF,2024/08/04,08:12:14,CMA601,UBBBLFPG,340,-15,46 N,24.3,254.1,24.0,18620.9,83.920,-0.52,-2.3,-2.0,13912.0,56387.0,55111.,55111.,0.0,0.,13597.,13597.0,0.,0.0,7837.,4.1,7837.0,3.2,0.0,0.0,0.,0.0,16247.0,15674.,3.7,0.03009,0.03058,-1.6,0.833,291,489.,437.,0.014,-0.015,0,2275688.,901629,901630, , ,2024-08-04 08:12:14,True,False,False,3.0130983639191107
2024-08-04,FHMRF,FHMRF,2024/08/04,13:44:59,CMA620,LFPGZSPD,350,-6,43 N,35.4,238.5,28.0,18627.8,85.005,-0.456,-1.8,-1.5,13068.0,55538.0,54530.,54551.,0.0,0.,12831.,12836.0,0.,0.0,7583.,2.9,7585.0,2.4,0.0,0.0,0.,0.0,15571.0,15168.,2.7,0.03205,0.03241,-1.1,0.837,286,499.,544.,0.019,-0.028,0,2226324.,901629,901630, , ,2024-08-04 13:44:59,True,False,False,3.0109131687793846
2024-08-04,FHMRF,FHMRF,2024/08/04,14:28:04,CMA620,LFPGZSPD,350,-2,42 N,33.9,233.4,24.0,18619.9,84.950,-0.459,-1.7,-1.5,12724.0,54075.0,53131.,53131.,0.0,0.,12502.,12502.0,0.,0.0,7475.,3.6,7475.0,2.9,0.0,0.0,0.,0.0,15442.0,14950.,3.3,0.0326,0.03318,-1.8,0.838,286,503.,589.,0.004,0.014,0,2177350.,901629,901630, , ,2024-08-04 14:28:04,True,False,False,3.008655323631495
2024-08-05,FHMRF,FHMRF,2024/08/05,09:42:24,CMA621,ZSPDUBBB,360,-4,43 N,28.1,242.4,24.0,18618.9,86.900,-0.631,-2.6,-2.2,13362.0,59566.0,58002.,58002.,0.0,0.,13011.,13011.0,0.,0.0,7693.,4.3,7693.0,3.4,0.0,0.0,0.,0.0,15978.0,15386.,3.8,0.0312,0.03168,-1.5,0.832,278,499.,438.,0.021,-0.005,0,2385449.,901629,901630, , ,2024-08-05 09:42:24,True,False,False,3.006325180741545
2024-08-05,FHMRF,FHMRF,2024/08/05,22:00:09,CMA600,LFPGVHHH,370,-20,46 N,33.1,217.8,28.0,18627.6,83.190,-0.455,-2.0,-1.7,12030.0,56269.0,55130.,55134.,0.0,0.,11787.,11787.0,0.,0.0,6748.,3.0,6748.0,2.7,0.0,0.0,0.,0.0,13881.0,13496.,2.9,0.03477,0.03516,-1.1,0.83,271,483.,515.,0.034,0.005,0,2238581.,901629,901630, , ,2024-08-05 22:00:09,True,False,False,3.0039234906561254
2024-08-05,FHMRF,FHMRF,2024/08/05,22:00:46,CMA600,LFPGVHHH,370,-20,46 N,33.1,217.7,28.0,18627.6,83.070,-0.446,-1.9,-1.6,11952.0,55902.0,54843.,54847.,0.0,0.,11726.,11727.0,0.,0.0,6718.,4.0,6718.0,2.6,0.0,0.0,0.,0.0,13885.0,13436.,3.3,0.03477,0.03536,-1.7,0.83,271,483.,516.,0.028,0.006,0,2237777.,901629,901630, , ,2024-08-05 22:00:46,True,False,False,3.001451403120226
2024-08-06,FHMRF,FHMRF,2024/08/06,00:43:46,CMA600,LFPGVHHH,390,-10,41 N,30.5,201.2,28.0,18619.0,84.560,-0.259,-1.0,-0.8,10729.0,55246.0,54702.,54702.,0.0,0.,10623.,10623.0,0.,0.0,6258.,3.8,6258.0,2.8,0.0,0.0,0.,0.0,12928.0,12516.,3.3,0.03807,0.03903,-2.5,0.831,259,492.,558.,-0.009,-0.012,0,2273280.,901629,901630, , ,2024-08-06 00:43:46,True,False,False,2.998910465885165
2024-08-06,FHMRF,FHMRF,2024/08/06,01:14:45,CMA600,LFPGVHHH,390,-10,41 N,30.0,198.1,28.0,18622.9,84.600,-0.269,-1.0,-0.8,10737.0,55290.0,54720.,54720.,0.0,0.,10627.,10627.0,0.,0.0,6257.,3.3,6257.0,2.7,0.0,0.0,0.,0.0,12889.0,12514.,3.0,0.03816,0.03899,-2.1,0.83,258,492.,558.,0.004,0.019,0,2239196.,901629,901630, , ,2024-08-06 01:14:45,True,False,False,2.9963026214673065
2024-08-06,FHMRF,FHMRF,2024/08/06,01:58:58,CMA600,LFPGVHHH,390,-8,41 N,29.3,193.9,28.0,18622.9,84.265,-0.255,-1.0,-0.7,10438.0,53746.0,53208.,53229.,0.0,0.,10334.,10338.0,0.,0.0,6135.,3.6,6137.0,2.0,0.0,0.0,0.,0.0,12615.0,12272.,2.8,0.03917,0.03996,-2.0,0.83,258,494.,563.,-0.01,0.059,0,2190832.,901629,901630, , ,2024-08-06 01:58:58,True,False,False,2.993630201941758
2024-08-06,FHMRF,FHMRF,2024/08/06,02:16:38,CMA600,LFPGVHHH,390,-9,41 N,29.1,192.2,28.0,18622.9,84.020,-0.483,-1.8,-1.5,10508.0,54109.0,53112.,53112.,0.0,0.,10314.,10314.0,0.,0.0,6104.,3.1,6104.0,2.0,0.0,0.0,0.,0.0,12517.0,12208.,2.5,0.03934,0.03972,-1.0,0.829,258,492.,561.,0.005,-0.031,0,2172000.,901629,901630, , ,2024-08-06 02:16:38,True,False,False,2.9908959218738027
2024-08-06,FHMRF,FHMRF,2024/08/06,02:19:38,CMA600,LFPGVHHH,390,-9,41 N,29.1,191.9,28.0,18622.9,84.120,-0.207,-0.8,-0.6,10428.0,53696.0,53269.,53269.,0.0,0.,10345.,10345.0,0.,0.0,6122.,3.1,6122.0,2.3,0.0,0.0,0.,0.0,12575.0,12245.,2.7,0.03917,0.03999,-2.1,0.829,258,493.,562.,-0.002,0.004,0,2168760.,901629,901630, , ,2024-08-06 02:19:38,True,False,False,2.9881028695017844
2024-08-08,FHMRF,FHMRF,2024/08/08,09:45:05,CMA620,LFPGZSPD,370,-11,42 N,33.1,224.5,28.0,18617.2,84.540,-0.541,-2.3,-2.0,12044.0,56333.0,55024.,55024.,0.0,0.,11764.,11764.0,0.,0.0,6877.,4.1,6877.0,2.6,0.0,0.0,0.,0.0,14213.0,13754.,3.3,0.03453,0.03498,-1.3,0.83,271,491.,546.,0.007,0.020,0,2305794.,901629,901630, , ,2024-08-08 09:45:05,True,False,False,2.9852544962847807
2024-08-08,FHMRF,FHMRF,2024/08/08,10:25:11,CMA620,LFPGZSPD,370,-9,42 N,32.2,220.2,28.0,18616.1,84.250,-0.531,-2.0,-1.7,11718.0,54809.0,53713.,53713.,0.0,0.,11484.,11484.0,0.,0.0,6761.,3.6,6761.0,2.4,0.0,0.0,0.,0.0,13928.0,13523.,3.0,0.03543,0.03587,-1.2,0.831,271,493.,566.,-0.005,0.002,0,2260942.,901629,901630, , ,2024-08-08 10:25:11,True,False,False,2.9823546049162104
2024-08-08,FHMRF,FHMRF,2024/08/08,11:06:20,CMA620,LFPGZSPD,390,-11,42 N,31.6,215.8,28.0,18616.1,85.835,-0.556,-2.4,-2.0,11589.0,59675.0,58275.,58250.,0.0,0.,11317.,11312.0,0.,0.0,6616.,6.1,6614.0,1.9,0.0,0.0,0.,0.0,13761.0,13230.,4.0,0.03569,0.03637,-1.9,0.831,259,491.,569.,0.004,-0.062,0,2440167.,901629,901630, , ,2024-08-08 11:06:20,True,False,False,2.979407335887906
2024-08-08,FHMRF,FHMRF,2024/08/08,11:42:44,CMA620,LFPGZSPD,390,-10,45 N,31.0,212.0,28.0,18620.0,85.920,-0.435,-1.8,-1.5,11460.0,59009.0,57922.,57922.,0.0,0.,11249.,11249.0,0.,0.0,6595.,3.6,6595.0,2.3,0.0,0.0,0.,0.0,13576.0,13189.,2.9,0.03623,0.03672,-1.3,0.83,258,492.,584.,0.009,-0.035,0,2397821.,901629,901630, , ,2024-08-08 11:42:44,True,False,False,2.976417152680116
2024-08-09,FHMRF,FHMRF,2024/08/09,23:13:01,CMA600,LFPGVHHH,390,-12,41 N,31.0,216.3,28.0,18620.0,86.040,-0.216,-0.9,-0.7,11572.0,59588.0,59032.,59027.,0.0,0.,11464.,11464.0,0.,0.0,6684.,3.1,6685.0,2.0,0.0,0.0,0.,0.0,13713.0,13369.,2.6,0.03577,0.03643,-1.8,0.831,259,491.,561.,-0.001,0.024,0,2444054.,901629,901630, , ,2024-08-09 23:13:01,True,False,False,2.9733888256594696
2024-08-09,FHMRF,FHMRF,2024/08/09,23:18:25,CMA600,LFPGVHHH,390,-12,41 N,31.0,215.7,28.0,18620.0,85.940,-0.369,-1.6,-1.3,11583.0,59645.0,58702.,58698.,0.0,0.,11400.,11399.0,0.,0.0,6653.,3.6,6653.0,2.1,0.0,0.0,0.,0.0,13687.0,13306.,2.9,0.03585,0.0364,-1.5,0.831,259,491.,559.,0.002,0.027,0,2437908.,901629,901630, , ,2024-08-09 23:18:25,True,False,False,2.970327414786964
2024-08-09,FHMRF,FHMRF,2024/08/09,23:25:08,CMA600,LFPGVHHH,390,-11,41 N,30.9,215.0,28.0,18620.0,86.040,0.095,0.4,0.5,11361.0,58500.0,58739.,58734.,0.0,0.,11407.,11406.0,0.,0.0,6664.,3.8,6665.0,2.2,0.0,0.0,0.,0.0,13734.0,13330.,3.0,0.03576,0.03704,-3.5,0.831,259,491.,556.,-0.013,0.007,0,2430161.,901629,901630, , ,2024-08-09 23:25:08,True,False,False,2.9672382512596664
2024-08-10,FHMRF,FHMRF,2024/08/10,02:44:48,CMA600,LFPGVHHH,391,-12,40 N,28.7,195.2,24.0,18625.2,83.850,-0.333,-1.3,-1.0,10529.0,54476.0,53785.,53781.,0.0,0.,10395.,10394.0,0.,0.0,6111.,3.6,6112.0,2.4,0.0,0.0,0.,0.0,12591.0,12223.,3.0,0.03896,0.03974,-2.0,0.831,258,491.,541.,-0.005,-0.017,0,2218532.,901629,901630, , ,2024-08-10 02:44:48,True,False,False,2.964126918220725
2024-08-10,FHMRF,FHMRF,2024/08/10,02:59:39,CMA600,LFPGVHHH,391,-11,39 N,28.6,193.8,24.0,18625.2,83.710,-0.367,-1.4,-1.1,10455.0,54095.0,53334.,53330.,0.0,0.,10308.,10307.0,0.,0.0,6071.,3.1,6072.0,2.0,0.0,0.0,0.,0.0,12452.0,12143.,2.5,0.03944,0.03999,-1.4,0.831,258,491.,542.,-0.007,0.003,0,2201390.,901629,901630, , ,2024-08-10 02:59:39,True,False,False,2.960999230670728
2024-08-10,FHMRF,FHMRF,2024/08/10,03:07:45,CMA600,LFPGVHHH,391,-11,39 N,28.6,193.1,24.0,18625.2,83.850,-0.535,-2.0,-1.7,10559.0,54634.0,53525.,53521.,0.0,0.,10345.,10344.0,0.,0.0,6095.,3.3,6096.0,2.2,0.0,0.0,0.,0.0,12525.0,12191.,2.7,0.03923,0.03963,-1.0,0.831,258,491.,542.,0.005,-0.001,0,2192550.,901629,901630, , ,2024-08-10 03:07:45,True,False,False,2.957861214706309
2024-08-10,FHMRF,FHMRF,2024/08/10,05:36:54,CMA600,LFPGVHHH,411,-22,24 N,28.3,179.5,24.0,18629.1,83.450,-0.393,-1.8,-1.4,10113.0,57604.0,56594.,56590.,0.0,0.,9935.,9935.0,0.,0.0,5731.,3.5,5732.0,2.2,0.0,0.0,0.,0.0,11793.0,11462.,2.9,0.04103,0.04162,-1.4,0.836,248,484.,452.,0.031,-0.009,0,2241931.,901629,901630, , ,2024-08-10 05:36:54,True,False,False,2.9547190862034376
2024-08-10,FHMRF,FHMRF,2024/08/10,17:19:23,CMA601,VHHHUBBB,340,-1,42 N,23.5,260.3,24.0,18608.2,86.460,-0.776,-3.3,-2.9,14238.0,57709.0,55819.,55822.,0.0,0.,13772.,13773.0,0.,0.0,8196.,3.9,8195.0,3.4,0.0,0.0,0.,0.0,16989.0,16390.,3.7,0.02958,0.02978,-0.7,0.834,291,503.,423.,0.006,-0.030,0,2330709.,901629,901630, , ,2024-08-10 17:19:23,True,False,False,2.9515792290514096
2024-08-10,FHMRF,FHMRF,2024/08/10,17:38:38,CMA601,VHHHUBBB,340,-1,42 N,23.4,257.8,24.0,18613.2,86.530,-0.392,-1.7,-1.4,14080.0,57068.0,56111.,56115.,0.0,0.,13845.,13845.0,0.,0.0,8222.,4.2,8221.0,3.3,0.0,0.0,0.,0.0,17061.0,16443.,3.8,0.0294,0.03008,-2.2,0.833,291,502.,433.,0.005,0.005,0,2308304.,901629,901630, , ,2024-08-10 17:38:38,True,False,False,2.9484481730300818
2024-08-10,FHMRF,FHMRF,2024/08/10,23:36:31,CMA601,UBBBLFPG,320,2,42 N,23.3,276.4,27.0,18612.5,86.540,-0.65,-2.7,-2.4,15335.0,56608.0,55071.,55068.,0.0,0.,14919.,14918.0,0.,0.0,8893.,3.4,8894.0,3.8,0.0,0.0,0.,0.0,18431.0,17788.,3.6,0.02737,0.02767,-1.1,0.833,304,504.,424.,0.023,-0.018,0,2254880.,901629,901630, , ,2024-08-10 23:36:31,True,False,False,2.9453325714169685
2024-08-11,FHMRF,FHMRF,2024/08/11,02:38:09,CMA601,UBBBLFPG,340,-14,49 N,22.0,252.9,24.0,18618.6,83.570,-0.413,-1.6,-1.3,13530.0,54839.0,53979.,53979.,0.0,0.,13318.,13318.0,0.,0.0,7718.,3.7,7718.0,2.5,0.0,0.0,0.,0.0,15911.0,15435.,3.1,0.03084,0.03137,-1.7,0.834,291,491.,450.,-0.014,0.005,0,2265172.,901629,901630, , ,2024-08-11 02:38:09,True,False,False,2.9422391784245976
2024-08-11,FHMRF,FHMRF,2024/08/11,07:10:10,CMA620,LFPGZSPD,330,-10,48 N,32.8,268.2,28.0,18619.3,84.100,-0.205,-0.8,-0.6,14065.0,54392.0,53972.,53969.,0.0,0.,13956.,13955.0,0.,0.0,8118.,2.6,8119.0,1.9,0.0,0.0,0.,0.0,16600.0,16238.,2.2,0.02965,0.03013,-1.6,0.831,297,492.,508.,-0.007,-0.005,0,2281430.,901629,901630, , ,2024-08-11 07:10:10,True,False,False,2.9391748266044266
2024-08-11,FHMRF,FHMRF,2024/08/11,07:31:47,CMA620,LFPGZSPD,330,-10,47 N,33.2,265.5,28.0,18622.3,84.280,-0.33,-1.2,-1.0,14219.0,54987.0,54312.,54308.,0.0,0.,14044.,14043.0,0.,0.0,8160.,3.2,8161.0,1.9,0.0,0.0,0.,0.0,16738.0,16321.,2.6,0.02937,0.02982,-1.5,0.83,296,492.,512.,0.013,-0.004,0,2257568.,901629,901630, , ,2024-08-11 07:31:47,True,False,False,2.9361464043988654
2024-08-11,FHMRF,FHMRF,2024/08/11,07:34:37,CMA620,LFPGZSPD,330,-10,47 N,33.3,265.1,28.0,18625.0,84.210,-0.08,-0.3,-0.2,14051.0,54338.0,54175.,54172.,0.0,0.,14009.,14008.0,0.,0.0,8140.,2.7,8141.0,2.1,0.0,0.0,0.,0.0,16674.0,16281.,2.4,0.02949,0.03015,-2.2,0.83,296,492.,512.,0.003,0.006,0,2254543.,901629,901630, , ,2024-08-11 07:34:37,True,False,False,2.9331608340566797
2024-08-11,FHMRF,FHMRF,2024/08/11,07:58:44,CMA620,LFPGZSPD,330,-10,47 N,33.8,262.1,28.0,18620.7,83.525,-0.404,-1.5,-1.3,13874.0,53654.0,52816.,52834.,0.0,0.,13657.,13662.0,0.,0.0,7953.,2.4,7956.0,2.2,0.0,0.0,0.,0.0,16273.0,15909.,2.3,0.0302,0.03049,-1.0,0.83,297,491.,520.,0.001,0.005,0,2228630.,901629,901630, , ,2024-08-11 07:58:44,True,False,False,2.9302250501345273
2024-08-11,FHMRF,FHMRF,2024/08/11,08:01:53,CMA620,LFPGZSPD,330,-10,47 N,33.8,261.7,28.0,18624.7,83.740,-0.203,-0.8,-0.6,13886.0,53702.0,53287.,53284.,0.0,0.,13779.,13778.0,0.,0.0,8014.,2.2,8015.0,1.3,0.0,0.0,0.,0.0,16308.0,16029.,1.7,0.03013,0.03048,-1.1,0.83,296,491.,519.,0.003,-0.002,0,2225315.,901629,901630, , ,2024-08-11 08:01:53,True,False,False,2.9273459787878515
2024-08-11,FHMRF,FHMRF,2024/08/11,08:06:40,CMA620,LFPGZSPD,330,-10,47 N,33.9,261.1,28.0,18623.6,83.900,-0.073,-0.3,-0.1,13898.0,53747.0,53599.,53596.,0.0,0.,13860.,13859.0,0.,0.0,8053.,2.4,8054.0,1.5,0.0,0.0,0.,0.0,16425.0,16107.,2.0,0.02989,0.03044,-1.8,0.829,296,491.,521.,0.006,0.010,2,2220200.,901629,901630, , ,2024-08-11 08:06:40,True,False,False,2.924530518015826
2024-08-11,FHMRF,FHMRF,2024/08/11,16:09:52,CMA620,LFPGZSPD,391,-7,41 N,30.6,207.1,24.0,18620.2,85.870,-0.626,-2.7,-2.3,11265.0,58289.0,56731.,56731.,0.0,0.,10964.,10964.0,0.,0.0,6487.,4.0,6487.0,2.6,0.0,0.0,0.,0.0,13400.0,12973.,3.3,0.03692,0.03728,-0.9,0.831,258,495.,555.,0.012,-0.014,0,2351678.,901629,901630, , ,2024-08-11 16:09:52,True,False,False,2.9217855189732345
2024-08-11,FHMRF,FHMRF,2024/08/11,16:12:52,CMA620,LFPGZSPD,391,-7,41 N,30.6,206.8,24.0,18620.2,85.910,-0.326,-1.4,-1.1,11141.0,57642.0,56831.,56831.,0.0,0.,10984.,10984.0,0.,0.0,6497.,4.0,6497.0,2.4,0.0,0.0,0.,0.0,13408.0,12995.,3.2,0.0369,0.03766,-2.0,0.831,258,495.,556.,0.002,0.028,0,2348074.,901629,901630, , ,2024-08-11 16:12:52,True,False,False,2.919117768400413
2024-08-12,FHMRF,FHMRF,2024/08/12,20:26:06,CMA600,LFPGVHHH,390,-20,45 N,33.7,207.7,28.0,18631.0,83.890,-0.171,-0.8,-0.5,11143.0,57377.0,56940.,56940.,0.0,0.,11058.,11058.0,0.,0.0,6355.,3.0,6355.0,2.0,0.0,0.0,0.,0.0,13027.0,12710.,2.5,0.03711,0.03785,-2.0,0.832,259,483.,520.,0.005,0.010,0,2350128.,901629,901630, , ,2024-08-12 20:26:06,True,False,False,2.9165339721612558
2024-08-12,FHMRF,FHMRF,2024/08/12,20:38:24,CMA600,LFPGVHHH,390,-19,45 N,33.9,206.5,28.0,18631.4,83.790,-0.252,-1.1,-0.8,11059.0,56945.0,56303.,56303.,0.0,0.,10934.,10934.0,0.,0.0,6304.,3.3,6304.0,2.7,0.0,0.0,0.,0.0,12982.0,12608.,3.0,0.0373,0.0381,-2.1,0.832,259,484.,523.,0.003,-0.003,0,2336228.,901629,901630, , ,2024-08-12 20:38:24,True,False,False,2.914040739834823
2024-08-12,FHMRF,FHMRF,2024/08/12,20:42:47,CMA600,LFPGVHHH,390,-19,44 N,34.0,206.1,26.0,18627.0,83.950,-0.326,-1.4,-1.1,11185.0,57595.0,56765.,56765.,0.0,0.,11024.,11024.0,0.,0.0,6346.,3.1,6346.0,2.6,0.0,0.0,0.,0.0,13051.0,12691.,2.8,0.03705,0.03768,-1.7,0.831,259,484.,526.,0.017,-0.024,0,2331271.,901629,901630, , ,2024-08-12 20:42:47,True,False,False,2.9116445702853864
2024-08-12,FHMRF,FHMRF,2024/08/12,23:15:52,CMA600,LFPGVHHH,410,-17,41 N,30.3,191.3,28.0,18620.2,84.640,-0.394,-1.7,-1.4,10340.0,58616.0,57616.,57606.,0.0,0.,10163.,10162.0,0.,0.0,5908.,3.4,5909.0,2.1,0.0,0.0,0.,0.0,12144.0,11817.,2.8,0.04009,0.04062,-1.3,0.833,248,487.,570.,0.002,0.003,0,2379271.,901629,901630, , ,2024-08-12 23:15:52,True,False,False,2.909351838129783
2024-08-12,FHMRF,FHMRF,2024/08/12,23:21:58,CMA600,LFPGVHHH,410,-17,41 N,30.2,190.7,28.0,18620.2,84.775,-0.078,-0.3,-0.1,10266.0,58192.0,58011.,57976.,0.0,0.,10234.,10228.0,0.,0.0,5936.,3.8,5936.0,2.2,0.0,0.0,0.,0.0,12231.0,11872.,3.0,0.03971,0.04085,-2.8,0.831,247,486.,568.,0.0,0.005,2,2372256.,901629,901630, , ,2024-08-12 23:21:58,True,False,False,2.9071687810173543
2024-08-12,FHMRF,FHMRF,2024/08/12,23:24:58,CMA600,LFPGVHHH,410,-17,41 N,30.1,190.4,28.0,18620.2,84.620,0.105,0.5,0.6,10109.0,57310.0,57582.,57572.,0.0,0.,10158.,10156.0,0.,0.0,5900.,3.4,5902.0,2.2,0.0,0.0,0.,0.0,12135.0,11802.,2.8,0.04007,0.04145,-3.3,0.832,247,486.,567.,-0.014,-0.003,2,2369011.,901629,901630, , ,2024-08-12 23:24:58,True,False,False,2.9051014876322516
2024-08-15,FHMRF,FHMRF,2024/08/15,11:01:40,CMA620,LFPGZSNJ,390,-15,42 N,30.4,209.4,28.0,18622.8,84.820,-0.414,-1.8,-1.5,11281.0,58088.0,57042.,57042.,0.0,0.,11078.,11078.0,0.,0.0,6442.,3.9,6442.0,2.2,0.0,0.0,0.,0.0,13273.0,12884.,3.0,0.03681,0.03736,-1.5,0.832,259,489.,569.,0.004,-0.018,0,2368444.,901629,901630, , ,2024-08-15 11:01:40,True,False,False,2.903155886322325
2024-08-15,FHMRF,FHMRF,2024/08/15,13:37:07,CMA620,LFPGZSNJ,391,-14,47 N,28.7,194.2,24.0,18627.9,83.160,-0.324,-1.3,-1.0,10378.0,53699.0,53022.,53022.,0.0,0.,10247.,10247.0,0.,0.0,6004.,3.8,6004.0,2.5,0.0,0.0,0.,0.0,12387.0,12008.,3.2,0.03945,0.0403,-2.1,0.831,258,489.,549.,-0.014,-0.051,0,2208714.,901629,901630, , ,2024-08-15 13:37:07,True,False,False,2.9013377342549647
2024-08-15,FHMRF,FHMRF,2024/08/15,17:04:40,CMA620,LFPGZSNJ,411,-22,37 N,28.1,175.5,24.0,18629.1,82.640,-0.566,-2.4,-2.0,9811.0,55885.0,54558.,54558.,0.0,0.,9578.,9578.0,0.,0.0,5539.,3.8,5539.0,2.4,0.0,0.0,0.,0.0,11424.0,11079.,3.1,0.04228,0.04274,-1.1,0.834,247,483.,476.,0.018,0.020,0,2198790.,901629,901630, , ,2024-08-15 17:04:40,True,False,False,2.89965260699923
2024-08-17,FHMRF,FHMRF,2024/08/17,01:28:01,CMA600,LFPGVHHH,390,-14,41 N,30.9,198.2,28.0,18626.9,83.640,-0.222,-0.8,-1.0,10640.0,54789.0,54349.,54300.,0.0,0.,10555.,10545.0,0.,0.0,6090.,3.4,6099.0,2.7,0.0,0.0,0.,0.0,12561.0,12189.,3.1,0.03889,0.03967,-2.0,0.831,259,489.,584.,-0.002,-0.050,0,2240009.,901629,901630, , ,2024-08-17 01:28:01,True,False,False,2.898105888436855
2024-08-17,FHMRF,FHMRF,2024/08/17,01:33:12,CMA600,LFPGVHHH,390,-14,41 N,30.8,197.7,28.0,18626.9,83.505,-0.523,-2.0,-2.0,10708.0,55139.0,54078.,54008.,0.0,0.,10502.,10488.0,0.,0.0,6059.,3.9,6066.0,2.4,0.0,0.0,0.,0.0,12510.0,12124.,3.2,0.03901,0.03943,-1.1,0.83,259,488.,593.,0.006,0.015,2,2233776.,901629,901630, , ,2024-08-17 01:33:12,True,False,False,2.8967027609138754
2024-08-17,FHMRF,FHMRF,2024/08/17,01:36:12,CMA600,LFPGVHHH,390,-14,41 N,30.8,197.5,28.0,18626.3,83.420,-0.456,-1.7,-1.8,10659.0,54885.0,53953.,53904.,0.0,0.,10478.,10468.0,0.,0.0,6044.,3.6,6053.0,2.5,0.0,0.0,0.,0.0,12464.0,12096.,3.0,0.03914,0.03959,-1.2,0.83,258,488.,595.,0.003,0.002,0,2230510.,901629,901630, , ,2024-08-17 01:36:12,True,False,False,2.8954481955594873
2024-08-17,FHMRF,FHMRF,2024/08/17,02:01:22,CMA600,LFPGVHHH,390,-13,41 N,30.3,195.1,26.0,18625.2,83.560,-0.083,-0.3,-0.5,10469.0,53911.0,53762.,53713.,0.0,0.,10441.,10431.0,0.,0.0,6037.,3.8,6046.0,2.4,0.0,0.0,0.,0.0,12458.0,12082.,3.1,0.03918,0.04018,-2.5,0.828,258,488.,597.,-0.004,-0.045,0,2203560.,901629,901630, , ,2024-08-17 02:01:22,True,False,False,2.8943469427170387
2024-08-17,FHMRF,FHMRF,2024/08/17,02:05:41,CMA600,LFPGVHHH,390,-13,41 N,30.2,194.7,27.0,18625.2,83.450,-0.34,-1.3,-1.4,10516.0,54148.0,53463.,53414.,0.0,0.,10382.,10373.0,0.,0.0,6013.,3.4,6022.0,2.1,0.0,0.0,0.,0.0,12363.0,12035.,2.7,0.03954,0.04004,-1.2,0.829,258,489.,598.,0.0,-0.024,2,2198953.,901629,901630, , ,2024-08-17 02:05:41,True,False,False,2.893403522451127
2024-08-17,FHMRF,FHMRF,2024/08/17,02:19:11,CMA600,LFPGVHHH,390,-13,41 N,30.0,193.4,26.0,18625.2,83.020,-0.505,-2.0,-2.0,10442.0,53768.0,52737.,52689.,0.0,0.,10241.,10232.0,0.,0.0,5928.,3.9,5937.0,2.2,0.0,0.0,0.,0.0,12224.0,11865.,3.0,0.0399,0.04028,-0.9,0.828,258,488.,599.,-0.002,0.007,0,2184847.,901629,901630, , ,2024-08-17 02:19:11,True,False,False,2.8926222151121492
2024-08-17,FHMRF,FHMRF,2024/08/17,03:24:33,CMA600,LFPGVHHH,390,-14,41 N,29.1,187.5,23.0,18628.5,82.310,-0.456,-2.0,-2.0,10187.0,52458.0,51437.,51390.,0.0,0.,9989.,9980.0,0.,0.0,5776.,3.9,5785.0,2.2,0.0,0.0,0.,0.0,11911.0,11561.,3.0,0.0408,0.04118,-0.9,0.826,257,486.,551.,-0.003,-0.014,0,2118781.,901629,901630, , ,2024-08-17 03:24:33,True,False,False,2.892007051952966
2024-08-18,FHMRF,FHMRF,2024/08/18,08:20:39,CMA620,LFPGZSPD,390,-26,46 N,34.7,212.5,24.0,18635.6,83.560,-0.202,-0.9,-0.6,11469.0,59055.0,58533.,58533.,0.0,0.,11367.,11367.0,0.,0.0,6426.,3.9,6426.0,2.4,0.0,0.0,0.,0.0,13260.0,12852.,3.2,0.03609,0.037,-2.5,0.833,260,479.,469.,0.014,-0.029,0,2405842.,901629,901630, , ,2024-08-18 08:20:39,True,False,False,2.8915618058005084
2024-08-18,FHMRF,FHMRF,2024/08/18,10:33:32,CMA620,LFPGZSPD,390,-12,42 N,31.2,199.1,28.0,18624.0,84.235,-0.211,-0.8,-0.6,10699.0,55091.0,54644.,54660.,0.0,0.,10612.,10615.0,0.,0.0,6220.,3.8,6222.0,2.3,0.0,0.0,0.,0.0,12818.0,12442.,3.0,0.03822,0.03915,-2.4,0.83,258,490.,557.,-0.001,0.005,0,2250170.,901629,901630, , ,2024-08-18 10:33:32,True,False,False,2.891289981790339
2024-08-18,FHMRF,FHMRF,2024/08/18,10:40:59,CMA620,LFPGZSPD,390,-12,41 N,31.1,198.3,28.0,18624.0,84.315,-0.047,-0.2,-0.0,10650.0,54839.0,54733.,54749.,0.0,0.,10629.,10632.0,0.,0.0,6232.,3.9,6235.0,2.7,0.0,0.0,0.,0.0,12873.0,12467.,3.3,0.03807,0.03931,-3.1,0.83,258,490.,559.,-0.002,-0.011,0,2241413.,901629,901630, , ,2024-08-18 10:40:59,True,False,False,2.8911948081788696
2024-08-18,FHMRF,FHMRF,2024/08/18,14:42:53,CMA620,LFPGZSPD,411,-21,44 N,28.8,176.3,24.0,18628.1,82.630,-0.684,-2.8,-2.4,9834.0,56015.0,54422.,54417.,0.0,0.,9554.,9553.0,0.,0.0,5518.,3.7,5518.0,2.1,0.0,0.0,0.,0.0,11358.0,11036.,2.9,0.04241,0.04259,-0.4,0.831,246,482.,520.,0.023,-0.001,0,2205866.,901629,901630, , ,2024-08-18 14:42:53,True,False,False,2.8912792272593903
2024-08-18,FHMRF,FHMRF,2024/08/18,15:00:47,CMA620,LFPGZSPD,411,-21,43 N,28.7,174.8,24.0,18632.0,82.040,-0.681,-2.7,-2.2,9580.0,54566.0,53119.,53115.,0.0,0.,9326.,9325.0,0.,0.0,5406.,3.6,5406.0,1.9,0.0,0.0,0.,0.0,11108.0,10812.,2.7,0.04347,0.04367,-0.4,0.833,247,483.,524.,0.001,0.008,0,2186474.,901629,901630, , ,2024-08-18 15:00:47,True,False,False,2.89154588642403
2024-08-18,FHMRF,FHMRF,2024/08/18,15:37:58,CMA620,LFPGZSPD,411,-18,42 N,28.7,171.7,24.0,18632.0,82.680,-0.359,-1.4,-1.1,9520.0,54230.0,53474.,53470.,0.0,0.,9388.,9387.0,0.,0.0,5469.,3.6,5469.0,2.4,0.0,0.0,0.,0.0,11264.0,10938.,3.0,0.04302,0.04382,-1.8,0.831,247,485.,516.,0.009,0.001,0,2146795.,901629,901630, , ,2024-08-18 15:37:58,True,False,False,2.8919971294309783
2024-08-19,FHMRF,FHMRF,2024/08/19,10:23:52,CMA621,UBBBLFPG,320,2,41 N,27.0,282.1,28.0,18633.6,86.630,-0.211,-0.9,-0.7,15071.0,55632.0,55141.,55141.,0.0,0.,14938.,14938.0,0.,0.0,8901.,2.8,8901.0,2.8,0.0,0.0,0.,0.0,18300.0,17801.,2.8,0.02758,0.02815,-2.0,0.833,304,505.,447.,-0.006,-0.001,0,2300471.,901629,901630, , ,2024-08-19 10:23:52,True,False,False,2.892634987950042
2024-08-19,FHMRF,FHMRF,2024/08/19,23:12:12,CMA600,LFPGVHHH,390,-12,41 N,30.7,197.7,28.0,18621.2,84.360,-0.31,-1.2,-1.0,10763.0,55421.0,54737.,54741.,0.0,0.,10630.,10631.0,0.,0.0,6238.,3.8,6237.0,2.3,0.0,0.0,0.,0.0,12851.0,12475.,3.0,0.03811,0.03889,-2.0,0.829,258,490.,562.,0.01,0.022,0,2234080.,901629,901630, , ,2024-08-19 23:12:12,True,False,False,2.89346117346671
2024-08-19,FHMRF,FHMRF,2024/08/19,23:17:40,CMA600,LFPGVHHH,390,-12,41 N,30.6,197.2,28.0,18621.2,83.975,-0.137,-0.5,-0.3,10552.0,54333.0,54036.,54061.,0.0,0.,10494.,10499.0,0.,0.0,6165.,3.3,6166.0,2.0,0.0,0.0,0.,0.0,12655.0,12332.,2.6,0.03872,0.03961,-2.3,0.83,258,490.,570.,-0.007,0.016,0,2227718.,901629,901630, , ,2024-08-19 23:17:40,True,False,False,2.8944770696261926
2024-08-19,FHMRF,FHMRF,2024/08/19,23:20:40,CMA600,LFPGVHHH,390,-12,41 N,30.5,196.9,28.0,18621.2,84.020,-0.317,-1.2,-0.9,10628.0,54728.0,54067.,54071.,0.0,0.,10500.,10501.0,0.,0.0,6171.,3.6,6170.0,2.7,0.0,0.0,0.,0.0,12735.0,12341.,3.2,0.0385,0.03936,-2.2,0.83,258,490.,570.,0.001,-0.009,0,2224563.,901629,901630, , ,2024-08-19 23:20:40,True,False,False,2.895683725097574
2024-08-19,FHMRF,FHMRF,2024/08/19,23:55:40,CMA600,LFPGVHHH,390,-13,41 N,29.9,193.6,28.0,18620.2,82.995,-0.279,-1.1,-0.8,10296.0,53019.0,52424.,52448.,0.0,0.,10181.,10185.0,0.,0.0,5981.,3.4,5983.0,2.4,0.0,0.0,0.,0.0,12308.0,11964.,2.9,0.03972,0.04052,-2.0,0.83,258,489.,546.,-0.018,0.011,0,2187874.,901629,901630, , ,2024-08-19 23:55:40,True,False,False,2.897081847036475
2024-08-20,FHMRF,FHMRF,2024/08/20,00:00:07,CMA600,LFPGVHHH,390,-14,41 N,29.9,193.2,28.0,18620.2,83.190,-0.482,-1.9,-1.5,10490.0,54018.0,53010.,53014.,0.0,0.,10294.,10295.0,0.,0.0,6031.,3.2,6030.0,2.0,0.0,0.0,0.,0.0,12376.0,12060.,2.6,0.03942,0.03983,-1.0,0.829,258,488.,544.,0.002,0.007,0,2183247.,901629,901630, , ,2024-08-20 00:00:07,True,False,False,2.8986717952230774
2024-08-20,FHMRF,FHMRF,2024/08/20,00:03:07,CMA600,LFPGVHHH,390,-14,41 N,29.8,192.9,28.0,18620.2,83.250,-0.447,-1.7,-1.4,10503.0,54083.0,53151.,53155.,0.0,0.,10322.,10323.0,0.,0.0,6041.,3.6,6040.0,2.4,0.0,0.0,0.,0.0,12445.0,12081.,3.0,0.03915,0.03977,-1.6,0.828,258,487.,545.,0.005,0.011,0,2180044.,901629,901630, , ,2024-08-20 00:03:07,True,False,False,2.9004535769517688
2024-08-20,FHMRF,FHMRF,2024/08/20,00:48:53,CMA600,LFPGVHHH,390,-15,41 N,29.2,188.6,24.0,18621.0,82.930,-0.253,-1.0,-0.7,10357.0,53330.0,52801.,52805.,0.0,0.,10254.,10255.0,0.,0.0,5986.,3.4,5985.0,2.3,0.0,0.0,0.,0.0,12312.0,11971.,2.8,0.03946,0.04028,-2.1,0.827,257,486.,534.,0.008,-0.021,0,2132235.,901629,901630, , ,2024-08-20 00:48:53,True,False,False,2.9024268427485738
2024-08-20,FHMRF,FHMRF,2024/08/20,01:04:03,CMA600,LFPGVHHH,390,-14,41 N,29.1,187.3,24.0,18619.1,82.800,-0.445,-1.7,-1.4,10319.0,53136.0,52207.,52211.,0.0,0.,10139.,10139.0,0.,0.0,5939.,3.3,5938.0,2.2,0.0,0.0,0.,0.0,12203.0,11877.,2.7,0.03988,0.0404,-1.3,0.827,257,487.,533.,0.009,-0.024,0,2116547.,901629,901630, , ,2024-08-20 01:04:03,True,False,False,2.9045908829907146
2024-08-20,FHMRF,FHMRF,2024/08/20,01:40:40,CMA600,LFPGVHHH,411,-18,42 N,28.8,183.9,23.0,18608.6,84.200,-0.617,-2.7,-2.3,10268.0,58490.0,56911.,56916.,0.0,0.,9991.,9992.0,0.,0.0,5790.,3.8,5789.0,2.2,0.0,0.0,0.,0.0,11926.0,11579.,3.0,0.04051,0.04077,-0.6,0.828,245,483.,541.,0.033,0.002,0,2298644.,901629,901630, , ,2024-08-20 01:40:40,True,False,False,2.9069446254981384
2024-08-20,FHMRF,FHMRF,2024/08/20,04:43:36,CMA600,LFPGVHHH,411,-21,30 N,28.1,168.1,24.0,18621.4,82.220,-0.336,-1.3,-1.0,9476.0,53976.0,53260.,53265.,0.0,0.,9351.,9351.0,0.,0.0,5420.,3.1,5420.0,2.2,0.0,0.0,0.,0.0,11126.0,10840.,2.6,0.04326,0.04396,-1.6,0.829,246,481.,496.,0.02,0.021,0,2105364.,901629,901630, , ,2024-08-20 04:43:36,True,False,False,2.909486634160471
2024-08-20,FHMRF,FHMRF,2024/08/20,04:57:10,CMA600,LFPGVHHH,411,-22,29 N,28.1,167.0,24.0,18621.4,81.400,-0.258,-1.0,-0.8,9234.0,52601.0,52048.,52052.,0.0,0.,9137.,9138.0,0.,0.0,5303.,3.3,5302.0,2.0,0.0,0.0,0.,0.0,10887.0,10605.,2.7,0.04428,0.04511,-1.9,0.833,247,482.,502.,-0.005,-0.002,0,2088281.,901629,901630, , ,2024-08-20 04:57:10,True,False,False,2.912215108655623
2024-08-20,FHMRF,FHMRF,2024/08/20,05:10:40,CMA600,LFPGVHHH,411,-23,27 N,28.1,165.9,24.0,18621.4,81.230,-0.199,-0.8,-0.5,9185.0,52322.0,51896.,51900.,0.0,0.,9111.,9111.0,0.,0.0,5278.,3.2,5277.0,2.2,0.0,0.0,0.,0.0,10839.0,10555.,2.7,0.04437,0.04532,-2.1,0.832,247,481.,498.,-0.004,0.004,0,2071864.,901629,901630, , ,2024-08-20 05:10:40,True,False,False,2.9151278853077183
2024-08-22,FHMRF,FHMRF,2024/08/22,07:37:24,CMA620,LFPGZSPD,350,-17,48 N,34.3,247.0,28.0,18616.2,83.130,-0.388,-1.5,-1.2,12956.0,55057.0,54244.,54244.,0.0,0.,12764.,12764.0,0.,0.0,7334.,3.3,7334.0,1.9,0.0,0.0,0.,0.0,15053.0,14669.,2.6,0.03222,0.03267,-1.4,0.83,283,485.,490.,-0.006,0.017,0,2308810.,901629,901630, , ,2024-08-22 07:37:24,True,False,False,2.918222439120868
2024-08-22,FHMRF,FHMRF,2024/08/22,13:13:24,CMA620,LFPGZSPD,370,-20,48 N,31.2,210.3,24.0,18617.4,82.030,-0.358,-1.4,-1.1,11455.0,53581.0,52829.,52825.,0.0,0.,11295.,11294.0,0.,0.0,6480.,3.9,6480.0,2.3,0.0,0.0,0.,0.0,13360.0,12960.,3.1,0.03606,0.03675,-1.9,0.829,270,482.,515.,0.011,-0.004,0,2162175.,901629,901630, , ,2024-08-22 13:13:24,True,False,False,2.9214958870105368
2024-08-22,FHMRF,FHMRF,2024/08/22,15:16:57,CMA620,LFPGZSPD,371,-8,42 N,30.7,198.0,24.0,18617.0,82.630,-0.304,-1.4,-1.2,10693.0,50256.0,49532..,49528.,0.0,0.,10539.,10538.0,0.,0.0,6238.,3.6,6239.0,2.2,0.0,0.0,0.,0.0,12838.0,12478.,2.9,0.03812,0.03876,-1.7,0.821,267,489.,567.,-0.011,-0.029,0,2042213.,901629,901630, , ,2024-08-22 15:16:57,True,False,False,2.924944992236852
2024-08-22,FHMRF,FHMRF,2024/08/22,15:19:57,CMA620,LFPGZSPD,371,-7,42 N,30.7,197.7,24.0,18616.3,82.410,-0.517,-2.5,-2.1,10663.0,50111.0,48876.,48879.,0.0,0.,10400.,10400.0,0.,0.0,6175.,4.2,6174.0,2.5,0.0,0.0,0.,0.0,12765.0,12348.,3.4,0.03841,0.03888,-1.2,0.822,267,490.,565.,-0.015,0.012,0,2039283.,901629,901630, , ,2024-08-22 15:19:57,True,False,False,2.9285661700279313
2024-08-22,FHMRF,FHMRF,2024/08/22,16:05:20,CMA620,LFPGZSPD,371,-8,40 N,30.7,193.4,24.0,18617.4,82.360,-0.347,-1.7,-1.4,10593.0,49783.0,48951.,48954.,0.0,0.,10416.,10416.0,0.,0.0,6179.,3.8,6178.0,2.2,0.0,0.0,0.,0.0,12730.0,12357.,3.0,0.03852,0.03914,-1.6,0.823,267,490.,536.,-0.01,0.011,0,1994638.,901629,901630, , ,2024-08-22 16:05:20,True,False,False,2.9323554943711985
2024-08-22,FHMRF,FHMRF,2024/08/22,16:06:32,CMA620,LFPGZSPD,371,-8,40 N,30.7,193.3,24.0,18617.4,82.480,-0.298,-1.4,-1.2,10622.0,49923.0,49210.,49213.,0.0,0.,10470.,10471.0,0.,0.0,6205.,3.7,6204.0,2.3,0.0,0.0,0.,0.0,12784.0,12410.,3.0,0.03832,0.03902,-1.8,0.822,267,490.,535.,-0.006,0.021,0,1993571.,901629,901630, , ,2024-08-22 16:06:32,True,False,False,2.9363087059503488
2024-08-22,FHMRF,FHMRF,2024/08/22,16:09:32,CMA620,LFPGZSPD,371,-8,40 N,30.7,193.0,24.0,18617.4,82.460,-0.577,-2.7,-2.3,10772.0,50629.0,49247.,49251.,0.0,0.,10478.,10479.0,0.,0.0,6206.,3.2,6205.0,2.3,0.0,0.0,0.,0.0,12751.0,12412.,2.7,0.0384,0.03853,-0.4,0.822,267,490.,536.,0.009,-0.011,0,1990748.,901629,901630, , ,2024-08-22 16:09:32,True,False,False,2.9404212212144882
2024-08-23,FHMRF,FHMRF,2024/08/23,00:50:21,CMA621,ZSPDUBBB,321,1,42 N,31.0,292.0,29.0,18608.9,87.415,-0.495,-2.0,-1.8,15850.0,58781.0,57591.,57570.,0.0,0.,15529.,15524.0,0.,0.0,9214.,3.6,9209.0,3.6,0.0,0.0,0.,0.0,19092.0,18423.,3.6,0.02637,0.02684,-1.8,0.833,304,503.,427.,0.015,0.022,0,2392971.,901629,901630, , ,2024-08-23 00:50:21,True,False,False,2.9446881425790417
2024-08-23,FHMRF,FHMRF,2024/08/23,20:14:01,CMA600,LFPGVHHH,350,-15,47 N,32.7,233.9,28.0,18629.7,82.860,-0.073,-0.3,-0.1,12490.0,53078.0,52924.,52927.,0.0,0.,12453.,12454.0,0.,0.0,7205.,2.9,7204.0,1.6,0.0,0.0,0.,0.0,14731.0,14409.,2.2,0.03307,0.03377,-2.1,0.83,283,487.,484.,-0.001,0.002,0,2186018.,901629,901630, , ,2024-08-23 20:14:01,True,False,False,2.949104269769236
2024-08-23,FHMRF,FHMRF,2024/08/23,20:17:01,CMA600,LFPGVHHH,350,-15,47 N,32.8,233.6,28.0,18624.7,82.970,-0.363,-1.4,-1.1,12702.0,53979.0,53220.,53223.,0.0,0.,12523.,12524.0,0.,0.0,7240.,2.9,7240.0,2.0,0.0,0.0,0.,0.0,14837.0,14480.,2.5,0.03282,0.03325,-1.3,0.83,283,487.,486.,0.016,-0.007,0,2182833.,901629,901630, , ,2024-08-23 20:17:01,True,False,False,2.9536641123237755
2024-08-25,FHMRF,FHMRF,2024/08/25,13:46:13,CMA620,LFPGZSPD,390,-19,47 N,29.5,190.1,24.0,18627.0,82.285,-0.303,-1.2,-0.9,10369.0,53393.0,52745.,52766.,0.0,0.,10243.,10247.0,0.,0.0,5928.,3.4,5930.0,1.3,0.0,0.0,0.,0.0,12136.0,11858.,2.3,0.03982,0.04037,-1.4,0.829,258,483.,546.,0.003,-0.013,0,2150863.,901629,901630, , ,2024-08-25 13:46:13,True,False,False,2.958361903277634
2024-08-25,FHMRF,FHMRF,2024/08/25,16:25:49,CMA620,LFPGZSPD,391,-16,40 N,29.0,175.9,24.0,18626.4,81.580,-0.523,-2.5,-2.1,9933.0,51394.0,50115.,50115.,0.0,0.,9686.,9686.0,0.,0.0,5655.,3.7,5655.0,2.4,0.0,0.0,0.,0.0,11658.0,11310.,3.1,0.04144,0.04182,-0.9,0.824,256,483.,526.,0.015,-0.003,0,1997026.,901629,901630, , ,2024-08-25 16:25:49,True,False,False,2.963191614034463
2024-08-25,FHMRF,FHMRF,2024/08/25,16:32:24,CMA620,LFPGZSPD,391,-15,40 N,29.0,175.3,24.0,18626.4,81.730,-0.301,-1.4,-1.2,9803.0,50724.0,49990.,49990.,0.0,0.,9662.,9662.0,0.,0.0,5656.,3.6,5656.0,2.6,0.0,0.0,0.,0.0,11663.0,11311.,3.1,0.04148,0.04227,-1.9,0.823,255,484.,528.,0.005,-0.014,0,1990399.,901629,901630, , ,2024-08-25 16:32:24,True,False,False,2.96814697041707
2024-08-25,FHMRF,FHMRF,2024/08/25,16:35:24,CMA620,LFPGZSPD,391,-15,41 N,29.0,175.0,24.0,18627.0,81.680,-0.505,-2.4,-2.0,9864.0,51040.0,49810.,49810.,0.0,0.,9627.,9627.0,0.,0.0,5643.,3.5,5643.0,2.6,0.0,0.0,0.,0.0,11625.0,11286.,3.0,0.04167,0.04206,-0.9,0.824,256,484.,530.,0.01,0.018,0,1987369.,901629,901630, , ,2024-08-25 16:35:24,True,False,False,2.9732214698539434
2024-08-25,FHMRF,FHMRF,2024/08/25,17:05:09,CMA620,LFPGZSPD,391,-16,40 N,29.0,172.4,24.0,18627.0,81.350,-0.436,-2.1,-1.8,9744.0,50418.0,49355.,49355.,0.0,0.,9539.,9539.0,0.,0.0,5574.,3.9,5574.0,2.2,0.0,0.0,0.,0.0,11488.0,11149.,3.0,0.04195,0.04247,-1.2,0.821,255,482.,535.,0.012,-0.044,0,1957856.,901629,901630, , ,2024-08-25 17:05:09,True,False,False,2.9784083996338175
2024-08-26,FHMRF,FHMRF,2024/08/26,04:27:20,CMA621,ZSPDUBBB,340,-18,48 N,29.9,269.6,24.0,18601.4,84.460,-0.165,-0.7,-0.5,14307.0,57987.0,57569.,57573.,0.0,0.,14204.,14204.0,0.,0.0,8115.,3.8,8114.0,2.6,0.0,0.0,0.,0.0,16747.0,16229.,3.2,0.02904,0.02981,-2.6,0.833,291,486.,451.,-0.004,0.000,0,2415267.,901629,901630, , ,2024-08-26 04:27:20,True,False,False,2.9837008561477165
2024-08-26,FHMRF,FHMRF,2024/08/26,22:37:13,CMA600,LFPGVHHH,390,-14,41 N,30.4,200.1,28.0,18620.2,83.810,-0.81,-3.3,-2.9,10910.0,56178.0,54322.,54322.,0.0,0.,10549.,10549.0,0.,0.0,6168.,1.0,6168.0,2.6,0.0,0.0,0.,0.0,12559.0,12336.,1.8,0.03893,0.03849,1.1,0.831,259,489.,552.,0.012,-0.008,0,2261886.,901629,901630, , ,2024-08-26 22:37:13,True,False,False,2.9890917650367723
2024-08-26,FHMRF,FHMRF,2024/08/26,23:12:25,CMA600,LFPGVHHH,390,-13,41 N,29.8,196.4,28.0,18620.4,84.175,-0.572,-2.4,-2.1,10900.0,56127.0,54790.,54770.,0.0,0.,10640.,10636.0,0.,0.0,6217.,3.8,6215.0,2.1,0.0,0.0,0.,0.0,12799.0,12432.,2.9,0.03814,0.03845,-0.8,0.828,258,488.,560.,0.028,-0.008,0,2219713.,901629,901630, , ,2024-08-26 23:12:25,True,False,False,2.994573902165852
2024-08-27,FHMRF,FHMRF,2024/08/27,04:58:48,CMA600,LFPGVHHH,411,-22,29 N,26.9,165.9,24.0,18625.3,81.830,0.019,0.1,0.2,9277.0,52845.0,52884.,52884.,0.0,0.,9284.,9284.0,0.,0.0,5388.,3.4,5388.0,2.2,0.0,0.0,0.,0.0,11077.0,10776.,2.8,0.04369,0.04501,-2.9,0.836,248,484.,463.,-0.003,-0.003,0,2075940.,901629,901630, , ,2024-08-27 04:58:48,True,False,False,3.0001399153378863
2024-08-27,FHMRF,FHMRF,2024/08/27,05:51:24,CMA600,LFPGVHHH,391,-18,24 N,26.9,161.6,24.0,18625.3,80.470,-0.657,-3.2,-2.8,9617.0,49761.0,48146.,48146.,0.0,0.,9305.,9305.0,0.,0.0,5462.,3.9,5462.0,2.8,0.0,0.0,0.,0.0,11288.0,10925.,3.3,0.04307,0.04327,-0.5,0.833,259,486.,464.,0.016,0.000,0,1832000.,901629,901630, , ,2024-08-27 05:51:24,True,False,False,3.005782346645925
2024-08-27,FHMRF,FHMRF,2024/08/27,05:54:24,CMA600,LFPGVHHH,391,-18,24 N,26.9,161.3,24.0,18625.3,80.500,-0.412,-2.1,-1.7,9530.0,49310.0,48295.,48295.,0.0,0.,9334.,9334.0,0.,0.0,5468.,4.1,5468.0,2.7,0.0,0.0,0.,0.0,11310.0,10936.,3.4,0.04287,0.04359,-1.6,0.831,258,485.,466.,0.011,0.007,0,1828849.,901629,901630, , ,2024-08-27 05:54:24,True,False,False,3.0114936553331675
2024-08-29,FHMRF,FHMRF,2024/08/29,10:42:19,CMA620,LFPGZSPD,390,-14,42 N,31.8,214.9,28.0,18634.7,85.560,-0.355,-1.5,-1.2,11573.0,59590.0,58679.,58679.,0.0,0.,11397.,11397.0,0.,0.0,6616.,3.6,6616.0,2.5,0.0,0.0,0.,0.0,13638.0,13233.,3.1,0.03586,0.0365,-1.8,0.832,259,489.,542.,0.004,0.088,0,2429957.,901629,901630, , ,2024-08-29 10:42:19,True,False,False,3.017266241008387
2024-08-29,FHMRF,FHMRF,2024/08/29,10:45:19,CMA620,LFPGZSPD,390,-14,41 N,31.8,214.6,28.0,18634.7,85.480,-0.522,-2.2,-1.9,11635.0,59912.0,58565.,58565.,0.0,0.,11373.,11373.0,0.,0.0,6601.,3.3,6601.0,2.0,0.0,0.0,0.,0.0,13554.0,13202.,2.7,0.03607,0.03633,-0.7,0.832,259,489.,543.,0.012,-0.001,0,2426443.,901629,901630, , ,2024-08-29 10:45:19,True,False,False,3.023092467056242
2024-08-29,FHMRF,FHMRF,2024/08/29,10:50:17,CMA620,LFPGZSPD,390,-14,41 N,31.6,214.1,28.0,18634.7,85.110,0.049,0.2,0.4,11178.0,57560.0,57682.,57682.,0.0,0.,11202.,11202.0,0.,0.0,6512.,3.8,6512.0,1.8,0.0,0.0,0.,0.0,13386.0,13024.,2.8,0.03656,0.03771,-3.0,0.833,259,489.,542.,-0.024,-0.017,0,2421228.,901629,901630, , ,2024-08-29 10:50:17,True,False,False,3.0289646840883893
2024-08-29,FHMRF,FHMRF,2024/08/29,10:53:17,CMA620,LFPGZSPD,390,-14,41 N,31.6,213.8,28.0,18634.7,85.200,-0.281,-1.2,-0.9,11387.0,58635.0,57925.,57925.,0.0,0.,11249.,11249.0,0.,0.0,6533.,3.8,6533.0,2.2,0.0,0.0,0.,0.0,13458.0,13065.,3.0,0.03632,0.03706,-2.0,0.832,259,489.,539.,-0.005,0.003,0,2417649.,901629,901630, , ,2024-08-29 10:53:17,True,False,False,3.034875253291495
2024-08-29,FHMRF,FHMRF,2024/08/29,11:00:13,CMA620,LFPGZSPD,390,-14,41 N,31.4,213.1,28.0,18634.7,85.050,-0.448,-1.9,-1.6,11405.0,58723.0,57593.,57593.,0.0,0.,11185.,11185.0,0.,0.0,6501.,3.9,6501.0,2.6,0.0,0.0,0.,0.0,13419.0,13002.,3.2,0.03646,0.03703,-1.5,0.833,259,489.,540.,-0.002,0.021,0,2409119.,901629,901630, , ,2024-08-29 11:00:13,True,False,False,3.0408165695314846
2024-08-29,FHMRF,FHMRF,2024/08/29,11:06:05,CMA620,LFPGZSPD,390,-14,41 N,31.3,212.5,28.0,18634.7,85.680,-0.292,-1.3,-1.0,11594.0,59704.0,58948.,58948.,0.0,0.,11448.,11448.0,0.,0.0,6637.,3.9,6637.0,2.2,0.0,0.0,0.,0.0,13676.0,13274.,3.0,0.03569,0.0364,-2.0,0.83,259,488.,529.,0.019,-0.006,0,2404136.,901629,901630, , ,2024-08-29 11:06:05,True,False,False,3.0467810840673812
2024-08-29,FHMRF,FHMRF,2024/08/29,12:51:35,CMA620,LFPGZSPD,390,-17,48 N,29.7,202.1,28.0,18634.8,83.990,-0.545,-2.4,-2.0,11088.0,57096.0,55716.,55716.,0.0,0.,10820.,10820.0,0.,0.0,6271.,4.4,6271.0,2.6,0.0,0.0,0.,0.0,12979.0,12542.,3.5,0.03747,0.03798,-1.4,0.831,259,486.,500.,0.018,-0.004,0,2287727.,901629,901630, , ,2024-08-29 12:51:35,True,False,False,3.052761326719241
2024-08-29,FHMRF,FHMRF,2024/08/29,15:58:12,CMA620,LFPGZSPD,411,-21,42 N,28.4,184.5,25.0,18639.9,84.310,-0.12,-0.5,-0.3,10301.0,58675.0,58365.,58365.,0.0,0.,10246.,10246.0,0.,0.0,5881.,4.3,5881.0,2.0,0.0,0.0,0.,0.0,12133.0,11762.,3.2,0.03965,0.04078,-2.8,0.829,246,481.,537.,0.033,-0.016,0,2307388.,901629,901630, , ,2024-08-29 15:58:12,True,False,False,3.058749927330637
2024-08-29,FHMRF,FHMRF,2024/08/29,16:48:41,CMA620,LFPGZSPD,411,-22,41 N,28.3,180.1,25.0,18634.3,83.310,-0.468,-2.1,-1.7,10085.0,57442.0,56237.,56237.,0.0,0.,9873.,9873.0,0.,0.0,5673.,4.0,5673.0,2.5,0.0,0.0,0.,0.0,11717.0,11345.,3.3,0.04097,0.04158,-1.5,0.829,246,480.,537.,0.033,0.029,2,2251295.,901629,901630, , ,2024-08-29 16:48:41,True,False,False,3.064739636370071
2024-09-01,FHMRF,FHMRF,2024/09/01,08:23:59,CMA620,LFPGZSPD,350,-18,47 N,34.1,254.6,28.0,18638.3,83.800,-0.389,-1.7,-1.5,13417.0,57022.0,56041.,56041.,0.0,0.,13187.,13187.0,0.,0.0,7529.,3.8,7529.0,2.7,0.0,0.0,0.,0.0,15548.0,15057.,3.3,0.03123,0.03176,-1.7,0.832,284,486.,508.,-0.001,0.006,0,2379404.,901629,901630, , ,2024-09-01 08:23:59,True,False,False,3.070723344527189
2024-09-01,FHMRF,FHMRF,2024/09/01,12:56:29,CMA620,LFPGZSPD,370,-9,48 N,31.2,223.9,28.0,18630.8,85.000,-0.649,-2.8,-2.5,12145.0,56805.0,55201.,55201.,0.0,0.,11802.,11802.0,0.,0.0,6924.,4.3,6924.0,3.1,0.0,0.0,0.,0.0,14359.0,13849.,3.7,0.03434,0.03472,-1.1,0.83,271,493.,550.,0.014,-0.021,0,2301784.,901629,901630, , ,2024-09-01 12:56:29,True,False,False,3.0766941011766304
2024-09-01,FHMRF,FHMRF,2024/09/01,16:29:21,CMA620,LFPGZSPD,391,-16,41 N,30.3,202.1,24.0,18631.6,83.960,-0.656,-2.9,-2.5,11020.0,57017.0,55359.,55359.,0.0,0.,10699.,10699.0,0.,0.0,6214.,4.2,6214.0,2.7,0.0,0.0,0.,0.0,12856.0,12429.,3.4,0.03788,0.0382,-0.8,0.831,258,487.,545.,0.015,-0.037,0,2294603.,901629,901630, , ,2024-09-01 16:29:21,True,False,False,3.0826451316028085
2024-09-02,FHMRF,FHMRF,2024/09/02,01:14:39,CMA621,ZSPDUBBB,321,3,42 N,31.5,286.6,30.0,18610.6,87.120,-0.234,-1.0,-0.8,15273.0,56638.0,56070.,56070.,0.0,0.,15120.,15120.0,0.,0.0,9069.,3.5,9069.0,3.2,0.0,0.0,0.,0.0,18749.0,18139.,3.4,0.02716,0.02785,-2.5,0.84,306,509.,453.,-0.012,-0.002,0,2348944.,901629,901630, , ,2024-09-02 01:14:39,True,False,False,3.0885698529027534
2024-09-02,FHMRF,FHMRF,2024/09/02,01:39:41,CMA621,ZSPDUBBB,321,3,42 N,31.1,283.1,30.0,18612.8,87.250,-0.245,-1.0,-0.8,15328.0,56843.0,56249.,56249.,0.0,0.,15167.,15167.0,0.,0.0,9096.,3.7,9096.0,3.5,0.0,0.0,0.,0.0,18846.0,18191.,3.6,0.02701,0.02775,-2.7,0.839,306,509.,442.,0.003,0.008,0,2320218.,901629,901630, , ,2024-09-02 01:39:41,True,False,False,3.094461888512729
2024-09-02,FHMRF,FHMRF,2024/09/02,12:51:52,CMA621,UBBBLFPG,340,-17,46 N,29.1,257.0,28.0,18626.4,84.180,-0.453,-2.0,-1.7,14208.0,57583.0,56449.,56449.,0.0,0.,13928.,13928.0,0.,0.0,7973.,3.7,7973.0,2.7,0.0,0.0,0.,0.0,16455.0,15947.,3.2,0.02958,0.03001,-1.4,0.832,290,487.,451.,0.033,0.003,0,2301485.,901629,901630, , ,2024-09-02 12:51:52,True,False,False,3.1003150813369125
2024-09-02,FHMRF,FHMRF,2024/09/02,20:41:57,CMA600,LFPGVHHH,370,-22,44 N,32.6,230.7,29.0,18634.7,83.900,-0.326,-1.4,-1.1,12619.0,59021.0,58185.,58193.,0.0,0.,12440.,12442.0,0.,0.0,7084.,3.9,7083.0,2.6,0.0,0.0,0.,0.0,14622.0,14167.,3.2,0.03315,0.03383,-2.0,0.839,274,485.,504.,0.019,0.021,0,2371286.,901629,901630, , ,2024-09-02 20:41:57,True,False,False,3.1061235054899434
2024-09-02,FHMRF,FHMRF,2024/09/02,23:15:49,CMA600,LFPGVHHH,390,-14,41 N,32.8,214.1,29.0,18628.1,85.930,-0.149,-0.7,-0.5,11662.0,60049.0,59651.,59651.,0.0,0.,11585.,11585.0,0.,0.0,6746.,3.3,6746.0,1.8,0.0,0.0,0.,0.0,13840.0,13492.,2.6,0.03562,0.03637,-2.1,0.839,262,493.,545.,0.008,0.026,0,2419654.,901629,901630, , ,2024-09-02 23:15:49,True,False,False,3.111881476696084
2024-09-03,FHMRF,FHMRF,2024/09/03,15:38:39,CMA601,VHHHUBBB,340,-20,47 N,23.7,265.6,30.0,18636.7,83.640,-0.395,-1.7,-1.4,14231.0,57677.0,56678.,56678.,0.0,0.,13984.,13984.0,0.,0.0,7948.,4.3,7948.0,2.6,0.0,0.0,0.,0.0,16452.0,15897.,3.5,0.02946,0.03005,-2.0,0.835,292,485.,431.,-0.008,0.016,0,2379068.,901629,901630, , ,2024-09-03 15:38:39,True,False,False,3.11758356141215
2024-09-03,FHMRF,FHMRF,2024/09/03,16:21:23,CMA601,VHHHUBBB,340,-19,48 N,23.4,260.3,26.0,18640.5,83.600,-0.508,-2.2,-1.9,14153.0,57365.0,56085.,56085.,0.0,0.,13837.,13837.0,0.,0.0,7880.,3.8,7880.0,2.8,0.0,0.0,0.,0.0,16279.0,15760.,3.3,0.02978,0.03017,-1.3,0.833,291,485.,445.,0.008,-0.024,0,2331650.,901629,901630, , ,2024-09-03 16:21:23,True,False,False,3.1232245847555187
2024-09-03,FHMRF,FHMRF,2024/09/03,23:42:06,CMA601,UBBBLFPG,340,-7,42 N,22.7,267.2,28.0,18621.8,85.690,-0.687,-2.9,-2.5,14284.0,57897.0,56201.,56208.,0.0,0.,13866.,13868.0,0.,0.0,8149.,3.1,8148.0,2.6,0.0,0.0,0.,0.0,16758.0,16297.,2.8,0.0297,0.02976,-0.2,0.835,292,498.,450.,-0.018,-0.005,0,2393455.,901629,901630, , ,2024-09-03 23:42:06,True,False,False,3.128799637322676
2024-09-03,FHMRF,FHMRF,2024/09/03,23:45:06,CMA601,UBBBLFPG,340,-7,42 N,22.7,266.8,28.0,18619.3,85.810,-0.858,-3.6,-3.2,14521.0,58857.0,56739.,56746.,0.0,0.,13999.,14000.0,0.,0.0,8210.,2.9,8209.0,2.0,0.0,0.0,0.,0.0,16824.0,16419.,2.5,0.02955,0.02932,0.8,0.835,292,497.,448.,-0.001,-0.007,0,2390023.,901629,901630, , ,2024-09-03 23:45:06,True,False,False,3.1343040809836955
2024-09-04,FHMRF,FHMRF,2024/09/04,11:16:28,CMA620,LFPGZSPD,390,-16,43 N,31.0,212.9,28.0,18629.8,84.910,-0.313,-1.4,-1.1,11373.0,58561.0,57769.,57769.,0.0,0.,11219.,11219.0,0.,0.0,6489.,4.6,6489.0,2.4,0.0,0.0,0.,0.0,13431.0,12979.,3.5,0.03626,0.03711,-2.3,0.831,259,487.,562.,-0.002,0.021,0,2408011.,901629,901630, , ,2024-09-04 11:16:28,True,False,False,3.13973355373734
2024-09-04,FHMRF,FHMRF,2024/09/04,11:19:28,CMA620,LFPGZSPD,390,-16,43 N,31.0,212.6,28.0,18629.8,84.800,-0.43,-1.9,-1.6,11400.0,58700.0,57611.,57611.,0.0,0.,11188.,11188.0,0.,0.0,6472.,3.7,6472.0,2.7,0.0,0.0,0.,0.0,13359.0,12945.,3.2,0.03647,0.03705,-1.6,0.832,259,487.,562.,0.001,-0.016,0,2404729.,901629,901630, , ,2024-09-04 11:19:28,True,False,False,3.1450839737070466
2024-09-05,FHMRF,FHMRF,2024/09/05,02:51:46,CMA621,ZSPDUBBB,321,4,42 N,32.9,295.4,24.0,18605.9,88.490,-0.16,-0.7,-0.6,16065.0,59579.0,59185.,59181.,0.0,0.,15959.,15958.0,0.,0.0,9519.,3.7,9520.0,3.5,0.0,0.0,0.,0.0,19724.0,19039.,3.6,0.02585,0.02662,-2.9,0.84,306,510.,425.,0.008,0.014,0,2421016.,901629,901630, , ,2024-09-05 02:51:46,True,False,False,3.150351542347493
2024-09-05,FHMRF,FHMRF,2024/09/05,02:54:46,CMA621,ZSPDUBBB,321,4,42 N,32.7,294.9,24.0,18600.9,88.520,-0.123,-0.5,-0.5,16047.0,59509.0,59208.,59204.,0.0,0.,15966.,15965.0,0.,0.0,9522.,3.0,9523.0,2.6,0.0,0.0,0.,0.0,19577.0,19045.,2.8,0.02602,0.02663,-2.3,0.839,306,509.,427.,0.01,0.000,0,2417226.,901629,901630, , ,2024-09-05 02:54:46,True,False,False,3.1555327469210406
2024-09-05,FHMRF,FHMRF,2024/09/05,08:26:19,CMA621,ZSPDUBBB,360,-20,46 N,28.6,251.5,26.0,18611.1,85.200,-0.462,-2.0,-1.7,13830.0,61655.0,60416.,60420.,0.0,0.,13553.,13553.0,0.,0.0,7705.,3.8,7704.0,2.1,0.0,0.0,0.,0.0,15867.0,15409.,3.0,0.03047,0.03084,-1.2,0.832,278,483.,404.,0.024,-0.012,0,2476869.,901629,901630, , ,2024-09-05 08:26:19,True,False,False,3.16062436230164
2024-09-05,FHMRF,FHMRF,2024/09/05,23:42:10,CMA600,LFPGVHHH,370,-11,41 N,32.9,223.0,30.0,18622.4,84.290,-0.53,-2.1,-1.8,11922.0,55764.0,54571.,54567.,0.0,0.,11667.,11666.0,0.,0.0,6828.,4.0,6829.0,2.5,0.0,0.0,0.,0.0,14100.0,13657.,3.2,0.03483,0.03532,-1.4,0.831,271,491.,578.,0.004,-0.068,0,2288890.,901629,901630, , ,2024-09-05 23:42:10,True,False,False,3.165623452169839
2024-09-05,FHMRF,FHMRF,2024/09/05,23:48:13,CMA600,LFPGVHHH,370,-11,41 N,32.8,222.3,30.0,18622.4,84.420,-0.253,-1.0,-0.8,11846.0,55408.0,54853.,54850.,0.0,0.,11727.,11727.0,0.,0.0,6849.,3.7,6850.0,2.5,0.0,0.0,0.,0.0,14128.0,13699.,3.1,0.03473,0.03553,-2.3,0.83,270,491.,579.,0.0,0.005,0,2282267.,901629,901630, , ,2024-09-05 23:48:13,True,False,False,3.1705273696677096
2024-09-06,FHMRF,FHMRF,2024/09/06,02:24:59,CMA600,LFPGVHHH,391,-16,42 N,30.3,206.3,25.0,18626.8,84.470,-0.469,-2.0,-1.7,11203.0,57965.0,56782.,56777.,0.0,0.,10974.,10973.0,0.,0.0,6350.,3.8,6351.0,2.5,0.0,0.0,0.,0.0,13099.0,12702.,3.1,0.03707,0.03757,-1.4,0.829,258,486.,574.,0.014,0.016,0,2343836.,901629,901630, , ,2024-09-06 02:24:59,True,False,False,3.1753337575809097
2024-09-06,FHMRF,FHMRF,2024/09/06,03:21:12,CMA600,LFPGVHHH,371,-11,41 N,29.9,200.8,24.0,18625.3,82.110,-0.295,-1.4,-1.1,10702.0,50298.0,49589.,49586.,0.0,0.,10552.,10551.0,0.,0.0,6202.,3.2,6202.0,2.0,0.0,0.0,0.,0.0,12730.0,12404.,2.6,0.03828,0.03884,-1.4,0.823,267,487.,542.,-0.021,0.041,0,2072399.,901629,901630, , ,2024-09-06 03:21:12,True,False,False,3.180040548108606
2024-09-07,FHMRF,FHMRF,2024/09/07,10:33:22,CMA636,LFPGZHCC,390,-18,42 N,31.8,208.5,28.0,18621.2,84.315,-0.305,-1.3,-1.0,11245.0,57906.0,57147.,57117.,0.0,0.,11098.,11092.0,0.,0.0,6407.,3.9,6406.0,2.8,0.0,0.0,0.,0.0,13237.0,12813.,3.3,0.03663,0.03746,-2.2,0.831,259,485.,533.,0.009,0.023,0,2356999.,901629,901630, , ,2024-09-07 10:33:22,True,False,False,3.184645962273967
2024-09-07,FHMRF,FHMRF,2024/09/07,13:14:11,CMA636,LFPGZHCC,410,-17,48 N,29.8,193.0,24.0,18625.3,84.500,-0.206,-0.9,-0.7,10174.0,57673.0,57148.,57148.,0.0,0.,10082.,10082.0,0.,0.0,5870.,3.9,5870.0,2.3,0.0,0.0,0.,0.0,12103.0,11740.,3.1,0.04029,0.04126,-2.4,0.834,248,488.,514.,-0.025,0.013,0,2404211.,901629,901630, , ,2024-09-07 13:14:11,True,False,False,3.189148509017831
2024-09-07,FHMRF,FHMRF,2024/09/07,15:50:19,CMA636,LFPGZHCC,411,-21,42 N,29.2,178.8,24.0,18624.2,82.650,-0.453,-1.8,-1.4,9698.0,55238.0,54267.,54267.,0.0,0.,9527.,9527.0,0.,0.0,5524.,3.7,5524.0,1.9,0.0,0.0,0.,0.0,11359.0,11048.,2.8,0.0426,0.04318,-1.3,0.834,247,484.,526.,-0.004,0.018,0,2236565.,901629,901630, , ,2024-09-07 15:50:19,True,False,False,3.1935469840043833
2024-09-07,FHMRF,FHMRF,2024/09/07,15:54:14,CMA636,LFPGZHCC,411,-21,41 N,29.2,178.5,24.0,18624.2,82.890,-0.259,-1.0,-0.8,9705.0,55278.0,54712.,54712.,0.0,0.,9606.,9606.0,0.,0.0,5564.,3.8,5564.0,2.6,0.0,0.0,0.,0.0,11484.0,11127.,3.2,0.0421,0.04312,-2.4,0.833,247,483.,526.,-0.001,0.033,0,2232254.,901629,901630, , ,2024-09-07 15:54:14,True,False,False,3.1978404681520005
2024-09-07,FHMRF,FHMRF,2024/09/07,16:24:11,CMA636,LFPGZHCC,411,-20,40 N,29.2,175.9,25.0,18624.2,82.430,-0.553,-2.1,-1.8,9593.0,54643.0,53469.,53469.,0.0,0.,9387.,9387.0,0.,0.0,5466.,3.3,5466.0,2.2,0.0,0.0,0.,0.0,11234.0,10932.,2.8,0.0432,0.04361,-0.9,0.835,248,485.,529.,-0.004,-0.007,0,2199123.,901629,901630, , ,2024-09-07 16:24:11,True,False,False,3.202028325887546
2024-09-09,FHMRF,FHMRF,2024/09/09,01:54:56,CMA600,LFPGVHHH,391,-15,42 N,29.9,194.5,25.0,18624.2,83.350,-0.431,-1.6,-1.4,10585.0,54769.0,53866.,53866.,0.0,0.,10411.,10411.0,0.,0.0,6062.,3.6,6062.0,2.3,0.0,0.0,0.,0.0,12483.0,12125.,3.0,0.03896,0.03957,-1.5,0.829,257,486.,580.,0.007,0.019,0,2209812.,901629,901630, , ,2024-09-09 01:54:56,True,False,False,3.2061102031080413
2024-09-10,FHMRF,FHMRF,2024/09/10,21:58:50,CMA600,LFPGVHHH,390,-24,42 N,32.1,212.0,29.0,18618.5,83.420,-0.3,-1.3,-1.0,11340.0,58391.0,57618.,57623.,0.0,0.,11189.,11190.0,0.,0.0,6366.,4.5,6365.0,2.6,0.0,0.0,0.,0.0,13182.0,12732.,3.5,0.03639,0.0373,-2.4,0.833,259,480.,488.,0.002,-0.002,0,2398533.,901629,901630, , ,2024-09-10 21:58:50,True,False,False,3.2100860248176817
2024-09-10,FHMRF,FHMRF,2024/09/10,22:01:50,CMA600,LFPGVHHH,390,-24,42 N,32.0,211.8,29.0,18622.4,83.440,-0.282,-1.2,-1.0,11352.0,58454.0,57731.,57726.,0.0,0.,11211.,11210.0,0.,0.0,6362.,4.1,6363.0,2.3,0.0,0.0,0.,0.0,13130.0,12726.,3.2,0.03653,0.03732,-2.1,0.833,259,480.,489.,0.004,0.007,0,2395301.,901629,901630, , ,2024-09-10 22:01:50,True,False,False,3.2139559923911083
2024-09-10,FHMRF,FHMRF,2024/09/10,22:06:57,CMA600,LFPGVHHH,390,-24,42 N,31.9,211.3,29.0,18619.9,83.290,-0.281,-1.2,-1.0,11276.0,58064.0,57344.,57339.,0.0,0.,11136.,11135.0,0.,0.0,6328.,5.1,6329.0,2.8,0.0,0.0,0.,0.0,13162.0,12657.,4.0,0.03649,0.03756,-2.9,0.834,260,480.,490.,-0.001,-0.009,0,2389952.,901629,901630, , ,2024-09-10 22:06:57,True,False,False,3.217720580399315
2024-09-11,FHMRF,FHMRF,2024/09/11,06:03:07,CMA600,LFPGVHHH,311,0,23 N,28.4,168.0,25.0,18627.6,76.520,-0.722,-3.4,-2.7,10470.0,37077.0,35813.,35811.,0.0,0.,10113.,10113.0,0.,0.0,6084.,4.2,6084.0,2.6,0.0,0.0,0.,0.0,12581.0,12168.,3.4,0.03684,0.03705,-0.6,0.76,281,464.,471.,0.005,-0.061,0,1303646.,901629,901630, , ,2024-09-11 06:03:07,True,False,False,3.2213805329284924
2024-09-11,FHMRF,FHMRF,2024/09/11,17:35:03,CMA601,VHHHUBBB,340,-13,42 N,24.1,259.8,25.0,18613.3,84.350,-0.591,-2.6,-2.3,14067.0,57016.0,55548.,55548.,0.0,0.,13705.,13705.0,0.,0.0,7904.,4.0,7904.0,2.9,0.0,0.0,0.,0.0,16355.0,15808.,3.5,0.02985,0.03018,-1.1,0.829,289,488.,425.,0.008,0.004,0,2326417.,901629,901630, , ,2024-09-11 17:35:03,True,False,False,3.224936859328921
2024-09-11,FHMRF,FHMRF,2024/09/11,17:49:47,CMA601,VHHHUBBB,340,-12,41 N,24.1,258.0,25.0,18613.3,84.510,-0.641,-2.8,-2.4,14108.0,57181.0,55588.,55588.,0.0,0.,13715.,13715.0,0.,0.0,7942.,3.9,7942.0,2.4,0.0,0.0,0.,0.0,16387.0,15883.,3.2,0.02994,0.03014,-0.6,0.832,291,491.,427.,0.013,0.008,0,2310025.,901629,901630, , ,2024-09-11 17:49:47,True,False,False,3.2283908293506007
2024-09-11,FHMRF,FHMRF,2024/09/11,17:52:47,CMA601,VHHHUBBB,340,-12,41 N,24.1,257.6,24.0,18613.3,84.720,-0.305,-1.3,-1.1,14009.0,56782.0,56025.,56025.,0.0,0.,13823.,13823.0,0.,0.0,8002.,3.5,8002.0,2.7,0.0,0.0,0.,0.0,16504.0,16005.,3.1,0.02974,0.03033,-1.9,0.832,290,491.,429.,0.008,-0.015,0,2306792.,901629,901630, , ,2024-09-11 17:52:47,True,False,False,3.2317439676487822
2024-09-11,FHMRF,FHMRF,2024/09/11,18:13:41,CMA601,VHHHUBBB,340,-12,41 N,24.0,255.0,24.0,18613.3,84.960,-0.462,-2.0,-1.7,14184.0,57486.0,56339.,56339.,0.0,0.,13901.,13901.0,0.,0.0,8057.,3.8,8057.0,2.3,0.0,0.0,0.,0.0,16603.0,16114.,3.0,0.0296,0.02998,-1.3,0.832,290,491.,451.,0.028,0.020,0,2283370.,901629,901630, , ,2024-09-11 18:13:41,True,False,False,3.234998047666951
2024-09-12,FHMRF,FHMRF,2024/09/12,17:45:15,CMA620,LFPGZSPD,391,-15,36 N,30.5,210.4,25.0,18620.7,85.220,-0.351,-1.5,-1.2,11467.0,59334.0,58447.,58443.,0.0,0.,11296.,11295.0,0.,0.0,6543.,4.2,6543.0,2.3,0.0,0.0,0.,0.0,13510.0,13086.,3.2,0.03614,0.03685,-1.9,0.833,259,488.,472.,0.012,-0.010,0,2396091.,901629,901630, , ,2024-09-12 17:45:15,True,False,False,3.2381550849199168
2024-09-13,FHMRF,FHMRF,2024/09/13,05:59:23,CMA621,ZSPDUBBB,321,-2,42 N,29.7,287.4,29.0,18612.8,86.590,-0.293,-1.2,-1.0,15448.0,57285.0,56572.,56572.,0.0,0.,15255.,15255.0,0.,0.0,9015.,3.9,9015.0,3.7,0.0,0.0,0.,0.0,18714.0,18030.,3.8,0.0268,0.02753,-2.6,0.834,304,502.,408.,0.004,0.017,0,2355730.,901629,901630, , ,2024-09-13 05:59:23,True,False,False,3.2412173297034097
2024-09-13,FHMRF,FHMRF,2024/09/13,23:17:49,CMA600,LFPGVHHH,350,-13,43 N,34.1,236.5,29.0,18619.9,83.080,-0.391,-1.5,-1.7,12650.0,53761.0,52890.,53008.,0.0,0.,12445.,12473.0,0.,0.0,7152.,3.6,7125.0,3.3,0.0,0.0,0.,0.0,14775.0,14277.,3.5,0.03299,0.03357,-1.7,0.827,282,487.,568.,0.008,-0.018,0,2206473.,901629,901630, , ,2024-09-13 23:17:49,True,False,False,3.2441872592530188
2024-09-14,FHMRF,FHMRF,2024/09/14,04:00:31,CMA600,LFPGVHHH,371,-12,42 N,29.1,206.7,24.0,18614.7,82.770,-0.407,-1.6,-1.3,11190.0,52591.0,51739.,51739.,0.0,0.,11009.,11009.0,0.,0.0,6440.,2.8,6440.0,2.2,0.0,0.0,0.,0.0,13200.0,12879.,2.5,0.03693,0.03735,-1.1,0.826,268,487.,588.,-0.001,0.058,0,2132436.,901629,901630, , ,2024-09-14 04:00:31,True,False,False,3.247067569372782
2024-09-14,FHMRF,FHMRF,2024/09/14,04:03:31,CMA600,LFPGVHHH,371,-13,42 N,29.0,206.4,24.0,18614.7,82.775,-0.665,-2.6,-2.2,11316.0,53183.0,51820.,51797.,0.0,0.,11026.,11021.0,0.,0.0,6442.,3.7,6440.0,1.6,0.0,0.0,0.,0.0,13224.0,12882.,2.7,0.03681,0.03696,-0.4,0.825,268,487.,590.,0.013,-0.020,2,2129468.,901629,901630, , ,2024-09-14 04:03:31,True,False,False,3.249861165557979
2024-09-16,FHMRF,FHMRF,2024/09/16,05:43:32,CMA601,VHHHUBBB,340,-18,47 N,24.0,265.7,24.0,18603.9,84.270,-0.441,-1.9,-1.6,14398.0,58357.0,57247.,57247.,0.0,0.,14125.,14125.0,0.,0.0,8069.,4.1,8069.0,2.4,0.0,0.0,0.,0.0,16664.0,16137.,3.3,0.02916,0.02963,-1.6,0.833,291,486.,430.,0.004,0.033,0,2380581.,901629,901630, , ,2024-09-16 05:43:32,True,False,False,3.2525711536429696
2024-09-16,FHMRF,FHMRF,2024/09/16,06:30:40,CMA601,VHHHUBBB,340,-19,48 N,23.6,259.9,24.0,18605.3,83.210,-0.559,-2.5,-2.1,13952.0,56549.0,55152.,55152.,0.0,0.,13607.,13607.0,0.,0.0,7776.,4.0,7776.0,2.9,0.0,0.0,0.,0.0,16089.0,15552.,3.5,0.03016,0.03053,-1.2,0.834,291,485.,435.,-0.005,-0.012,0,2328358.,901629,901630, , ,2024-09-16 06:30:40,True,False,False,3.255200830001335
2024-09-16,FHMRF,FHMRF,2024/09/16,06:33:43,CMA601,VHHHUBBB,340,-19,48 N,23.6,259.5,25.0,18605.3,83.385,-0.59,-2.6,-2.3,14078.0,57062.0,55589.,55564.,0.0,0.,13715.,13709.0,0.,0.0,7828.,3.9,7825.0,2.8,0.0,0.0,0.,0.0,16177.0,15653.,3.4,0.02996,0.03027,-1.0,0.833,291,485.,435.,0.006,-0.011,0,2325007.,901629,901630, , ,2024-09-16 06:33:43,True,False,False,3.257753671308399
2024-09-16,FHMRF,FHMRF,2024/09/16,06:36:43,CMA601,VHHHUBBB,340,-19,48 N,23.6,259.2,24.0,18605.3,83.190,-0.482,-2.1,-1.8,13904.0,56354.0,55151.,55151.,0.0,0.,13607.,13607.0,0.,0.0,7774.,4.1,7774.0,2.6,0.0,0.0,0.,0.0,16067.0,15548.,3.3,0.03019,0.03063,-1.4,0.834,291,485.,436.,-0.006,0.010,0,2321732.,901629,901630, , ,2024-09-16 06:36:43,True,False,False,3.260233323856365
2024-09-16,FHMRF,FHMRF,2024/09/16,06:50:08,CMA601,VHHHUBBB,340,-20,48 N,23.6,257.5,25.0,18604.3,83.360,-0.578,-2.5,-2.2,14106.0,57173.0,55716.,55716.,0.0,0.,13746.,13746.0,0.,0.0,7836.,4.3,7836.0,2.7,0.0,0.0,0.,0.0,16220.0,15671.,3.5,0.02985,0.03022,-1.2,0.833,291,484.,437.,0.015,-0.009,0,2307003.,901629,901630, , ,2024-09-16 06:50:08,True,False,False,3.2626435924028794
2024-09-16,FHMRF,FHMRF,2024/09/16,06:55:24,CMA601,VHHHUBBB,340,-20,48 N,23.5,256.9,24.0,18608.2,83.345,-0.533,-2.4,-2.0,14085.0,57090.0,55757.,55732.,0.0,0.,13757.,13750.0,0.,0.0,7836.,4.0,7833.0,2.7,0.0,0.0,0.,0.0,16195.0,15669.,3.4,0.02989,0.03027,-1.2,0.833,291,484.,441.,0.016,-0.009,0,2301156.,901629,901630, , ,2024-09-16 06:55:24,True,False,False,3.2649884285371766
2024-09-16,FHMRF,FHMRF,2024/09/16,06:58:24,CMA601,VHHHUBBB,340,-20,48 N,23.5,256.5,25.0,18608.2,83.270,-0.498,-2.2,-1.9,14027.0,56851.0,55593.,55593.,0.0,0.,13717.,13717.0,0.,0.0,7814.,4.1,7814.0,2.4,0.0,0.0,0.,0.0,16133.0,15628.,3.2,0.03,0.03038,-1.3,0.833,291,484.,444.,0.013,0.015,2,2297735.,901629,901630, , ,2024-09-16 06:58:24,True,False,False,3.2672719185581465
2024-09-17,FHMRF,FHMRF,2024/09/17,01:50:02,CMA600,LFPGVHHH,391,-19,41 N,28.2,201.5,23.0,18608.6,83.845,-0.343,-1.5,-1.2,11058.0,57213.0,56327.,56352.,0.0,0.,10886.,10891.0,0.,0.0,6275.,4.2,6278.0,2.3,0.0,0.0,0.,0.0,12963.0,12554.,3.3,0.03734,0.03808,-1.9,0.831,258,484.,551.,0.019,-0.032,0,2288135.,901629,901630, , ,2024-09-17 01:50:02,True,False,False,3.2694982708702724
2024-09-17,FHMRF,FHMRF,2024/09/17,15:35:29,CMA601,VHHHUBBB,340,-19,46 N,23.3,266.0,26.0,18600.3,84.610,-0.343,-1.5,-1.4,14649.0,59373.0,58508.,58512.,0.0,0.,14436.,14437.0,0.,0.0,8179.,4.2,8178.0,3.6,0.0,0.0,0.,0.0,16996.0,16357.,3.9,0.02859,0.02929,-2.4,0.834,292,486.,433.,0.017,0.024,0,2382528.,901629,901630, , ,2024-09-17 15:35:29,True,False,False,3.27167180291412
2024-09-18,FHMRF,FHMRF,2024/09/18,00:56:57,CMA601,UBBBLFPG,340,-18,44 N,23.0,256.6,31.0,18608.1,83.790,-0.388,-1.7,-1.5,14091.0,57115.0,56140.,56140.,0.0,0.,13851.,13851.0,0.,0.0,7909.,4.0,7909.0,2.8,0.0,0.0,0.,0.0,16355.0,15819.,3.4,0.02967,0.03022,-1.8,0.832,290,485.,458.,0.017,0.008,0,2297806.,901629,901630, , ,2024-09-18 00:56:57,True,False,False,3.2737969276574685
2024-09-18,FHMRF,FHMRF,2024/09/18,12:26:05,CMA632,LFPGZHCC,390,-25,42 N,28.3,193.8,28.0,18609.5,83.030,-0.137,-0.6,-0.4,11124.0,57283.0,56926.,56926.,0.0,0.,11055.,11055.0,0.,0.0,6338.,4.4,6338.0,2.7,0.0,0.0,0.,0.0,13127.0,12677.,3.6,0.03715,0.03831,-3.0,0.849,265,488.,540.,0.017,-0.015,0,2191360.,901629,901630, , ,2024-09-18 12:26:05,True,False,False,3.2758781396836283
2024-09-18,FHMRF,FHMRF,2024/09/18,15:03:10,CMA632,LFPGZHCC,410,-19,48 N,26.2,178.6,24.0,18610.7,84.355,-0.091,-0.4,-0.2,10296.0,58367.0,58114.,58140.,0.0,0.,10251.,10256.0,0.,0.0,5979.,3.6,5982.0,2.0,0.0,0.0,0.,0.0,12299.0,11961.,2.8,0.04016,0.04121,-2.5,0.851,254,494.,520.,0.001,0.018,0,2224306.,901629,901630, , ,2024-09-18 15:03:10,True,False,False,3.277920000928843
2024-09-20,FHMRF,FHMRF,2024/09/20,16:42:21,CMA601,VHHHUBBB,340,-20,48 N,25.6,261.2,26.0,18611.1,83.560,-0.561,-2.5,-2.1,14244.0,57733.0,56315.,56318.,0.0,0.,13894.,13895.0,0.,0.0,7908.,4.1,7907.0,2.9,0.0,0.0,0.,0.0,16368.0,15815.,3.5,0.0296,0.02998,-1.3,0.834,291,485.,430.,0.014,-0.021,0,2340257.,901629,901630, , ,2024-09-20 16:42:21,True,False,False,3.279927126140408
2024-09-21,FHMRF,FHMRF,2024/09/21,11:27:29,CMA620,LFPGZSPD,350,-22,42 N,32.1,249.3,30.0,18609.6,83.175,-0.318,-1.4,-1.2,13369.0,56815.0,55998.,56020.,0.0,0.,13177.,13182.0,0.,0.0,7470.,4.5,7474.0,2.6,0.0,0.0,0.,0.0,15472.0,14945.,3.5,0.03107,0.03179,-2.3,0.83,283,481.,524.,0.016,-0.019,0,2329001.,901629,901630, , ,2024-09-21 11:27:29,True,False,False,3.2819041681446373
2024-09-21,FHMRF,FHMRF,2024/09/21,11:37:45,CMA620,LFPGZSPD,350,-22,43 N,31.9,248.2,30.0,18608.6,82.390,-0.162,-0.6,-0.4,12839.0,54564.0,54222.,54219.,0.0,0.,12759.,12758.0,0.,0.0,7263.,4.3,7264.0,2.6,0.0,0.0,0.,0.0,15032.0,14527.,3.5,0.03206,0.03302,-2.9,0.832,284,482.,531.,-0.02,0.001,0,2318212.,901629,901630, , ,2024-09-21 11:37:45,True,False,False,3.283855803023696
2024-09-21,FHMRF,FHMRF,2024/09/21,13:30:44,CMA620,LFPGZSPD,370,-24,48 N,30.3,235.3,31.0,18615.0,83.270,-0.224,-1.0,-0.8,12382.0,57915.0,57342.,57338.,0.0,0.,12260.,12259.0,0.,0.0,6931.,4.5,6932.0,2.9,0.0,0.0,0.,0.0,14379.0,13864.,3.7,0.03332,0.0343,-2.9,0.832,271,479.,548.,-0.01,0.014,0,2419097.,901629,901630, , ,2024-09-21 13:30:44,True,False,False,3.2857867153050626
2024-09-21,FHMRF,FHMRF,2024/09/21,16:33:19,CMA620,LFPGZSPD,371,-12,41 N,29.5,215.8,25.0,18615.8,84.000,-0.282,-1.1,-0.8,11638.0,54695.0,54113.,54109.,0.0,0.,11514.,11513.0,0.,0.0,6724.,3.5,6724.0,2.5,0.0,0.0,0.,0.0,13855.0,13448.,3.0,0.0353,0.03607,-2.1,0.828,269,489.,590.,0.006,0.011,0,2225449.,901629,901630, , ,2024-09-21 16:33:19,True,False,False,3.2877015832744316
2024-09-21,FHMRF,FHMRF,2024/09/21,16:45:56,CMA620,LFPGZSPD,371,-10,41 N,29.5,214.5,25.0,18612.5,83.810,-0.149,-0.6,-0.4,11393.0,53543.0,53238.,53234.,0.0,0.,11328.,11327.0,0.,0.0,6648.,3.7,6649.0,2.5,0.0,0.0,0.,0.0,13714.0,13297.,3.1,0.03576,0.03675,-2.7,0.828,269,490.,598.,-0.01,0.012,0,2211727.,901629,901630, , ,2024-09-21 16:45:56,True,False,False,3.2896050645359085
2024-09-21,FHMRF,FHMRF,2024/09/21,16:58:43,CMA620,LFPGZSPD,371,-10,40 N,29.5,213.2,25.0,18616.9,84.010,-0.551,-2.1,-1.7,11597.0,54507.0,53377.,53373.,0.0,0.,11357.,11356.0,0.,0.0,6666.,3.4,6667.0,2.3,0.0,0.0,0.,0.0,13714.0,13333.,2.9,0.03574,0.03612,-1.1,0.826,269,490.,592.,0.013,-0.028,0,2198436.,901629,901630, , ,2024-09-21 16:58:43,True,False,False,3.2915017819581536
2024-09-22,FHMRF,FHMRF,2024/09/22,01:12:38,CMA621,ZSPDUBBB,321,-13,42 N,31.7,299.7,30.0,18610.7,85.680,-0.384,-1.6,-1.5,16170.0,59966.0,58981.,58984.,0.0,0.,15905.,15906.0,0.,0.0,9105.,3.1,9104.0,3.1,0.0,0.0,0.,0.0,18774.0,18209.,3.1,0.02608,0.02649,-1.6,0.832,303,490.,449.,0.015,0.014,0,2456408.,901629,901630, , ,2024-09-22 01:12:38,True,False,False,3.2933963101532355
2024-09-22,FHMRF,FHMRF,2024/09/22,05:36:32,CMA621,ZSPDUBBB,320,-14,44 N,27.4,264.2,25.0,18613.3,82.840,-0.107,-0.4,-0.3,14283.0,52724.0,52502.,52502.,0.0,0.,14223.,14223.0,0.,0.0,8223.,3.0,8223.0,2.2,0.0,0.0,0.,0.0,16879.0,16446.,2.6,0.029,0.02968,-2.3,0.832,304,490.,426.,0.003,0.002,0,2155142.,901629,901630, , ,2024-09-22 05:36:32,True,False,False,3.2952931626305935
2024-09-22,FHMRF,FHMRF,2024/09/22,07:23:20,CMA621,ZSPDUBBB,320,-7,41 N,27.1,250.7,24.0,18618.4,83.140,-0.314,-1.4,-1.2,14009.0,51712.0,50970.,50970.,0.0,0.,13808.,13808.0,0.,0.0,8119.,3.2,8119.0,2.2,0.0,0.0,0.,0.0,16676.0,16239.,2.7,0.02971,0.03015,-1.5,0.832,304,495.,420.,0.015,-0.017,2,2044530.,901629,901630, , ,2024-09-22 07:23:20,True,False,False,3.2971967797516433
2024-09-22,FHMRF,FHMRF,2024/09/22,14:38:05,CMA621,UBBBLFPG,360,-25,49 N,26.1,247.8,24.0,18618.2,83.740,-0.366,-1.6,-1.4,13401.0,59738.0,58778.,58778.,0.0,0.,13186.,13186.0,0.,0.0,7416.,4.7,7416.0,2.8,0.0,0.0,0.,0.0,15395.0,14833.,3.8,0.03117,0.03191,-2.3,0.834,278,480.,458.,0.002,0.010,0,2441267.,901629,901630, , ,2024-09-22 14:38:05,True,False,False,3.2991115175841896
2024-09-23,FHMRF,FHMRF,2024/09/23,16:41:50,CMA601,VHHHUBBB,320,-13,48 N,23.0,259.1,25.0,18608.3,82.450,-0.062,-0.3,-0.1,14013.0,51727.0,51578.,51578.,0.0,0.,13973.,13973.0,0.,0.0,8089.,3.6,8089.0,1.9,0.0,0.0,0.,0.0,16624.0,16178.,2.8,0.02939,0.03016,-2.5,0.83,303,489.,445.,-0.004,0.017,0,2113654.,901629,901630, , ,2024-09-23 16:41:50,True,False,False,3.3010416377233796
2024-09-23,FHMRF,FHMRF,2024/09/23,17:19:05,CMA601,VHHHUBBB,320,-14,48 N,22.7,254.4,26.0,18612.3,81.930,-0.17,-0.8,-0.6,13831.0,51053.0,50646.,50646.,0.0,0.,13721.,13721.0,0.,0.0,7941.,3.5,7941.0,2.4,0.0,0.0,0.,0.0,16355.0,15882.,3.0,0.02983,0.03053,-2.3,0.83,303,488.,433.,-0.005,-0.001,0,2075752.,901629,901630, , ,2024-09-23 17:19:05,True,False,False,3.3029912981131084
2024-09-23,FHMRF,FHMRF,2024/09/23,17:36:28,CMA601,VHHHUBBB,320,-13,47 N,22.6,252.3,26.0,18606.6,82.320,-0.447,-1.9,-1.6,14138.0,52190.0,51180.,51180.,0.0,0.,13865.,13865.0,0.,0.0,8033.,3.7,8033.0,2.4,0.0,0.0,0.,0.0,16551.0,16066.,3.0,0.0295,0.0299,-1.3,0.829,303,488.,426.,0.022,-0.006,0,2058157.,901629,901630, , ,2024-09-23 17:36:28,True,False,False,3.3049645448750513
2024-09-24,FHMRF,FHMRF,2024/09/24,00:38:21,CMA601,UBBBLFPG,340,-17,43 N,21.1,255.1,31.0,18606.9,83.460,-0.568,-2.4,-2.1,13878.0,56249.0,54888.,54888.,0.0,0.,13543.,13543.0,0.,0.0,7780.,3.9,7780.0,2.8,0.0,0.0,0.,0.0,16085.0,15559.,3.4,0.03023,0.03061,-1.2,0.832,290,486.,450.,0.004,0.005,0,2283878.,901629,901630, , ,2024-09-24 00:38:21,True,False,False,3.3069653051324353
2024-09-24,FHMRF,FHMRF,2024/09/24,01:16:44,CMA601,UBBBLFPG,340,-17,45 N,20.9,250.5,31.0,18608.1,83.440,-0.444,-1.8,-1.6,13767.0,55802.0,54779.,54779.,0.0,0.,13515.,13515.0,0.,0.0,7761.,3.6,7761.0,3.1,0.0,0.0,0.,0.0,16044.0,15522.,3.4,0.03032,0.03086,-1.7,0.832,291,487.,465.,0.013,-0.001,0,2242751.,901629,901630, , ,2024-09-24 01:16:44,True,False,False,3.3089973807971393
2024-09-24,FHMRF,FHMRF,2024/09/24,22:42:31,CMA600,LFPGVHHH,390,-23,41 N,29.7,202.8,29.0,18613.6,83.190,-0.463,-2.1,-1.8,11177.0,57552.0,56364.,56364.,0.0,0.,10946.,10946.0,0.,0.0,6242.,4.2,6242.0,3.1,0.0,0.0,0.,0.0,12938.0,12483.,3.6,0.03708,0.03775,-1.8,0.83,258,480.,541.,0.027,0.044,0,2291725.,901629,901630, , ,2024-09-24 22:42:31,True,False,False,3.311064443270178
2024-09-25,FHMRF,FHMRF,2024/09/25,00:32:52,CMA600,LFPGVHHH,410,-24,41 N,28.2,192.2,25.0,18614.8,83.780,-0.286,-1.3,-1.0,10459.0,59294.0,58552.,58552.,0.0,0.,10329.,10329.0,0.,0.0,5885.,3.7,5885.0,2.5,0.0,0.0,0.,0.0,12135.0,11770.,3.1,0.03945,0.04028,-2.1,0.831,247,479.,578.,0.01,0.002,2,2391075.,901629,901630, , ,2024-09-25 00:32:52,True,False,False,3.3131700289922668
2024-09-25,FHMRF,FHMRF,2024/09/25,00:35:52,CMA600,LFPGVHHH,410,-24,41 N,28.2,192.0,25.0,18614.8,83.660,-0.049,-0.2,-0.0,10263.0,58179.0,58051.,58051.,0.0,0.,10240.,10240.0,0.,0.0,5845.,4.4,5845.0,2.7,0.0,0.0,0.,0.0,12100.0,11690.,3.5,0.0396,0.04097,-3.4,0.831,247,479.,579.,-0.006,-0.034,0,2387629.,901629,901630, , ,2024-09-25 00:35:52,True,False,False,3.315317535777447
2024-09-25,FHMRF,FHMRF,2024/09/25,00:53:18,CMA600,LFPGVHHH,410,-24,41 N,28.1,190.4,25.0,18618.7,83.490,0.093,0.4,0.5,10114.0,57333.0,57572.,57572.,0.0,0.,10156.,10156.0,0.,0.0,5805.,3.9,5805.0,2.8,0.0,0.0,0.,0.0,12000.0,11610.,3.4,0.03998,0.04155,-3.8,0.832,247,480.,575.,-0.015,0.063,0,2367838.,901629,901630, , ,2024-09-25 00:53:18,True,False,False,3.317510219866805
2024-09-27,FHMRF,FHMRF,2024/09/27,05:38:24,CMA621,ZSPDUBBB,340,-23,47 N,28.8,256.3,26.0,18597.8,82.150,-0.348,-1.3,-1.1,13573.0,55012.0,54272.,54279.,0.0,0.,13390.,13392.0,0.,0.0,7578.,4.4,7577.0,2.7,0.0,0.0,0.,0.0,15689.0,15155.,3.5,0.03058,0.03131,-2.3,0.831,290,480.,504.,-0.004,-0.015,0,2296384.,901629,901630, , ,2024-09-27 05:38:24,True,False,False,3.3197511936459163
2024-09-27,FHMRF,FHMRF,2024/09/27,20:55:59,CMA600,LFPGVHHH,350,-13,44 N,31.8,261.2,31.0,18604.3,85.170,-0.503,-2.1,-1.8,13839.0,58812.0,57561.,57553.,0.0,0.,13544.,13543.0,0.,0.0,7841.,2.6,7842.0,2.6,0.0,0.0,0.,0.0,16093.0,15683.,2.6,0.03043,0.03068,-0.8,0.832,284,490.,485.,-0.001,0.010,0,2441150.,901629,901630, , ,2024-09-27 20:55:59,True,False,False,3.3220434239756598
2024-09-28,FHMRF,FHMRF,2024/09/28,00:47:19,CMA600,LFPGVHHH,370,-21,41 N,29.1,234.3,31.0,18605.8,84.090,-0.345,-1.5,-1.2,12614.0,59001.0,58123.,58123.,0.0,0.,12426.,12426.0,0.,0.0,7069.,4.1,7069.0,2.4,0.0,0.0,0.,0.0,14600.0,14138.,3.3,0.03298,0.03365,-2.0,0.831,271,482.,519.,0.01,0.010,0,2407040.,901629,901630, , ,2024-09-28 00:47:19,True,False,False,3.32438973109076
2024-09-28,FHMRF,FHMRF,2024/09/28,16:35:49,CMA601,VHHHUBBB,340,-23,48 N,25.3,262.3,26.0,18606.6,82.920,-0.34,-1.5,-1.3,14057.0,56974.0,56109.,56109.,0.0,0.,13843.,13843.0,0.,0.0,7809.,4.7,7809.0,3.1,0.0,0.0,0.,0.0,16231.0,15618.,3.9,0.02959,0.03036,-2.5,0.832,290,480.,492.,0.001,0.001,0,2350010.,901629,901630, , ,2024-09-28 16:35:49,True,False,False,3.326792788021369
2024-09-29,FHMRF,FHMRF,2024/09/29,14:08:45,CMA620,LFPGZSPD,390,-28,47 N,29.4,210.5,26.0,18608.7,82.990,-0.408,-1.8,-1.5,11443.0,58922.0,57865.,57865.,0.0,0.,11237.,11237.0,0.,0.0,6332.,4.5,6332.0,3.2,0.0,0.0,0.,0.0,13152.0,12665.,3.8,0.03621,0.03704,-2.3,0.832,259,476.,470.,0.015,-0.012,0,2383008.,901629,901630, , ,2024-09-29 14:08:45,True,False,False,3.329255120487852
2024-09-29,FHMRF,FHMRF,2024/09/29,17:21:29,CMA620,LFPGZSPD,391,-20,40 N,28.7,191.8,25.0,18610.8,82.090,-0.684,-2.7,-2.2,10459.0,54114.0,52675.,52675.,0.0,0.,10180.,10180.0,0.,0.0,5878.,3.8,5878.0,2.5,0.0,0.0,0.,0.0,12124.0,11756.,3.1,0.03965,0.03997,-0.8,0.826,256,481.,559.,0.009,0.017,0,2178076.,901629,901630, , ,2024-09-29 17:21:29,True,False,False,3.3317791072125673
2024-09-30,FHMRF,FHMRF,2024/09/30,13:07:24,CMA621,UBBBLFPG,300,-5,41 N,27.0,279.5,28.0,18609.1,83.740,0.082,0.4,0.4,15190.0,51149.0,51339.,51339.,0.0,0.,15246.,15246.0,0.,0.0,8946.,2.8,8946.0,2.8,0.0,0.0,0.,0.0,18392.0,17892.,2.8,0.02687,0.02773,-3.1,0.825,314,494.,461.,0.007,0.003,0,2079554.,901629,901630, , ,2024-09-30 13:07:24,True,False,False,3.3343669805946816
2024-10-01,FHMRF,FHMRF,2024/10/01,01:53:42,CMA600,LFPGVHHH,390,-15,41 N,29.6,202.3,28.0,18608.0,83.830,-0.568,-2.4,-2.1,10909.0,56170.0,54817.,54817.,0.0,0.,10646.,10646.0,0.,0.0,6208.,4.3,6208.0,2.9,0.0,0.0,0.,0.0,12858.0,12416.,3.6,0.03797,0.03851,-1.4,0.832,259,488.,531.,0.001,-0.005,0,2287195.,901629,901630, , ,2024-10-01 01:53:42,True,False,False,3.3370208277063704
2024-10-01,FHMRF,FHMRF,2024/10/01,02:02:21,CMA600,LFPGVHHH,390,-16,41 N,29.5,201.5,28.0,18611.8,83.910,-0.406,-1.8,-1.5,10908.0,56170.0,55155.,55155.,0.0,0.,10711.,10711.0,0.,0.0,6234.,3.8,6234.0,2.9,0.0,0.0,0.,0.0,12888.0,12468.,3.4,0.03784,0.03853,-1.8,0.832,259,488.,534.,0.005,-0.031,0,2277663.,901629,901630, , ,2024-10-01 02:02:21,True,False,False,3.3397425915800247
2024-10-01,FHMRF,FHMRF,2024/10/01,03:17:10,CMA600,LFPGVHHH,390,-21,41 N,28.6,194.4,24.0,18609.6,82.290,-0.43,-1.7,-1.4,10565.0,54403.0,53493.,53493.,0.0,0.,10388.,10388.0,0.,0.0,5983.,4.0,5983.0,2.3,0.0,0.0,0.,0.0,12346.0,11966.,3.2,0.03902,0.03971,-1.7,0.83,259,482.,534.,0.005,0.005,0,2197389.,901629,901630, , ,2024-10-01 03:17:10,True,False,False,3.3425340727571204
2024-10-01,FHMRF,FHMRF,2024/10/01,05:23:41,CMA600,LFPGVHHH,391,-19,39 N,28.0,182.9,24.0,18612.5,81.780,-0.145,-0.6,-0.4,10082.0,52161.0,51857.,51857.,0.0,0.,10023.,10023.0,0.,0.0,5778.,3.4,5778.0,2.7,0.0,0.0,0.,0.0,11905.0,11555.,3.0,0.04015,0.0412,-2.6,0.82,254,478.,595.,0.011,0.046,0,2075280.,901629,901630, , ,2024-10-01 05:23:41,True,False,False,3.3453969310633727
2024-10-01,FHMRF,FHMRF,2024/10/01,05:37:30,CMA600,LFPGVHHH,411,-22,38 N,27.9,181.6,24.0,18612.5,82.810,-0.633,-2.9,-2.4,9973.0,56804.0,55178.,55178.,0.0,0.,9687.,9687.0,0.,0.0,5570.,4.2,5570.0,2.8,0.0,0.0,0.,0.0,11532.0,11141.,3.5,0.04159,0.04199,-1.0,0.829,246,480.,602.,0.015,0.061,0,2268112.,901629,901630, , ,2024-10-01 05:37:30,True,False,False,3.3483326875689827
2024-10-01,FHMRF,FHMRF,2024/10/01,05:55:42,CMA600,LFPGVHHH,411,-23,37 N,27.9,180.0,24.0,18612.5,82.460,-0.189,-0.7,-0.5,9649.0,54960.0,54558.,54558.,0.0,0.,9578.,9578.0,0.,0.0,5512.,3.9,5512.0,2.7,0.0,0.0,0.,0.0,11390.0,11025.,3.3,0.04212,0.0433,-2.7,0.83,246,480.,601.,-0.007,-0.065,0,2247999.,901629,901630, , ,2024-10-01 05:55:42,True,False,False,3.351342726688076
2024-10-02,FHMRF,FHMRF,2024/10/02,02:04:14,CMA601,UBBBLFPG,340,-19,46 N,24.4,253.7,30.0,18593.6,82.600,-0.431,-1.7,-1.4,13495.0,54699.0,53789.,53793.,0.0,0.,13271.,13272.0,0.,0.0,7614.,3.9,7613.0,2.8,0.0,0.0,0.,0.0,15739.0,15227.,3.4,0.03088,0.03147,-1.9,0.835,292,486.,441.,-0.013,-0.013,0,2271664.,901629,901630, , ,2024-10-02 02:04:14,True,False,False,3.3544282983648337
2024-10-02,FHMRF,FHMRF,2024/10/02,13:49:42,CMA620,LFPGZSPD,370,-22,47 N,29.8,220.7,25.0,18621.7,82.850,-0.697,-3.1,-2.7,12147.0,56815.0,55073.,55073.,0.0,0.,11774.,11774.0,0.,0.0,6717.,4.9,6717.0,2.7,0.0,0.0,0.,0.0,13944.0,13434.,3.8,0.03457,0.03492,-1.0,0.832,271,482.,494.,0.027,-0.005,0,2269668.,901629,901630, , ,2024-10-02 13:49:42,True,False,False,3.3575905202866307
2024-10-02,FHMRF,FHMRF,2024/10/02,23:33:52,CMA621,ZSPDUBBB,301,-8,39 N,32.0,306.0,29.0,18606.8,84.940,-0.461,-1.9,-1.8,16547.0,55974.0,54922.,54919.,0.0,0.,16236.,16235.0,0.,0.0,9415.,3.8,9416.0,3.7,0.0,0.0,0.,0.0,19531.0,18831.,3.7,0.02536,0.02583,-1.8,0.832,317,495.,449.,0.021,-0.009,0,2279798.,901629,901630, , ,2024-10-02 23:33:52,True,False,False,3.3608303800611883
2024-10-04,FHMRF,FHMRF,2024/10/04,00:29:04,CMA600,LFPGVHHH,370,-25,41 N,27.0,230.9,30.0,18609.8,83.170,-0.355,-1.6,-1.3,12415.0,58070.0,57162.,57162.,0.0,0.,12221.,12221.0,0.,0.0,6901.,4.9,6901.0,2.9,0.0,0.0,0.,0.0,14344.0,13802.,3.9,0.03336,0.03421,-2.5,0.831,271,478.,530.,0.007,0.006,2,2371507.,901629,901630, , ,2024-10-04 00:29:04,True,False,False,3.3641487372989647
2024-10-04,FHMRF,FHMRF,2024/10/04,04:39:01,CMA600,LFPGVHHH,391,-19,30 N,25.3,204.8,26.0,18610.8,83.870,-0.417,-1.8,-1.5,11119.0,57526.0,56464.,56464.,0.0,0.,10913.,10913.0,0.,0.0,6296.,4.4,6296.0,2.8,0.0,0.0,0.,0.0,13048.0,12592.,3.6,0.03717,0.03793,-2.0,0.833,259,485.,522.,0.001,-0.005,0,2328728.,901629,901630, , ,2024-10-04 04:39:01,True,False,False,3.367546325555825
2024-10-05,FHMRF,FHMRF,2024/10/05,00:13:33,CMA601,UBBBLFPG,320,-12,42 N,22.4,261.2,30.0,18614.0,82.950,-0.307,-1.2,-1.0,14282.0,52719.0,52091.,52087.,0.0,0.,14112.,14111.0,0.,0.0,8167.,3.1,8168.0,2.5,0.0,0.0,0.,0.0,16797.0,16335.,2.8,0.02902,0.02955,-1.8,0.825,301,487.,488.,0.012,0.005,0,2130222.,901629,901630, , ,2024-10-05 00:13:33,True,False,False,3.371023754114379
2024-10-06,FHMRF,FHMRF,2024/10/06,02:46:52,CMA621,ZSPDUBBB,301,-12,42 N,27.4,277.6,30.0,18596.4,82.310,0.013,0.1,0.0,15014.0,50790.0,50821.,50824.,0.0,0.,15023.,15024.0,0.,0.0,8659.,3.9,8658.0,2.7,0.0,0.0,0.,0.0,17894.0,17317.,3.3,0.02726,0.02817,-3.2,0.826,314,488.,460.,0.004,-0.016,0,2075611.,901629,901630, , ,2024-10-06 02:46:52,True,False,False,3.3745815096102207
2024-10-06,FHMRF,FHMRF,2024/10/06,02:52:45,CMA621,ZSPDUBBB,301,-12,42 N,27.3,276.8,30.0,18591.3,82.525,0.172,0.8,0.8,14990.0,50707.0,51100.,51124.,0.0,0.,15106.,15113.0,0.,0.0,8740.,3.0,8744.0,2.9,0.0,0.0,0.,0.0,18002.0,17484.,3.0,0.02705,0.02809,-3.7,0.824,314,487.,462.,0.006,0.003,0,2069555.,901629,901630, , ,2024-10-06 02:52:45,True,False,False,3.378219957531599
2024-10-06,FHMRF,FHMRF,2024/10/06,03:45:48,CMA621,ZSPDUBBB,301,-10,43 N,26.5,269.7,30.0,18597.5,82.590,-0.005,-0.0,0.1,14931.0,50507.0,50494.,50494.,0.0,0.,14927.,14927.0,0.,0.0,8663.,3.3,8663.0,2.7,0.0,0.0,0.,0.0,17844.0,17326.,3.0,0.02728,0.02812,-3.0,0.82,312,487.,473.,0.021,0.027,0,2016281.,901629,901630, , ,2024-10-06 03:45:48,True,False,False,3.3819393436285403
2024-10-06,FHMRF,FHMRF,2024/10/06,22:23:29,CMA600,LFPGVHHH,370,-15,42 N,31.3,237.5,25.0,18617.2,86.140,-0.209,-0.9,-1.0,13208.0,61776.0,61422.,61014.,0.0,0.,13132.,13045.0,0.,0.0,7450.,5.0,7534.0,2.3,0.0,0.0,0.,0.0,15527.0,14984.,3.6,0.03168,0.03251,-2.6,0.84,274,492.,506.,0.028,0.028,0,2440791.,901629,901630, , ,2024-10-06 22:23:29,True,False,False,3.3857397952584267
2024-10-07,FHMRF,FHMRF,2024/10/07,03:54:32,CMA600,LFPGVHHH,391,-18,40 N,26.1,202.6,24.0,18620.4,84.040,-0.517,-2.3,-1.9,11180.0,57845.0,56533.,56529.,0.0,0.,10926.,10925.0,0.,0.0,6304.,4.4,6304.0,2.7,0.0,0.0,0.,0.0,13055.0,12608.,3.5,0.03713,0.03771,-1.5,0.831,258,485.,565.,0.02,0.021,0,2301386.,901629,901630, , ,2024-10-07 03:54:32,True,False,False,3.3896213226758407
2024-10-07,FHMRF,FHMRF,2024/10/07,03:56:48,CMA600,LFPGVHHH,391,-18,40 N,26.1,202.4,24.0,18620.4,84.060,-0.77,-3.3,-2.9,11323.0,58585.0,56630.,56626.,0.0,0.,10945.,10944.0,0.,0.0,6312.,3.7,6313.0,2.5,0.0,0.0,0.,0.0,13018.0,12624.,3.1,0.03723,0.03727,-0.1,0.831,258,485.,569.,0.034,-0.015,0,2298687.,901629,901630, , ,2024-10-07 03:56:48,True,False,False,3.393583820254279
2024-10-07,FHMRF,FHMRF,2024/10/07,04:28:07,CMA600,LFPGVHHH,391,-17,37 N,26.0,199.4,24.0,18616.5,83.430,-0.435,-1.7,-1.4,10711.0,55415.0,54466.,54462.,0.0,0.,10527.,10526.0,0.,0.0,6119.,4.0,6119.0,2.7,0.0,0.0,0.,0.0,12652.0,12238.,3.4,0.03843,0.03918,-1.9,0.831,258,486.,569.,-0.007,0.019,0,2263592.,901629,901630, , ,2024-10-07 04:28:07,True,False,False,3.397627067613133
2024-10-07,FHMRF,FHMRF,2024/10/07,04:40:25,CMA600,LFPGVHHH,391,-17,37 N,26.0,198.2,25.0,18621.5,83.420,-0.455,-1.8,-1.5,10737.0,55552.0,54539.,54535.,0.0,0.,10541.,10540.0,0.,0.0,6116.,3.7,6117.0,2.9,0.0,0.0,0.,0.0,12636.0,12234.,3.3,0.03842,0.03909,-1.7,0.83,258,485.,569.,0.002,0.003,2,2249914.,901629,901630, , ,2024-10-07 04:40:25,True,False,False,3.4017507306163934
2024-10-07,FHMRF,FHMRF,2024/10/07,16:31:35,CMA601,VHHHUBBB,340,-24,48 N,21.0,255.2,26.0,18587.1,82.220,-0.55,-2.3,-2.0,13798.0,55926.0,54646.,54646.,0.0,0.,13482.,13482.0,0.,0.0,7613.,4.1,7613.0,2.8,0.0,0.0,0.,0.0,15750.0,15226.,3.4,0.03043,0.03085,-1.4,0.831,290,479.,463.,0.002,-0.016,0,2286079.,901629,901630, , ,2024-10-07 16:31:35,True,False,False,3.4059543622057005
2024-10-08,FHMRF,FHMRF,2024/10/08,01:17:59,CMA601,UBBBLFPG,360,-22,44 N,20.4,250.8,28.0,18604.3,85.050,-0.589,-2.5,-2.2,14014.0,62470.0,60888.,60892.,0.0,0.,13659.,13660.0,0.,0.0,7763.,3.6,7762.0,2.5,0.0,0.0,0.,0.0,16000.0,15524.,3.1,0.03038,0.03061,-0.8,0.84,281,486.,445.,0.002,0.004,0,2470456.,901629,901630, , ,2024-10-08 01:17:59,True,False,False,3.4102374030252354
2024-10-09,FHMRF,FHMRF,2024/10/09,02:03:48,CMA600,LFPGVHHH,391,-23,42 N,25.2,203.1,24.0,18624.4,83.020,-0.512,-2.3,-1.9,11099.0,57429.0,56114.,56114.,0.0,0.,10845.,10845.0,0.,0.0,6196.,4.2,6196.0,2.7,0.0,0.0,0.,0.0,12822.0,12392.,3.5,0.03754,0.0381,-1.5,0.834,259,481.,515.,0.008,0.003,0,2307186.,901629,901630, , ,2024-10-09 02:03:48,True,False,False,3.414599181789115
2024-10-09,FHMRF,FHMRF,2024/10/09,03:37:00,CMA600,LFPGVHHH,391,-22,40 N,24.6,194.2,25.0,18623.3,82.110,-0.606,-2.3,-2.0,10597.0,54826.0,53540.,53540.,0.0,0.,10348.,10348.0,0.,0.0,5943.,4.2,5943.0,3.0,0.0,0.0,0.,0.0,12313.0,11886.,3.6,0.03903,0.03964,-1.5,0.83,258,481.,561.,0.005,0.016,0,2204970.,901629,901630, , ,2024-10-09 03:37:00,True,False,False,3.419038915334313
2024-10-09,FHMRF,FHMRF,2024/10/09,04:34:17,CMA600,LFPGVHHH,391,-21,35 N,24.4,188.9,24.0,18618.7,81.910,-0.813,-3.2,-2.7,10533.0,54495.0,52775.,52775.,0.0,0.,10200.,10200.0,0.,0.0,5882.,3.7,5882.0,2.6,0.0,0.0,0.,0.0,12133.0,11763.,3.1,0.03968,0.03983,-0.4,0.83,258,481.,506.,0.016,0.040,0,2150296.,901629,901630, , ,2024-10-09 04:34:17,True,False,False,3.4235557082945607
2024-10-09,FHMRF,FHMRF,2024/10/09,06:07:42,CMA600,LFPGVHHH,411,-24,24 N,24.1,180.4,24.0,18621.5,82.630,-0.089,-0.4,-0.2,9797.0,55801.0,55571.,55571.,0.0,0.,9756.,9756.0,0.,0.0,5592.,4.1,5592.0,3.0,0.0,0.0,0.,0.0,11581.0,11183.,3.6,0.04138,0.04278,-3.3,0.832,247,479.,487.,-0.003,0.013,0,2252436.,901629,901630, , ,2024-10-09 06:07:42,True,False,False,3.4281485523246156
2024-10-09,FHMRF,FHMRF,2024/10/09,11:32:56,CMA601,VHHHUBBB,321,0,27 N,29.5,296.0,30.0,18612.1,87.470,-0.435,-1.8,-1.6,15946.0,59137.0,58079.,58079.,0.0,0.,15661.,15661.0,0.,0.0,9252.,3.2,9252.0,3.3,0.0,0.0,0.,0.0,19108.0,18504.,3.3,0.02627,0.0267,-1.6,0.832,303,502.,464.,0.007,0.000,0,2424186.,901629,901630, , ,2024-10-09 11:32:56,True,False,False,3.432816324800843
2024-10-09,FHMRF,FHMRF,2024/10/09,11:44:14,CMA601,VHHHUBBB,321,0,27 N,29.7,294.5,30.0,18614.4,86.720,-0.575,-2.4,-2.1,15575.0,57758.0,56360.,56360.,0.0,0.,15198.,15198.0,0.,0.0,8999.,3.8,8999.0,3.2,0.0,0.0,0.,0.0,18622.0,17997.,3.5,0.02697,0.02731,-1.2,0.833,304,502.,464.,-0.01,-0.002,0,2410939.,901629,901630, , ,2024-10-09 11:44:14,True,False,False,3.4375577869221225
2024-10-09,FHMRF,FHMRF,2024/10/09,11:56:12,CMA601,VHHHUBBB,321,-1,28 N,29.6,292.6,25.0,18605.6,86.940,-0.533,-2.2,-2.0,15704.0,58235.0,56939.,56939.,0.0,0.,15354.,15354.0,0.,0.0,9078.,3.9,9078.0,3.5,0.0,0.0,0.,0.0,18831.0,18156.,3.7,0.02664,0.02708,-1.6,0.832,303,502.,463.,0.006,-0.007,0,2393223.,901629,901630, , ,2024-10-09 11:56:12,True,False,False,3.44237158113304
2024-10-09,FHMRF,FHMRF,2024/10/09,15:59:53,CMA601,VHHHUBBB,340,-20,47 N,25.0,260.7,26.0,18610.6,83.210,-0.728,-3.2,-2.8,14140.0,57314.0,55476.,55476.,0.0,0.,13687.,13687.0,0.,0.0,7792.,4.5,7792.0,3.2,0.0,0.0,0.,0.0,16185.0,15584.,3.9,0.0299,0.03017,-0.9,0.833,291,484.,453.,0.009,-0.009,0,2335721.,901629,901630, , ,2024-10-09 15:59:53,True,False,False,3.4472562277900227
2024-10-11,FHMRF,FHMRF,2024/10/11,23:21:13,CMA600,LFPGVHHH,390,-31,41 N,30.1,208.8,30.0,18624.4,81.890,-0.431,-1.9,-1.6,11218.0,57766.0,56642.,56642.,0.0,0.,11000.,11000.0,0.,0.0,6147.,5.5,6147.0,2.9,0.0,0.0,0.,0.0,12811.0,12294.,4.2,0.03689,0.03781,-2.4,0.832,259,473.,538.,0.008,-0.017,0,2360767.,901629,901630, , ,2024-10-11 23:21:13,True,False,False,3.452210120993775
2024-10-11,FHMRF,FHMRF,2024/10/11,23:24:17,CMA600,LFPGVHHH,390,-31,41 N,30.1,208.5,30.0,18624.4,81.850,-0.545,-2.5,-2.1,11257.0,57967.0,56546.,56546.,0.0,0.,10981.,10981.0,0.,0.0,6137.,4.9,6137.0,3.7,0.0,0.0,0.,0.0,12800.0,12274.,4.3,0.03692,0.03769,-2.0,0.832,259,473.,539.,0.012,0.007,0,2357386.,901629,901630, , ,2024-10-11 23:24:17,True,False,False,3.4572315235227506
2024-10-11,FHMRF,FHMRF,2024/10/11,23:27:17,CMA600,LFPGVHHH,390,-31,41 N,30.0,208.2,30.0,18624.4,81.920,-0.396,-1.8,-1.5,11217.0,57758.0,56726.,56726.,0.0,0.,11016.,11016.0,0.,0.0,6151.,5.1,6151.0,3.0,0.0,0.0,0.,0.0,12799.0,12303.,4.0,0.03688,0.0378,-2.4,0.831,259,472.,542.,0.011,0.009,2,2354037.,901629,901630, , ,2024-10-11 23:27:17,True,False,False,3.4623185608271485
2024-10-11,FHMRF,FHMRF,2024/10/11,23:36:03,CMA600,LFPGVHHH,390,-31,41 N,29.9,207.4,30.0,18628.3,81.860,-0.464,-2.1,-1.8,11214.0,57743.0,56535.,56535.,0.0,0.,10979.,10979.0,0.,0.0,6132.,5.0,6132.0,3.2,0.0,0.0,0.,0.0,12767.0,12265.,4.1,0.03698,0.03781,-2.2,0.831,259,472.,545.,0.014,0.010,0,2344378.,901629,901630, , ,2024-10-11 23:36:03,True,False,False,3.4674692140830836
2024-10-12,FHMRF,FHMRF,2024/10/12,04:13:15,CMA600,LFPGVHHH,411,-23,31 N,28.4,181.7,24.0,18625.6,83.000,-0.177,-0.8,-0.6,9921.0,56509.0,56052.,56052.,0.0,0.,9840.,9840.0,0.,0.0,5659.,3.7,5659.0,2.5,0.0,0.0,0.,0.0,11669.0,11319.,3.1,0.04135,0.04239,-2.4,0.836,248,483.,468.,0.001,-0.014,0,2277480.,901629,901630, , ,2024-10-12 04:13:15,True,False,False,3.4726813123586133
2024-10-12,FHMRF,FHMRF,2024/10/12,05:24:54,CMA600,LFPGVHHH,391,-21,24 N,28.3,175.5,26.0,18628.3,80.740,-0.578,-2.8,-2.3,9974.0,51607.0,50179.,50179.,0.0,0.,9698.,9698.0,0.,0.0,5603.,3.9,5603.0,2.8,0.0,0.0,0.,0.0,11582.0,11207.,3.3,0.04146,0.04184,-0.9,0.828,257,480.,498.,0.018,-0.015,0,1990165.,901629,901630, , ,2024-10-12 05:24:54,True,False,False,3.477952523998154
2024-10-12,FHMRF,FHMRF,2024/10/12,05:27:54,CMA600,LFPGVHHH,391,-21,24 N,28.3,175.3,26.0,18628.3,80.630,-0.472,-2.3,-1.9,9852.0,50975.0,49809.,49809.,0.0,0.,9626.,9626.0,0.,0.0,5570.,4.6,5570.0,2.8,0.0,0.0,0.,0.0,11552.0,11139.,3.7,0.04158,0.0423,-1.7,0.828,257,480.,500.,0.006,0.020,0,1987123.,901629,901630, , ,2024-10-12 05:27:54,True,False,False,3.483280347377425
2024-10-13,FHMRF,FHMRF,2024/10/13,13:01:26,CMA620,LFPGZSPD,350,-20,43 N,32.1,242.7,30.0,18638.6,82.990,-0.253,-1.1,-0.9,13109.0,55710.0,55095.,55091.,0.0,0.,12964.,12963.0,0.,0.0,7407.,3.8,7408.0,2.4,0.0,0.0,0.,0.0,15277.0,14815.,3.1,0.03183,0.03253,-2.2,0.838,286,486.,544.,0.01,-0.016,0,2265392.,901629,901630, , ,2024-10-13 13:01:26,True,False,False,3.488662101208394
2024-10-13,FHMRF,FHMRF,2024/10/13,17:02:06,CMA620,LFPGZSPD,370,-26,47 N,27.2,216.1,26.0,18637.2,81.780,-0.8,-3.4,-2.9,12031.0,56274.0,54379.,54376.,0.0,0.,11626.,11625.0,0.,0.0,6601.,4.4,6602.0,3.3,0.0,0.0,0.,0.0,13714.0,13203.,3.9,0.03514,0.03544,-0.8,0.84,274,482.,530.,0.02,0.013,0,2221588.,901629,901630, , ,2024-10-13 17:02:06,True,False,False,3.4940949145823414
2024-10-13,FHMRF,FHMRF,2024/10/13,17:25:54,CMA620,LFPGZSPD,371,-25,47 N,27.0,213.7,26.0,18636.1,81.780,-0.679,-2.7,-2.3,11827.0,55587.0,54064.,54060.,0.0,0.,11503.,11502.0,0.,0.0,6555.,4.5,6556.0,2.6,0.0,0.0,0.,0.0,13576.0,13111.,3.5,0.0356,0.036,-1.1,0.841,274,483.,535.,0.01,0.004,0,2206615.,901629,901630, , ,2024-10-13 17:25:54,True,False,False,3.4995757169371267
2024-10-13,FHMRF,FHMRF,2024/10/13,21:18:31,CMA620,LFPGZSPD,391,-20,35 N,26.1,190.9,25.0,18632.3,83.100,-0.733,-3.3,-2.8,11009.0,56963.0,55103.,55098.,0.0,0.,10650.,10649.0,0.,0.0,6169.,4.5,6170.0,2.7,0.0,0.0,0.,0.0,12782.0,12339.,3.6,0.03822,0.03849,-0.7,0.842,262,488.,470.,0.034,0.013,0,2171995.,901629,901630, , ,2024-10-13 21:18:31,True,False,False,3.505101228131326
2024-10-14,FHMRF,FHMRF,2024/10/14,14:04:45,CMA621,UBBBLFPG,320,-7,42 N,25.9,273.2,28.0,18653.9,84.740,-0.605,-2.3,-2.0,15033.0,55493.0,54206.,54209.,0.0,0.,14684.,14685.0,0.,0.0,8615.,3.1,8614.0,2.7,0.0,0.0,0.,0.0,17731.0,17229.,2.9,0.02818,0.02842,-0.8,0.839,307,500.,474.,0.01,0.004,0,2229123.,901629,901630, , ,2024-10-14 14:04:45,True,False,False,3.510667948808095
2024-10-14,FHMRF,FHMRF,2024/10/14,21:18:33,CMA600,LFPGVHHH,370,-23,46 N,31.1,219.6,29.0,18647.3,81.470,-0.207,-0.8,-0.6,11363.0,53149.0,52707.,52710.,0.0,0.,11269.,11270.0,0.,0.0,6427.,3.7,6426.0,2.5,0.0,0.0,0.,0.0,13254.0,12853.,3.1,0.0362,0.03712,-2.5,0.831,271,480.,565.,-0.027,0.019,0,2256116.,901629,901630, , ,2024-10-14 21:18:33,True,False,False,3.516272151234436
2024-10-15,FHMRF,FHMRF,2024/10/15,06:09:57,CMA600,LFPGVHHH,411,-23,29 N,24.8,170.3,24.0,18644.0,81.180,-1.019,-4.0,-3.5,9509.0,54165.0,51991.,51987.,0.0,0.,9127.,9127.0,0.,0.0,5276.,3.8,5277.0,2.6,0.0,0.0,0.,0.0,10892.0,10552.,3.2,0.04421,0.04405,0.4,0.834,247,481.,521.,0.007,0.004,0,2129576.,901629,901630, , ,2024-10-15 06:09:57,True,False,False,3.5219098708008723
2024-10-16,FHMRF,FHMRF,2024/10/16,01:39:06,CMA601,UBBBLFPG,340,-17,45 N,23.2,255.5,26.0,18608.2,83.375,-0.539,-2.3,-2.0,13854.0,56150.0,54877.,54853.,0.0,0.,13540.,13534.0,0.,0.0,7775.,4.0,7773.0,2.6,0.0,0.0,0.,0.0,16067.0,15548.,3.3,0.03034,0.03074,-1.3,0.835,292,488.,422.,0.001,0.010,0,2288524.,901629,901630, , ,2024-10-16 01:39:06,True,False,False,3.5275768983550755
2024-10-16,FHMRF,FHMRF,2024/10/16,01:56:23,CMA601,UBBBLFPG,340,-17,46 N,23.1,253.4,26.0,18607.1,83.760,-0.213,-1.0,-0.8,13853.0,56145.0,55610.,55607.,0.0,0.,13721.,13720.0,0.,0.0,7872.,3.9,7873.0,3.0,0.0,0.0,0.,0.0,16288.0,15745.,3.4,0.02992,0.03072,-2.6,0.834,291,487.,436.,0.01,-0.014,2,2269462.,901629,901630, , ,2024-10-16 01:56:23,True,False,False,3.5332687735194312
2024-10-16,FHMRF,FHMRF,2024/10/16,01:59:23,CMA601,UBBBLFPG,340,-17,46 N,23.1,253.1,26.0,18607.1,83.840,-0.284,-1.3,-1.0,13943.0,56514.0,55803.,55799.,0.0,0.,13768.,13767.0,0.,0.0,7897.,3.6,7898.0,3.0,0.0,0.0,0.,0.0,16311.0,15795.,3.3,0.02988,0.03054,-2.2,0.834,291,487.,439.,0.017,0.013,0,2266270.,901629,901630, , ,2024-10-16 01:59:23,True,False,False,3.5389807791131465
2024-10-16,FHMRF,FHMRF,2024/10/16,02:31:52,CMA601,UBBBLFPG,340,-17,48 N,23.0,249.1,26.0,18611.1,83.340,-0.768,-3.2,-2.8,13905.0,56358.0,54566.,54562.,0.0,0.,13463.,13462.0,0.,0.0,7735.,4.0,7736.0,2.8,0.0,0.0,0.,0.0,16000.0,15471.,3.4,0.03044,0.0306,-0.5,0.833,291,487.,473.,0.029,-0.012,0,2231030.,901629,901630, , ,2024-10-16 02:31:52,True,False,False,3.5447079367718985
2024-10-16,FHMRF,FHMRF,2024/10/16,02:53:44,CMA601,UBBBLFPG,340,-19,49 N,22.9,246.5,26.0,18605.4,82.990,-0.642,-2.6,-2.3,13801.0,55936.0,54475.,54472.,0.0,0.,13441.,13440.0,0.,0.0,7682.,3.6,7683.0,2.7,0.0,0.0,0.,0.0,15849.0,15365.,3.2,0.03055,0.0308,-0.8,0.831,290,484.,476.,0.033,0.004,0,2208270.,901629,901630, , ,2024-10-16 02:53:44,True,False,False,3.5504450038354296
2024-10-16,FHMRF,FHMRF,2024/10/16,11:37:45,CMA620,LFPGZSPD,370,-25,42 N,29.6,232.5,29.0,18625.3,83.070,-0.34,-1.5,-1.2,12371.0,57866.0,56994.,56998.,0.0,0.,12185.,12186.0,0.,0.0,6878.,4.7,6877.0,2.5,0.0,0.0,0.,0.0,14248.0,13755.,3.6,0.03357,0.03434,-2.3,0.831,271,478.,543.,0.001,0.008,0,2389662.,901629,901630, , ,2024-10-16 11:37:45,True,False,False,3.5561864715546063
2024-10-17,FHMRF,FHMRF,2024/10/17,12:45:17,CMA621,UBBBLFPG,340,-21,45 N,26.8,256.7,30.0,18611.0,83.440,-0.384,-1.7,-1.5,14117.0,57219.0,56250.,56247.,0.0,0.,13878.,13877.0,0.,0.0,7881.,4.3,7882.0,3.2,0.0,0.0,0.,0.0,16354.0,15763.,3.7,0.02956,0.03023,-2.2,0.833,291,483.,417.,0.025,0.000,0,2298937.,901629,901630, , ,2024-10-17 12:45:17,True,False,False,3.56192656465203
2024-10-17,FHMRF,FHMRF,2024/10/17,13:06:19,CMA621,UBBBLFPG,340,-20,46 N,26.8,254.2,25.0,18609.3,83.120,-0.533,-2.4,-2.0,13931.0,56463.0,55138.,55135.,0.0,0.,13604.,13603.0,0.,0.0,7759.,4.8,7760.0,3.1,0.0,0.0,0.,0.0,16132.0,15519.,3.9,0.03005,0.0306,-1.8,0.834,291,485.,443.,0.02,-0.005,0,2276170.,901629,901630, , ,2024-10-17 13:06:19,True,False,False,3.567659242254433
2024-10-17,FHMRF,FHMRF,2024/10/17,13:09:19,CMA621,UBBBLFPG,340,-20,46 N,26.8,253.8,25.0,18609.3,83.115,-0.432,-1.9,-1.6,13838.0,56088.0,55028.,55045.,0.0,0.,13576.,13581.0,0.,0.0,7745.,4.0,7748.0,2.7,0.0,0.0,0.,0.0,16012.0,15493.,3.3,0.03025,0.03077,-1.7,0.833,291,484.,446.,0.016,-0.009,0,2272944.,901629,901630, , ,2024-10-17 13:09:19,True,False,False,3.573378200204193
2024-10-17,FHMRF,FHMRF,2024/10/17,13:12:19,CMA621,UBBBLFPG,340,-19,47 N,26.8,253.4,25.0,18609.3,83.160,-0.569,-2.5,-2.2,13938.0,56494.0,55088.,55085.,0.0,0.,13591.,13591.0,0.,0.0,7755.,4.2,7756.0,2.6,0.0,0.0,0.,0.0,16034.0,15511.,3.4,0.03022,0.03056,-1.1,0.833,291,485.,451.,0.024,-0.008,0,2269719.,901629,901630, , ,2024-10-17 13:12:19,True,False,False,3.5790768747545636
2024-10-18,FHMRF,FHMRF,2024/10/18,05:17:49,CMA600,LFPGVHHH,371,-16,26 N,28.1,199.3,24.0,18618.3,81.515,-0.202,-1.0,-0.7,10717.0,50368.0,49863.,49891.,0.0,0.,10610.,10616.0,0.,0.0,6170.,3.7,6172.0,2.6,0.0,0.0,0.,0.0,12730.0,12342.,3.1,0.03794,0.03885,-2.3,0.823,267,483.,518.,-0.014,0.024,0,2054767.,901629,901630, , ,2024-10-18 05:17:49,True,False,False,3.584748447656599
2024-10-18,FHMRF,FHMRF,2024/10/18,16:39:57,CMA601,VHHHUBBB,340,-23,44 N,23.3,261.5,24.0,18628.1,83.275,-0.421,-1.8,-1.9,14293.0,57932.0,56864.,56863.,0.0,0.,14030.,14029.0,0.,0.0,7834.,4.7,7825.0,3.4,0.0,0.0,0.,0.0,16294.0,15659.,4.1,0.02949,0.0301,-2.0,0.831,290,480.,456.,0.017,-0.008,0,2341657.,901629,901630, , ,2024-10-18 16:39:57,True,False,False,3.5903858526476946
2024-10-21,FHMRF,FHMRF,2024/10/21,00:24:30,CMA600,LFPGVHHH,390,-20,41 N,28.6,211.7,29.0,18624.2,84.505,-0.463,-2.0,-1.7,11614.0,59804.0,58588.,58609.,0.0,0.,11378.,11382.0,0.,0.0,6500.,4.6,6503.0,3.4,0.0,0.0,0.,0.0,13527.0,13003.,4.0,0.03561,0.0364,-2.2,0.829,258,482.,548.,0.023,0.029,0,2393367.,901629,901630, , ,2024-10-21 00:24:30,True,False,False,3.595981783346253
2024-10-22,FHMRF,FHMRF,2024/10/22,02:11:57,CMA601,UBBBLFPG,340,-16,45 N,23.1,250.3,26.0,18620.0,83.050,-0.578,-2.2,-1.9,13550.0,54919.0,53718.,53715.,0.0,0.,13254.,13253.0,0.,0.0,7615.,3.7,7616.0,3.0,0.0,0.0,0.,0.0,15738.0,15231.,3.3,0.03085,0.03128,-1.4,0.829,289,486.,535.,0.005,0.014,0,2241657.,901629,901630, , ,2024-10-22 02:11:57,True,False,False,3.601528702547629
2024-10-22,FHMRF,FHMRF,2024/10/22,02:16:46,CMA601,UBBBLFPG,340,-16,45 N,23.1,249.7,26.0,18624.0,82.980,-0.37,-1.4,-1.2,13400.0,54313.0,53546.,53543.,0.0,0.,13211.,13210.0,0.,0.0,7592.,3.5,7593.0,2.9,0.0,0.0,0.,0.0,15673.0,15186.,3.2,0.03099,0.03161,-2.0,0.829,290,486.,534.,-0.003,-0.006,0,2236508.,901629,901630, , ,2024-10-22 02:16:46,True,False,False,3.607018852912491
2024-10-22,FHMRF,FHMRF,2024/10/22,21:07:31,CMA600,LFPGVHHH,370,-27,44 N,34.8,216.2,28.0,18633.1,81.380,-0.225,-0.9,-0.7,11592.0,54220.0,53741.,53733.,0.0,0.,11489.,11488.0,0.,0.0,6502.,4.3,6503.0,2.8,0.0,0.0,0.,0.0,13466.0,13005.,3.5,0.03554,0.03656,-2.8,0.835,272,479.,439.,0.002,0.006,0,2224231.,901629,901630, , ,2024-10-22 21:07:31,True,False,False,3.6124442690429865
2024-10-22,FHMRF,FHMRF,2024/10/22,21:39:19,CMA600,LFPGVHHH,390,-30,43 N,33.7,213.0,26.0,18621.4,82.610,-0.137,-0.6,-0.4,11333.0,58357.0,58005.,57996.,0.0,0.,11265.,11263.0,0.,0.0,6314.,4.8,6315.0,3.1,0.0,0.0,0.,0.0,13127.0,12629.,3.9,0.03621,0.03749,-3.4,0.835,260,475.,422.,-0.001,0.001,0,2410988.,901629,901630, , ,2024-10-22 21:39:19,True,False,False,3.6177967909464397
2024-10-22,FHMRF,FHMRF,2024/10/22,23:55:01,CMA600,LFPGVHHH,390,-19,41 N,30.7,199.6,28.0,18628.3,83.160,-0.42,-1.8,-1.5,10872.0,55981.0,54963.,54954.,0.0,0.,10674.,10673.0,0.,0.0,6166.,4.2,6167.0,3.2,0.0,0.0,0.,0.0,12788.0,12333.,3.7,0.03796,0.03878,-2.1,0.835,260,485.,482.,0.009,0.000,0,2257424.,901629,901630, , ,2024-10-22 23:55:01,True,False,False,3.6230680788822336
2024-10-23,FHMRF,FHMRF,2024/10/23,00:12:23,CMA600,LFPGVHHH,390,-20,41 N,30.5,197.9,29.0,18628.3,83.110,-0.503,-2.2,-1.8,10920.0,56232.0,54995.,54987.,0.0,0.,10680.,10678.0,0.,0.0,6155.,4.1,6157.0,2.8,0.0,0.0,0.,0.0,12738.0,12312.,3.5,0.038,0.03859,-1.5,0.833,259,484.,499.,0.022,-0.015,0,2238034.,901629,901630, , ,2024-10-23 00:12:23,True,False,False,3.628249629577826
2024-10-23,FHMRF,FHMRF,2024/10/23,00:16:08,CMA600,LFPGVHHH,390,-20,41 N,30.4,197.6,30.0,18625.8,83.040,-0.461,-2.0,-1.6,10861.0,55929.0,54833.,54825.,0.0,0.,10649.,10647.0,0.,0.0,6140.,4.2,6142.0,2.9,0.0,0.0,0.,0.0,12719.0,12282.,3.6,0.03806,0.03877,-1.8,0.833,259,484.,504.,0.018,-0.011,0,2233808.,901629,901630, , ,2024-10-23 00:16:08,True,False,False,3.633332793793544
2024-10-23,FHMRF,FHMRF,2024/10/23,00:26:17,CMA600,LFPGVHHH,390,-20,41 N,30.3,196.6,30.0,18622.7,82.350,-0.351,-1.4,-1.1,10541.0,54279.0,53538.,53530.,0.0,0.,10397.,10395.0,0.,0.0,6003.,3.7,6005.0,2.4,0.0,0.0,0.,0.0,12373.0,12008.,3.0,0.03909,0.03984,-1.9,0.833,260,484.,511.,-0.007,-0.002,0,2222784.,901629,901630, , ,2024-10-23 00:26:17,True,False,False,3.638308795215745
2024-10-23,FHMRF,FHMRF,2024/10/23,00:31:46,CMA600,LFPGVHHH,390,-20,41 N,30.2,196.1,30.0,18623.9,82.740,-0.56,-2.2,-1.8,10770.0,55458.0,54233.,54225.,0.0,0.,10532.,10530.0,0.,0.0,6071.,4.3,6072.0,3.7,0.0,0.0,0.,0.0,12625.0,12143.,4.0,0.03825,0.03903,-2.0,0.831,259,483.,513.,0.017,0.023,0,2216898.,901629,901630, , ,2024-10-23 00:31:46,True,False,False,3.6431687506584916
2024-10-23,FHMRF,FHMRF,2024/10/23,00:34:09,CMA600,LFPGVHHH,390,-20,41 N,30.2,195.8,30.0,18625.2,82.915,-0.492,-2.0,-1.6,10796.0,55591.0,54480.,54492.,0.0,0.,10580.,10582.0,0.,0.0,6096.,3.8,6100.0,3.1,0.0,0.0,0.,0.0,12621.0,12196.,3.5,0.03824,0.03892,-1.8,0.83,258,483.,516.,0.022,-0.017,0,2214272.,901629,901630, , ,2024-10-23 00:34:09,True,False,False,3.647903691548709
2024-10-23,FHMRF,FHMRF,2024/10/23,03:49:12,CMA600,LFPGVHHH,411,-27,41 N,28.8,178.4,24.0,18622.8,81.810,0.283,1.1,1.2,9481.0,54006.0,54617.,54608.,0.0,0.,9588.,9587.0,0.,0.0,5467.,4.8,5468.0,3.0,0.0,0.0,0.,0.0,11359.0,10935.,3.9,0.04194,0.04409,-4.9,0.831,246,476.,509.,-0.017,-0.014,0,2232346.,901629,901630, , ,2024-10-23 03:49:12,True,False,False,3.652504586658906
2024-10-23,FHMRF,FHMRF,2024/10/23,05:47:20,CMA600,LFPGVHHH,411,-24,29 N,28.6,168.4,24.0,18625.6,80.760,-0.276,-1.3,-1.0,9115.0,51923.0,51260.,51252.,0.0,0.,8999.,8997.0,0.,0.0,5205.,4.0,5207.0,2.7,0.0,0.0,0.,0.0,10763.0,10412.,3.4,0.04462,0.04568,-2.3,0.833,247,480.,502.,-0.021,-0.005,0,2107255.,901629,901630, , ,2024-10-23 05:47:20,True,False,False,3.6569623660406805
2024-10-23,FHMRF,FHMRF,2024/10/23,05:47:44,CMA600,LFPGVHHH,411,-24,29 N,28.6,168.4,24.0,18625.6,80.760,-0.284,-1.3,-1.0,9121.0,51950.0,51272.,51263.,0.0,0.,9002.,9000.0,0.,0.0,5203.,4.1,5204.0,2.5,0.0,0.0,0.,0.0,10751.0,10407.,3.3,0.04462,0.04564,-2.2,0.832,247,480.,501.,-0.019,0.002,0,2106737.,901629,901630, , ,2024-10-23 05:47:44,True,False,False,3.6612679461066446
2024-10-23,FHMRF,FHMRF,2024/10/23,06:38:11,CMA600,LFPGVHHH,411,-25,24 N,28.6,164.3,25.0,18626.6,80.310,-0.182,-0.9,-0.6,8960.0,51035.0,50585.,50576.,0.0,0.,8880.,8879.0,0.,0.0,5124.,4.1,5125.0,2.4,0.0,0.0,0.,0.0,10582.0,10249.,3.3,0.04518,0.04637,-2.6,0.831,246,478.,501.,-0.019,0.005,0,2050226.,901629,901630, , ,2024-10-23 06:38:11,True,False,False,3.6654122558065962
2024-10-24,FHMRF,FHMRF,2024/10/24,02:47:07,CMA601,UBBBLFPG,340,-23,47 N,25.1,255.4,30.0,18620.0,83.120,-0.454,-2.0,-1.7,14166.0,57415.0,56263.,56267.,0.0,0.,13881.,13882.0,0.,0.0,7837.,4.3,7836.0,3.2,0.0,0.0,0.,0.0,16266.0,15673.,3.8,0.02954,0.03013,-2.0,0.831,290,480.,460.,0.033,0.006,0,2287282.,901629,901630, , ,2024-10-24 02:47:07,True,False,False,3.6693862638391854
2024-10-24,FHMRF,FHMRF,2024/10/24,02:47:15,CMA601,UBBBLFPG,340,-23,47 N,25.1,255.4,30.0,18620.0,83.100,-0.452,-2.0,-1.7,14150.0,57351.0,56204.,56208.,0.0,0.,13867.,13868.0,0.,0.0,7830.,4.2,7829.0,3.2,0.0,0.0,0.,0.0,16236.0,15658.,3.7,0.02959,0.03016,-1.9,0.831,290,480.,460.,0.032,0.005,0,2287136.,901629,901630, , ,2024-10-24 02:47:15,True,False,False,3.6731810068282065
2024-10-24,FHMRF,FHMRF,2024/10/24,02:55:36,CMA601,UBBBLFPG,340,-22,47 N,25.0,254.4,26.0,18620.0,82.270,-0.26,-1.0,-0.8,13483.0,54648.0,54097.,54100.,0.0,0.,13347.,13348.0,0.,0.0,7578.,3.9,7577.0,2.6,0.0,0.0,0.,0.0,15652.0,15156.,3.3,0.0308,0.03156,-2.4,0.833,291,482.,465.,-0.012,-0.013,0,2278346.,901629,901630, , ,2024-10-24 02:55:36,True,False,False,3.676787618375356
2024-10-24,FHMRF,FHMRF,2024/10/24,03:01:52,CMA601,UBBBLFPG,340,-22,48 N,25.0,253.6,26.0,18620.0,82.150,-0.501,-1.9,-1.6,13542.0,54886.0,53826.,53830.,0.0,0.,13280.,13281.0,0.,0.0,7545.,3.8,7544.0,2.8,0.0,0.0,0.,0.0,15585.0,15088.,3.3,0.03094,0.03143,-1.6,0.833,291,482.,465.,-0.006,0.008,0,2272076.,901629,901630, , ,2024-10-24 03:01:52,True,False,False,3.680197358885408
2024-10-24,FHMRF,FHMRF,2024/10/24,10:47:10,CMA620,LFPGZSPD,370,-25,41 N,29.4,233.9,26.0,18616.3,83.030,-0.531,-2.3,-2.0,12499.0,58461.0,57100.,57100.,0.0,0.,12208.,12208.0,0.,0.0,6884.,4.4,6884.0,3.2,0.0,0.0,0.,0.0,14289.0,13767.,3.8,0.03348,0.03405,-1.7,0.832,271,478.,505.,0.004,-0.003,0,2403242.,901629,901630, , ,2024-10-24 10:47:10,True,False,False,3.683401646047706
2024-10-24,FHMRF,FHMRF,2024/10/24,10:50:10,CMA620,LFPGZSPD,370,-25,41 N,29.3,233.6,26.0,18616.3,82.960,-0.327,-1.5,-1.2,12346.0,57745.0,56908.,56908.,0.0,0.,12167.,12167.0,0.,0.0,6863.,5.1,6863.0,3.0,0.0,0.0,0.,0.0,14282.0,13726.,4.1,0.0335,0.03444,-2.7,0.832,271,478.,504.,-0.006,-0.016,0,2399921.,901629,901630, , ,2024-10-24 10:50:10,True,False,False,3.6863920858460326
2024-10-24,FHMRF,FHMRF,2024/10/24,10:55:00,CMA620,LFPGZSPD,370,-25,41 N,29.2,233.1,26.0,18616.3,82.940,-0.254,-1.1,-0.9,12271.0,57395.0,56745.,56745.,0.0,0.,12132.,12132.0,0.,0.0,6849.,4.6,6849.0,2.8,0.0,0.0,0.,0.0,14206.0,13698.,3.7,0.03369,0.03462,-2.7,0.832,271,479.,502.,-0.01,-0.010,0,2394655.,901629,901630, , ,2024-10-24 10:55:00,True,False,False,3.6891605039555437
2024-10-24,FHMRF,FHMRF,2024/10/24,11:00:13,CMA620,LFPGZSPD,370,-25,41 N,29.0,232.5,26.0,18620.3,83.110,0.243,1.1,1.1,12071.0,56461.0,57082.,57082.,0.0,0.,12204.,12204.0,0.,0.0,6885.,5.0,6885.0,3.1,0.0,0.0,0.,0.0,14323.0,13769.,4.0,0.0334,0.03514,-5.0,0.831,271,478.,494.,-0.022,-0.008,0,2389115.,901629,901630, , ,2024-10-24 11:00:13,True,False,False,3.6916989773759137
2024-10-24,FHMRF,FHMRF,2024/10/24,12:05:02,CMA620,LFPGZSPD,370,-24,42 N,27.2,225.6,31.0,18616.5,83.080,-0.399,-1.8,-1.5,12307.0,57565.0,56544.,56544.,0.0,0.,12089.,12089.0,0.,0.0,6855.,4.4,6855.0,2.7,0.0,0.0,0.,0.0,14200.0,13711.,3.6,0.03383,0.03452,-2.0,0.833,272,480.,442.,0.016,-0.011,0,2320650.,901629,901630, , ,2024-10-24 12:05:02,True,False,False,3.6939998661507296
2024-10-24,FHMRF,FHMRF,2024/10/24,12:11:34,CMA620,LFPGZSPD,370,-25,42 N,27.0,224.9,30.0,18616.5,82.890,-0.539,-2.4,-2.1,12365.0,57834.0,56455.,56455.,0.0,0.,12070.,12070.0,0.,0.0,6834.,4.7,6834.0,3.1,0.0,0.0,0.,0.0,14202.0,13668.,3.9,0.03381,0.0344,-1.7,0.834,272,480.,450.,0.022,-0.003,0,2313516.,901629,901630, , ,2024-10-24 12:11:34,True,False,False,3.696055845033594
2024-10-24,FHMRF,FHMRF,2024/10/24,12:17:45,CMA620,LFPGZSPD,370,-24,43 N,26.9,224.3,30.0,18620.4,83.080,-0.24,-1.1,-0.8,12293.0,57500.0,56885.,56885.,0.0,0.,12162.,12162.0,0.,0.0,6878.,4.7,6878.0,2.9,0.0,0.0,0.,0.0,14280.0,13756.,3.8,0.03359,0.03457,-2.8,0.833,272,480.,458.,0.02,0.001,0,2306756.,901629,901630, , ,2024-10-24 12:17:45,True,False,False,3.697859934975137
2024-10-24,FHMRF,FHMRF,2024/10/24,12:20:45,CMA620,LFPGZSPD,370,-24,43 N,26.9,223.9,30.0,18620.4,83.180,-0.303,-1.3,-1.1,12377.0,57890.0,57115.,57115.,0.0,0.,12211.,12211.0,0.,0.0,6900.,4.1,6900.0,2.6,0.0,0.0,0.,0.0,14266.0,13801.,3.4,0.03359,0.03434,-2.2,0.832,271,479.,462.,0.029,-0.007,2,2303372.,901629,901630, , ,2024-10-24 12:20:45,True,False,False,3.6994055343171843
2024-10-24,FHMRF,FHMRF,2024/10/24,17:34:07,CMA620,LFPGZSPD,411,-29,41 N,23.4,192.8,26.0,18628.4,83.590,-0.314,-1.4,-1.1,10730.0,61118.0,60257.,60257.,0.0,0.,10578.,10578.0,0.,0.0,5948.,4.6,5948.0,2.6,0.0,0.0,0.,0.0,12319.0,11896.,3.6,0.03852,0.03944,-2.3,0.832,247,474.,524.,0.021,0.016,0,2410893.,901629,901630, , ,2024-10-24 17:34:07,True,False,False,3.7006864495893033
2024-10-24,FHMRF,FHMRF,2024/10/24,18:11:16,CMA620,LFPGZSPD,411,-26,40 N,23.3,189.4,26.0,18622.8,83.595,-0.301,-1.3,-1.0,10422.0,59367.0,58568.,58594.,0.0,0.,10282.,10287.0,0.,0.0,5849.,4.3,5851.0,3.1,0.0,0.0,0.,0.0,12133.0,11700.,3.7,0.0394,0.04045,-2.6,0.832,247,478.,533.,0.01,-0.010,0,2367984.,901629,901630, , ,2024-10-24 18:11:16,True,False,False,3.7016969258079615
2024-10-24,FHMRF,FHMRF,2024/10/24,18:46:28,CMA620,LFPGZSPD,411,-20,36 N,23.1,186.2,26.0,18624.5,84.290,-0.403,-1.8,-1.4,10339.0,58893.0,57857.,57857.,0.0,0.,10157.,10157.0,0.,0.0,5872.,4.4,5872.0,2.4,0.0,0.0,0.,0.0,12143.0,11744.,3.4,0.03992,0.0407,-1.9,0.834,247,485.,492.,0.011,-0.005,0,2332140.,901629,901630, , ,2024-10-24 18:46:28,True,False,False,3.702431676178019
2024-10-25,FHMRF,FHMRF,2024/10/25,05:48:41,CMA621,ZSPDUBBB,340,-21,48 N,27.8,265.9,26.0,18608.5,84.210,-0.282,-1.2,-0.9,14599.0,59171.0,58456.,58456.,0.0,0.,14422.,14422.0,0.,0.0,8166.,4.1,8166.0,2.9,0.0,0.0,0.,0.0,16898.0,16332.,3.5,0.02854,0.02925,-2.5,0.832,290,482.,451.,0.027,0.003,0,2382512.,901629,901630, , ,2024-10-25 05:48:41,True,False,False,3.702885911090041
2024-10-25,FHMRF,FHMRF,2024/10/25,06:16:46,CMA621,ZSPDUBBB,340,-22,47 N,27.7,262.4,26.0,18606.8,82.630,-0.645,-2.8,-2.4,13948.0,56532.0,54947.,54954.,0.0,0.,13557.,13559.0,0.,0.0,7694.,4.5,7693.0,2.8,0.0,0.0,0.,0.0,15955.0,15387.,3.7,0.03023,0.03059,-1.1,0.834,291,482.,446.,-0.005,-0.006,0,2350994.,901629,901630, , ,2024-10-25 06:16:46,True,False,False,3.7030553662967707
2024-10-25,FHMRF,FHMRF,2024/10/25,12:30:38,CMA621,UBBBLFPG,340,-23,44 N,27.2,264.3,30.0,18607.1,83.560,-0.623,-2.7,-2.4,14549.0,58967.0,57393.,57389.,0.0,0.,14161.,14160.0,0.,0.0,7958.,4.6,7959.0,3.9,0.0,0.0,0.,0.0,16593.0,15917.,4.2,0.02886,0.02936,-1.7,0.828,289,479.,477.,0.033,0.022,0,2366230.,901629,901630, , ,2024-10-25 12:30:38,True,False,False,3.7029363301400586
2024-10-25,FHMRF,FHMRF,2024/10/25,19:14:54,CMA600,LFPGVHHH,350,-23,48 N,30.8,246.0,29.0,18627.4,82.965,-0.361,-1.6,-1.3,13425.0,57055.0,56149.,56124.,0.0,0.,13212.,13206.0,0.,0.0,7453.,3.4,7450.0,2.3,0.0,0.0,0.,0.0,15326.0,14903.,2.8,0.03124,0.03169,-1.4,0.829,283,479.,492.,0.03,0.011,0,2299111.,901629,901630, , ,2024-10-25 19:14:54,True,False,False,3.7025256696876503
2024-10-25,FHMRF,FHMRF,2024/10/25,20:59:06,CMA600,LFPGVHHH,370,-30,43 N,32.8,234.3,30.0,18628.5,83.140,-0.196,-0.9,-0.9,12818.0,59953.0,59420.,59420.,0.0,0.,12704.,12704.0,0.,0.0,7013.,4.5,7013.0,3.5,0.0,0.0,0.,0.0,14582.0,14026.,4.0,0.03248,0.03346,-2.9,0.831,271,474.,468.,0.033,0.000,0,2409389.,901629,901630, , ,2024-10-25 20:59:06,True,False,False,3.7018208556305474
2024-10-25,FHMRF,FHMRF,2024/10/25,20:59:12,CMA600,LFPGVHHH,370,-30,43 N,32.8,234.3,30.0,18632.5,83.130,-0.231,-1.0,-1.1,12830.0,60009.0,59381.,59381.,0.0,0.,12695.,12695.0,0.,0.0,7008.,4.5,7008.0,3.7,0.0,0.0,0.,0.0,14593.0,14015.,4.1,0.03246,0.03343,-2.9,0.831,271,474.,468.,0.034,-0.004,0,2409267.,901629,901630, , ,2024-10-25 20:59:12,True,False,False,3.7008199857865716
2024-10-27,FHMRF,FHMRF,2024/10/27,09:40:09,CMA626,LFPGZSPD,330,-20,43 N,30.0,290.7,30.0,18622.9,84.960,-0.277,-1.2,-1.0,15627.0,60435.0,59701.,59704.,0.0,0.,15437.,15438.0,0.,0.0,8712.,4.5,8711.0,3.3,0.0,0.0,0.,0.0,18100.0,17423.,3.9,0.02667,0.02742,-2.7,0.83,296,483.,505.,0.018,0.000,0,2470804.,901629,901630, , ,2024-10-27 09:40:09,True,False,False,3.699521807051566
2024-10-27,FHMRF,FHMRF,2024/10/27,10:02:31,CMA626,LFPGZSPD,330,-19,42 N,30.4,287.7,30.0,18625.2,84.410,-0.36,-1.5,-1.3,15263.0,59025.0,58123.,58119.,0.0,0.,15029.,15029.0,0.,0.0,8511.,4.0,8512.0,3.4,0.0,0.0,0.,0.0,17650.0,17023.,3.7,0.0274,0.02804,-2.3,0.831,297,484.,513.,0.006,-0.002,0,2445032.,901629,901630, , ,2024-10-27 10:02:31,True,False,False,3.697925735636986
2024-10-28,FHMRF,FHMRF,2024/10/28,10:43:37,CMA627,UBBBLFPG,340,-21,42 N,25.8,271.9,28.0,18616.8,84.130,-0.625,-2.7,-2.4,14775.0,59881.0,58272.,58279.,0.0,0.,14378.,14379.0,0.,0.0,8104.,4.1,8102.0,3.1,0.0,0.0,0.,0.0,16792.0,16206.,3.6,0.02866,0.02897,-1.1,0.83,290,481.,444.,0.015,0.005,0,2435586.,901629,901630, , ,2024-10-28 10:43:37,True,False,False,3.696031875436699
2024-10-28,FHMRF,FHMRF,2024/10/28,11:09:17,CMA627,UBBBLFPG,340,-21,42 N,25.6,268.7,28.0,18616.3,83.995,-0.368,-1.6,-1.4,14492.0,58737.0,57816.,57798.,0.0,0.,14264.,14260.0,0.,0.0,8046.,4.7,8041.0,3.4,0.0,0.0,0.,0.0,16735.0,16087.,4.0,0.02874,0.02948,-2.5,0.829,289,481.,456.,0.009,-0.004,0,2406783.,901629,901630, , ,2024-10-28 11:09:17,True,False,False,3.693841034377487
2024-10-29,FHMRF,FHMRF,2024/10/29,03:27:35,CMA610,LFPGVHHH,411,-23,44 N,26.7,183.3,25.0,18629.4,83.540,-0.248,-1.1,-0.8,10198.0,58089.0,57448.,57448.,0.0,0.,10086.,10086.0,0.,0.0,5765.,4.6,5765.0,2.6,0.0,0.0,0.,0.0,11949.0,11530.,3.6,0.04011,0.04121,-2.7,0.83,246,479.,526.,0.026,-0.004,0,2293702.,901629,901630, , ,2024-10-29 03:27:35,True,False,False,3.6913547386206917
2024-10-29,FHMRF,FHMRF,2024/10/29,04:37:39,CMA610,LFPGVHHH,411,-26,39 N,26.5,177.2,25.0,18624.4,81.790,-0.287,-1.1,-0.9,9638.0,54900.0,54284.,54284.,0.0,0.,9530.,9530.0,0.,0.0,5448.,4.7,5448.0,2.8,0.0,0.0,0.,0.0,11304.0,10895.,3.8,0.04226,0.04347,-2.8,0.832,247,478.,528.,-0.001,-0.026,0,2215266.,901629,901630, , ,2024-10-29 04:37:39,True,False,False,3.6885752444915254
2024-10-29,FHMRF,FHMRF,2024/10/29,15:35:06,CMA611,VHHHUBBB,341,-22,42 N,26.3,274.3,30.0,18608.0,84.005,-0.379,-1.6,-1.5,14593.0,59425.0,58472.,58447.,0.0,0.,14359.,14353.0,0.,0.0,8088.,4.8,8085.0,3.0,0.0,0.0,0.,0.0,16802.0,16173.,3.9,0.02871,0.02939,-2.3,0.834,291,482.,417.,-0.01,0.040,0,2467052.,901629,901630, , ,2024-10-29 15:35:06,True,False,False,3.6855055480187926
2024-10-29,FHMRF,FHMRF,2024/10/29,17:24:26,CMA611,VHHHUBBB,340,-23,47 N,25.2,261.0,26.0,18612.4,82.740,-0.537,-2.4,-2.1,14051.0,56949.0,55585.,55585.,0.0,0.,13715.,13715.0,0.,0.0,7753.,4.4,7753.0,3.2,0.0,0.0,0.,0.0,16095.0,15506.,3.8,0.02991,0.0304,-1.6,0.834,291,481.,435.,0.002,0.008,0,2338470.,901629,901630, , ,2024-10-29 17:24:26,True,False,False,3.6821493919739186
2024-10-30,FHMRF,FHMRF,2024/10/30,00:30:20,CMA611,UBBBLFPG,340,-22,42 N,25.6,262.7,30.0,18603.7,83.240,-0.534,-2.3,-2.0,14219.0,57628.0,56281.,56271.,0.0,0.,13886.,13884.0,0.,0.0,7867.,4.9,7869.0,2.9,0.0,0.0,0.,0.0,16348.0,15736.,3.9,0.0295,0.03002,-1.7,0.833,291,482.,473.,0.009,0.007,0,2353014.,901629,901630, , ,2024-10-30 00:30:20,True,False,False,3.678511270305574
2024-10-30,FHMRF,FHMRF,2024/10/30,11:16:25,CMA620,LFPGZSPD,350,-25,41 N,33.8,243.0,27.0,18629.3,81.900,-0.409,-1.6,-1.4,12973.0,55133.0,54265.,54258.,0.0,0.,12769.,12767.0,0.,0.0,7185.,4.9,7187.0,3.0,0.0,0.0,0.,0.0,14938.0,14372.,3.9,0.03203,0.03283,-2.4,0.831,284,478.,525.,0.012,-0.019,0,2267616.,901629,901630, , ,2024-10-30 11:16:25,True,False,False,3.674596429875707
2024-10-30,FHMRF,FHMRF,2024/10/30,11:22:00,CMA620,LFPGZSPD,350,-24,41 N,33.6,242.3,32.0,18633.2,81.750,-0.628,-2.4,-2.2,12977.0,55149.0,53816.,53809.,0.0,0.,12663.,12661.0,0.,0.0,7138.,5.2,7140.0,3.1,0.0,0.0,0.,0.0,14867.0,14278.,4.1,0.03221,0.03281,-1.8,0.831,284,479.,529.,0.014,-0.014,0,2261701.,901629,901630, , ,2024-10-30 11:22:00,True,False,False,3.6704108694151434
2024-11-02,FHMRF,FHMRF,2024/11/02,00:48:13,CMA615,UBBBLFPG,340,-18,42 N,23.4,266.3,28.0,18619.8,83.805,-0.585,-2.6,-2.2,14170.0,57432.0,55950.,55975.,0.0,0.,13805.,13811.0,0.,0.0,7893.,4.0,7896.0,2.8,0.0,0.0,0.,0.0,16330.0,15789.,3.4,0.02974,0.03008,-1.1,0.832,291,486.,516.,-0.012,-0.013,0,2385236.,901629,901630, , ,2024-11-02 00:48:13,True,False,False,3.665961335632228
2024-11-02,FHMRF,FHMRF,2024/11/02,02:23:50,CMA615,UBBBLFPG,340,-17,46 N,22.9,254.7,29.0,18622.8,83.440,-0.472,-2.0,-2.1,13899.0,56333.0,55192.,55199.,0.0,0.,13618.,13619.0,0.,0.0,7722.,4.2,7721.0,3.2,0.0,0.0,0.,0.0,16008.0,15443.,3.7,0.03039,0.03084,-1.5,0.833,291,487.,445.,0.009,0.006,0,2280850.,901629,901630, , ,2024-11-02 02:23:50,True,False,False,3.6612553164255903
2024-11-02,FHMRF,FHMRF,2024/11/02,02:46:06,CMA615,UBBBLFPG,340,-17,47 N,22.8,252.0,24.0,18620.9,83.220,-0.491,-1.9,-2.0,13746.0,55715.0,54638.,54645.,0.0,0.,13480.,13482.0,0.,0.0,7654.,4.3,7653.0,3.4,0.0,0.0,0.,0.0,15892.0,15307.,3.8,0.03063,0.03116,-1.7,0.833,291,487.,450.,0.009,-0.050,0,2257130.,901629,901630, , ,2024-11-02 02:46:06,True,False,False,3.6563010311693476
2024-11-02,FHMRF,FHMRF,2024/11/02,07:39:39,CMA624,LFPGZSPD,370,-26,49 N,30.7,237.6,30.0,18623.5,84.020,0.029,0.1,-0.1,12847.0,60089.0,60186.,60150.,0.0,0.,12867.,12860.0,0.,0.0,7132.,4.5,7139.0,2.8,0.0,0.0,0.,0.0,14792.0,14271.,3.7,0.03226,0.03341,-3.4,0.831,271,477.,480.,0.017,-0.004,0,2444575.,901629,901630, , ,2024-11-02 07:39:39,True,False,False,3.651107418051859
2024-11-02,FHMRF,FHMRF,2024/11/02,08:04:10,CMA624,LFPGZSPD,370,-26,47 N,30.9,234.9,30.0,18631.9,83.490,-0.124,-0.5,-0.7,12644.0,59138.0,58837.,58801.,0.0,0.,12580.,12572.0,0.,0.0,6983.,4.8,6990.0,3.2,0.0,0.0,0.,0.0,14532.0,13973.,4.0,0.03287,0.03394,-3.1,0.832,271,478.,501.,0.012,0.036,0,2415142.,901629,901630, , ,2024-11-02 08:04:10,True,False,False,3.645684118456178
2024-11-02,FHMRF,FHMRF,2024/11/02,08:28:04,CMA624,LFPGZSPD,370,-26,47 N,31.4,232.3,30.0,18625.1,83.500,0.111,0.5,0.2,12540.0,58653.0,58958.,58922.,0.0,0.,12605.,12598.0,0.,0.0,6990.,4.7,6998.0,3.5,0.0,0.0,0.,0.0,14560.0,13988.,4.1,0.03276,0.03417,-4.1,0.831,271,477.,518.,0.017,0.031,0,2387743.,901629,901630, , ,2024-11-02 08:28:04,True,False,False,3.640041458375336
2024-11-02,FHMRF,FHMRF,2024/11/02,08:33:56,CMA624,LFPGZSPD,370,-26,46 N,31.5,231.6,30.0,18623.9,83.055,-0.201,-0.9,-1.0,12445.0,58208.0,57721.,57660.,0.0,0.,12341.,12327.0,0.,0.0,6864.,5.3,6868.0,3.3,0.0,0.0,0.,0.0,14327.0,13733.,4.3,0.03334,0.03442,-3.1,0.832,271,478.,522.,0.012,0.000,0,2381161.,901629,901630, , ,2024-11-02 08:33:56,True,False,False,3.6341904268643086
2024-11-02,FHMRF,FHMRF,2024/11/02,08:45:02,CMA624,LFPGZSPD,370,-26,46 N,31.7,230.4,30.0,18626.8,82.540,-0.242,-1.1,-1.2,12158.0,56864.0,56259.,56224.,0.0,0.,12028.,12021.0,0.,0.0,6708.,4.7,6715.0,2.9,0.0,0.0,0.,0.0,13932.0,13424.,3.8,0.03431,0.03517,-2.5,0.832,271,478.,527.,-0.005,0.022,0,2368807.,901629,901630, , ,2024-11-02 08:45:02,True,False,False,3.62814265154727
2024-11-02,FHMRF,FHMRF,2024/11/02,09:52:15,CMA624,LFPGZSPD,390,-28,42 N,30.4,223.3,29.0,18622.4,83.780,-0.088,-0.4,-0.6,11778.0,60650.0,60430.,60389.,0.0,0.,11736.,11727.0,0.,0.0,6499.,5.7,6506.0,3.6,0.0,0.0,0.,0.0,13614.0,13005.,4.7,0.03491,0.03632,-3.9,0.831,259,475.,485.,-0.014,-0.007,0,2526936.,901629,901630, , ,2024-11-02 09:52:15,True,False,False,3.6219103712255976
2024-11-04,FHMRF,FHMRF,2024/11/04,03:41:47,CMA618,LFPGVHHH,411,-33,42 N,27.4,188.5,25.0,18628.4,81.990,-0.07,-0.3,-0.1,10205.0,58127.0,57943.,57943.,0.0,0.,10173.,10173.0,0.,0.0,5680.,4.7,5680.0,3.4,0.0,0.0,0.,0.0,11820.0,11360.,4.1,0.03988,0.04145,-3.8,0.834,247,471.,468.,0.0,0.025,0,2363757.,901629,901630, , ,2024-11-04 03:41:47,True,False,False,3.6155064056682513
2024-11-04,FHMRF,FHMRF,2024/11/04,06:45:15,CMA618,LFPGVHHH,411,-25,24 N,27.0,172.5,24.0,18625.6,80.930,-0.32,-1.3,-1.0,9299.0,52966.0,52279.,52279.,0.0,0.,9178.,9178.0,0.,0.0,5281.,4.2,5281.0,2.7,0.0,0.0,0.,0.0,10923.0,10561.,3.4,0.04392,0.04497,-2.3,0.835,248,480.,515.,-0.019,-0.006,0,2152860.,901629,901630, , ,2024-11-04 06:45:15,True,False,False,3.608944122709352
2024-11-04,FHMRF,FHMRF,2024/11/04,18:19:27,CMA619,VHHHUBBB,340,-23,47 N,24.2,261.1,24.0,18604.6,83.180,-0.302,-1.3,-1.5,14248.0,57749.0,56980.,56980.,0.0,0.,14058.,14058.0,0.,0.0,7856.,4.8,7856.0,3.6,0.0,0.0,0.,0.0,16376.0,15711.,4.2,0.02943,0.03022,-2.6,0.835,292,482.,412.,0.012,-0.009,0,2338584.,901629,901630, , ,2024-11-04 18:19:27,True,False,False,3.6022374028249486
2024-11-05,FHMRF,FHMRF,2024/11/05,02:17:44,CMA619,UBBBLFPG,340,-19,45 N,26.3,263.7,28.0,18650.3,84.280,-0.128,-0.6,-0.7,14322.0,58049.0,57722.,57732.,0.0,0.,14241.,14244.0,0.,0.0,8006.,4.2,8003.0,3.6,0.0,0.0,0.,0.0,16630.0,16009.,3.9,0.02912,0.03003,-3.0,0.831,290,484.,440.,0.015,-0.010,0,2362034.,901629,901630, , ,2024-11-05 02:17:44,True,False,False,3.5954006014068325
2024-11-05,FHMRF,FHMRF,2024/11/05,03:38:51,CMA619,UBBBLFPG,340,-20,49 N,26.0,253.8,25.0,18656.5,83.060,-0.2,-0.8,-1.0,13722.0,55618.0,55163.,55174.,0.0,0.,13610.,13613.0,0.,0.0,7655.,5.0,7653.0,3.7,0.0,0.0,0.,0.0,15976.0,15308.,4.4,0.03025,0.03126,-3.2,0.831,290,483.,492.,0.009,-0.011,0,2273678.,901629,901630, , ,2024-11-05 03:38:51,True,False,False,3.588448508989954
2024-11-05,FHMRF,FHMRF,2024/11/05,21:01:28,2612,LFPGVHHH,390,-31,47 N,32.0,216.6,28.0,18640.4,83.110,0.027,0.1,-0.1,11658.0,60031.0,60103.,60112.,0.0,0.,11672.,11674.0,0.,0.0,6414.,3.2,6412.0,3.2,0.0,0.0,0.,0.0,13236.0,12826.,3.2,0.03567,0.03676,-3.0,0.831,259,472.,493.,0.012,0.009,0,2452202.,901629,901630, , ,2024-11-05 21:01:28,True,False,False,3.5813963097217543
2024-11-05,FHMRF,FHMRF,2024/11/05,21:04:28,2612,LFPGVHHH,390,-31,47 N,32.1,216.3,28.0,18636.0,83.020,-0.203,-0.9,-1.1,11743.0,60466.0,59901.,59910.,0.0,0.,11633.,11634.0,0.,0.0,6397.,2.9,6396.0,2.9,0.0,0.0,0.,0.0,13164.0,12793.,2.9,0.03589,0.03653,-1.7,0.832,259,473.,496.,0.019,0.010,0,2448728.,901629,901630, , ,2024-11-05 21:04:28,True,False,False,3.5742595383920106
2024-11-05,FHMRF,FHMRF,2024/11/05,21:07:28,2612,LFPGVHHH,390,-31,47 N,32.2,216.0,28.0,18636.8,82.940,0.064,0.3,0.0,11559.0,59522.0,59694.,59703.,0.0,0.,11593.,11594.0,0.,0.0,6376.,2.6,6375.0,3.3,0.0,0.0,0.,0.0,13127.0,12751.,3.0,0.03599,0.03707,-2.9,0.832,259,472.,498.,0.006,-0.004,0,2445280.,901629,901630, , ,2024-11-05 21:07:28,True,False,False,3.5670540363700534
2024-11-05,FHMRF,FHMRF,2024/11/05,21:10:28,2612,LFPGVHHH,390,-32,47 N,32.3,215.7,28.0,18636.2,83.005,-0.071,-0.3,-0.5,11701.0,60253.0,60067.,60049.,0.0,0.,11665.,11661.0,0.,0.0,6407.,2.7,6403.0,2.8,0.0,0.0,0.,0.0,13164.0,12810.,2.8,0.03586,0.03666,-2.2,0.832,259,472.,500.,0.019,-0.006,0,2441829.,901629,901630, , ,2024-11-05 21:10:28,True,False,False,3.559795906811259
2024-11-05,FHMRF,FHMRF,2024/11/05,21:13:28,2612,LFPGVHHH,390,-32,47 N,32.3,215.4,26.0,18632.4,82.970,-0.018,-0.1,-0.3,11672.0,60102.0,60047.,60056.,0.0,0.,11661.,11663.0,0.,0.0,6403.,3.4,6401.0,3.4,0.0,0.0,0.,0.0,13236.0,12804.,3.4,0.03566,0.03674,-3.0,0.832,259,472.,504.,0.018,0.003,2,2438317.,901629,901630, , ,2024-11-05 21:13:28,True,False,False,3.5525014694850996
2024-11-07,FHMRF,FHMRF,2024/11/07,08:32:55,CMA622,LFPGZSPD,330,-20,46 N,30.3,269.4,30.0,18632.7,82.565,-0.146,-0.6,-0.5,14111.0,54570.0,54255.,54276.,0.0,0.,14029.,14035.0,0.,0.0,7939.,2.5,7942.0,2.6,0.0,0.0,0.,0.0,16290.0,15882.,2.6,0.02966,0.03026,-2.0,0.832,297,483.,464.,-0.008,0.007,0,2292462.,901629,901630, , ,2024-11-07 08:32:55,True,False,False,3.5451872155435553
2024-11-07,FHMRF,FHMRF,2024/11/07,08:35:55,CMA622,LFPGZSPD,330,-20,46 N,30.4,269.0,30.0,18632.9,82.620,-0.263,-1.0,-0.9,14212.0,54962.0,54411.,54411.,0.0,0.,14070.,14070.0,0.,0.0,7959.,2.5,7959.0,2.9,0.0,0.0,0.,0.0,16349.0,15917.,2.7,0.02954,0.03006,-1.7,0.832,297,483.,464.,0.0,-0.005,2,2289347.,901629,901630, , ,2024-11-07 08:35:55,True,False,False,3.537869762501972
2024-11-08,FHMRF,FHMRF,2024/11/08,10:32:07,CMA623,UBBBLFPG,320,-19,41 N,27.8,271.3,30.0,18613.4,82.060,-0.034,-0.1,-0.4,14322.0,52869.0,52796.,52799.,0.0,0.,14302.,14303.0,0.,0.0,8077.,2.5,8076.0,3.0,0.0,0.0,0.,0.0,16598.0,16153.,2.8,0.02917,0.02986,-2.3,0.831,303,484.,468.,-0.009,-0.009,0,2213235.,901629,901630, , ,2024-11-08 10:32:07,True,False,False,3.530565809653695
2024-11-08,FHMRF,FHMRF,2024/11/08,12:19:23,CMA623,UBBBLFPG,340,-23,44 N,27.3,258.1,28.0,18612.1,82.630,-0.395,-1.8,-1.9,13961.0,56582.0,55580.,55576.,0.0,0.,13713.,13712.0,0.,0.0,7654.,3.4,7655.0,3.9,0.0,0.0,0.,0.0,15866.0,15309.,3.6,0.03024,0.03075,-1.7,0.831,290,480.,471.,0.014,0.009,0,2310608.,901629,901630, , ,2024-11-08 12:19:23,True,False,False,3.5232920940860843
2024-11-08,FHMRF,FHMRF,2024/11/08,12:20:03,CMA623,UBBBLFPG,340,-23,44 N,27.3,258.0,28.0,18616.1,82.530,-0.384,-1.7,-1.8,13890.0,56299.0,55347.,55344.,0.0,0.,13655.,13654.0,0.,0.0,7623.,3.8,7624.0,3.8,0.0,0.0,0.,0.0,15822.0,15247.,3.8,0.03032,0.0309,-1.9,0.831,290,480.,471.,0.01,-0.016,0,2310012.,901629,901630, , ,2024-11-08 12:20:03,True,False,False,3.516065347408193
2024-11-08,FHMRF,FHMRF,2024/11/08,21:19:41,CMA616,LFPGVHHH,370,-28,45 N,31.7,230.2,28.0,18621.1,82.425,0.025,0.1,-0.1,12182.0,56978.0,57034.,57052.,0.0,0.,12194.,12197.0,0.,0.0,6754.,3.7,6758.0,3.7,0.0,0.0,0.,0.0,14017.0,13512.,3.7,0.03393,0.03514,-3.5,0.832,271,476.,476.,-0.001,-0.001,0,2367111.,901629,901630, , ,2024-11-08 21:19:41,True,False,False,3.5089022532460925
2024-11-08,FHMRF,FHMRF,2024/11/08,21:22:41,CMA616,LFPGVHHH,370,-28,44 N,31.8,229.8,28.0,18625.1,82.500,-0.198,-0.9,-1.1,12334.0,57691.0,57184.,57176.,0.0,0.,12226.,12224.0,0.,0.0,6771.,3.5,6772.0,3.5,0.0,0.0,0.,0.0,14020.0,13543.,3.5,0.03393,0.03475,-2.4,0.832,271,476.,477.,0.012,-0.012,2,2363787.,901629,901630, , ,2024-11-08 21:22:41,True,False,False,3.501819405523273
2024-11-08,FHMRF,FHMRF,2024/11/08,21:26:59,CMA616,LFPGVHHH,370,-28,44 N,31.8,229.4,29.0,18623.2,82.230,-0.262,-1.2,-1.3,12197.0,57049.0,56378.,56370.,0.0,0.,12053.,12052.0,0.,0.0,6693.,3.6,6694.0,3.6,0.0,0.0,0.,0.0,13866.0,13387.,3.6,0.03436,0.03512,-2.2,0.833,272,476.,479.,0.002,0.000,0,2359034.,901629,901630, , ,2024-11-08 21:26:59,True,False,False,3.4948332675280285
2024-11-08,FHMRF,FHMRF,2024/11/08,21:54:25,CMA616,LFPGVHHH,370,-27,43 N,31.7,226.5,24.0,18624.6,82.150,-0.311,-1.4,-1.5,12145.0,56807.0,56007.,55999.,0.0,0.,11974.,11972.0,0.,0.0,6652.,3.4,6653.0,3.6,0.0,0.0,0.,0.0,13775.0,13305.,3.5,0.03457,0.03525,-1.9,0.832,271,476.,493.,0.01,-0.005,0,2328245.,901629,901630, , ,2024-11-08 21:54:25,True,False,False,3.4879601317723252
2024-11-08,FHMRF,FHMRF,2024/11/08,22:31:45,CMA616,LFPGVHHH,370,-26,42 N,30.4,222.6,28.0,18620.3,81.640,-0.427,-1.7,-1.7,11827.0,55321.0,54364.,54446.,0.0,0.,11623.,11640.0,0.,0.0,6518.,2.9,6502.0,3.5,0.0,0.0,0.,0.0,13432.0,13020.,3.2,0.03558,0.03607,-1.4,0.833,272,478.,518.,-0.003,0.001,0,2287546.,901629,901630, , ,2024-11-08 22:31:45,True,False,False,3.4812160806560324
2024-11-08,FHMRF,FHMRF,2024/11/08,23:25:19,CMA616,LFPGVHHH,390,-24,41 N,29.1,217.1,28.0,18625.4,84.220,-0.082,-0.4,-0.6,11642.0,59946.0,59673.,59772.,0.0,0.,11589.,11608.0,0.,0.0,6508.,3.2,6490.0,2.9,0.0,0.0,0.,0.0,13393.0,12998.,3.0,0.03578,0.03665,-2.4,0.831,259,479.,515.,0.002,0.010,0,2454868.,901629,901630, , ,2024-11-08 23:25:19,True,False,False,3.474616947957872
2024-11-09,FHMRF,FHMRF,2024/11/09,23:58:05,CMA617,UTSALFPG,320,-16,41 N,25.3,278.6,28.0,18624.0,83.670,-0.289,-1.2,-1.4,15157.0,55952.0,55280.,55248.,0.0,0.,14975.,14967.0,0.,0.0,8473.,3.3,8481.0,3.4,0.0,0.0,0.,0.0,17519.0,16954.,3.3,0.02781,0.02834,-1.9,0.832,304,487.,444.,0.016,-0.013,0,2272770.,901629,901630, , ,2024-11-09 23:58:05,True,False,False,3.4681782811757476
2024-11-10,FHMRF,FHMRF,2024/11/10,22:57:56,CMA626,LFPGZSPD,370,-30,46 N,29.0,234.0,29.0,18626.6,82.300,-0.733,-3.2,-3.0,12684.0,59324.0,57426.,57426.,0.0,0.,12278.,12278.0,0.,0.0,6802.,3.5,6802.0,3.5,0.0,0.0,0.,0.0,14080.0,13604.,3.5,0.03368,0.03381,-0.4,0.833,272,474.,525.,0.017,-0.004,0,2405010.,901629,901630, , ,2024-11-10 22:57:56,True,False,False,3.461915304731645
2024-11-12,FHMRF,FHMRF,2024/11/12,08:35:58,CMA610,LFPGVHHH,390,-26,40 N,28.6,199.8,29.0,18646.1,82.410,-0.291,-1.3,-1.5,10993.0,56609.0,55874.,55840.,0.0,0.,10851.,10844.0,0.,0.0,6062.,3.9,6068.0,3.8,0.0,0.0,0.,0.0,12592.0,12129.,3.8,0.03783,0.03869,-2.2,0.829,258,476.,520.,0.025,0.001,0,2258097.,901629,901630, , ,2024-11-12 08:35:58,True,False,False,3.455842884040381
2024-11-12,FHMRF,FHMRF,2024/11/12,08:39:02,CMA610,LFPGVHHH,390,-25,40 N,28.5,199.5,29.0,18644.9,82.705,-0.292,-1.3,-1.5,11089.0,57097.0,56373.,56312.,0.0,0.,10948.,10936.0,0.,0.0,6125.,3.3,6129.0,3.9,0.0,0.0,0.,0.0,12695.0,12254.,3.6,0.03761,0.0384,-2.0,0.83,258,477.,525.,0.033,0.031,0,2254716.,901629,901630, , ,2024-11-12 08:39:02,True,False,False,3.449975490423275
2024-11-13,FHMRF,FHMRF,2024/11/13,08:59:29,CMA611,UTSALFPG,340,-26,42 N,22.7,264.1,24.0,18638.7,82.590,-0.424,-1.9,-1.9,14227.0,57662.0,56592.,56564.,0.0,0.,13963.,13956.0,0.,0.0,7728.,3.8,7735.0,4.0,0.0,0.0,0.,0.0,16066.0,15463.,3.9,0.02973,0.03029,-1.8,0.832,291,478.,459.,0.002,-0.004,0,2364813.,901629,901630, , ,2024-11-13 08:59:29,True,False,False,3.444327166836656
2024-11-13,FHMRF,FHMRF,2024/11/13,15:32:52,CMA620,LFPGZSPD,350,-21,48 N,29.7,257.6,28.0,18637.9,84.020,-0.227,-1.0,-1.1,13833.0,58786.0,58228.,58191.,0.0,0.,13701.,13693.0,0.,0.0,7668.,2.6,7676.0,2.9,0.0,0.0,0.,0.0,15766.0,15344.,2.7,0.03063,0.03111,-1.6,0.833,285,483.,456.,0.01,-0.004,0,2408626.,901629,901630, , ,2024-11-13 15:32:52,True,False,False,3.4389114943865398
2024-11-13,FHMRF,FHMRF,2024/11/13,19:58:35,CMA620,LFPGZSPD,370,-33,45 N,28.6,228.1,29.0,18636.6,81.170,-0.695,-3.1,-3.1,12301.0,57535.0,55742.,55704.,0.0,0.,11917.,11909.0,0.,0.0,6538.,4.4,6545.0,3.6,0.0,0.0,0.,0.0,13604.0,13084.,4.0,0.03468,0.03494,-0.7,0.833,272,472.,464.,0.012,-0.011,0,2346242.,901629,901630, , ,2024-11-13 19:58:35,True,False,False,3.433741559612171
2024-11-13,FHMRF,FHMRF,2024/11/13,20:01:35,CMA620,LFPGZSPD,370,-33,45 N,28.6,227.8,29.0,18634.1,81.350,-0.104,-0.5,-0.7,12088.0,56539.0,56288.,56249.,0.0,0.,12034.,12026.0,0.,0.0,6590.,3.9,6598.0,3.9,0.0,0.0,0.,0.0,13702.0,13188.,3.9,0.03438,0.03548,-3.1,0.832,271,471.,464.,-0.002,0.002,2,2343047.,901629,901630, , ,2024-11-13 20:01:35,True,False,False,3.4288299225344137
2024-11-13,FHMRF,FHMRF,2024/11/13,20:04:35,CMA620,LFPGZSPD,370,-33,45 N,28.5,227.5,30.0,18636.0,81.190,-0.217,-1.0,-1.1,12062.0,56417.0,55869.,55831.,0.0,0.,11944.,11936.0,0.,0.0,6549.,4.1,6557.0,4.0,0.0,0.0,0.,0.0,13638.0,13106.,4.1,0.03458,0.03557,-2.8,0.833,272,472.,464.,-0.004,-0.008,0,2339902.,901629,901630, , ,2024-11-13 20:04:35,True,False,False,3.4241885854748815
2024-11-14,FHMRF,FHMRF,2024/11/14,12:58:46,CMA621,ZSPDUTSA,340,-25,42 N,26.3,249.7,24.0,18618.7,81.855,-0.426,-1.6,-1.7,13658.0,55356.0,54431.,54466.,0.0,0.,13430.,13438.0,0.,0.0,7486.,3.5,7486.0,3.5,0.0,0.0,0.,0.0,15494.0,14973.,3.5,0.0309,0.03142,-1.6,0.832,291,479.,446.,0.02,0.004,0,2235870.,901629,901630, , ,2024-11-14 12:58:46,True,False,False,3.419828962662369
2024-11-14,FHMRF,FHMRF,2024/11/14,13:00:44,CMA621,ZSPDUTSA,340,-25,42 N,26.3,249.5,24.0,18616.2,81.750,-0.456,-1.8,-1.9,13620.0,55202.0,54223.,54237.,0.0,0.,13379.,13382.0,0.,0.0,7466.,3.6,7463.0,3.5,0.0,0.0,0.,0.0,15453.0,14929.,3.5,0.03102,0.03151,-1.6,0.833,291,479.,448.,0.017,-0.013,0,2233710.,901629,901630, , ,2024-11-14 13:00:44,True,False,False,3.4157618506631735
2024-11-14,FHMRF,FHMRF,2024/11/14,13:03:44,CMA621,ZSPDUTSA,340,-25,42 N,26.2,249.1,24.0,18613.7,81.820,-0.043,-0.2,-0.4,13433.0,54444.0,54346.,54359.,0.0,0.,13409.,13412.0,0.,0.0,7479.,3.4,7476.0,3.6,0.0,0.0,0.,0.0,15480.0,14955.,3.5,0.03093,0.03189,-3.0,0.832,291,479.,450.,0.006,0.011,0,2230516.,901629,901630, , ,2024-11-14 13:03:44,True,False,False,3.411997399702223
2024-11-14,FHMRF,FHMRF,2024/11/14,15:44:32,CMA621,UTSALFPG,320,-22,41 N,27.0,283.8,30.0,18631.6,82.860,-0.181,-0.8,-1.0,15184.0,56049.0,55607.,55574.,0.0,0.,15064.,15055.0,0.,0.0,8395.,3.6,8404.0,4.2,0.0,0.0,0.,0.0,17453.0,16799.,3.9,0.02756,0.02835,-2.8,0.831,304,481.,456.,0.007,-0.002,0,2315175.,901629,901630, , ,2024-11-14 15:44:32,True,False,False,3.4085450859734188
2024-11-15,FHMRF,FHMRF,2024/11/15,04:34:50,CMA614,LFPGVHHH,350,-26,48 N,31.5,244.7,28.0,18636.3,82.000,-0.243,-1.0,-1.1,13058.0,55495.0,54963.,54963.,0.0,0.,12933.,12933.0,0.,0.0,7190.,3.8,7190.0,4.3,0.0,0.0,0.,0.0,14957.0,14380.,4.0,0.03182,0.03274,-2.8,0.828,283,476.,451.,0.011,-0.012,0,2287922.,901629,901630, , ,2024-11-15 04:34:50,True,False,False,3.40541368506229
2024-11-15,FHMRF,FHMRF,2024/11/15,07:38:09,CMA614,LFPGVHHH,370,-22,41 N,32.3,224.7,28.0,18625.3,82.400,-0.363,-1.4,-1.4,11823.0,55301.0,54574.,54488.,0.0,0.,11668.,11649.0,0.,0.0,6579.,3.6,6596.0,2.8,0.0,0.0,0.,0.0,13595.0,13176.,3.2,0.03537,0.03597,-1.7,0.831,271,481.,554.,-0.008,0.021,0,2307012.,901629,901630, , ,2024-11-15 07:38:09,True,False,False,3.4026112466234872
2024-11-15,FHMRF,FHMRF,2024/11/15,12:58:47,CMA614,LFPGVHHH,391,-27,36 N,28.2,193.7,24.0,18628.6,81.370,-0.6,-2.3,-2.3,10688.0,55299.0,54059.,53964.,0.0,0.,10448.,10430.0,0.,0.0,5843.,3.3,5859.0,3.5,0.0,0.0,0.,0.0,12100.0,11702.,3.4,0.03921,0.03962,-1.0,0.828,257,474.,573.,0.024,0.023,0,2198173.,901629,901630, , ,2024-11-15 12:58:47,True,False,False,3.4001450704767175
2024-11-15,FHMRF,FHMRF,2024/11/15,14:28:43,CMA614,LFPGVHHH,391,-20,26 N,28.0,185.6,24.0,18629.7,81.650,-0.07,-0.3,-0.4,10080.0,52153.0,52051.,51959.,0.0,0.,10060.,10042.0,0.,0.0,5748.,2.6,5765.0,2.4,0.0,0.0,0.,0.0,11800.0,11513.,2.5,0.04081,0.04165,-2.0,0.828,257,482.,516.,-0.005,-0.035,0,2106463.,901629,901630, , ,2024-11-15 14:28:43,True,False,False,3.3980216843085405
2024-11-15,FHMRF,FHMRF,2024/11/15,14:55:35,CMA614,LFPGVHHH,391,-20,24 N,28.0,183.2,24.0,18629.5,81.050,-0.402,-1.9,-1.9,9940.0,51433.0,50484.,50395.,0.0,0.,9757.,9740.0,0.,0.0,5604.,3.0,5619.0,3.1,0.0,0.0,0.,0.0,11566.0,11223.,3.1,0.04175,0.04221,-1.1,0.83,258,483.,524.,-0.013,-0.015,0,2076358.,901629,901630, , ,2024-11-15 14:55:35,True,False,False,3.3962468231857743
2024-11-15,FHMRF,FHMRF,2024/11/15,14:58:35,CMA614,LFPGVHHH,391,-20,23 N,28.0,182.9,24.0,18629.5,81.170,-0.283,-1.4,-1.4,9946.0,51464.0,50809.,50719.,0.0,0.,9820.,9802.0,0.,0.0,5635.,3.1,5651.0,2.6,0.0,0.0,0.,0.0,11608.0,11285.,2.9,0.04159,0.04219,-1.4,0.83,258,483.,521.,-0.012,0.006,2,2073408.,901629,901630, , ,2024-11-15 14:58:35,True,False,False,3.39482541108818
2024-11-16,FHMRF,FHMRF,2024/11/16,00:19:53,CMA615,VHHHUBBB,341,-23,47 N,26.4,265.2,24.0,18610.7,83.470,-0.486,-2.1,-2.2,14460.0,58884.0,57659.,57634.,0.0,0.,14159.,14153.0,0.,0.0,7884.,3.6,7890.0,3.1,0.0,0.0,0.,0.0,16299.0,15775.,3.3,0.02944,0.02976,-1.1,0.831,290,480.,499.,0.02,-0.016,0,2386837.,901629,901630, , ,2024-11-16 00:19:53,True,False,False,3.393761544649847
2024-11-16,FHMRF,FHMRF,2024/11/16,00:35:44,CMA615,VHHHUBBB,340,-24,47 N,26.3,263.3,25.0,18615.9,82.730,-0.345,-1.5,-1.6,14068.0,57019.0,56153.,56128.,0.0,0.,13854.,13848.0,0.,0.0,7711.,3.7,7717.0,3.1,0.0,0.0,0.,0.0,15956.0,15428.,3.4,0.03002,0.03054,-1.7,0.831,290,479.,494.,0.002,-0.006,0,2358544.,901629,901630, , ,2024-11-16 00:35:44,True,False,False,3.393058479266413
2024-11-16,FHMRF,FHMRF,2024/11/16,17:27:19,CMA624,LFPGZSPD,310,-15,43 N,34.3,316.8,30.0,18630.1,85.480,-0.017,-0.1,-0.3,16788.0,59176.0,59135.,59131.,0.0,0.,16776.,16775.0,0.,0.0,9453.,3.8,9454.0,3.8,0.0,0.0,0.,0.0,19626.0,18908.,3.8,0.02487,0.02573,-3.3,0.831,310,488.,462.,0.008,0.006,0,2455970.,901629,901630, , ,2024-11-16 17:27:19,True,False,False,3.3927186176903885
2024-11-16,FHMRF,FHMRF,2024/11/16,21:27:21,CMA624,LFPGZSPD,330,-28,47 N,34.1,283.3,31.0,18626.6,82.560,-0.326,-1.4,-1.2,15037.0,58152.0,57317.,57317.,0.0,0.,14821.,14821.0,0.,0.0,8224.,3.6,8224.0,3.6,0.0,0.0,0.,0.0,17036.0,16448.,3.6,0.02787,0.02853,-2.3,0.831,297,475.,519.,0.015,0.004,0,2409331.,901629,901630, , ,2024-11-16 21:27:21,True,False,False,3.392743501210117
2024-11-17,FHMRF,FHMRF,2024/11/17,00:06:13,CMA624,LFPGZSPD,351,-24,41 N,33.0,263.5,26.0,18629.5,84.820,-0.087,-0.4,-0.2,14346.0,61261.0,61027.,61027.,0.0,0.,14292.,14292.0,0.,0.0,8016.,2.7,8016.0,2.7,0.0,0.0,0.,0.0,16470.0,16031.,2.7,0.02905,0.02979,-2.5,0.829,282,478.,539.,0.033,0.008,0,2471648.,901629,901630, , ,2024-11-17 00:06:13,True,False,False,3.3931338034952674
2024-11-17,FHMRF,FHMRF,2024/11/17,00:06:15,CMA624,LFPGZSPD,351,-24,41 N,33.0,263.5,26.0,18629.5,84.820,-0.087,-0.4,-0.2,14345.0,61256.0,61022.,61022.,0.0,0.,14291.,14291.0,0.,0.0,8015.,2.7,8015.0,2.7,0.0,0.0,0.,0.0,16470.0,16031.,2.7,0.02905,0.02979,-2.5,0.829,282,478.,539.,0.033,0.005,0,2471601.,901629,901630, , ,2024-11-17 00:06:15,True,False,False,3.3938893271919097
2024-11-17,FHMRF,FHMRF,2024/11/17,06:01:18,CMA625,ZSPDUBBB,301,-3,32 N,30.5,297.6,27.0,18630.1,84.960,-0.024,-0.1,-0.1,15825.0,53531.0,53482.,53482.,0.0,0.,15811.,15811.0,0.,0.0,9266.,2.9,9266.0,3.6,0.0,0.0,0.,0.0,19133.0,18533.,3.2,0.02601,0.02683,-3.1,0.829,316,498.,410.,0.001,-0.018,0,2223705.,901629,901630, , ,2024-11-17 06:01:18,True,False,False,3.395009003353119
2024-11-17,FHMRF,FHMRF,2024/11/17,12:36:01,CMA625,ZSPDUBBB,360,-32,48 N,27.2,247.6,24.0,18621.6,82.580,-0.152,-0.7,-0.8,13343.0,59477.0,59103.,59061.,0.0,0.,13259.,13249.0,0.,0.0,7245.,4.0,7254.0,3.3,0.0,0.0,0.,0.0,15028.0,14499.,3.6,0.03144,0.03232,-2.7,0.833,278,472.,424.,0.005,0.028,0,2439107.,901629,901630, , ,2024-11-17 12:36:01,True,False,False,3.396490893783086
2024-11-18,FHMRF,FHMRF,2024/11/18,11:19:15,CMA618,LFPGVHHH,350,-15,41 N,33.3,256.6,28.0,18636.1,84.690,-0.408,-1.8,-1.8,13742.0,58401.0,57380.,57373.,0.0,0.,13502.,13500.0,0.,0.0,7666.,3.3,7667.0,3.2,0.0,0.0,0.,0.0,15827.0,15333.,3.2,0.03077,0.03117,-1.3,0.83,283,487.,562.,0.016,-0.022,0,2394042.,901629,901630, , ,2024-11-18 11:19:15,True,False,False,3.3983321963493007
2024-11-19,FHMRF,FHMRF,2024/11/19,04:34:59,CMA619,VHHHUBBB,340,-18,41 N,26.3,248.2,24.0,18617.5,82.880,-0.238,-0.9,-1.1,13535.0,54858.0,54349.,54366.,0.0,0.,13409.,13413.0,0.,0.0,7612.,2.9,7608.0,2.9,0.0,0.0,0.,0.0,15663.0,15219.,2.9,0.03107,0.03163,-1.8,0.835,292,487.,412.,0.009,0.013,0,2222137.,901629,901630, , ,2024-11-19 04:34:59,True,False,False,3.4005292532880866
2024-11-19,FHMRF,FHMRF,2024/11/19,09:59:42,CMA619,UBBBLFPG,340,-27,46 N,24.9,255.7,30.0,18643.6,81.610,-0.552,-2.2,-2.3,13773.0,55825.0,54583.,54583.,0.0,0.,13467.,13467.0,0.,0.0,7464.,3.9,7464.0,3.3,0.0,0.0,0.,0.0,15464.0,14929.,3.6,0.03088,0.03126,-1.2,0.833,291,478.,433.,0.005,-0.024,0,2290102.,901629,901630, , ,2024-11-19 09:59:42,True,False,False,3.4030775625055942
2024-11-19,FHMRF,FHMRF,2024/11/19,23:21:46,CMA612,LFPGVHHH,350,-28,43 N,34.1,244.8,28.0,18650.9,81.420,-0.14,-0.6,-0.7,12878.0,54725.0,54441.,54406.,0.0,0.,12811.,12803.0,0.,0.0,7088.,3.3,7096.0,2.7,0.0,0.0,0.,0.0,14605.0,14184.,3.0,0.03257,0.03329,-2.2,0.831,284,476.,509.,-0.001,0.032,0,2286415.,901629,901630, , ,2024-11-19 23:21:46,True,False,False,3.4059717918608188
2024-11-20,FHMRF,FHMRF,2024/11/20,07:03:40,CMA612,LFPGVHHH,391,-17,27 N,29.2,197.2,24.0,18642.3,82.930,-0.159,-0.6,-0.8,10476.0,54207.0,53853.,53890.,0.0,0.,10408.,10415.0,0.,0.0,5984.,2.4,5977.0,3.1,0.0,0.0,0.,0.0,12290.0,11961.,2.7,0.0396,0.04037,-1.9,0.833,259,487.,531.,-0.016,0.024,0,2237321.,901629,901630, , ,2024-11-20 07:03:40,True,False,False,3.4092057964033176
2024-11-20,FHMRF,FHMRF,2024/11/20,07:11:38,CMA612,LFPGVHHH,391,-18,26 N,29.2,196.4,24.0,18642.9,83.075,-0.408,-1.6,-1.7,10678.0,55249.0,54357.,54415.,0.0,0.,10505.,10517.0,0.,0.0,6022.,3.0,6017.0,3.0,0.0,0.0,0.,0.0,12399.0,12039.,3.0,0.03917,0.03967,-1.3,0.832,258,486.,517.,0.006,0.004,0,2229882.,901629,901630, , ,2024-11-20 07:11:38,True,False,False,3.412772638521494
2024-11-23,FHMRF,FHMRF,2024/11/23,02:10:02,CMA616,LFPGVHHH,330,-22,41 N,35.0,271.4,28.0,18638.2,82.650,-0.234,-0.9,-1.1,14391.0,55652.0,55130.,55127.,0.0,0.,14256.,14255.0,0.,0.0,7962.,3.3,7962.0,3.3,0.0,0.0,0.,0.0,16444.0,15924.,3.3,0.02925,0.02987,-2.1,0.831,297,481.,524.,0.012,-0.012,0,2305952.,901629,901630, , ,2024-11-23 02:10:02,True,False,False,3.416664610935306
2024-11-23,FHMRF,FHMRF,2024/11/23,03:53:17,CMA616,LFPGVHHH,350,-27,41 N,32.2,259.0,30.0,18632.3,83.180,-0.374,-1.6,-1.7,13967.0,59355.0,58366.,58426.,0.0,0.,13734.,13748.0,0.,0.0,7601.,3.5,7588.0,3.6,0.0,0.0,0.,0.0,15733.0,15189.,3.6,0.03028,0.03084,-1.8,0.831,284,476.,491.,0.023,0.020,0,2418317.,901629,901630, , ,2024-11-23 03:53:17,True,False,False,3.4208732624382474
2024-11-23,FHMRF,FHMRF,2024/11/23,03:56:17,CMA616,LFPGVHHH,350,-27,41 N,32.2,258.6,30.0,18632.3,83.200,-0.149,-0.6,-0.8,13866.0,58927.0,58514.,58574.,0.0,0.,13769.,13783.0,0.,0.0,7619.,3.8,7606.0,3.4,0.0,0.0,0.,0.0,15778.0,15226.,3.6,0.03022,0.03107,-2.7,0.832,284,477.,494.,0.017,-0.007,0,2414885.,901629,901630, , ,2024-11-23 03:56:17,True,False,False,3.4253894262606863
2024-11-23,FHMRF,FHMRF,2024/11/23,08:38:56,CMA616,LFPGVHHH,371,-11,24 N,30.1,226.5,26.0,18634.4,84.990,-0.533,-2.3,-2.3,12287.0,57747.0,56382.,56444.,0.0,0.,11996.,12010.0,0.,0.0,6961.,3.3,6949.0,3.2,0.0,0.0,0.,0.0,14362.0,13910.,3.3,0.03443,0.03473,-0.9,0.837,273,495.,570.,0.008,0.012,0,2331958.,901629,901630, , ,2024-11-23 08:38:56,True,False,False,3.430203250899561
2024-11-24,FHMRF,FHMRF,2024/11/24,16:41:52,CMA626,LFPGZSPD,350,-23,43 N,30.7,252.1,30.0,18613.7,83.135,-0.267,-1.2,-1.4,13484.0,57303.0,56530.,56717.,0.0,0.,13302.,13346.0,0.,0.0,7460.,3.6,7428.0,3.7,0.0,0.0,0.,0.0,15433.0,14888.,3.7,0.03112,0.03182,-2.2,0.831,284,480.,491.,0.012,-0.016,0,2355198.,901629,901630, , ,2024-11-24 16:41:52,True,False,False,3.4353042332457604
2024-11-26,FHMRF,FHMRF,2024/11/26,09:25:47,CMA610,LFPGVHHH,371,-15,23 N,24.1,161.4,24.0,18618.9,78.980,-0.734,-3.1,-2.8,9791.0,46018.0,44606.,44565.,0.0,0.,9491.,9482.0,0.,0.0,5546.,4.1,5553.0,3.5,0.0,0.0,0.,0.0,11523.0,11099.,3.8,0.04182,0.04221,-0.9,0.82,266,482.,560.,0.012,-0.023,0,1660876.,901629,901630, , ,2024-11-26 09:25:47,True,False,False,3.440681253839466
2024-11-26,FHMRF,FHMRF,2024/11/26,14:17:27,CMA611,VHHHUBBB,276,7,26 N,32.4,292.7,28.0,18612.5,84.530,0.331,1.6,1.2,15999.0,48354.0,49118.,49118.,0.0,0.,16252.,16252.0,0.,0.0,9703.,2.2,9703.0,2.8,0.0,0.0,0.,0.0,19893.0,19406.,2.5,0.02533,0.02626,-3.6,0.823,330,504.,415.,-0.003,-0.005,0,1953001.,901629,901630, , ,2024-11-26 14:17:27,True,False,False,3.4463226140895626
2024-11-26,FHMRF,FHMRF,2024/11/26,17:41:55,CMA611,VHHHUBBB,321,-21,44 N,28.6,265.5,29.0,18605.6,81.710,0.005,0.0,-0.2,14260.0,52883.0,52889.,52901.,0.0,0.,14261.,14265.0,0.,0.0,8000.,3.3,7997.0,3.1,0.0,0.0,0.,0.0,16514.0,15996.,3.2,0.02907,0.02995,-2.9,0.828,301,480.,494.,0.008,-0.006,0,2175202.,901629,901630, , ,2024-11-26 17:41:55,True,False,False,3.4522160753005418
2024-11-26,FHMRF,FHMRF,2024/11/26,18:01:00,CMA611,VHHHUBBB,321,-21,45 N,28.4,263.1,29.0,18611.6,81.430,-0.064,-0.3,-0.5,14112.0,52335.0,52196.,52208.,0.0,0.,14075.,14078.0,0.,0.0,7903.,2.6,7900.0,3.0,0.0,0.0,0.,0.0,16239.0,15803.,2.8,0.02955,0.03022,-2.2,0.827,301,480.,491.,0.005,0.007,0,2155590.,901629,901630, , ,2024-11-26 18:01:00,True,False,False,3.4583488993531812
2024-11-27,FHMRF,FHMRF,2024/11/27,17:02:54,CMA620,LFPGZSPD,391,-34,43 N,27.7,206.3,26.0,18614.0,81.890,-0.363,-1.6,-1.7,11443.0,59206.0,58258.,58241.,0.0,0.,11260.,11256.0,0.,0.0,6163.,4.0,6166.0,4.0,0.0,0.0,0.,0.0,12821.0,12329.,4.0,0.03663,0.03744,-2.1,0.832,259,470.,476.,0.033,-0.015,0,2348338.,901629,901630, , ,2024-11-27 17:02:54,True,False,False,3.464707890876106
2024-11-29,FHMRF,FHMRF,2024/11/29,16:44:58,CMA615,VHHHUBBB,340,-24,47 N,27.9,267.4,30.0,18605.9,83.000,-0.486,-2.1,-2.0,14262.0,57816.0,56579.,56579.,0.0,0.,13957.,13957.0,0.,0.0,7834.,3.3,7834.0,3.1,0.0,0.0,0.,0.0,16166.0,15667.,3.2,0.02975,0.03008,-1.1,0.834,291,481.,442.,0.008,-0.518,0,2395640.,901629,901630, , ,2024-11-29 16:44:58,True,False,False,3.47127944072203
2024-11-30,FHMRF,FHMRF,2024/11/30,12:06:52,CMA624,LFPGZSPD,330,-27,41 N,36.3,286.7,31.0,18609.8,83.160,-0.355,-1.5,-1.3,15341.0,59329.0,58425.,58422.,0.0,0.,15108.,15107.0,0.,0.0,8388.,3.2,8389.0,3.2,0.0,0.0,0.,0.0,17318.0,16776.,3.2,0.02744,0.02796,-1.9,0.83,296,475.,480.,0.026,-0.007,0,2436562.,901629,901630, , ,2024-11-30 12:06:52,True,False,False,3.4780495705341252
2024-11-30,FHMRF,FHMRF,2024/11/30,16:09:51,CMA624,LFPGZSPD,351,-28,44 N,32.4,256.4,26.0,18612.8,82.805,-0.274,-1.2,-1.0,13684.0,58432.0,57716.,57738.,0.0,0.,13516.,13522.0,0.,0.0,7538.,3.4,7542.0,3.3,0.0,0.0,0.,0.0,15582.0,15080.,3.3,0.0305,0.03122,-2.3,0.831,283,475.,521.,0.014,-0.003,0,2406363.,901629,901630, , ,2024-11-30 16:09:51,True,False,False,3.4850039781662097
2024-12-01,FHMRF,FHMRF,2024/12/01,06:19:26,CMA625,ZSPDUBBB,340,-30,47 N,30.2,263.4,25.0,18605.8,81.270,-0.225,-0.9,-1.1,13725.0,55631.0,55109.,55120.,0.0,0.,13597.,13599.0,0.,0.0,7479.,4.1,7476.0,3.7,0.0,0.0,0.,0.0,15540.0,14955.,3.9,0.03047,0.03132,-2.7,0.832,291,474.,452.,-0.013,-0.003,0,2359301.,901629,901630, , ,2024-12-01 06:19:26,True,False,False,3.4921280837075552
2024-12-01,FHMRF,FHMRF,2024/12/01,06:30:37,CMA625,ZSPDUBBB,340,-30,47 N,30.2,262.0,24.0,18602.0,81.700,-0.207,-0.9,-1.1,13981.0,56664.0,56124.,56134.,0.0,0.,13848.,13850.0,0.,0.0,7608.,4.0,7605.0,3.4,0.0,0.0,0.,0.0,15778.0,15213.,3.7,0.03002,0.03079,-2.5,0.832,290,474.,450.,0.008,0.000,0,2347189.,901629,901630, , ,2024-12-01 06:30:37,True,False,False,3.4994070758536484
2024-12-01,FHMRF,FHMRF,2024/12/01,11:11:54,CMA625,UBBBLFPG,320,-23,41 N,29.9,276.3,28.0,18618.7,81.960,-0.318,-1.2,-1.4,14861.0,54856.0,54184.,54187.,0.0,0.,14679.,14680.0,0.,0.0,8177.,3.6,8176.0,3.5,0.0,0.0,0.,0.0,16935.0,16354.,3.6,0.02832,0.02893,-2.1,0.831,304,480.,441.,0.015,0.010,0,2254122.,901629,901630, , ,2024-12-01 11:11:54,True,False,False,3.5068259583565573
2024-12-02,FHMRF,FHMRF,2024/12/02,00:56:36,CMA618,LFPGVHHH,330,-29,41 N,32.2,256.9,30.0,18604.9,80.350,-0.024,-0.1,-0.2,13599.0,52592.0,52536.,52546.,0.0,0.,13585.,13587.0,0.,0.0,7543.,3.5,7541.0,3.5,0.0,0.0,0.,0.0,15608.0,15084.,3.5,0.03036,0.03137,-3.2,0.83,297,474.,500.,0.003,-0.009,0,2182860.,901629,901630, , ,2024-12-02 00:56:36,True,False,False,3.5143695962874317
2024-12-02,FHMRF,FHMRF,2024/12/02,18:53:00,CMA619,VHHHUBBB,340,-30,46 N,26.1,253.9,25.0,18603.1,81.320,-0.16,-0.7,-0.8,13722.0,55616.0,55264.,55220.,0.0,0.,13635.,13624.0,0.,0.0,7489.,3.9,7499.0,3.9,0.0,0.0,0.,0.0,15567.0,14988.,3.9,0.03038,0.03129,-2.9,0.831,290,473.,464.,0.013,0.021,0,2273849.,901629,901630, , ,2024-12-02 18:53:00,True,False,False,3.5220227618514874
2024-12-04,FHMRF,FHMRF,2024/12/04,00:36:59,CMA612,LFPGVHHH,370,-20,41 N,31.8,228.3,29.0,18600.9,83.465,-0.468,-2.1,-2.2,12255.0,57322.0,56147.,56118.,0.0,0.,12004.,11998.0,0.,0.0,6793.,3.1,6791.0,3.7,0.0,0.0,0.,0.0,14042.0,13583.,3.4,0.0344,0.03479,-1.1,0.831,271,483.,519.,0.011,-0.025,0,2344992.,901629,901630, , ,2024-12-04 00:36:59,True,False,False,3.5297701795084486
2024-12-04,FHMRF,FHMRF,2024/12/04,01:01:23,CMA612,LFPGVHHH,370,-20,41 N,31.4,225.7,29.0,18604.7,83.580,-0.404,-1.8,-1.9,12274.0,57409.0,56385.,56381.,0.0,0.,12055.,12054.0,0.,0.0,6819.,3.8,6820.0,3.8,0.0,0.0,0.,0.0,14159.0,13639.,3.8,0.03413,0.03475,-1.8,0.831,271,483.,525.,0.021,0.001,0,2318300.,901629,901630, , ,2024-12-04 01:01:23,True,False,False,3.537596570163878
2024-12-04,FHMRF,FHMRF,2024/12/04,01:17:00,CMA612,LFPGVHHH,370,-21,41 N,31.2,224.1,29.0,18605.9,82.920,-0.259,-1.1,-1.3,11972.0,56000.0,55363.,55359.,0.0,0.,11836.,11835.0,0.,0.0,6686.,4.3,6687.0,3.5,0.0,0.0,0.,0.0,13890.0,13372.,3.9,0.03472,0.03559,-2.5,0.832,271,482.,528.,0.003,0.006,0,2301385.,901629,901630, , ,2024-12-04 01:17:00,True,False,False,3.5454866942080723
2024-12-04,FHMRF,FHMRF,2024/12/04,01:20:27,CMA612,LFPGVHHH,370,-22,41 N,31.1,223.7,29.0,18605.9,82.890,-0.38,-1.7,-1.8,12066.0,56439.0,55472.,55468.,0.0,0.,11860.,11859.0,0.,0.0,6686.,3.7,6686.0,4.3,0.0,0.0,0.,0.0,13904.0,13372.,4.0,0.03461,0.03533,-2.0,0.831,271,481.,529.,0.013,0.000,0,2297640.,901629,901630, , ,2024-12-04 01:20:27,True,False,False,3.5534253931906994
2024-12-04,FHMRF,FHMRF,2024/12/04,01:23:27,CMA612,LFPGVHHH,370,-22,41 N,31.1,223.4,29.0,18605.9,82.815,-0.423,-1.9,-2.0,12087.0,56536.0,55448.,55466.,0.0,0.,11854.,11858.0,0.,0.0,6676.,4.4,6679.0,3.2,0.0,0.0,0.,0.0,13866.0,13356.,3.8,0.03468,0.03528,-1.7,0.831,271,481.,530.,0.016,-0.004,0,2294354.,901629,901630, , ,2024-12-04 01:23:27,True,False,False,3.561397629933405
2024-12-04,FHMRF,FHMRF,2024/12/04,03:58:54,CMA612,LFPGVHHH,391,-21,37 N,30.0,207.6,24.0,18609.9,83.450,-0.308,-1.4,-1.5,11096.0,57412.0,56624.,56620.,0.0,0.,10944.,10943.0,0.,0.0,6196.,3.9,6197.0,3.3,0.0,0.0,0.,0.0,12836.0,12393.,3.6,0.03757,0.03832,-1.9,0.832,258,482.,565.,-0.001,-0.020,0,2357406.,901629,901630, , ,2024-12-04 03:58:54,True,False,False,3.5693885269017307
2024-12-04,FHMRF,FHMRF,2024/12/04,16:54:31,CMA613,VHHHUBBB,340,-29,47 N,26.6,265.7,24.0,18610.3,82.250,-0.437,-1.9,-2.0,14320.0,58041.0,56913.,56923.,0.0,0.,14042.,14044.0,0.,0.0,7725.,4.1,7722.0,3.6,0.0,0.0,0.,0.0,16044.0,15447.,3.9,0.02957,0.0301,-1.7,0.831,290,474.,492.,0.012,-0.010,0,2380096.,901629,901630, , ,2024-12-04 16:54:31,True,False,False,3.5773834026820404
2024-12-06,FHMRF,FHMRF,2024/12/06,11:20:15,CMA623,UBBBLFPG,320,-23,41 N,26.4,274.8,29.0,18613.0,82.415,-0.122,-0.5,-0.7,14991.0,55340.0,55094.,55070.,0.0,0.,14925.,14918.0,0.,0.0,8318.,3.5,8316.0,4.1,0.0,0.0,0.,0.0,17271.0,16633.,3.8,0.02785,0.02872,-3.0,0.833,304,481.,425.,0.021,0.003,0,2241812.,901629,901630, , ,2024-12-06 11:20:15,True,False,False,3.5853678064347103
2024-12-06,FHMRF,FHMRF,2024/12/06,11:23:15,CMA623,UBBBLFPG,320,-23,41 N,26.4,274.4,30.0,18613.2,82.300,-0.021,-0.1,-0.3,14860.0,54855.0,54813.,54810.,0.0,0.,14849.,14848.0,0.,0.0,8281.,4.0,8281.0,4.0,0.0,0.0,0.,0.0,17224.0,16562.,4.0,0.02793,0.02895,-3.5,0.833,304,481.,428.,0.014,-0.012,0,2238643.,901629,901630, , ,2024-12-06 11:23:15,True,False,False,3.5933275502175888
2024-12-07,FHMRF,FHMRF,2024/12/07,00:10:15,CMA616,LFPGVHHH,390,-21,41 N,29.1,222.1,28.0,18597.0,84.990,-0.318,-1.4,-1.5,11942.0,61494.0,60592.,60679.,0.0,0.,11767.,11784.0,0.,0.0,6648.,3.7,6632.0,3.4,0.0,0.0,0.,0.0,13752.0,13280.,3.6,0.03502,0.03571,-1.9,0.831,259,482.,524.,0.0,0.014,0,2511850.,901629,901630, , ,2024-12-07 00:10:15,True,False,False,3.6012487390937076
2024-12-07,FHMRF,FHMRF,2024/12/07,00:48:46,CMA616,LFPGVHHH,390,-24,41 N,28.5,218.2,28.0,18605.3,84.080,-0.174,-0.8,-1.0,11642.0,59950.0,59437.,59523.,0.0,0.,11543.,11559.0,0.,0.0,6487.,3.8,6472.0,3.9,0.0,0.0,0.,0.0,13461.0,12958.,3.9,0.03562,0.03664,-2.8,0.832,259,479.,513.,-0.005,-0.013,0,2467845.,901629,901630, , ,2024-12-07 00:48:46,True,False,False,3.609117798957264
2024-12-07,FHMRF,FHMRF,2024/12/07,00:56:37,CMA616,LFPGVHHH,390,-26,41 N,28.4,217.5,28.0,18600.9,83.630,-0.344,-1.5,-1.6,11620.0,59833.0,58885.,58970.,0.0,0.,11436.,11453.0,0.,0.0,6416.,3.8,6400.0,4.2,0.0,0.0,0.,0.0,13328.0,12816.,4.0,0.03591,0.03674,-2.3,0.833,259,479.,513.,-0.005,0.013,0,2459336.,901629,901630, , ,2024-12-07 00:56:37,True,False,False,3.6169215020330063
2024-12-07,FHMRF,FHMRF,2024/12/07,04:11:38,CMA616,LFPGVHHH,391,-20,36 N,27.1,198.3,24.0,18609.9,83.590,-0.317,-1.4,-1.5,11044.0,57141.0,56291.,56373.,0.0,0.,10879.,10895.0,0.,0.0,6190.,3.4,6176.0,4.2,0.0,0.0,0.,0.0,12835.0,12366.,3.8,0.03751,0.03834,-2.2,0.828,257,481.,576.,0.033,-0.001,0,2250415.,901629,901630, , ,2024-12-07 04:11:38,True,False,False,3.6246469900251226
2024-12-08,FHMRF,FHMRF,2024/12/08,00:00:02,CMA617,UBBBLFPG,320,-16,41 N,25.8,274.8,27.0,18610.8,83.570,0.288,1.1,0.8,14751.0,54453.0,55065.,55043.,0.0,0.,14917.,14911.0,0.,0.0,8465.,3.4,8471.0,3.8,0.0,0.0,0.,0.0,17543.0,16936.,3.6,0.02787,0.02908,-4.2,0.835,305,489.,373.,0.0,-0.033,0,2241539.,901629,901630, , ,2024-12-08 00:00:02,True,False,False,3.632281794912157
2024-12-08,FHMRF,FHMRF,2024/12/08,00:07:24,CMA617,UBBBLFPG,320,-16,41 N,25.7,273.9,28.0,18609.1,83.310,0.133,0.5,0.2,14701.0,54266.0,54556.,54533.,0.0,0.,14779.,14773.0,0.,0.0,8398.,3.2,8404.0,3.0,0.0,0.0,0.,0.0,17328.0,16801.,3.1,0.02824,0.02919,-3.2,0.836,305,489.,375.,-0.003,-0.027,0,2234348.,901629,901630, , ,2024-12-08 00:07:24,True,False,False,3.6398138574047336
2024-12-09,FHMRF,FHMRF,2024/12/09,06:42:39,CMA627,ZSPDUBBB,340,-26,41 N,23.9,260.6,26.0,18595.3,82.500,-0.483,-2.2,-2.0,14158.0,57382.0,56146.,56150.,0.0,0.,13853.,13854.0,0.,0.0,7749.,3.8,7749.0,3.7,0.0,0.0,0.,0.0,16082.0,15498.,3.8,0.02979,0.03029,-1.7,0.834,291,479.,388.,0.009,0.032,0,2333555.,901629,901630, , ,2024-12-09 06:42:39,True,False,False,3.6472315431004225
2024-12-10,FHMRF,FHMRF,2024/12/10,01:15:35,CMA610,LFPGVHHH,370,-24,41 N,32.4,228.8,30.0,18585.3,82.990,-0.177,-0.8,-0.9,12235.0,57226.0,56739.,56809.,0.0,0.,12130.,12145.0,0.,0.0,6812.,4.1,6798.0,4.1,0.0,0.0,0.,0.0,14169.0,13610.,4.1,0.03379,0.03485,-3.0,0.831,271,479.,516.,0.009,0.024,0,2350910.,901629,901630, , ,2024-12-10 01:15:35,True,False,False,3.654523656379304
2024-12-10,FHMRF,FHMRF,2024/12/10,01:34:30,CMA610,LFPGVHHH,370,-24,41 N,32.2,226.8,30.0,18590.3,82.820,-0.295,-1.3,-1.4,12173.0,56939.0,56150.,56219.,0.0,0.,12005..,12019.0,0.,0.0,6751.,4.2,6737.0,3.6,0.0,0.0,0.,0.0,14014.0,13489.,3.9,0.03419,0.03502,-2.4,0.831,271,479.,526.,0.012,-0.019,0,2330155.,901629,901630, , ,2024-12-10 01:34:30,True,False,False,3.6616794520832734
2024-12-10,FHMRF,FHMRF,2024/12/10,01:37:30,CMA610,LFPGVHHH,370,-24,41 N,32.2,226.5,30.0,18588.4,82.860,-0.326,-1.5,-1.6,12215.0,57131.0,56261.,56330.,0.0,0.,12029.,12044.0,0.,0.0,6764.,3.6,6750.0,3.8,0.0,0.0,0.,0.0,14020.0,13514.,3.7,0.03418,0.0349,-2.1,0.831,271,479.,528.,0.016,0.001,0,2326685.,901629,901630, , ,2024-12-10 01:37:30,True,False,False,3.6686886450192593
2024-12-10,FHMRF,FHMRF,2024/12/10,19:06:37,CMA611,VHHHUBBB,360,-32,45 N,27.2,232.8,26.0,18598.0,81.350,-0.42,-1.9,-2.0,12752.0,56848.0,55760.,55760.,0.0,0.,12508.,12508.0,0.,0.0,6877.,4.1,6877.0,4.1,0.0,0.0,0.,0.0,14320.0,13755.,4.1,0.03294,0.03362,-2.0,0.831,277,472.,476.,0.024,-0.009,0,2291244.,901629,901630, , ,2024-12-10 19:06:37,True,False,False,3.6755414173312086
2024-12-11,FHMRF,FHMRF,2024/12/11,07:48:22,CMA620,LFPGZSPD,290,-15,49 N,29.5,321.8,32.0,18593.2,83.590,0.061,0.2,-0.1,16994.0,54690.0,54811.,54822.,0.0,0.,17032.,17035.0,0.,0.0,9660.,4.8,9657.0,4.8,0.0,0.0,0.,0.0,20243.0,19317.,4.8,0.02416,0.02531,-4.5,0.834,325,489.,391.,-0.002,-0.058,0,2281354.,901629,901630, , ,2024-12-11 07:48:22,True,False,False,3.6822284238004714
2024-12-12,FHMRF,FHMRF,2024/12/12,05:03:45,CMA621,ZSPDUBBB,340,-29,45 N,27.7,264.9,24.0,18604.9,82.090,-0.328,-1.5,-1.4,14111.0,57195.0,56352.,56352.,0.0,0.,13903.,13903.0,0.,0.0,7705.,3.8,7705.0,3.8,0.0,0.0,0.,0.0,15999.0,15410.,3.8,0.02966,0.03037,-2.3,0.831,290,475.,490.,0.004,-0.038,0,2372529.,901629,901630, , ,2024-12-12 05:03:45,True,False,False,3.6887407951562046
2024-12-12,FHMRF,FHMRF,2024/12/12,13:04:52,CMA621,UBBBLFPG,340,-29,46 N,27.0,255.1,25.0,18637.5,81.605,-0.045,-0.2,-0.4,13644.0,55302.0,55216.,55195.,0.0,0.,13623.,13618.0,0.,0.0,7496.,3.9,7494.0,3.9,0.0,0.0,0.,0.0,15578.0,14990.,3.9,0.03044,0.0315,-3.4,0.83,290,474.,478.,0.006,-0.014,0,2284473.,901629,901630, , ,2024-12-12 13:04:52,True,False,False,3.6950701395064143
2024-12-12,FHMRF,FHMRF,2024/12/12,13:35:59,CMA621,UBBBLFPG,340,-28,48 N,27.0,251.5,26.0,18639.8,81.140,-0.27,-1.1,-1.2,13473.0,54608.0,54032.,54032.,0.0,0.,13331.,13331.0,0.,0.0,7357.,3.4,7357.0,3.4,0.0,0.0,0.,0.0,15221.0,14715.,3.4,0.03119,0.03187,-2.1,0.83,290,475.,490.,0.006,-0.007,0,2252503.,901629,901630, , ,2024-12-12 13:35:59,True,False,False,3.7012085420375187
2024-12-12,FHMRF,FHMRF,2024/12/12,14:01:54,CMA621,UBBBLFPG,340,-28,49 N,26.9,248.4,25.0,18639.8,81.290,-0.145,-0.6,-0.8,13452.0,54522.0,54212.,54212.,0.0,0.,13376.,13376.0,0.,0.0,7382.,3.6,7382.0,3.7,0.0,0.0,0.,0.0,15300.0,14765.,3.6,0.03101,0.03189,-2.7,0.829,289,475.,508.,0.015,0.006,0,2225187.,901629,901630, , ,2024-12-12 14:01:54,True,False,False,3.707148563169511
2024-12-14,FHMRF,FHMRF,2024/12/14,16:02:34,CMA624,LFPGZSPD,351,-25,42 N,30.0,243.5,26.0,18609.2,81.935,-0.228,-0.9,-0.7,12854.0,54886.0,54410.,54389.,0.0,0.,12742.,12737.0,0.,0.0,7199.,3.5,7197.0,3.4,0.0,0.0,0.,0.0,14894.0,14396.,3.5,0.03218,0.03307,-2.7,0.833,284,479.,476.,-0.005,-0.010,0,2285209.,901629,901630, , ,2024-12-14 16:02:34,True,False,False,3.7128832353827868
2024-12-16,FHMRF,FHMRF,2024/12/16,03:49:56,CMA618,LFPGVHHH,351,-24,38 N,29.3,227.3,26.0,18601.1,80.720,-0.037,-0.2,-0.2,12084.0,51599.0,51512.,51505.,0.0,0.,12063.,12062.0,0.,0.0,6799.,3.5,6800.0,2.9,0.0,0.0,0.,0.0,14034.0,13599.,3.2,0.03395,0.03496,-2.9,0.826,281,477.,549.,-0.006,0.016,0,2130186.,901629,901630, , ,2024-12-16 03:49:56,True,False,False,3.718406058944062
2024-12-18,FHMRF,FHMRF,2024/12/18,06:05:14,CMA612,LFPGVHHH,391,-21,24 N,31.7,192.6,24.0,18611.0,82.040,-0.24,-0.9,-1.1,10401.0,53818.0,53273.,53347.,0.0,0.,10296.,10310.0,0.,0.0,5868.,2.8,5855.0,3.6,0.0,0.0,0.,0.0,12100.0,11723.,3.2,0.0397,0.04053,-2.0,0.828,257,480.,565.,0.004,0.009,2,2182548.,901629,901630, , ,2024-12-18 06:05:14,True,False,False,3.7237109967540998
2024-12-19,FHMRF,FHMRF,2024/12/19,16:40:06,CMA622,LFPGZSPD,391,-24,43 N,29.2,211.9,26.0,18611.1,83.625,-0.283,-1.2,-1.2,11374.0,58850.0,58109.,58134.,0.0,0.,11231.,11236.0,0.,0.0,6338.,3.8,6341.0,3.2,0.0,0.0,0.,0.0,13127.0,12679.,3.5,0.0365,0.03733,-2.2,0.831,258,479.,546.,0.002,-0.009,0,2410954.,901629,901630, , ,2024-12-19 16:40:06,True,False,False,3.7287924685237153
2024-12-20,FHMRF,FHMRF,2024/12/20,03:46:13,CMA623,ZSPDUBBB,321,-22,43 N,29.2,270.6,30.0,18633.2,81.620,-0.046,-0.2,-0.4,14269.0,52914.0,52818.,52815.,0.0,0.,14243.,14242.0,0.,0.0,7995.,3.2,7996.0,3.0,0.0,0.0,0.,0.0,16494.0,15992.,3.1,0.02926,0.03005,-2.6,0.833,304,483.,445.,-0.01,0.015,0,2217659.,901629,901630, , ,2024-12-20 03:46:13,True,False,False,3.7336453444593345
2024-12-20,FHMRF,FHMRF,2024/12/20,11:05:46,CMA623,UBBBLFPG,340,-24,41 N,28.9,264.2,29.0,18617.0,82.970,-0.369,-1.6,-1.8,14261.0,57800.0,56857.,56861.,0.0,0.,14028.,14029.0,0.,0.0,7800.,3.7,7800.0,3.7,0.0,0.0,0.,0.0,16178.0,15600.,3.7,0.02963,0.03019,-1.9,0.832,290,479.,458.,0.015,0.000,0,2365921.,901629,901630, , ,2024-12-20 11:05:46,True,False,False,3.738264938607131
2024-12-20,FHMRF,FHMRF,2024/12/20,11:11:42,CMA623,UBBBLFPG,340,-23,41 N,28.9,263.4,29.0,18616.0,83.490,-0.346,-1.5,-1.6,14525.0,58873.0,57977.,57981.,0.0,0.,14304.,14305.0,0.,0.0,8019.,3.9,8018.0,3.3,0.0,0.0,0.,0.0,16611.0,16038.,3.6,0.02934,0.02989,-1.8,0.846,296,487.,471.,0.005,0.002,0,2359390.,901629,901630, , ,2024-12-20 11:11:42,True,False,False,3.7426470019692784
2024-12-20,FHMRF,FHMRF,2024/12/20,23:23:50,CMA616,LFPGVHHH,370,-28,41 N,32.5,223.3,30.0,18614.8,81.130,-0.368,-1.5,-1.5,11669.0,54580.0,53787.,53787.,0.0,0.,11500.,11500.0,0.,0.0,6421.,3.8,6421.0,3.2,0.0,0.0,0.,0.0,13296.0,12842.,3.5,0.03584,0.03654,-1.9,0.833,272,477.,485.,-0.015,0.005,0,2294793.,901629,901630, , ,2024-12-20 23:23:50,True,False,False,3.746787715471781
2024-12-20,FHMRF,FHMRF,2024/12/20,23:28:07,CMA616,LFPGVHHH,370,-27,41 N,32.5,222.9,30.0,18618.7,81.380,-0.458,-1.8,-1.7,11779.0,55096.0,54111.,54115.,0.0,0.,11569.,11569.0,0.,0.0,6483.,3.8,6483.0,3.8,0.0,0.0,0.,0.0,13454.0,12966.,3.8,0.03541,0.03612,-2.0,0.832,271,476.,482.,-0.004,0.000,0,2290491.,901629,901630, , ,2024-12-20 23:28:07,True,False,False,3.7506836828345422
2024-12-21,FHMRF,FHMRF,2024/12/21,04:46:29,CMA616,LFPGVHHH,411,-26,35 N,29.8,192.0,24.0,18615.3,83.330,-0.353,-1.5,-1.5,10426.0,59386.0,58465.,58470.,0.0,0.,10264.,10265.0,0.,0.0,5790.,2.9,5790.0,3.3,0.0,0.0,0.,0.0,11936.0,11580.,3.1,0.04002,0.04065,-1.5,0.833,247,478.,552.,0.009,0.008,0,2399094.,901629,901630, , ,2024-12-21 04:46:29,True,False,False,3.754331923372295
2024-12-21,FHMRF,FHMRF,2024/12/21,19:04:52,CMA617,VHHHUBBB,340,-27,45 N,26.5,264.3,24.0,18611.0,82.290,-0.373,-1.7,-1.8,14106.0,57170.0,56226.,56201.,0.0,0.,13873.,13867.0,0.,0.0,7676.,4.8,7682.0,3.7,0.0,0.0,0.,0.0,16013.0,15358.,4.3,0.02978,0.0305,-2.4,0.832,291,477.,484.,0.001,-0.004,0,2367530.,901629,901630, , ,2024-12-21 19:04:52,True,False,False,3.7577298647381374
2024-12-21,FHMRF,FHMRF,2024/12/21,19:07:52,CMA617,VHHHUBBB,340,-27,45 N,26.4,264.0,24.0,18611.0,82.230,-0.264,-1.2,-1.3,14022.0,56832.0,56166.,56142.,0.0,0.,13857.,13851.0,0.,0.0,7664.,3.8,7670.0,4.1,0.0,0.0,0.,0.0,15943.0,15334.,4.0,0.02989,0.03067,-2.5,0.832,291,477.,483.,-0.003,-0.008,2,2364372.,901629,901630, , ,2024-12-21 19:07:52,True,False,False,3.7608753356068454
2024-12-22,FHMRF,FHMRF,2024/12/22,12:21:20,CMA626,LFPGZSPD,350,-30,46 N,33.7,265.8,33.0,18607.0,82.620,-0.199,-0.9,-0.9,13838.0,58807.0,58293.,58293.,0.0,0.,13717.,13717.0,0.,0.0,7564.,4.0,7564.0,4.0,0.0,0.0,0.,0.0,15734.0,15127.,4.0,0.03012,0.03105,-3.0,0.832,284,474.,495.,-0.008,-0.010,0,2483904.,901629,901630, , ,2024-12-22 12:21:20,True,False,False,3.763766558283307
2024-12-22,FHMRF,FHMRF,2024/12/22,12:32:08,CMA626,LFPGZSPD,350,-30,46 N,33.4,264.5,33.0,18611.0,82.750,-0.17,-0.7,-0.8,13921.0,59159.0,58720.,58720.,0.0,0.,13817.,13817.0,0.,0.0,7604.,4.5,7604.0,3.9,0.0,0.0,0.,0.0,15845.0,15209.,4.2,0.02986,0.03087,-3.3,0.831,284,473.,496.,0.003,0.001,0,2471917.,901629,901630, , ,2024-12-22 12:32:08,True,False,False,3.7664021412173927
2024-12-22,FHMRF,FHMRF,2024/12/22,12:37:37,CMA626,LFPGZSPD,350,-30,47 N,33.3,263.8,33.0,18605.9,82.500,-0.195,-0.9,-0.9,13811.0,58693.0,58189.,58189.,0.0,0.,13693.,13693.0,0.,0.0,7543.,3.8,7543.0,3.7,0.0,0.0,0.,0.0,15655.0,15087.,3.8,0.03024,0.0311,-2.8,0.832,284,473.,498.,-0.003,-0.003,0,2465709.,901629,901630, , ,2024-12-22 12:37:37,True,False,False,3.76878107141482
2024-12-22,FHMRF,FHMRF,2024/12/22,12:52:15,CMA626,LFPGZSPD,350,-31,47 N,33.1,262.1,33.0,18608.0,82.220,-0.091,-0.4,-0.5,13620.0,57883.0,57649.,57649.,0.0,0.,13565.,13565.0,0.,0.0,7470.,3.9,7470.0,3.5,0.0,0.0,0.,0.0,15494.0,14940.,3.7,0.03053,0.03152,-3.1,0.832,284,473.,497.,-0.01,0.004,0,2449792.,901629,901630, , ,2024-12-22 12:52:15,True,False,False,3.7709027067521985
2024-12-22,FHMRF,FHMRF,2024/12/22,17:06:32,CMA626,LFPGZSPD,371,-30,41 N,31.1,233.3,28.0,18610.0,82.855,-0.302,-1.3,-1.3,12686.0,59622.0,58817.,58843.,0.0,0.,12514.,12520.0,0.,0.0,6915.,4.1,6918.0,3.5,0.0,0.0,0.,0.0,14362.0,13833.,3.8,0.03291,0.03373,-2.4,0.83,270,473.,530.,0.027,-0.002,0,2408086.,901629,901630, , ,2024-12-22 17:06:32,True,False,False,3.7727667682265116
2024-12-22,FHMRF,FHMRF,2024/12/22,17:09:36,CMA626,LFPGZSPD,371,-30,41 N,31.1,233.0,28.0,18610.0,82.840,-0.51,-2.2,-2.2,12749.0,59922.0,58575.,58575.,0.0,0.,12463.,12463.0,0.,0.0,6897.,4.4,6897.0,3.8,0.0,0.0,0.,0.0,14359.0,13795.,4.1,0.03295,0.03356,-1.8,0.83,270,473.,536.,0.033,-0.005,0,2404510.,901629,901630, , ,2024-12-22 17:09:36,True,False,False,3.774373332187859
2024-12-22,FHMRF,FHMRF,2024/12/22,17:12:36,CMA626,LFPGZSPD,371,-30,41 N,31.1,232.7,28.0,18610.0,82.235,-0.353,-1.6,-1.5,12322.0,57910.0,57009.,56983.,0.0,0.,12130.,12125.0,0.,0.0,6737.,3.9,6734.0,4.1,0.0,0.0,0.,0.0,14008.0,13471.,4.0,0.03386,0.03467,-2.4,0.832,271,474.,538.,0.0,0.004,0,2401018.,901629,901630, , ,2024-12-22 17:12:36,True,False,False,3.7757228226162876
2024-12-23,FHMRF,FHMRF,2024/12/23,01:24:46,CMA627,ZSPDUBBB,301,-24,42 N,29.9,305.0,30.0,18616.3,82.045,-0.193,-0.7,-0.9,16204.0,54813.0,54397.,54415.,0.0,0.,16081.,16086.0,0.,0.0,8943.,3.3,8948.0,3.7,0.0,0.0,0.,0.0,18522.0,17891.,3.5,0.02592,0.02659,-2.5,0.832,316,480.,452.,0.005,0.007,0,2280614.,901629,901630, , ,2024-12-23 01:24:46,True,False,False,3.776816003511487
2024-12-23,FHMRF,FHMRF,2024/12/23,05:58:54,CMA627,ZSPDUBBB,340,-28,47 N,25.2,268.8,24.0,18614.3,82.705,-0.367,-1.6,-1.7,14514.0,58830.0,57901.,57872.,0.0,0.,14285.,14278.0,0.,0.0,7865.,3.8,7863.0,3.4,0.0,0.0,0.,0.0,16299.0,15728.,3.6,0.02917,0.02972,-1.9,0.832,291,475.,445.,0.009,-0.018,0,2408044.,901629,901630, , ,2024-12-23 05:58:54,True,False,False,3.777653971472558
2024-12-23,FHMRF,FHMRF,2024/12/23,06:12:20,CMA627,ZSPDUBBB,340,-28,47 N,25.2,267.0,24.0,18620.5,82.330,-0.323,-1.4,-1.5,14232.0,57682.0,56855.,56851.,0.0,0.,14028.,14027.0,0.,0.0,7740.,4.5,7741.0,4.0,0.0,0.0,0.,0.0,16137.0,15482.,4.2,0.0295,0.03029,-2.6,0.833,291,476.,449.,-0.004,-0.003,0,2391302.,901629,901630, , ,2024-12-23 06:12:20,True,False,False,3.7782381485542236
2024-12-23,FHMRF,FHMRF,2024/12/23,06:28:38,CMA627,ZSPDUBBB,340,-28,46 N,25.1,265.0,24.0,18618.9,82.250,-0.454,-2.0,-2.0,14214.0,57614.0,56451.,56447.,0.0,0.,13928.,13927.0,0.,0.0,7699.,3.9,7700.0,3.9,0.0,0.0,0.,0.0,16000.0,15399.,3.9,0.02978,0.03031,-1.7,0.833,291,477.,453.,0.002,0.005,0,2373357.,901629,901630, , ,2024-12-23 06:28:38,True,False,False,3.778570275491728
2025-01-07,FHMRF,FHMRF,2025/01/07,14:09:38,CMA611,VHHHUBBB,321,-21,37 N,28.9,282.6,28.0,18605.7,83.710,0.271,1.2,0.9,15282.0,56674.0,57372.,57353.,0.0,0.,15470.,15465.0,0.,0.0,8640.,3.6,8645.0,4.1,0.0,0.0,0.,0.0,17950.0,17284.,3.9,0.02688,0.02816,-4.5,0.832,303,482.,426.,0.019,-0.036,0,2315190.,901629,901630, , ,2025-01-07 14:09:38,True,False,False,3.778652405388526
2025-01-07,FHMRF,FHMRF,2025/01/07,17:42:55,CMA611,VHHHUBBB,340,-23,48 N,26.8,256.1,24.0,18610.4,82.630,-0.307,-1.4,-1.5,13857.0,56164.0,55388.,55398.,0.0,0.,13665.,13668.0,0.,0.0,7643.,4.0,7640.0,4.0,0.0,0.0,0.,0.0,15895.0,15283.,4.0,0.03021,0.03095,-2.4,0.831,290,480.,452.,0.013,-0.020,0,2294080.,901629,901630, , ,2025-01-07 17:42:55,True,False,False,3.778486897964
2025-01-08,FHMRF,FHMRF,2025/01/08,02:03:08,CMA612,LFPGVHHH,410,-22,41 N,28.9,192.5,24.0,18624.5,84.280,0.11,0.5,0.2,10390.0,58902.0,59219.,59156.,0.0,0.,10446.,10435.0,0.,0.0,5912.,3.0,5923.0,2.4,0.0,0.0,0.,0.0,12154.0,11835.,2.7,0.03969,0.04085,-2.8,0.834,248,482.,511.,-0.001,-0.023,0,2396166.,901629,901630, , ,2025-01-08 02:03:08,True,False,False,3.7780764144669337
2025-01-08,FHMRF,FHMRF,2025/01/08,03:09:12,CMA612,LFPGVHHH,411,-25,40 N,28.6,186.2,24.0,18625.6,83.150,-0.296,-1.3,-1.4,10190.0,58042.0,57304.,57242.,0.0,0.,10060.,10049.0,0.,0.0,5679.,3.1,5689.0,2.9,0.0,0.0,0.,0.0,11712.0,11368.,3.0,0.04099,0.04163,-1.5,0.834,247,480.,536.,0.011,-0.005,0,2327602.,901629,901630, , ,2025-01-08 03:09:12,True,False,False,3.7774239133702983
2025-01-08,FHMRF,FHMRF,2025/01/08,03:13:28,CMA612,LFPGVHHH,411,-25,39 N,28.6,185.8,24.0,18622.4,82.830,-0.015,-0.1,-0.3,9918.0,56496.0,56489.,56428.,0.0,0.,9917.,9906.0,0.,0.0,5606.,3.3,5616.0,3.1,0.0,0.0,0.,0.0,11584.0,11221.,3.2,0.04144,0.04266,-2.9,0.834,247,480.,535.,-0.012,-0.042,0,2323048.,901629,901630, , ,2025-01-08 03:13:28,True,False,False,3.776532646963203
2025-01-08,FHMRF,FHMRF,2025/01/08,03:13:59,CMA612,LFPGVHHH,411,-25,39 N,28.6,185.8,24.0,18621.2,82.850,-0.003,-0.0,-0.2,9928.0,56549.0,56571.,56510.,0.0,0.,9932.,9921.0,0.,0.0,5613.,3.3,5623.0,3.0,0.0,0.0,0.,0.0,11594.0,11236.,3.2,0.0414,0.04262,-2.9,0.834,247,480.,534.,-0.012,0.021,0,2322397.,901629,901630, , ,2025-01-08 03:13:59,True,False,False,3.7754061589358656
2025-01-08,FHMRF,FHMRF,2025/01/08,03:54:10,CMA612,LFPGVHHH,411,-21,37 N,28.5,182.3,23.0,18620.5,83.330,-0.441,-2.0,-2.0,10033.0,57147.0,56043.,55982.,0.0,0.,9839.,9828.0,0.,0.0,5613.,3.2,5623.0,3.2,0.0,0.0,0.,0.0,11593.0,11236.,3.2,0.04165,0.04211,-1.1,0.832,247,483.,558.,0.015,0.025,0,2277502.,901629,901630, , ,2025-01-08 03:54:10,True,False,False,3.774048283011369
2025-01-08,FHMRF,FHMRF,2025/01/08,03:57:26,CMA612,LFPGVHHH,411,-21,37 N,28.5,182.0,24.0,18620.5,83.220,-0.211,-1.0,-1.1,9906.0,56426.0,55913.,55852.,0.0,0.,9816.,9805.0,0.,0.0,5596.,3.5,5606.0,3.1,0.0,0.0,0.,0.0,11571.0,11203.,3.3,0.0417,0.0426,-2.1,0.832,247,483.,560.,0.005,-0.009,0,2273963.,901629,901630, , ,2025-01-08 03:57:26,True,False,False,3.7724631426229256
2025-01-09,FHMRF,FHMRF,2025/01/09,05:06:33,CMA621,ZSPDUBBB,340,-29,43 N,25.7,261.9,26.0,18593.8,81.660,-0.468,-2.1,-2.2,14001.0,56745.0,55534.,55548.,0.0,0.,13702.,13706.0,0.,0.0,7563.,4.3,7559.0,4.1,0.0,0.0,0.,0.0,15754.0,15122.,4.2,0.03013,0.03071,-1.9,0.832,291,475.,494.,0.002,0.010,0,2345221.,901629,901630, , ,2025-01-09 05:06:33,True,False,False,3.7706551515793376
2025-01-09,FHMRF,FHMRF,2025/01/09,10:51:23,CMA621,UBBBLFPG,340,-27,41 N,26.8,274.2,28.0,18603.9,83.530,-0.29,-1.3,-1.4,14820.0,60063.0,59317.,59273.,0.0,0.,14635.,14625.0,0.,0.0,8069.,3.8,8079.0,3.5,0.0,0.0,0.,0.0,16741.0,16147.,3.7,0.02849,0.02912,-2.2,0.832,290,477.,468.,0.011,-0.004,0,2455754.,901629,901630, , ,2025-01-09 10:51:23,True,False,False,3.768629015611849
2025-01-10,FHMRF,FHMRF,2025/01/10,01:26:44,CMA614,LFPGVHHH,390,-31,41 N,29.0,198.1,24.0,18618.4,81.170,-0.329,-1.4,-1.5,10848.0,55855.0,55016.,55121.,0.0,0.,10685.,10705.0,0.,0.0,5943.,4.2,5924.0,4.5,0.0,0.0,0.,0.0,12382.0,11867.,4.3,0.03817,0.03923,-2.7,0.832,259,473.,478.,0.019,0.003,0,2240110.,901629,901630, , ,2025-01-10 01:26:44,True,False,False,3.766389734657877
2025-01-10,FHMRF,FHMRF,2025/01/10,03:28:44,CMA614,LFPGVHHH,411,-25,41 N,28.2,186.9,23.0,18620.0,83.260,-0.146,-0.7,-0.8,10199.0,58093.0,57654.,57774.,0.0,0.,10121.,10142.0,0.,0.0,5735.,2.9,5715.0,3.2,0.0,0.0,0.,0.0,11800.0,11450.,3.1,0.0407,0.04161,-2.2,0.835,248,480.,529.,0.007,-0.022,0,2336623.,901629,901630, , ,2025-01-10 03:28:44,True,False,False,3.7639426057162435
2025-01-10,FHMRF,FHMRF,2025/01/10,03:36:52,CMA614,LFPGVHHH,411,-24,40 N,28.2,186.1,24.0,18620.7,82.905,-0.01,-0.0,-0.2,9922.0,56517.0,56420.,56563.,0.0,0.,9905.,9930.0,0.,0.0,5632.,3.6,5616.0,3.4,0.0,0.0,0.,0.0,11639.0,11248.,3.5,0.04132,0.04265,-3.1,0.835,248,481.,533.,-0.016,-0.002,0,2327360.,901629,901630, , ,2025-01-10 03:36:52,True,False,False,3.7612932261043808
2025-01-10,FHMRF,FHMRF,2025/01/10,12:33:21,CMA615,VHHHUBBB,276,9,26 N,29.4,300.5,27.0,18599.8,85.160,0.031,0.1,-0.1,16516.0,49916.0,49969.,50006.,0.0,0.,16534.,16546.0,0.,0.0,9954.,2.8,9943.0,3.6,0.0,0.0,0.,0.0,20525.0,19897.,3.2,0.02482,0.02557,-2.9,0.83,333,509.,396.,0.0,-0.007,0,2005201.,901629,901630, , ,2025-01-10 12:33:21,True,False,False,3.758447496951224
2025-01-10,FHMRF,FHMRF,2025/01/10,17:19:52,CMA615,VHHHUBBB,340,-29,47 N,25.2,261.9,24.0,18601.9,81.530,-0.416,-1.9,-1.9,13901.0,56341.0,55287.,55308.,0.0,0.,13641.,13646.0,0.,0.0,7530.,3.9,7526.0,4.4,0.0,0.0,0.,0.0,15676.0,15056.,4.1,0.03031,0.03095,-2.1,0.833,291,475.,467.,-0.007,-0.009,0,2346538.,901629,901630, , ,2025-01-10 17:19:52,True,False,False,3.755411626756971
2025-01-10,FHMRF,FHMRF,2025/01/10,18:14:04,CMA615,VHHHUBBB,340,-27,48 N,24.9,255.5,25.0,18604.8,81.560,-0.384,-1.5,-1.6,13714.0,55581.0,54726.,54746.,0.0,0.,13503.,13508.0,0.,0.0,7491.,3.7,7487.0,4.0,0.0,0.0,0.,0.0,15554.0,14978.,3.8,0.03065,0.03132,-2.1,0.833,291,477.,465.,0.001,0.019,0,2288894.,901629,901630, , ,2025-01-10 18:14:04,True,False,False,3.752192134836168
2025-01-10,FHMRF,FHMRF,2025/01/10,18:21:15,CMA615,VHHHUBBB,340,-28,47 N,24.9,254.7,25.0,18599.1,82.010,-0.043,-0.2,-0.4,13779.0,55850.0,55730.,55751.,0.0,0.,13750.,13755.0,0.,0.0,7610.,4.0,7605.0,4.0,0.0,0.0,0.,0.0,15825.0,15214.,4.0,0.03006,0.03114,-3.5,0.831,290,476.,467.,0.011,0.005,0,2281335.,901629,901630, , ,2025-01-10 18:21:15,True,False,False,3.7487958544395092
2025-01-10,FHMRF,FHMRF,2025/01/10,23:25:59,CMA615,UBBBLFPG,340,-23,41 N,26.0,271.6,29.0,18616.9,83.600,-0.371,-1.6,-1.7,14516.0,58834.0,57902.,57881.,0.0,0.,14286.,14281.0,0.,0.0,7945.,4.0,7950.0,3.8,0.0,0.0,0.,0.0,16513.0,15895.,3.9,0.02904,0.02965,-2.1,0.83,290,480.,447.,0.001,0.002,0,2432221.,901629,901630, , ,2025-01-10 23:25:59,True,False,False,3.7452299353342364
2025-01-10,FHMRF,FHMRF,2025/01/10,23:39:54,CMA615,UBBBLFPG,340,-24,41 N,25.8,269.8,28.0,18619.8,83.660,-0.437,-1.9,-2.0,14681.0,59505.0,58404.,58383.,0.0,0.,14410.,14404.0,0.,0.0,7990.,3.6,7995.0,3.9,0.0,0.0,0.,0.0,16590.0,15986.,3.8,0.02886,0.02936,-1.7,0.83,290,479.,454.,0.018,-0.010,0,2416780.,901629,901630, , ,2025-01-10 23:39:54,True,False,False,3.7415018456202054
2025-01-11,FHMRF,FHMRF,2025/01/11,14:12:30,CMA624,LFPGZSPD,370,-33,47 N,31.4,235.9,26.0,18621.9,81.900,-0.254,-1.1,-1.3,12507.0,58498.0,57835.,57835.,0.0,0.,12365.,12365.0,0.,0.0,6761.,4.1,6761.0,4.6,0.0,0.0,0.,0.0,14112.0,13522.,4.4,0.0334,0.03441,-2.9,0.833,272,471.,494.,0.001,0.003,0,2425572.,901629,901630, , ,2025-01-11 14:12:30,True,False,False,3.7376193725668383
2025-01-11,FHMRF,FHMRF,2025/01/11,14:18:21,CMA624,LFPGZSPD,370,-33,47 N,31.4,235.2,25.0,18620.7,82.270,-0.216,-0.9,-1.1,12699.0,59396.0,58833.,58833.,0.0,0.,12578.,12578.0,0.,0.0,6859.,4.4,6859.0,4.0,0.0,0.0,0.,0.0,14294.0,13718.,4.2,0.03289,0.03389,-3.0,0.831,271,470..,500.,0.02,-0.001,0,2418936.,901629,901630, , ,2025-01-11 14:18:21,True,False,False,3.7335906222702584
2025-01-13,FHMRF,FHMRF,2025/01/13,01:44:12,CMA618,LFPGVHHH,390,-26,41 N,30.5,207.5,24.0,18618.9,82.630,-0.191,-0.9,-1.1,11098.0,57148.0,56659.,56650.,0.0,0.,11003.,11001.0,0.,0.0,6153.,4.0,6155.0,4.0,0.0,0.0,0.,0.0,12801.0,12308.,4.0,0.03734,0.03842,-2.8,0.833,259,478.,494.,0.0,-0.002,0,2346700.,901629,901630, , ,2025-01-13 01:44:12,True,False,False,3.7294240179484817
2025-01-13,FHMRF,FHMRF,2025/01/13,02:13:07,CMA618,LFPGVHHH,390,-28,41 N,30.2,204.7,24.0,18612.8,81.570,-0.255,-1.0,-1.2,10782.0,55521.0,54966.,54957.,0.0,0.,10674.,10673.0,0.,0.0,5960.,3.9,5961.0,3.9,0.0,0.0,0.,0.0,12382.0,11921.,3.9,0.03848,0.03949,-2.6,0.834,260,476.,489.,-0.016,-0.001,0,2315557.,901629,901630, , ,2025-01-13 02:13:07,True,False,False,3.725128296717496
2025-01-13,FHMRF,FHMRF,2025/01/13,02:31:24,CMA618,LFPGVHHH,391,-33,41 N,30.1,203.0,24.0,18612.8,81.500,-0.261,-1.2,-1.4,11057.0,57211.0,56529.,56521.,0.0,0.,10925.,10924.0,0.,0.0,6023.,4.1,6024.0,4.2,0.0,0.0,0.,0.0,12546.0,12047.,4.1,0.03764,0.03867,-2.6,0.834,259,472.,485.,0.016,0.010,0,2307415.,901629,901630, , ,2025-01-13 02:31:24,True,False,False,3.7207125047223544
2025-01-13,FHMRF,FHMRF,2025/01/13,02:34:24,CMA618,LFPGVHHH,391,-33,41 N,30.1,202.7,24.0,18616.7,81.255,-0.279,-1.3,-1.5,10970.0,56760.0,56043.,56008.,0.0,0.,10831.,10825.0,0.,0.0,5973.,3.6,5972.0,3.8,0.0,0.0,0.,0.0,12390.0,11945.,3.7,0.03814,0.03898,-2.2,0.835,259,473.,487.,0.009,0.000,2,2304184.,901629,901630, , ,2025-01-13 02:34:24,True,False,False,3.716185990530214
2025-01-13,FHMRF,FHMRF,2025/01/13,02:56:05,CMA618,LFPGVHHH,391,-32,41 N,30.0,200.7,24.0,18611.1,81.260,-0.29,-1.3,-1.5,10861.0,56198.0,55449.,55440.,0.0,0.,10716.,10715.0,0.,0.0,5926.,4.1,5927.0,3.9,0.0,0.0,0.,0.0,12324.0,11853.,4.0,0.03832,0.03924,-2.4,0.832,258,472.,504.,0.011,-0.006,0,2280541.,901629,901630, , ,2025-01-13 02:56:05,True,False,False,3.711558396721259
2025-01-13,FHMRF,FHMRF,2025/01/13,03:09:34,CMA618,LFPGVHHH,391,-31,40 N,30.0,199.5,24.0,18615.0,81.060,-0.394,-1.6,-1.8,10793.0,55845.0,54929.,54921.,0.0,0.,10616.,10614.0,0.,0.0,5878.,3.9,5879.0,3.8,0.0,0.0,0.,0.0,12209.0,11757.,3.8,0.0387,0.03947,-2.0,0.832,259,472.,510.,0.01,-0.009,0,2267007.,901629,901630, , ,2025-01-13 03:09:34,True,False,False,3.7068396496370224
2025-01-13,FHMRF,FHMRF,2025/01/13,03:12:34,CMA618,LFPGVHHH,391,-31,40 N,29.9,199.3,24.0,18615.0,81.060,-0.334,-1.4,-1.5,10760.0,55674.0,54918.,54910.,0.0,0.,10614.,10612.0,0.,0.0,5877.,3.8,5879.0,4.3,0.0,0.0,0.,0.0,12233.0,11756.,4.1,0.03862,0.03958,-2.4,0.832,259,472.,511.,0.008,0.003,2,2264041.,901629,901630, , ,2025-01-13 03:12:34,True,False,False,3.7020399472650047
2025-01-13,FHMRF,FHMRF,2025/01/13,03:18:38,CMA618,LFPGVHHH,391,-31,40 N,29.9,198.7,24.0,18615.0,80.970,-0.532,-2.2,-2.2,10770.0,55725.0,54531.,54523.,0.0,0.,10539.,10538.0,0.,0.0,5851.,3.7,5852.0,4.0,0.0,0.0,0.,0.0,12157.0,11703.,3.9,0.03895,0.03956,-1.5,0.833,259,474.,512.,0.01,-0.003,0,2257937.,901629,901630, , ,2025-01-13 03:18:38,True,False,False,3.697169745255496
2025-01-13,FHMRF,FHMRF,2025/01/13,03:33:47,CMA618,LFPGVHHH,391,-30,39 N,29.9,197.2,24.0,18613.8,80.900,-0.426,-1.7,-1.8,10647.0,55089.0,54168.,54159.,0.0,0.,10469.,10467.0,0.,0.0,5820.,3.7,5822.0,3.6,0.0,0.0,0.,0.0,12066.0,11642.,3.6,0.03925,0.03994,-1.7,0.832,259,474.,514.,0.006,0.009,0,2240551.,901629,901630, , ,2025-01-13 03:33:47,True,False,False,3.6922397410834313
2025-01-13,FHMRF,FHMRF,2025/01/13,17:59:46,CMA619,VHHHUBBB,340,-27,48 N,25.7,265.0,25.0,18599.1,82.530,-0.38,-1.7,-1.8,14281.0,57881.0,56909.,56906.,0.0,0.,14041.,14040.0,0.,0.0,7763.,4.2,7764.0,4.0,0.0,0.0,0.,0.0,16167.0,15527.,4.1,0.02948,0.03015,-2.2,0.832,291,477.,458.,0.008,0.003,0,2374475.,901629,901630, , ,2025-01-13 17:59:46,True,False,False,3.6872608563862546
2025-01-13,FHMRF,FHMRF,2025/01/13,18:04:53,CMA619,VHHHUBBB,340,-27,48 N,25.7,264.4,25.0,18599.7,82.540,-0.276,-1.2,-1.4,14201.0,57555.0,56849.,56845.,0.0,0.,14026.,14026.0,0.,0.0,7759.,4.3,7760.0,4.2,0.0,0.0,0.,0.0,16178.0,15519.,4.2,0.02948,0.03031,-2.7,0.832,291,477.,460.,0.005,0.003,0,2368821.,901629,901630, , ,2025-01-13 18:04:53,True,False,False,3.682244217527225
2025-01-13,FHMRF,FHMRF,2025/01/13,18:27:35,CMA619,VHHHUBBB,340,-27,47 N,25.6,261.7,25.0,18598.0,82.460,-0.391,-1.7,-1.8,14206.0,57579.0,56579.,56576.,0.0,0.,13959.,13958.0,0.,0.0,7728.,4.1,7729.0,3.5,0.0,0.0,0.,0.0,16044.0,15457.,3.8,0.02973,0.03029,-1.9,0.832,290,477.,467.,0.015,-0.005,0,2344146.,901629,901630, , ,2025-01-13 18:27:35,True,False,False,3.677201134451413
2025-01-13,FHMRF,FHMRF,2025/01/13,18:43:02,CMA619,VHHHUBBB,340,-28,47 N,25.5,259.8,25.0,18598.0,81.340,-0.54,-2.2,-2.2,13745.0,55710.0,54509.,54506.,0.0,0.,13449.,13448.0,0.,0.0,7448.,4.0,7448.0,3.5,0.0,0.0,0.,0.0,15449.0,14896.,3.7,0.03082,0.03126,-1.4,0.833,291,476.,473.,-0.01,0.002,0,2327252.,901629,901630, , ,2025-01-13 18:43:02,True,False,False,3.672143077920652
2025-01-13,FHMRF,FHMRF,2025/01/13,18:46:11,CMA619,VHHHUBBB,340,-29,47 N,25.5,259.4,25.0,18598.0,81.530,-0.207,-0.8,-1.0,13691.0,55488.0,55040.,55036.,0.0,0.,13580.,13579.0,0.,0.0,7503.,4.3,7503.0,4.2,0.0,0.0,0.,0.0,15644.0,15006.,4.3,0.03038,0.03136,-3.1,0.832,291,475.,471.,-0.011,0.004,0,2323896.,901629,901630, , ,2025-01-13 18:46:11,True,False,False,3.6670816552362964
2025-01-15,FHMRF,FHMRF,2025/01/15,19:29:30,CMA613,VHHHUBBB,340,-29,44 N,25.1,250.0,24.0,18603.1,80.890,-0.136,-0.5,-0.7,13405.0,54329.0,54056.,54016.,0.0,0.,13337.,13327.0,0.,0.0,7391.,4.0,7401.0,3.6,0.0,0.0,0.,0.0,15355.0,14792.,3.8,0.03113,0.03208,-3.0,0.839,294,478.,488.,-0.01,0.012,0,2237546.,901629,901630, , ,2025-01-15 19:29:30,True,False,False,3.6620285845831195
2025-01-16,FHMRF,FHMRF,2025/01/16,09:03:59,CMA622,LFPGZSPD,370,-28,45 N,35.5,226.2,28.0,18628.4,82.840,-0.013,-0.1,-0.3,12383.0,57922.0,57888.,57892.,0.0,0.,12376.,12377.0,0.,0.0,6853.,3.5,6852.0,3.5,0.0,0.0,0.,0.0,14179.0,13705.,3.5,0.03357,0.03463,-3.1,0.832,271,476.,478.,0.033,-0.010,0,2326650.,901629,901630, , ,2025-01-16 09:03:59,True,False,False,3.65699566815125
2025-01-16,FHMRF,FHMRF,2025/01/16,12:27:15,CMA622,LFPGZSPD,390,-22,41 N,32.1,205.6,28.0,18626.5,82.485,-0.27,-1.0,-1.2,10725.0,55229.0,54607.,54699.,0.0,0.,10605.,10623.0,0.,0.0,6033.,3.5,6022.0,3.0,0.0,0.0,0.,0.0,12446.0,12055.,3.2,0.03877,0.03956,-2.0,0.834,260,483.,516.,-0.024,-0.007,0,2324520.,901629,901630, , ,2025-01-16 12:27:15,True,False,False,3.65199476421495
2025-01-16,FHMRF,FHMRF,2025/01/16,16:58:58,CMA622,LFPGZSPD,411,-24,42 N,30.5,181.0,24.0,18624.5,82.510,-0.301,-1.4,-1.5,9873.0,56235.0,55416.,55495.,0.0,0.,9729.,9743.0,0.,0.0,5518.,3.2,5505.0,3.5,0.0,0.0,0.,0.0,11392.0,11023.,3.4,0.04203,0.04279,-1.8,0.831,246,479.,549.,0.011,-0.008,0,2262465.,901629,901630, , ,2025-01-16 16:58:58,True,False,False,3.6470377583652867
2025-01-17,FHMRF,FHMRF,2025/01/17,11:07:38,CMA623,UBBBLFPG,320,-19,41 N,23.6,278.4,30.0,18613.8,82.750,-0.282,-1.1,-1.0,14882.0,54934.0,54344.,54347.,0.0,0.,14722.,14723.0,0.,0.0,8325.,3.5,8324.0,3.7,0.0,0.0,0.,0.0,17247.0,16649.,3.6,0.02804,0.02874,-2.4,0.831,304,484.,471.,-0.001,0.000,0,2270725.,901629,901630, , ,2025-01-17 11:07:38,True,False,False,3.6421365341019234
2025-01-17,FHMRF,FHMRF,2025/01/17,11:11:51,CMA623,UBBBLFPG,320,-19,41 N,23.5,277.8,30.0,18613.2,82.830,-0.078,-0.3,-0.3,14786.0,54580.0,54416.,54419.,0.0,0.,14741.,14742.0,0.,0.0,8340.,3.3,8339.0,3.3,0.0,0.0,0.,0.0,17224.0,16680.,3.3,0.02809,0.02891,-2.8,0.831,303,484.,471.,-0.005,-0.021,0,2266367.,901629,901630, , ,2025-01-17 11:11:51,True,False,False,3.6373029429830726
2025-01-17,FHMRF,FHMRF,2025/01/17,11:34:05,CMA623,UBBBLFPG,320,-19,42 N,23.4,274.9,30.0,18613.6,83.020,-0.25,-1.0,-0.9,15007.0,55393.0,54861.,54864.,0.0,0.,14862.,14863.0,0.,0.0,8395.,3.5,8394.0,3.6,0.0,0.0,0.,0.0,17386.0,16789.,3.6,0.02779,0.0285,-2.5,0.83,303,483.,476.,0.019,-0.006,0,2242788.,901629,901630, , ,2025-01-17 11:34:05,True,False,False,3.632548774515814
2025-01-17,FHMRF,FHMRF,2025/01/17,12:51:36,CMA623,UBBBLFPG,340,-25,46 N,23.0,265.0,30.0,18612.3,83.450,-0.126,-0.5,-0.7,14442.0,58533.0,58235.,58192.,0.0,0.,14369.,14358.0,0.,0.0,7962.,4.0,7972.0,3.7,0.0,0.0,0.,0.0,16547.0,15934.,3.8,0.02888,0.02978,-3.0,0.83,290,478.,504.,0.015,-0.004,0,2373494.,901629,901630, , ,2025-01-17 12:51:36,True,False,False,3.627885725949436
2025-01-17,FHMRF,FHMRF,2025/01/17,12:53:12,CMA623,UBBBLFPG,340,-25,46 N,23.0,264.8,30.0,18612.3,83.290,-0.427,-1.8,-1.9,14542.0,58938.0,57871.,57828.,0.0,0.,14279.,14268.0,0.,0.0,7919.,3.5,7929.0,3.3,0.0,0.0,0.,0.0,16388.0,15848.,3.4,0.02919,0.02961,-1.4,0.831,290,478.,506.,0.021,-0.008,0,2371732.,901629,901630, , ,2025-01-17 12:53:12,True,False,False,3.623325372117633
2025-01-17,FHMRF,FHMRF,2025/01/17,13:18:00,CMA623,UBBBLFPG,340,-24,48 N,22.9,261.8,26.0,18616.2,82.900,-0.441,-2.0,-2.0,14184.0,57487.0,56387.,56345.,0.0,0.,13912.,13902.0,0.,0.0,7750.,3.8,7760.0,3.1,0.0,0.0,0.,0.0,16047.0,15510.,3.5,0.02988,0.03029,-1.4,0.831,290,479.,520.,0.008,0.001,0,2344752.,901629,901630, , ,2025-01-17 13:18:00,True,False,False,3.6188791354632435
2025-01-17,FHMRF,FHMRF,2025/01/17,14:03:14,CMA623,UBBBLFPG,340,-22,50 N,22.7,256.4,26.0,18611.2,82.880,-0.322,-1.4,-1.5,13943.0,56511.0,55717.,55675.,0.0,0.,13747.,13737.0,0.,0.0,7685.,4.1,7694.0,3.8,0.0,0.0,0.,0.0,15989.0,15379.,4.0,0.03001,0.03072,-2.3,0.829,290,480.,506.,0.012,0.002,0,2296924.,901629,901630, , ,2025-01-17 14:03:14,True,False,False,3.614558256371682
2025-01-18,FHMRF,FHMRF,2025/01/18,06:09:15,CMA616,LFPGVHHH,411,-23,32 N,28.0,184.5,23.0,18631.8,83.230,-0.375,-1.7,-1.8,10121.0,57651.0,56622.,56740.,0.0,0.,9940.,9961.0,0.,0.0,5660.,2.9,5641.0,3.2,0.0,0.0,0.,0.0,11648.0,11300.,3.1,0.04137,0.04189,-1.2,0.834,248,482.,472.,0.009,-0.018,0,2311951.,901629,901630, , ,2025-01-18 06:09:15,True,False,False,3.610373763934764
2025-01-18,FHMRF,FHMRF,2025/01/18,06:17:13,CMA616,LFPGVHHH,411,-23,31 N,28.0,183.8,23.0,18626.6,83.290,-0.688,-3.0,-3.0,10350.0,58953.0,57110.,57229.,0.0,0.,10026.,10047.0,0.,0.0,5695.,3.4,5676.0,3.6,0.0,0.0,0.,0.0,11765.0,11372.,3.5,0.0409,0.04105,-0.4,0.834,247,481.,486.,0.034,0.012,0,2302254.,901629,901630, , ,2025-01-18 06:17:13,True,False,False,3.6063364472633093
2025-01-18,FHMRF,FHMRF,2025/01/18,12:06:21,CMA617,VHHHUBBB,321,-1,24 N,26.8,303.9,28.0,18598.6,87.400,-0.478,-2.0,-2.1,16123.0,59792.0,58616.,58616.,0.0,0.,15806.,15806.0,0.,0.0,9219.,3.0,9219.0,3.6,0.0,0.0,0.,0.0,19044.0,18438.,3.3,0.0263,0.02659,-1.1,0.832,303,501.,420.,-0.015,0.006,0,2488259.,901629,901630, , ,2025-01-18 12:06:21,True,False,False,3.602456827463313
2025-01-19,FHMRF,FHMRF,2025/01/19,08:40:39,CMA626,LFPGZSPD,350,-27,47 N,33.7,264.8,29.0,18615.0,83.690,-0.046,-0.2,-0.4,14076.0,59819.0,59696.,59696.,0.0,0.,14047.,14047.0,0.,0.0,7741.,3.3,7741.0,3.3,0.0,0.0,0.,0.0,16000.0,15482.,3.3,0.02972,0.03058,-2.8,0.829,283,475.,440.,0.011,0.008,0,2476620.,901629,901630, , ,2025-01-19 08:40:39,True,False,False,3.598745130384043
2025-01-19,FHMRF,FHMRF,2025/01/19,09:49:38,CMA626,LFPGZSPD,350,-30,44 N,35.1,256.5,29.0,18628.2,82.350,-0.09,-0.4,-0.6,13661.0,58053.0,57843.,57799.,0.0,0.,13611.,13601.0,0.,0.0,7463.,3.7,7473.0,3.1,0.0,0.0,0.,0.0,15447.0,14936.,3.4,0.03069,0.03156,-2.7,0.833,284,474.,462.,0.014,-0.005,0,2397062.,901629,901630, , ,2025-01-19 09:49:38,True,False,False,3.595211260234063
2025-01-20,FHMRF,FHMRF,2025/01/20,02:49:49,CMA627,ZSPDUBBB,301,-24,42 N,31.7,296.2,30.0,18613.6,81.280,0.34,1.4,1.0,15462.0,52302.0,53039.,53007.,0.0,0.,15680.,15670.0,0.,0.0,8729.,4.2,8738.0,3.9,0.0,0.0,0.,0.0,18177.0,17467.,4.1,0.0264,0.02776,-4.9,0.833,317,480.,413.,-0.012,-0.001,0,2213876.,901629,901630, , ,2025-01-20 02:49:49,True,False,False,3.5918647741431564
2025-01-20,FHMRF,FHMRF,2025/01/20,06:10:26,CMA627,ZSPDUBBB,340,-25,48 N,29.5,269.7,25.0,18620.5,83.140,-0.257,-1.1,-1.2,14369.0,58236.0,57600.,57561.,0.0,0.,14212.,14202.0,0.,0.0,7886.,4.3,7895.0,3.4,0.0,0.0,0.,0.0,16393.0,15781.,3.9,0.02919,0.02996,-2.6,0.832,291,479.,437.,0.003,0.000,0,2415959.,901629,901630, , ,2025-01-20 06:10:26,True,False,False,3.5887148577288692
2025-01-20,FHMRF,FHMRF,2025/01/20,22:42:35,CMA610,LFPGVHHH,390,-32,41 N,29.6,195.6,28.0,18617.1,80.980,-0.321,-1.3,-1.5,10816.0,55694.0,54958.,54958.,0.0,0.,10673.,10673.0,0.,0.0,5895.,4.0,5895.0,4.2,0.0,0.0,0.,0.0,12274.0,11791.,4.1,0.03836,0.03934,-2.5,0.83,258,471.,503.,0.029,-0.005,0,2211634.,901629,901630, , ,2025-01-20 22:42:35,True,False,False,3.5857703017133216
2025-01-21,FHMRF,FHMRF,2025/01/21,05:25:55,CMA610,LFPGVHHH,391,-20,28 N,25.9,160.9,23.0,18624.4,78.670,-0.612,-2.5,-2.3,8995.0,46543.0,45359.,45359.,0.0,0.,8767.,8767.0,0.,0.0,5039.,2.9,5039.0,3.2,0.0,0.0,0.,0.0,10384.0,10078.,3.0,0.04531,0.04559,-0.6,0.807,250,471.,526.,-0.012,0.000,0,1827559.,901629,901630, , ,2025-01-21 05:25:55,True,False,False,3.5830394796361076
2025-01-21,FHMRF,FHMRF,2025/01/21,06:10:56,CMA610,LFPGVHHH,391,-23,24 N,25.8,157.4,24.0,18625.4,77.825,-0.811,-3.4,-3.0,8912.0,46113.0,44556.,44537.,0.0,0.,8611.,8608.0,0.,0.0,4915.,3.5,4914.0,3.8,0.0,0.0,0.,0.0,10188.0,9829.,3.7,0.04562,0.04585,-0.5,0.801,248,465.,539.,0.001,-0.003,0,1782800.,901629,901630, , ,2025-01-21 06:10:56,True,False,False,3.5805303267231294
2025-01-21,FHMRF,FHMRF,2025/01/21,14:31:42,CMA611,VHHHUBBB,341,-19,37 N,32.1,269.1,28.0,18613.5,84.660,0.034,0.1,-0.1,14442.0,58811.0,58897.,58897.,0.0,0.,14463.,14463.0,0.,0.0,8137.,2.4,8137.0,3.1,0.0,0.0,0.,0.0,16726.0,16275.,2.8,0.02903,0.0298,-2.6,0.834,291,486.,393.,0.01,-0.018,0,2420320.,901629,901630, , ,2025-01-21 14:31:42,True,False,False,3.57825031998993
2025-01-21,FHMRF,FHMRF,2025/01/21,23:46:20,CMA611,UBBBLFPG,340,-26,41 N,30.2,251.9,30.0,18606.2,81.760,-0.041,-0.2,-0.4,13530.0,54836.0,54756.,54743.,0.0,0.,13510.,13507.0,0.,0.0,7503.,3.7,7506.0,3.5,0.0,0.0,0.,0.0,15547.0,15009.,3.6,0.03071,0.03168,-3.1,0.832,290,477.,448.,0.01,0.001,0,2255419.,901629,901630, , ,2025-01-21 23:46:20,True,False,False,3.5762064596684353
2025-01-21,FHMRF,FHMRF,2025/01/21,23:57:32,CMA611,UBBBLFPG,340,-26,41 N,30.1,250.6,29.0,18600.9,81.610,-0.132,-0.5,-0.7,13499.0,54714.0,54439.,54426.,0.0,0.,13431.,13428.0,0.,0.0,7464.,3.8,7467.0,3.9,0.0,0.0,0.,0.0,15509.0,14932.,3.9,0.03078,0.03174,-3.0,0.832,290,477.,453.,0.012,0.012,0,2243905.,901629,901630, , ,2025-01-21 23:57:32,True,False,False,3.5744052520412506
2025-01-23,FHMRF,FHMRF,2025/01/23,00:10:38,CMA621,ZSPDUBBB,301,-20,36 N,30.3,313.9,29.0,18584.6,82.910,0.129,0.5,0.2,16187.0,54755.0,55032.,55023.,0.0,0.,16269.,16266.0,0.,0.0,9123.,3.5,9126.0,3.7,0.0,0.0,0.,0.0,18904.0,18249.,3.6,0.0256,0.02657,-3.6,0.833,317,484.,435.,-0.022,0.023,0,2341452.,901629,901630, , ,2025-01-23 00:10:38,True,False,False,3.572852693751498
2025-01-24,FHMRF,FHMRF,2025/01/24,04:09:27,CMA614,LFPGVHHH,391,-16,36 N,29.9,188.1,23.0,18608.8,82.710,-0.468,-1.8,-1.9,10409.0,53858.0,52890.,52866.,0.0,0.,10222.,10217.0,0.,0.0,5881.,2.6,5886.0,3.1,0.0,0.0,0.,0.0,12101.0,11767.,2.8,0.04003,0.04039,-0.9,0.826,256,484.,565.,0.018,-0.007,0,2134601.,901629,901630, , ,2025-01-24 04:09:27,True,False,False,3.5715542576391734
2025-01-24,FHMRF,FHMRF,2025/01/24,06:11:33,CMA614,LFPGVHHH,411,-25,24 N,29.8,177.4,23.0,18604.8,81.540,-0.18,-0.7,-0.9,9498.0,54104.0,53731.,53704.,0.0,0.,9433.,9428.0,0.,0.0,5337.,3.1,5341.0,3.5,0.0,0.0,0.,0.0,11035.0,10678.,3.3,0.04326,0.0443,-2.3,0.83,246,477.,533.,-0.008,0.003,0,2212793.,901629,901630, , ,2025-01-24 06:11:33,True,False,False,3.570514880144666
2025-01-25,FHMRF,FHMRF,2025/01/25,14:17:58,CMA624,LFPGZSPD,370,-37,47 N,32.2,241.5,30.0,18601.7,81.945,-0.11,-0.5,-0.7,12834.0,60029.0,59759.,59687.,0.0,0.,12776.,12761.0,0.,0.0,6900.,4.4,6905.0,3.6,0.0,0.0,0.,0.0,14351.0,13805.,4.0,0.03246,0.03351,-3.2,0.83,271,466.,516.,0.008,0.005,0,2483698.,901629,901630, , ,2025-01-25 14:17:58,True,False,False,3.5697389503135653
2025-01-25,FHMRF,FHMRF,2025/01/25,15:10:41,CMA624,LFPGZSPD,371,-37,45 N,31.7,235.9,25.0,18602.2,81.555,-0.293,-1.3,-1.4,12602.0,59230.0,58469.,58451.,0.0,0.,12440.,12437.0,0.,0.0,6742.,4.6,6753.0,4.2,0.0,0.0,0.,0.0,14093.0,13495.,4.4,0.03312,0.03411,-2.9,0.831,270,467.,531.,0.012,-0.005,0,2437554.,901629,901630, , ,2025-01-25 15:10:41,True,False,False,3.569230300425991
2025-01-27,FHMRF,FHMRF,2025/01/27,01:16:12,CMA618,LFPGVHHH,390,-21,41 N,29.4,201.8,24.0,18611.0,82.890,-0.252,-1.0,-1.2,10817.0,55701.0,55075.,55168.,0.0,0.,10696.,10714.0,0.,0.0,6095.,3.6,6078.0,3.6,0.0,0.0,0.,0.0,12607.0,12172.,3.6,0.03827,0.03917,-2.3,0.832,259,482.,548.,-0.002,-0.021,0,2280596.,901629,901630, , ,2025-01-27 01:16:12,True,False,False,3.5689921982598736
2025-01-27,FHMRF,FHMRF,2025/01/27,02:59:14,CMA618,LFPGVHHH,391,-22,40 N,28.7,192.2,24.0,18616.6,81.840,-0.284,-1.1,-1.2,10426.0,53945.0,53297.,53387.,0.0,0.,10301.,10318.0,0.,0.0,5858.,3.0,5842.0,3.8,0.0,0.0,0.,0.0,12100.0,11701.,3.4,0.03964,0.04048,-2.1,0.829,258,480.,538.,0.003,0.015,0,2182418.,901629,901630, , ,2025-01-27 02:59:14,True,False,False,3.569027340993746
2025-01-27,FHMRF,FHMRF,2025/01/27,03:02:06,CMA618,LFPGVHHH,391,-22,40 N,28.7,191.9,24.0,18616.6,82.070,-0.266,-1.0,-1.2,10504.0,54347.0,53736.,53827.,0.0,0.,10386.,10403.0,0.,0.0,5900.,2.8,5884.0,3.1,0.0,0.0,0.,0.0,12134.0,11784.,3.0,0.03949,0.04019,-1.7,0.828,257,479.,540.,0.012,0.006,0,2179448.,901629,901630, , ,2025-01-27 03:02:06,True,False,False,3.5693378507680595
2025-01-27,FHMRF,FHMRF,2025/01/27,03:11:54,CMA618,LFPGVHHH,391,-23,40 N,28.7,191.0,24.0,18616.0,81.630,-0.325,-1.3,-1.4,10368.0,53644.0,52909.,52998.,0.0,0.,10226.,10243.0,0.,0.0,5817.,3.1,5801.0,3.4,0.0,0.0,0.,0.0,12000.0,11619.,3.3,0.03995,0.04069,-1.8,0.829,258,479.,541.,0.002,0.004,0,2169300.,901629,901630, , ,2025-01-27 03:11:54,True,False,False,3.5699252719448262
2025-01-27,FHMRF,FHMRF,2025/01/27,03:16:40,CMA618,LFPGVHHH,391,-23,40 N,28.7,190.6,24.0,18616.6,81.400,-0.485,-1.9,-2.0,10360.0,53602.0,52523.,52612.,0.0,0.,10151.,10168.0,0.,0.0,5779.,3.0,5763.0,3.0,0.0,0.0,0.,0.0,11885.0,11542.,3.0,0.04036,0.04075,-0.9,0.83,258,480.,542.,0.002,0.000,0,2164357.,901629,901630, , ,2025-01-27 03:16:40,True,False,False,3.570790570115505
2025-01-27,FHMRF,FHMRF,2025/01/27,03:29:36,CMA618,LFPGVHHH,391,-25,39 N,28.6,189.4,24.0,18616.0,81.240,-0.18,-0.7,-0.9,10290.0,53241.0,52811.,52900.,0.0,0.,10207.,10224.0,0.,0.0,5778.,3.3,5762.0,3.5,0.0,0.0,0.,0.0,11934.0,11541.,3.4,0.04001,0.04101,-2.4,0.829,257,477.,544.,0.002,-0.025,0,2150906.,901629,901630, , ,2025-01-27 03:29:36,True,False,False,3.571934132897537
2025-01-27,FHMRF,FHMRF,2025/01/27,03:41:37,CMA618,LFPGVHHH,391,-26,38 N,28.6,188.3,24.0,18607.2,80.980,-0.039,-0.2,-0.4,10204.0,52796.0,52668.,52757.,0.0,0.,10179.,10196.0,0.,0.0,5747.,3.2,5731.0,3.5,0.0,0.0,0.,0.0,11866.0,11478.,3.4,0.04009,0.0413,-2.9,0.828,257,476.,553.,0.0,-0.051,0,2138157.,901629,901630, , ,2025-01-27 03:41:37,True,False,False,3.573355772534626
2025-01-27,FHMRF,FHMRF,2025/01/27,15:32:57,CMA619,VHHHUBBB,301,-22,41 N,29.8,276.2,30.0,18597.8,80.800,0.231,1.1,0.8,14910.0,50434.0,50995.,50994.,0.0,0.,15075.,15075.0,0.,0.0,8444.,3.1,8444.0,3.7,0.0,0.0,0.,0.0,17461.0,16887.,3.4,0.02741,0.02856,-4.0,0.826,314,479.,444.,0.007,-0.010,0,2063292.,901629,901630, , ,2025-01-27 15:32:57,True,False,False,3.575054730284142
2025-01-27,FHMRF,FHMRF,2025/01/27,15:48:15,CMA619,VHHHUBBB,321,-27,43 N,29.6,274.1,30.0,18596.7,81.210,0.125,0.5,0.3,14427.0,53502.0,53789.,53751.,0.0,0.,14504.,14494.0,0.,0.0,8041.,3.0,8051.0,3.5,0.0,0.0,0.,0.0,16611.0,16092.,3.2,0.02871,0.02971,-3.4,0.832,303,477.,444.,-0.004,-0.015,0,2244943.,901629,901630, , ,2025-01-27 15:48:15,True,False,False,3.5770296825447208
2025-01-27,FHMRF,FHMRF,2025/01/27,23:42:22,CMA619,UBBBLFPG,340,-25,41 N,29.2,270.8,28.0,18603.5,83.350,-0.283,-1.2,-1.4,14462.0,58618.0,57902.,57894.,0.0,0.,14286.,14284.0,0.,0.0,7920.,4.0,7921.0,4.6,0.0,0.0,0.,0.0,16519.0,15841.,4.3,0.02891,0.02973,-2.8,0.829,289,478.,504.,0.008,-0.022,0,2425364.,901629,901630, , ,2025-01-27 23:42:22,True,False,False,3.579278748652107
2025-01-29,FHMRF,FHMRF,2025/01/29,02:21:51,CMA612,LFPGVHHH,411,-24,41 N,29.3,183.6,24.0,18616.6,82.960,-0.282,-1.3,-1.4,10037.0,57172.0,56394.,56489.,0.0,0.,9901.,9917.0,0.,0.0,5624.,3.2,5608.0,3.6,0.0,0.0,0.,0.0,11610.0,11232.,3.4,0.04137,0.04217,-1.9,0.833,247,480.,529.,0.01,0.016,0,2295758.,901629,901630, , ,2025-01-29 02:21:51,True,False,False,3.5817995002523952
2025-01-29,FHMRF,FHMRF,2025/01/29,02:58:55,CMA611,UBBBLFPG,340,-28,48 N,25.4,250.6,24.0,18612.4,81.075,-0.261,-1.0,-1.2,13412.0,54363.0,53828.,53790.,0.0,0.,13281.,13271.0,0.,0.0,7304.,4.3,7305.0,3.7,0.0,0.0,0.,0.0,15200.0,14609.,4.0,0.03092,0.0318,-2.8,0.821,286,470.,479.,0.008,-0.015,0,2244867.,901629,901630, , ,2025-01-29 02:58:55,True,False,False,3.584588972150348
2025-01-29,FHMRF,FHMRF,2025/01/29,06:15:00,CMA612,LFPGVHHH,391,-22,24 N,28.9,164.2,24.0,18608.7,79.040,-0.688,-2.8,-2.5,9268.0,47953.0,46571.,46641.,0.0,0.,9001.,9014.0,0.,0.0,5173.,3.1,5160.0,3.3,0.0,0.0,0.,0.0,10666.0,10333.,3.2,0.04435,0.04463,-0.6,0.815,252,473.,557.,0.0,-0.001,0,1860318.,901629,901630, , ,2025-01-29 06:15:00,True,False,False,3.587643674528816
2025-02-01,FHMRF,FHMRF,2025/02/01,06:21:00,CMA616,LFPGVHHH,391,-20,24 N,30.3,175.9,24.0,18622.6,80.490,-0.537,-2.6,-2.6,9734.0,50364.0,49029.,49048.,0.0,0.,9476.,9479.0,0.,0.0,5440.,3.5,5437.0,3.6,0.0,0.0,0.,0.0,11264.0,10877.,3.6,0.0426,0.04296,-0.8,0.824,256,480.,546.,-0.001,-0.010,0,1992656.,901629,901630, , ,2025-02-01 06:21:00,True,False,False,3.590959606442557
2025-02-01,FHMRF,FHMRF,2025/02/01,20:20:02,CMA617,VHHHUBBB,340,-28,43 N,22.4,243.2,24.0,18604.8,80.770,-0.279,-1.1,-1.3,13285.0,53847.0,53242.,53258.,0.0,0.,13136.,13140.0,0.,0.0,7282.,3.8,7278.0,3.6,0.0,0.0,0.,0.0,15098.0,14560.,3.7,0.03147,0.03223,-2.3,0.831,290,475.,441.,0.011,-0.009,0,2176654.,901629,901630, , ,2025-02-01 20:20:02,True,False,False,3.5945322704993576
2025-02-02,FHMRF,FHMRF,2025/02/02,08:00:34,CMA626,LFPGZSPD,310,-21,48 N,33.8,317.5,28.0,18620.7,84.075,-0.263,-1.1,-1.3,16755.0,59060.0,58392.,58392.,0.0,0.,16565.,16565.0,0.,0.0,9205.,3.1,9216.0,3.6,0.0,0.0,0.,0.0,19040.0,18421.,3.4,0.02533,0.02584,-2.0,0.832,310,482.,448.,0.004,-0.012,0,2464166.,901629,901630, , ,2025-02-02 08:00:34,True,False,False,3.5983566886465166
2025-02-02,FHMRF,FHMRF,2025/02/02,12:59:34,CMA626,LFPGZSPD,330,-28,47 N,36.3,277.1,30.0,18614.9,82.180,-0.187,-0.8,-1.0,14707.0,56875.0,56394.,56400.,0.0,0.,14582.,14584.0,0.,0.0,8021.,4.4,8019.0,3.9,0.0,0.0,0.,0.0,16705.0,16041.,4.1,0.02842,0.02929,-3.0,0.83,296,475.,503.,0.018,-0.004,0,2357164.,901629,901630, , ,2025-02-02 12:59:34,True,False,False,3.6024274189803283
2025-02-03,FHMRF,FHMRF,2025/02/03,13:20:35,CMA627,UBBBLFPG,340,-23,45 N,20.2,254.2,24.0,18627.9,82.460,-0.28,-1.1,-1.3,13723.0,55620.0,54995.,55002.,0.0,0.,13569.,13571.0,0.,0.0,7590.,3.7,7588.0,3.7,0.0,0.0,0.,0.0,15734.0,15178.,3.7,0.03056,0.03127,-2.3,0.832,291,481.,469.,-0.003,0.012,0,2276210.,901629,901630, , ,2025-02-03 13:20:35,True,False,False,3.606738573494257
2025-02-03,FHMRF,FHMRF,2025/02/03,19:58:05,CMA610,LFPGVHHH,350,-30,48 N,33.8,252.6,29.0,18615.8,82.085,-0.235,-1.1,-1.2,13539.0,57537.0,56950.,56910.,0.0,0.,13401.,13391.0,0.,0.0,7371.,3.3,7371.0,2.9,0.0,0.0,0.,0.0,15200.0,14742.,3.1,0.03122,0.0318,-1.8,0.833,284,475.,454.,0.018,-0.026,0,2361757.,901629,901630, , ,2025-02-03 19:58:05,True,False,False,3.6112838366825666
2025-02-03,FHMRF,FHMRF,2025/02/03,20:13:09,CMA610,LFPGVHHH,350,-29,47 N,34.1,250.8,29.0,18614.9,82.205,0.373,1.7,1.3,13211.0,56145.0,57130.,57090.,0.0,0.,13443.,13433.0,0.,0.0,7398.,3.0,7398.0,2.8,0.0,0.0,0.,0.0,15228.0,14796.,2.9,0.03118,0.03252,-4.1,0.833,284,475.,456.,0.001,0.014,0,2344750.,901629,901630, , ,2025-02-03 20:13:09,True,False,False,3.616056484921427
2025-02-04,FHMRF,FHMRF,2025/02/04,04:54:53,CMA610,LFPGVHHH,371,-17,30 N,29.8,196.6,24.0,18612.7,81.680,-0.584,-2.6,-2.6,11139.0,52354.0,50994.,50969.,0.0,0.,10850.,10845.0,0.,0.0,6202.,3.2,6207.0,3.1,0.0,0.0,0.,0.0,12800.0,12409.,3.1,0.0376,0.03778,-0.5,0.822,267,481.,511.,0.033,-0.006,0,2031852.,901629,901630, , ,2025-02-04 04:54:53,True,False,False,3.62104940655326
2025-02-06,FHMRF,FHMRF,2025/02/06,21:27:30,CMA614,LFPGVHHH,350,-28,44 N,35.4,250.2,28.0,18602.8,81.700,-0.159,-0.6,-0.8,13027.0,55362.0,55023.,55019.,0.0,0.,12947.,12946.0,0.,0.0,7173.,3.9,7174.0,4.2,0.0,0.0,0.,0.0,14926.0,14347.,4.0,0.03184,0.03285,-3.1,0.83,283,475.,526.,-0.005,-0.007,0,2336903.,901629,901630, , ,2025-02-06 21:27:30,True,False,False,3.6262551225922994
2025-02-07,FHMRF,FHMRF,2025/02/07,01:16:24,CMA614,LFPGVHHH,370,-27,41 N,31.5,224.9,28.0,18607.0,82.090,-0.103,-0.5,-0.7,11916.0,55736.0,55466.,55477.,0.0,0.,11858.,11861.0,0.,0.0,6612.,3.9,6610.0,3.7,0.0,0.0,0.,0.0,13727.0,13222.,3.8,0.03472,0.0358,-3.0,0.831,271,477.,520.,-0.001,0.007,0,2310586.,901629,901630, , ,2025-02-07 01:16:24,True,False,False,3.631665807945531
2025-02-07,FHMRF,FHMRF,2025/02/07,16:54:30,CMA615,VHHHUBBB,321,-32,47 N,24.7,271.0,30.0,18597.7,80.370,-0.063,-0.2,-0.5,14492.0,53744.0,53620.,53601.,0.0,0.,14458.,14453.0,0.,0.0,7913.,3.9,7917.0,4.0,0.0,0.0,0.,0.0,16456.0,15830.,4.0,0.02864,0.02964,-3.4,0.83,302,471.,473.,0.006,0.002,0,2220297.,901629,901630, , ,2025-02-07 16:54:30,True,False,False,3.637273313012616
2025-02-08,FHMRF,FHMRF,2025/02/08,02:51:40,CMA615,UBBBLFPG,340,-28,45 N,23.7,250.7,25.0,18609.6,81.270,-0.385,-1.5,-1.6,13578.0,55031.0,54224.,54193.,0.0,0.,13379.,13371.0,0.,0.0,7404.,4.1,7411.0,3.9,0.0,0.0,0.,0.0,15405.0,14816.,4.0,0.03086,0.03158,-2.3,0.831,290,475.,488.,0.01,-0.012,0,2245166.,901629,901630, , ,2025-02-08 02:51:40,True,False,False,3.643069185507625
2025-02-08,FHMRF,FHMRF,2025/02/08,03:05:26,CMA615,UBBBLFPG,340,-27,46 N,23.7,249.1,24.0,18609.6,81.160,-0.197,-0.8,-0.9,13307.0,53935.0,53532.,53502.,0.0,0.,13208.,13201.0,0.,0.0,7336.,3.9,7343.0,3.3,0.0,0.0,0.,0.0,15203.0,14679.,3.6,0.03132,0.03214,-2.5,0.83,290,476.,494.,-0.003,0.009,0,2230904.,901629,901630, , ,2025-02-08 03:05:26,True,False,False,3.6490446923438213
2025-02-08,FHMRF,FHMRF,2025/02/08,03:11:41,CMA615,UBBBLFPG,340,-26,46 N,23.7,248.4,24.0,18613.6,81.200,-0.298,-1.2,-1.3,13375.0,54211.0,53592.,53562.,0.0,0.,13222.,13215.0,0.,0.0,7343.,3.6,7350.0,3.3,0.0,0.0,0.,0.0,15201.0,14693.,3.5,0.03133,0.03199,-2.1,0.83,290,476.,491.,0.004,-0.007,0,2224605.,901629,901630, , ,2025-02-08 03:11:41,True,False,False,3.6551908414369554
2025-02-08,FHMRF,FHMRF,2025/02/08,13:47:40,CMA624,LFPGZSPD,350,-32,43 N,31.7,241.7,30.0,18614.9,80.610,-0.23,-0.9,-0.9,12843.0,54579.0,54084.,54084.,0.0,0.,12726.,12726.0,0.,0.0,7019.,3.7,7019.0,3.7,0.0,0.0,0.,0.0,14560.0,14038.,3.7,0.03236,0.03326,-2.7,0.83,283,471.,530.,0.008,0.013,0,2256716.,901629,901630, , ,2025-02-08 13:47:40,True,False,False,3.6614984033023172
2025-02-09,FHMRF,FHMRF,2025/02/09,05:45:23,CMA625,ZSPDUBBB,340,-30,47 N,27.7,277.8,30.0,18608.6,83.130,-0.533,-2.4,-2.5,15133.0,61337.0,59890.,59886.,0.0,0.,14776.,14775.0,0.,0.0,8067.,3.8,8068.0,3.8,0.0,0.0,0.,0.0,16753.0,16136.,3.8,0.02826,0.02862,-1.2,0.832,291,474.,450.,0.02,-0.010,0,2488720.,901629,901630, , ,2025-02-09 05:45:23,True,False,False,3.6679579323364626
2025-02-09,FHMRF,FHMRF,2025/02/09,06:30:13,CMA625,ZSPDUBBB,340,-31,48 N,27.4,272.1,24.0,18603.2,82.900,-0.297,-1.3,-1.5,14892.0,60358.0,59552.,59549.,0.0,0.,14693.,14692.0,0.,0.0,8008.,4.6,8009.0,4.0,0.0,0.0,0.,0.0,16705.0,16016.,4.3,0.02828,0.02905,-2.6,0.831,290,472.,484.,0.027,0.000,0,2438278.,901629,901630, , ,2025-02-09 06:30:13,True,False,False,3.6745597876822136
2025-02-09,FHMRF,FHMRF,2025/02/09,20:54:53,CMA618,LFPGVHHH,330,-29,46 N,34.0,271.3,30.0,18604.5,81.830,-0.153,-0.7,-0.9,14604.0,56478.0,56091.,56081.,0.0,0.,14504.,14502.0,0.,0.0,7955.,3.9,7958.0,3.7,0.0,0.0,0.,0.0,16521.0,15913.,3.8,0.02866,0.02948,-2.8,0.83,296,473.,475.,0.028,-0.005,0,2307850.,901629,901630, , ,2025-02-09 20:54:53,True,False,False,3.6812941535791097
2025-02-10,FHMRF,FHMRF,2025/02/10,03:07:00,CMA618,LFPGVHHH,371,-34,40 N,31.1,228.8,24.0,18602.7,80.935,-0.593,-2.7,-2.7,12136.0,57036.0,55478.,55494.,0.0,0.,11804.,11807.0,0.,0.0,6473.,4.8,6478.0,4.7,0.0,0.0,0.,0.0,13562.0,12952.,4.7,0.03468,0.03533,-1.8,0.832,271,470.,523.,0.004,-0.031,0,2360981.,901629,901630, , ,2025-02-10 03:07:00,True,False,False,3.688151059109256
2025-02-10,FHMRF,FHMRF,2025/02/10,05:34:41,CMA618,LFPGVHHH,391,-16,29 N,30.8,213.5,23.0,18601.1,85.230,-0.292,-1.2,-1.4,11519.0,59600.0,58822.,58894.,0.0,0.,11369.,11383.0,0.,0.0,6524.,3.5,6511.0,3.2,0.0,0.0,0.,0.0,13472.0,13034.,3.4,0.03622,0.03692,-1.9,0.833,259,488.,467.,0.004,0.008,0,2428139.,901629,901630, , ,2025-02-10 05:34:41,True,False,False,3.695120397266681
2025-02-11,FHMRF,FHMRF,2025/02/11,23:54:06,CMA612,LFPGVHHH,370,-18,41 N,31.7,216.1,29.0,18601.9,82.850,-0.342,-1.3,-1.4,11703.0,54741.0,53988.,54065.,0.0,0.,11542.,11559.0,0.,0.0,6577.,3.4,6561.0,3.6,0.0,0.0,0.,0.0,13600.0,13139.,3.5,0.03537,0.0361,-2.0,0.824,268,481..,532.,0.016,0.022,0,2219428.,901629,901630, , ,2025-02-11 23:54:06,True,False,False,3.702191943306846
2025-02-12,FHMRF,FHMRF,2025/02/12,00:39:56,CMA612,LFPGVHHH,370,-15,41 N,31.0,211.5,28.0,18605.8,82.370,-0.22,-0.9,-1.0,11221.0,52483.0,51990.,52065.,0.0,0.,11116.,11132.0,0.,0.0,6391.,2.9,6376.0,3.2,0.0,0.0,0.,0.0,13156.0,12767.,3.0,0.0367,0.03744,-2.0,0.822,268,483.,534.,-0.008,0.024,0,2171877.,901629,901630, , ,2025-02-12 00:39:56,True,False,False,3.709355372364832
2025-02-12,FHMRF,FHMRF,2025/02/12,04:05:01,CMA612,LFPGVHHH,391,-19,37 N,29.6,192.1,23.0,18607.0,82.500,-0.561,-2.2,-2.2,10596.0,54827.0,53598.,53684.,0.0,0.,10359.,10375.0,0.,0.0,5937.,3.1,5921.0,3.4,0.0,0.0,0.,0.0,12244.0,11858.,3.3,0.03942,0.03982,-1.0,0.829,257,483.,534.,0.019,-0.020,0,2180973.,901629,901630, , ,2025-02-12 04:05:01,True,False,False,3.71660027635391
2025-02-12,FHMRF,FHMRF,2025/02/12,12:51:59,CMA620,LFPGZSPD,350,-36,44 N,36.3,236.9,30.0,18602.0,79.840,-0.361,-1.4,-1.4,12853.0,54623.0,53840.,53840.,0.0,0.,12669.,12669.0,0.,0.0,6917.,4.5,6917.0,4.1,0.0,0.0,0.,0.0,14427.0,13834.,4.3,0.03232,0.03323,-2.8,0.828,283,466.,519.,0.031,-0.022,0,2213723.,901629,901630, , ,2025-02-12 12:51:59,True,False,False,3.723916180159809
2025-02-12,FHMRF,FHMRF,2025/02/12,13:15:09,CMA620,LFPGZSPD,350,-35,46 N,36.0,234.5,30.0,18604.9,79.130,-0.037,-0.2,-0.2,12294.0,52244.0,52165.,52165.,0.0,0.,12275.,12275.0,0.,0.0,6726.,3.9,6726.0,3.8,0.0,0.0,0.,0.0,13970.0,13452.,3.9,0.0334,0.03461,-3.5,0.828,283,467.,530.,-0.004,0.008,0,2189889.,901629,901630, , ,2025-02-12 13:15:09,True,False,False,3.7312925571297813
2025-02-13,FHMRF,FHMRF,2025/02/13,02:03:29,CMA613A,UBBBLFPG,360,-27,46 N,26.3,237.5,28.0,18616.2,82.325,-0.585,-2.6,-2.6,13000.0,57953.0,56456.,56439.,0.0,0.,12664.,12660.0,0.,0.0,7030.,4.2,7025.0,4.2,0.0,0.0,0.,0.0,14646.0,14055.,4.2,0.03256,0.03305,-1.5,0.833,278,477.,451.,0.018,-0.008,0,2339178.,901629,901630, , ,2025-02-13 02:03:29,True,False,False,3.7387188438328725
2025-02-14,FHMRF,FHMRF,2025/02/14,04:32:09,CMA623,ZSPDUBBB,320,-25,48 N,25.7,260.2,24.0,18605.9,80.610,-0.214,-1.0,-1.1,14131.0,52161.0,51649.,51667.,0.0,0.,13992.,13997.0,0.,0.0,7818.,3.6,7813.0,3.5,0.0,0.0,0.,0.0,16187.0,15630.,3.6,0.02957,0.03028,-2.4,0.831,303,479.,486.,0.008,-0.012,0,2122848.,901629,901630, , ,2025-02-14 04:32:09,True,False,False,3.74618445405568
2025-02-15,FHMRF,FHMRF,2025/02/15,02:18:40,CMA615,UBBBLFPG,340,-30,46 N,24.1,255.5,28.0,18625.2,81.640,-0.328,-1.5,-1.6,13992.0,56712.0,55866.,55866.,0.0,0.,13783.,13783.0,0.,0.0,7574.,4.5,7574.0,4.5,0.0,0.0,0.,0.0,15822.0,15147.,4.5,0.02998,0.03081,-2.7,0.833,291,474.,468.,0.02,-0.012,0,2288651.,901629,901630, , ,2025-02-15 02:18:40,True,False,False,3.7536787920037797
2025-02-15,FHMRF,FHMRF,2025/02/15,18:59:20,CMA617,VHHHUBBB,340,-29,48 N,25.1,256.1,26.0,18618.7,81.370,-0.435,-1.8,-1.9,13810.0,55973.0,54947.,54947.,0.0,0.,13557.,13557.0,0.,0.0,7482.,4.0,7482.0,4.5,0.0,0.0,0.,0.0,15599.0,14964.,4.2,0.03045,0.03115,-2.2,0.833,291,475.,451.,0.007,-0.003,0,2293747.,901629,901630, , ,2025-02-15 18:59:20,True,False,False,3.761191264697688
2025-02-15,FHMRF,FHMRF,2025/02/15,19:43:04,CMA617,VHHHUBBB,340,-26,46 N,24.9,250.9,26.0,18617.7,80.920,-0.276,-1.1,-1.2,13221.0,53584.0,52982.,53005.,0.0,0.,13072.,13078.0,0.,0.0,7290.,3.4,7285.0,4.0,0.0,0.0,0.,0.0,15120.0,14575.,3.7,0.03164,0.03241,-2.4,0.834,291,478.,459.,-0.018,-0.002,0,2247480.,901629,901630, , ,2025-02-15 19:43:04,True,False,False,3.7687112935761506
2025-02-18,FHMRF,FHMRF,2025/02/18,06:13:59,CMA610,LFPGVHHH,371,-15,24 N,32.0,226.3,24.0,18611.5,84.150,-0.954,-4.1,-4.0,12370.0,58138.0,55731.,55742.,0.0,0.,11858.,11860.0,0.,0.0,6796.,4.2,6794.0,4.2,0.0,0.0,0.,0.0,14160.0,13589.,4.2,0.03446,0.03446,0.0,0.831,270,488.,549.,0.027,0.006,0,2330176.,901629,901630, , ,2025-02-18 06:13:59,True,False,False,3.776228325346384
2025-02-18,FHMRF,FHMRF,2025/02/18,14:03:09,CMA611,VHHHUBBB,321,0,26 N,35.4,279.6,27.0,18608.8,85.510,-0.134,-0.5,-0.3,14536.0,53906.0,53638.,53635.,0.0,0.,14464.,14463.0,0.,0.0,8601.,2.3,8602.0,3.3,0.0,0.0,0.,0.0,17683.0,17203.,2.8,0.02835,0.02905,-2.4,0.831,303,501.,411.,-0.018,0.023,0,2289298.,901629,901630, , ,2025-02-18 14:03:09,True,False,False,3.783731842149615
2025-02-19,FHMRF,FHMRF,2025/02/19,04:12:08,CMA611,UBBBLFPG,360,-32,49 N,30.6,225.7,26.0,18616.3,81.100,-0.418,-1.9,-2.0,12727.0,56737.0,55649.,55634.,0.0,0.,12483.,12480.0,0.,0.0,6885.,4.6,6888.0,3.9,0.0,0.0,0.,0.0,14360.0,13773.,4.3,0.03317,0.03391,-2.2,0.842,282,476.,432.,0.033,0.004,0,2223832.,901629,901630, , ,2025-02-19 04:12:08,True,False,False,3.7912113711351845
2025-02-19,FHMRF,FHMRF,2025/02/19,08:44:07,CMA620,LFPGZSPD,350,-30,48 N,34.9,265.2,28.0,18601.2,82.920,-0.01,-0.0,-0.2,13963.0,59341.0,59322.,59311.,0.0,0.,13959.,13956.0,0.,0.0,7647.,3.4,7649.0,2.9,0.0,0.0,0.,0.0,15777.0,15296.,3.1,0.02998,0.03085,-2.8,0.831,284,473.,502.,0.005,-0.014,0,2478902.,901629,901630, , ,2025-02-19 08:44:07,True,False,False,3.798656493550021
2025-02-19,FHMRF,FHMRF,2025/02/19,09:22:29,CMA620,LFPGZSPD,350,-30,46 N,35.7,260.6,28.0,18609.0,82.800,-0.146,-0.6,-0.8,13925.0,59178.0,58808.,58797.,0.0,0.,13838.,13835.0,0.,0.0,7587.,3.7,7589.0,3.8,0.0,0.0,0.,0.0,15749.0,15176.,3.8,0.03002,0.03091,-2.9,0.83,283,473.,538.,0.021,-0.012,0,2434838.,901629,901630, , ,2025-02-19 09:22:29,True,False,False,3.8060568534493946
2025-02-19,FHMRF,FHMRF,2025/02/19,17:26:02,CMA620,LFPGZSPD,391,-14,41 N,34.5,208.5,24.0,18603.2,84.640,-0.403,-1.8,-1.7,11142.0,57649.0,56632.,56632.,0.0,0.,10946.,10946.0,0.,0.0,6340.,3.6,6340.0,3.5,0.0,0.0,0.,0.0,13132.0,12680.,3.6,0.03722,0.03791,-1.8,0.832,259,489.,537.,0.001,0.020,0,2368650.,901629,901630, , ,2025-02-19 17:26:02,True,False,False,3.8134021661232294
2025-02-19,FHMRF,FHMRF,2025/02/19,17:37:38,CMA620,LFPGZSPD,391,-16,40 N,34.6,207.4,23.0,18608.8,84.630,-0.354,-1.5,-1.5,11235.0,58130.0,57234.,57234.,0.0,0.,11062.,11062.0,0.,0.0,6372.,3.4,6372.0,3.3,0.0,0.0,0.,0.0,13168.0,12745.,3.3,0.03697,0.03764,-1.8,0.831,258,487.,538.,0.016,-0.009,0,2355168.,901629,901630, , ,2025-02-19 17:37:38,True,False,False,3.820682226315388
2025-02-20,FHMRF,FHMRF,2025/02/20,07:33:59,CMA621,ZSPDUBBB,340,-30,41 N,27.7,257.4,24.0,18602.0,81.695,-0.274,-1.2,-1.4,13944.0,56519.0,55804.,55823.,0.0,0.,13768.,13773.0,0.,0.0,7586.,4.7,7591.0,3.9,0.0,0.0,0.,0.0,15826.0,15177.,4.3,0.03,0.03086,-2.8,0.833,291,475.,419.,0.016,-0.002,0,2305407.,901629,901630, , ,2025-02-20 07:33:59,True,False,False,3.827886916294654
2025-02-21,FHMRF,FHMRF,2025/02/21,01:54:51,CMA614,LFPGVHHH,350,-27,41 N,35.1,269.2,30.0,18612.8,83.950,-0.213,-0.9,-1.1,14331.0,60904.0,60332.,60328.,0.0,0.,14196.,14195.0,0.,0.0,7829.,4.6,7829.0,4.2,0.0,0.0,0.,0.0,16346.0,15658.,4.4,0.02913,0.03007,-3.1,0.83,283,476.,511.,0.013,0.000,0,2513398.,901629,901630, , ,2025-02-21 01:54:51,True,False,False,3.8350062138173686
2025-02-25,FHMRF,FHMRF,2025/02/25,19:02:55,CMA779,OTHHVHHH,410,-31,24 N,23.3,182.1,26.0,18653.8,81.140,-0.449,-1.9,-1.9,9843.0,55797.0,54757.,54771.,0.0,0.,9659.,9662.0,0.,0.0,5365.,3.2,5363.0,3.7,0.0,0.0,0.,0.0,11099.0,10728.,3.5,0.04235,0.04297,-1.4,0.826,245,470.,569.,0.002,-0.047,0,2260455.,901629,901630, , ,2025-02-25 19:02:55,True,False,False,3.8420302000067954
2025-02-25,FHMRF,FHMRF,2025/02/25,20:28:13,CMA779,OTHHVHHH,410,-30,23 N,22.5,175.0,28.0,18648.5,80.345,-0.106,-0.4,-0.7,9331.0,52895.0,52656.,52678.,0.0,0.,9289.,9293.0,0.,0.0,5174.,3.2,5176.0,3.2,0.0,0.0,0.,0.0,10683.0,10350.,3.2,0.04396,0.04506,-2.4,0.823,244,470.,557.,-0.016,0.000,0,2171446.,901629,901630, , ,2025-02-25 20:28:13,True,False,False,3.8489490671692193
2025-02-25,FHMRF,FHMRF,2025/02/25,20:31:13,CMA779,OTHHVHHH,410,-30,23 N,22.5,174.7,28.0,18648.5,80.430,0.198,0.8,0.4,9242.0,52392.0,52821.,52821.,0.0,0.,9318.,9318.0,0.,0.0,5186.,3.4,5186.0,3.4,0.0,0.0,0.,0.0,10726.0,10372.,3.4,0.04374,0.04542,-3.7,0.822,244,469.,554.,-0.023,-0.004,0,2168612.,901629,901630, , ,2025-02-25 20:31:13,True,False,False,3.855753126571444
2025-02-25,FHMRF,FHMRF,2025/02/25,20:51:12,CMA779,OTHHVHHH,410,-29,23 N,22.4,173.1,28.0,18651.4,80.380,-0.104,-0.4,-0.7,9290.0,52665.0,52442.,52442.,0.0,0.,9251.,9251.0,0.,0.0,5155.,2.9,5155.0,3.5,0.0,0.0,0.,0.0,10637.0,10310.,3.2,0.04407,0.04516,-2.4,0.82,243,469.,550.,-0.01,-0.023,0,2148556.,901629,901630, , ,2025-02-25 20:51:12,True,False,False,3.8624328162071033
2025-02-27,FHMRF,FHMRF,2025/02/27,09:57:34,CMA622,LFPGZSPD,370,-33,41 N,34.1,225.2,24.0,18618.6,81.630,-0.024,-0.1,-0.3,12224.0,57175.0,57122.,57105.,0.0,0.,12212.,12209.0,0.,0.0,6736.,4.4,6739.0,4.8,0.0,0.0,0.,0.0,14094.0,13475.,4.6,0.03389,0.03533,-4.1,0.845,276,478.,505.,0.004,-0.018,0,2314606.,901629,901630, , ,2025-02-27 09:57:34,True,False,False,3.868978708566515
2025-02-27,FHMRF,FHMRF,2025/02/27,15:58:30,CMA622,LFPGZSPD,391,-41,42 N,28.8,189.9,24.0,18624.6,78.680,-0.285,-1.2,-1.2,10407.0,53845.0,53275.,53157.,0.0,0.,10296.,10274.0,0.,0.0,5570.,4.0,5590.0,4.1,0.0,0.0,0.,0.0,11613.0,11159.,4.1,0.03968,0.0408,-2.8,0.828,257,461.,507.,0.019,-0.006,0,2157214.,901629,901630, , ,2025-02-27 15:58:30,True,False,False,3.875381518396228
2025-02-28,FHMRF,FHMRF,2025/02/28,04:30:05,CMA623,ZSPDUBBB,340,-29,47 N,30.4,270.7,25.0,18620.8,82.630,-0.371,-1.6,-1.7,14558.0,59001.0,58065.,58029.,0.0,0.,14326.,14318.0,0.,0.0,7864.,4.1,7873.0,4.4,0.0,0.0,0.,0.0,16404.0,15737.,4.2,0.02897,0.02968,-2.4,0.833,291,475.,434.,0.013,0.013,0,2425564.,901629,901630, , ,2025-02-28 04:30:05,True,False,False,3.8816321104045812
2025-02-28,FHMRF,FHMRF,2025/02/28,04:32:20,CMA623,ZSPDUBBB,340,-29,48 N,30.4,270.5,25.0,18622.2,82.810,-0.14,-0.6,-0.8,14527.0,58879.0,58538.,58501.,0.0,0.,14443.,14434.0,0.,0.0,7922.,4.5,7931.0,3.7,0.0,0.0,0.,0.0,16509.0,15853.,4.1,0.02878,0.02974,-3.2,0.833,291,475.,437.,0.012,0.016,0,2423070.,901629,901630, , ,2025-02-28 04:32:20,True,False,False,3.887721506855109
2025-03-02,FHMRF,FHMRF,2025/03/02,08:35:52,CMA626,LFPGZSPD,330,-24,48 N,32.9,296.2,29.0,18612.7,84.270,-0.052,-0.2,-0.5,15518.0,60014.0,59875.,59875.,0.0,0.,15482.,15482.0,0.,0.0,8573.,3.8,8573.0,4.3,0.0,0.0,0.,0.0,17842.0,17145.,4.1,0.02691,0.02786,-3.4,0.832,297,480.,453.,-0.007,-0.015,0,2520659.,901629,901630, , ,2025-03-02 08:35:52,True,False,False,3.89364089499621
2025-03-02,FHMRF,FHMRF,2025/03/02,09:30:18,CMA626,LFPGZSPD,330,-23,46 N,34.0,288.9,29.0,18613.3,83.760,-0.534,-2.3,-2.4,15388.0,59508.0,58155.,58155.,0.0,0.,15038.,15038.0,0.,0.0,8358.,4.0,8358.0,3.6,0.0,0.0,0.,0.0,17350.0,16717.,3.8,0.02769,0.02806,-1.3,0.831,297,480.,472.,0.015,-0.007,0,2458004.,901629,901630, , ,2025-03-02 09:30:18,True,False,False,3.8993816342957137
2025-03-02,FHMRF,FHMRF,2025/03/02,10:57:07,CMA626,LFPGZSPD,330,-32,42 N,35.8,277.8,30.0,18616.5,81.320,-0.236,-1.1,-1.2,14561.0,56312.0,55670.,55741.,0.0,0.,14395.,14414.0,0.,0.0,7874.,3.9,7857.0,3.9,0.0,0.0,0.,0.0,16345.0,15731.,3.9,0.0288,0.02957,-2.6,0.829,296,471.,540.,0.009,0.014,0,2359841.,901629,901630, , ,2025-03-02 10:57:07,True,False,False,3.9049352634716943
2025-03-02,FHMRF,FHMRF,2025/03/02,17:42:38,CMA626,LFPGZSPD,371,-34,41 N,32.4,231.1,24.0,18612.9,81.190,-0.381,-1.7,-1.8,12170.0,57198.0,56163.,56244.,0.0,0.,11950.,11967.0,0.,0.0,6561.,4.5,6545.0,4.2,0.0,0.0,0.,0.0,13676.0,13106.,4.4,0.03434,0.0352,-2.4,0.831,270,470.,561.,0.0,0.004,0,2383753.,901629,901630, , ,2025-03-02 17:42:38,True,False,False,3.9102935073291434
2025-03-02,FHMRF,FHMRF,2025/03/02,17:47:14,CMA626,LFPGZSPD,371,-34,41 N,32.4,230.6,25.0,18612.9,81.370,-0.288,-1.3,-1.4,12225.0,57457.0,56665.,56747.,0.0,0.,12057.,12074.0,0.,0.0,6609.,4.9,6593.0,4.6,0.0,0.0,0.,0.0,13828.0,13203.,4.7,0.03392,0.03504,-3.2,0.83,270,469.,559.,0.007,0.010,0,2378820.,901629,901630, , ,2025-03-02 17:47:14,True,False,False,3.9154482834246918
2025-03-03,FHMRF,FHMRF,2025/03/03,13:54:26,CMA627,UBBBLFPG,360,-32,49 N,24.9,251.6,24.0,18612.4,82.570,-0.552,-2.5,-2.5,13597.0,60613.0,59155.,59090.,0.0,0.,13270.,13256.0,0.,0.0,7247.,4.4,7260.0,3.8,0.0,0.0,0.,0.0,15101.0,14507.,4.1,0.03128,0.03174,-1.5,0.833,278,472.,483.,0.002,-0.008,0,2478841.,901629,901630, , ,2025-03-03 13:54:26,True,False,False,3.9203917085929176
2025-03-03,FHMRF,FHMRF,2025/03/03,20:10:09,CMA610,LFPGVHHH,370,-34,48 N,31.9,219.6,28.0,18615.2,80.620,-0.25,-1.0,-1.2,11874.0,55538.0,54979.,54979.,0.0,0.,11754.,11754.0,0.,0.0,6438.,3.7,6438.0,4.5,0.0,0.0,0.,0.0,13407.0,12876.,4.1,0.03505,0.03606,-2.8,0.832,271,470.,451.,0.017,-0.007,0,2259797.,901629,901630, , ,2025-03-03 20:10:09,True,False,False,3.9251161053858636
2025-03-03,FHMRF,FHMRF,2025/03/03,21:07:31,CMA610,LFPGVHHH,370,-33,46 N,33.2,214.0,28.0,18624.4,80.460,0.119,0.5,0.2,11503.0,53802.0,54061.,54061.,0.0,0.,11558.,11558.0,0.,0.0,6354.,3.6,6354.0,4.2,0.0,0.0,0.,0.0,13200.0,12708.,3.9,0.03563,0.03708,-3.9,0.83,271,470.,467.,0.009,0.008,0,2200640.,901629,901630, , ,2025-03-03 21:07:31,True,False,False,3.9296140085059243
2025-03-04,FHMRF,FHMRF,2025/03/04,03:35:33,CMA610,LFPGVHHH,411,-23,38 N,27.1,178.0,24.0,18616.7,82.480,-0.005,-0.0,-0.2,9617.0,54782.0,54816.,54729.,0.0,0.,9623.,9608.0,0.,0.0,5477.,3.4,5491.0,3.6,0.0,0.0,0.,0.0,11352.0,10968.,3.5,0.04237,0.04376,-3.2,0.832,247,481.,551.,-0.006,-0.046,0,2224080.,901629,901630, , ,2025-03-04 03:35:33,True,False,False,3.93387817134504
2025-03-04,FHMRF,FHMRF,2025/03/04,03:43:35,CMA610,LFPGVHHH,411,-22,37 N,27.1,177.3,23.0,18612.8,83.070,-0.256,-1.2,-1.3,9917.0,56490.0,55874.,55786.,0.0,0.,9809.,9793.0,0.,0.0,5573.,3.3,5588.0,3.7,0.0,0.0,0.,0.0,11556.0,11161.,3.5,0.04155,0.04248,-2.2,0.829,246,480.,558.,0.029,-0.010,0,2215128.,901629,901630, , ,2025-03-04 03:43:35,True,False,False,3.937901572768834
2025-03-04,FHMRF,FHMRF,2025/03/04,04:03:48,CMA610,LFPGVHHH,411,-22,36 N,27.0,175.5,23.0,18612.8,82.380,-0.706,-2.8,-2.7,9798.0,55811.0,54281.,54195.,0.0,0.,9529.,9514.0,0.,0.0,5438.,3.4,5452.0,3.6,0.0,0.0,0.,0.0,11270.0,10890.,3.5,0.04271,0.04299,-0.6,0.831,246,481.,598.,0.022,-0.002,0,2191826.,901629,901630, , ,2025-03-04 04:03:48,True,False,False,3.941677424294739
2025-03-04,FHMRF,FHMRF,2025/03/04,04:17:44,CMA610,LFPGVHHH,411,-20,35 N,26.9,174.3,23.0,18617.8,82.480,-0.107,-0.4,-0.6,9482.0,54007.0,53824.,53739.,0.0,0.,9450.,9435.0,0.,0.0,5409.,3.4,5423.0,3.3,0.0,0.0,0.,0.0,11192.0,10833.,3.3,0.04302,0.0442,-2.7,0.828,245,482.,601.,-0.003,0.045,0,2176698.,901629,901630, , ,2025-03-04 04:17:44,True,False,False,3.9451991778059043
2025-03-04,FHMRF,FHMRF,2025/03/04,05:40:58,CMA610,LFPGVHHH,411,-25,25 N,26.6,167.4,23.0,18616.6,80.670,-0.35,-1.5,-1.5,9239.0,52625.0,51893.,51811.,0.0,0.,9110.,9096.0,0.,0.0,5167.,2.8,5181.0,2.7,0.0,0.0,0.,0.0,10633.0,10348.,2.8,0.04483,0.04537,-1.2,0.829,246,477.,548.,0.0,0.022,0,2091912.,901629,901630, , ,2025-03-04 05:40:58,True,False,False,3.948460533919365
2025-03-04,FHMRF,FHMRF,2025/03/04,05:43:58,CMA610,LFPGVHHH,411,-26,25 N,26.6,167.2,24.0,18616.6,80.560,-0.504,-2.1,-2.1,9289.0,52911.0,51838.,51756.,0.0,0.,9100.,9086.0,0.,0.0,5159.,3.1,5172.0,3.1,0.0,0.0,0.,0.0,10652.0,10332.,3.1,0.04475,0.04518,-0.9,0.83,246,477.,548.,0.006,-0.034,0,2088830.,901629,901630, , ,2025-03-04 05:43:58,True,False,False,3.951455451090382
2025-03-04,FHMRF,FHMRF,2025/03/04,05:56:11,CMA610,LFPGVHHH,411,-26,24 N,26.6,166.2,24.0,18616.6,80.540,0.088,0.4,0.2,9015.0,51349.0,51610.,51529.,0.0,0.,9060.,9046.0,0.,0.0,5131.,3.4,5145.0,3.1,0.0,0.0,0.,0.0,10608.0,10276.,3.2,0.04478,0.04631,-3.3,0.826,245,475.,570.,-0.014,0.011,0,2072515.,901629,901630, , ,2025-03-04 05:56:11,True,False,False,3.9541781554857582
2025-03-04,FHMRF,FHMRF,2025/03/04,19:53:31,CMA611,VHHHUBBB,360,-27,45 N,31.4,241.9,24.0,18620.4,82.450,-0.219,-1.0,-1.1,12875.0,57396.0,56827.,56835.,0.0,0.,12748.,12749.0,0.,0.0,7083.,4.6,7081.0,4.1,0.0,0.0,0.,0.0,14779.0,14164.,4.3,0.03237,0.0334,-3.1,0.836,279,478.,391.,-0.002,-0.043,0,2381976.,901629,901630, , ,2025-03-04 19:53:31,True,False,False,3.956623151597577
2025-03-04,FHMRF,FHMRF,2025/03/04,20:23:56,CMA611,VHHHUBBB,360,-27,43 N,31.4,238.5,24.0,18619.7,82.670,-0.151,-0.7,-0.8,12892.0,57474.0,57082.,57090.,0.0,0.,12805.,12806.0,0.,0.0,7115.,4.6,7114.0,3.6,0.0,0.0,0.,0.0,14813.0,14229.,4.1,0.03227,0.03331,-3.1,0.834,278,478.,404.,0.014,-0.019,0,2347243.,901629,901630, , ,2025-03-04 20:23:56,True,False,False,3.958785233500833
2025-03-04,FHMRF,FHMRF,2025/03/04,23:57:45,CMA611,UBBBLFPG,340,-26,41 N,31.1,259.1,28.0,18599.6,82.170,-0.367,-1.6,-1.8,13899.0,56337.0,55417.,55399.,0.0,0.,13672.,13668.0,0.,0.0,7590.,3.9,7593.0,4.1,0.0,0.0,0.,0.0,15792.0,15183.,4.0,0.0302,0.03086,-2.1,0.83,290,477.,440.,0.014,-0.007,0,2320718.,901629,901630, , ,2025-03-04 23:57:45,True,False,False,3.960659496597766
2025-03-04,FHMRF,FHMRF,2025/03/04,23:59:44,CMA611,UBBBLFPG,340,-26,41 N,31.0,258.9,28.0,18605.3,81.800,-0.317,-1.2,-1.4,13639.0,55277.0,54610.,54593.,0.0,0.,13474.,13470.0,0.,0.0,7492.,3.8,7496.0,3.8,0.0,0.0,0.,0.0,15556.0,14988.,3.8,0.0307,0.03143,-2.3,0.831,290,477.,440.,-0.004,0.003,0,2318513.,901629,901630, , ,2025-03-04 23:59:44,True,False,False,3.9622413496524262
2025-03-05,FHMRF,FHMRF,2025/03/05,00:17:43,CMA611,UBBBLFPG,340,-26,41 N,31.0,256.8,28.0,18604.4,81.470,-0.373,-1.4,-1.6,13558.0,54954.0,54168.,54151.,0.0,0.,13364.,13360.0,0.,0.0,7418.,3.9,7422.0,3.6,0.0,0.0,0.,0.0,15394.0,14841.,3.7,0.03094,0.03159,-2.1,0.83,290,476.,445.,-0.001,-0.014,0,2299675.,901629,901630, , ,2025-03-05 00:17:43,True,False,False,3.9635265269037903
2025-03-05,FHMRF,FHMRF,2025/03/05,02:34:07,CMA611,UBBBLFPG,360,-33,47 N,30.7,241.2,24.0,18608.6,81.310,-0.356,-1.6,-1.7,12835.0,57217.0,56302.,56283.,0.0,0.,12630.,12625.0,0.,0.0,6901.,4.4,6905.0,3.9,0.0,0.0,0.,0.0,14377.0,13807.,4.1,0.03267,0.03345,-2.3,0.83,277,470.,458.,0.005,-0.017,0,2376243.,901629,901630, , ,2025-03-05 02:34:07,True,False,False,3.9645111000443087
2025-03-05,FHMRF,FHMRF,2025/03/05,02:37:07,CMA611,UBBBLFPG,360,-33,48 N,30.7,240.9,24.0,18608.6,81.235,-0.361,-1.6,-1.7,12783.0,56982.0,56039.,56047.,0.0,0.,12571.,12573.0,0.,0.0,6875.,4.1,6882.0,4.1,0.0,0.0,0.,0.0,14322.0,13757.,4.1,0.03281,0.03357,-2.3,0.83,277,470.,458.,0.002,0.009,0,2372938.,901629,901630, , ,2025-03-05 02:37:07,True,False,False,3.965191489850112
2025-03-05,FHMRF,FHMRF,2025/03/05,02:40:07,CMA611,UBBBLFPG,360,-33,48 N,30.7,240.6,24.0,18608.6,81.290,-0.175,-0.8,-0.9,12700.0,56613.0,56169.,56151.,0.0,0.,12600.,12596.0,0.,0.0,6886.,4.6,6890.0,4.4,0.0,0.0,0.,0.0,14393.0,13775.,4.5,0.03261,0.03375,-3.4,0.829,277,469.,458.,-0.002,-0.005,0,2369834.,901629,901630, , ,2025-03-05 02:40:07,True,False,False,3.96556447724481
2025-03-05,FHMRF,FHMRF,2025/03/05,03:28:07,CMA611,UBBBLFPG,360,-29,49 N,30.7,235.4,24.0,18606.9,81.650,-0.399,-1.8,-1.8,12610.0,56215.0,55237.,55219.,0.0,0.,12391.,12387.0,0.,0.0,6847.,4.4,6850.0,4.2,0.0,0.0,0.,0.0,14287.0,13697.,4.3,0.03308,0.03387,-2.3,0.827,276,473.,489.,0.01,-0.002,0,2318762.,901629,901630, , ,2025-03-05 03:28:07,True,False,False,3.965627213575766
2025-03-05,FHMRF,FHMRF,2025/03/05,03:31:07,CMA611,UBBBLFPG,360,-29,49 N,30.7,235.0,24.0,18606.9,81.770,-0.526,-2.4,-2.4,12770.0,56926.0,55583.,55565.,0.0,0.,12468.,12464.0,0.,0.0,6883.,4.2,6886.0,4.0,0.0,0.0,0.,0.0,14334.0,13769.,4.1,0.03296,0.03349,-1.6,0.827,276,472.,493.,0.023,-0.007,0,2315581.,901629,901630, , ,2025-03-05 03:31:07,True,False,False,3.9653772298871597
2025-03-05,FHMRF,FHMRF,2025/03/05,17:35:48,CMA620,LFPGZSPD,371,-34,41 N,33.7,233.5,26.0,18625.8,81.840,-0.44,-1.9,-1.8,12577.0,59112.0,57960.,57964.,0.0,0.,12332.,12333.0,0.,0.0,6753.,4.8,6752.0,4.0,0.0,0.0,0.,0.0,14103.0,13504.,4.4,0.03324,0.03408,-2.5,0.83,270,469.,521.,0.023,-0.008,0,2410809.,901629,901630, , ,2025-03-05 17:35:48,True,False,False,3.964812444990986
2025-03-05,FHMRF,FHMRF,2025/03/05,17:41:15,CMA620,LFPGZSPD,371,-33,41 N,33.7,232.9,26.0,18625.8,81.745,-0.183,-0.8,-0.8,12280.0,57714.0,57222.,57252.,0.0,0.,12175.,12182.0,0.,0.0,6696.,4.6,6698.0,4.3,0.0,0.0,0.,0.0,13993.0,13393.,4.5,0.03361,0.03484,-3.5,0.831,270,470.,530.,0.002,-0.021,0,2404455.,901629,901630, , ,2025-03-05 17:41:15,True,False,False,3.963931172162102
2025-03-06,FHMRF,FHMRF,2025/03/06,21:55:07,CMA614,LFPGVHHH,370,-32,45 N,35.1,233.0,24.0,18617.6,81.930,-0.029,-0.1,-0.4,12315.0,57601.0,57534.,57518.,0.0,0.,12300.,12297.0,0.,0.0,6741.,4.0,6744.0,3.9,0.0,0.0,0.,0.0,14020.0,13485.,4.0,0.03368,0.03488,-3.5,0.833,272,472.,456.,0.002,0.002,0,2397297.,901629,901630, , ,2025-03-06 21:55:07,True,False,False,3.9627321243114633
2025-03-06,FHMRF,FHMRF,2025/03/06,23:58:37,CMA614,LFPGVHHH,370,-30,41 N,31.9,220.2,26.0,18618.9,81.430,-0.611,-2.7,-2.7,12136.0,56764.0,55200.,55246.,0.0,0.,11801.,11811.0,0.,0.0,6541.,4.8,6532.0,4.4,0.0,0.0,0.,0.0,13676.0,13073.,4.6,0.03469,0.03531,-1.7,0.833,272,474.,459.,0.033,0.018,0,2263535.,901629,901630, , ,2025-03-06 23:58:37,True,False,False,3.9612144175206314
2025-03-06,FHMRF,FHMRF,2025/03/06,23:58:47,CMA614,LFPGVHHH,370,-30,41 N,31.8,220.2,26.0,18618.9,81.420,-0.618,-2.7,-2.7,12133.0,56752.0,55175.,55220.,0.0,0.,11796.,11806.0,0.,0.0,6538.,4.9,6529.0,4.6,0.0,0.0,0.,0.0,13689.0,13068.,4.8,0.03466,0.03532,-1.9,0.833,272,474.,459.,0.033,0.010,0,2263350.,901629,901630, , ,2025-03-06 23:58:47,True,False,False,3.9593775728510088
2025-03-06,FHMRF,FHMRF,2025/03/06,23:58:52,CMA614,LFPGVHHH,370,-30,41 N,31.8,220.2,26.0,18618.9,81.410,-0.624,-2.8,-2.8,12131.0,56740.0,55153.,55199.,0.0,0.,11791.,11801.0,0.,0.0,6536.,4.9,6527.0,4.7,0.0,0.0,0.,0.0,13693.0,13063.,4.8,0.03465,0.03532,-1.9,0.833,272,474.,459.,0.033,0.000,0,2263260.,901629,901630, , ,2025-03-06 23:58:52,True,False,False,3.9572215163742097
2025-03-06,FHMRF,FHMRF,2025/03/06,23:58:55,CMA614,LFPGVHHH,370,-30,41 N,31.8,220.2,26.0,18618.9,81.400,-0.634,-2.8,-2.8,12130.0,56736.0,55128.,55173.,0.0,0.,11786.,11796.0,0.,0.0,6533.,5.0,6525.0,4.8,0.0,0.0,0.,0.0,13693.0,13058.,4.9,0.03465,0.03532,-1.9,0.833,272,474.,460.,0.033,-0.003,0,2263206.,901629,901630, , ,2025-03-06 23:58:55,True,False,False,3.9547465774087143
2025-03-07,FHMRF,FHMRF,2025/03/07,17:58:00,CMA615,VHHHUBBB,340,-22,48 N,25.5,262.9,24.0,18602.0,83.690,-0.289,-1.3,-1.4,14437.0,58515.0,57779.,57779.,0.0,0.,14255.,14255.0,0.,0.0,7977.,4.1,7977.0,3.8,0.0,0.0,0.,0.0,16585.0,15955.,4.0,0.02909,0.02982,-2.5,0.834,291,482.,371.,0.021,0.013,0,2354840.,901629,901630, , ,2025-03-07 17:58:00,True,False,False,3.9519534849970737
2025-03-07,FHMRF,FHMRF,2025/03/07,18:04:03,CMA615,VHHHUBBB,340,-22,48 N,25.4,262.1,25.0,18602.0,83.480,-0.585,-2.5,-2.6,14460.0,58608.0,57112.,57128.,0.0,0.,14091.,14095.0,0.,0.0,7905.,4.3,7901.0,4.0,0.0,0.0,0.,0.0,16468.0,15807.,4.2,0.02935,0.02979,-1.5,0.835,292,483.,378.,0.024,0.011,0,2347464.,901629,901630, , ,2025-03-07 18:04:03,True,False,False,3.948843362717684
2025-03-08,FHMRF,FHMRF,2025/03/08,00:00:59,CMA615,UBBBLFPG,340,-25,40 N,26.1,272.8,26.0,18604.1,83.950,-0.032,-0.1,-0.4,14718.0,59654.0,59570.,59566.,0.0,0.,14697.,14696.0,0.,0.0,8126.,3.1,8127.0,3.3,0.0,0.0,0.,0.0,16769.0,16254.,3.2,0.02849,0.02928,-2.7,0.83,290,478.,491.,0.01,0.019,0,2443348.,901629,901630, , ,2025-03-08 00:00:59,True,False,False,3.945417721986803
2025-03-08,FHMRF,FHMRF,2025/03/08,00:18:11,CMA615,UBBBLFPG,340,-24,41 N,26.0,270.6,26.0,18601.4,83.550,-0.427,-1.8,-1.9,14626.0,59281.0,58195.,58191.,0.0,0.,14359.,14358.0,0.,0.0,7976.,3.6,7977.0,4.1,0.0,0.0,0.,0.0,16567.0,15952.,3.9,0.02892,0.02945,-1.8,0.831,290,479.,502.,0.01,0.022,0,2423871.,901629,901630, , ,2025-03-08 00:18:11,True,False,False,3.941678454056342
2025-03-08,FHMRF,FHMRF,2025/03/08,00:33:29,CMA615,UBBBLFPG,340,-24,41 N,25.8,268.7,26.0,18604.3,83.090,-0.382,-1.7,-1.8,14299.0,57957.0,56985.,56981.,0.0,0.,14059.,14058.0,0.,0.0,7828.,3.9,7829.0,3.7,0.0,0.0,0.,0.0,16252.0,15657.,3.8,0.02952,0.03009,-1.9,0.832,290,480.,509.,-0.005,-0.013,0,2407034.,901629,901630, , ,2025-03-08 00:33:29,True,False,False,3.9376278209403046
2025-03-08,FHMRF,FHMRF,2025/03/08,00:38:16,CMA615,UBBBLFPG,340,-24,41 N,25.8,268.1,26.0,18599.9,83.540,-0.342,-1.5,-1.6,14528.0,58883.0,58015.,58011.,0.0,0.,14313.,14313.0,0.,0.0,7955.,3.8,7956.0,3.5,0.0,0.0,0.,0.0,16492.0,15911.,3.7,0.02904,0.02961,-1.9,0.83,290,479.,510.,0.014,0.008,0,2401654.,901629,901630, , ,2025-03-08 00:38:16,True,False,False,3.9332684455061977
2025-03-08,FHMRF,FHMRF,2025/03/08,00:51:05,CMA615,UBBBLFPG,340,-24,41 N,25.7,266.5,26.0,18597.5,83.120,-0.233,-1.0,-1.2,14221.0,57639.0,57048.,57044.,0.0,0.,14075.,14074.0,0.,0.0,7835.,3.8,7835.0,3.6,0.0,0.0,0.,0.0,16252.0,15670.,3.7,0.02949,0.03022,-2.4,0.831,290,479.,512.,-0.001,-0.010,0,2387371.,901629,901630, , ,2025-03-08 00:51:05,True,False,False,3.928603300955198
2025-03-08,FHMRF,FHMRF,2025/03/08,00:52:52,CMA615,UBBBLFPG,340,-24,41 N,25.7,266.3,26.0,18601.5,82.915,-0.388,-1.7,-1.8,14198.0,57547.0,56572.,56543.,0.0,0.,13958.,13950.0,0.,0.0,7776.,4.0,7774.0,3.8,0.0,0.0,0.,0.0,16157.0,15550.,3.9,0.02969,0.03028,-2.0,0.832,290,480.,512.,-0.003,-0.004,0,2385403.,901629,901630, , ,2025-03-08 00:52:52,True,False,False,3.923635699896948
2025-03-08,FHMRF,FHMRF,2025/03/08,00:55:52,CMA615,UBBBLFPG,340,-24,41 N,25.7,266.0,26.0,18601.5,82.900,-0.292,-1.3,-1.4,14133.0,57280.0,56538.,56535.,0.0,0.,13950.,13949.0,0.,0.0,7772.,3.6,7772.0,3.5,0.0,0.0,0.,0.0,16093.0,15544.,3.5,0.02981,0.03041,-2.0,0.832,290,480.,510.,-0.006,0.002,0,2382038.,901629,901630, , ,2025-03-08 00:55:52,True,False,False,3.9183692832074737
2025-03-09,FHMRF,FHMRF,2025/03/09,07:50:54,CMA625,ZSPDUBBB,340,-25,47 N,30.7,263.7,24.0,18622.7,83.515,0.055,0.2,0.0,14358.0,58193.0,58323.,58348.,0.0,0.,14390.,14396.0,0.,0.0,7989.,4.3,7993.0,3.8,0.0,0.0,0.,0.0,16624.0,15982.,4.0,0.02885,0.03001,-3.9,0.833,291,480.,406.,0.024,0.023,0,2362243.,901629,901630, , ,2025-03-09 07:50:54,True,False,False,3.9128080088424118
2025-03-09,FHMRF,FHMRF,2025/03/09,21:16:54,CMA618,LFPGVHHH,330,-23,45 N,35.1,289.9,30.0,18622.3,84.030,-0.562,-2.4,-2.5,15643.0,60492.0,59018.,59022.,0.0,0.,15262.,15263.0,0.,0.0,8459.,4.0,8458.0,3.5,0.0,0.0,0.,0.0,17553.0,16918.,3.8,0.02731,0.02762,-1.1,0.83,296,479.,536.,0.029,0.058,0,2464900.,901629,901630, , ,2025-03-09 21:16:54,True,False,False,3.906956140761852
2025-03-09,FHMRF,FHMRF,2025/03/09,22:13:33,CMA618,LFPGVHHH,330,-20,43 N,36.3,282.6,30.0,18616.3,84.205,-0.121,-0.5,-0.5,15069.0,58276.0,57999.,57946.,0.0,0.,14997.,14984.0,0.,0.0,8437.,3.5,8441.0,3.7,0.0,0.0,0.,0.0,17481.0,16878.,3.6,0.02764,0.02847,-2.9,0.831,297,483.,500.,0.019,-0.015,0,2402012.,901629,901630, , ,2025-03-09 22:13:33,True,False,False,3.9008182381079823
2025-03-09,FHMRF,FHMRF,2025/03/09,23:47:50,CMA618,LFPGVHHH,330,-23,41 N,36.8,270.7,26.0,18616.5,82.490,0.059,0.2,0.1,14209.0,54950.0,55089.,55062.,0.0,0.,14245.,14238.0,0.,0.0,7987.,3.3,7993.0,3.6,0.0,0.0,0.,0.0,16528.0,15981.,3.4,0.02907,0.03011,-3.5,0.832,297,480.,467.,0.003,-0.011,0,2301055.,901629,901630, , ,2025-03-09 23:47:50,True,False,False,3.8943991447630086
2025-03-09,FHMRF,FHMRF,2025/03/09,23:50:50,CMA618,LFPGVHHH,330,-23,41 N,36.7,270.3,26.0,18620.4,82.470,0.193,0.7,0.6,14118.0,54599.0,55019.,54992.,0.0,0.,14227.,14220.0,0.,0.0,7978.,4.4,7984.0,3.5,0.0,0.0,0.,0.0,16596.0,15962.,4.0,0.02896,0.03029,-4.4,0.832,297,481.,468.,-0.002,0.001,0,2297837.,901629,901630, , ,2025-03-09 23:50:50,True,False,False,3.8877039794017363
2025-03-10,FHMRF,FHMRF,2025/03/10,00:06:56,CMA618,LFPGVHHH,330,-23,41 N,36.2,268.3,28.0,18614.2,82.535,0.133,0.5,0.4,14168.0,54792.0,55076.,55070.,0.0,0.,14242.,14240.0,0.,0.0,7993.,3.6,8002.0,3.7,0.0,0.0,0.,0.0,16582.0,15994.,3.7,0.02899,0.03018,-3.9,0.832,297,481.,474.,0.007,-0.004,0,2280579.,901629,901630, , ,2025-03-10 00:06:56,True,False,False,3.880738126137917
2025-03-10,FHMRF,FHMRF,2025/03/10,00:09:56,CMA618,LFPGVHHH,330,-23,41 N,36.1,268.0,28.0,18609.8,82.550,-0.013,-0.0,-0.1,14239.0,55066.0,55052.,55026.,0.0,0.,14235.,14229.0,0.,0.0,7995.,3.6,8001.0,3.5,0.0,0.0,0.,0.0,16561.0,15996.,3.5,0.02904,0.03003,-3.3,0.832,297,481.,476.,0.013,-0.025,0,2277333.,901629,901630, , ,2025-03-10 00:09:56,True,False,False,3.8735072258448686
2025-03-10,FHMRF,FHMRF,2025/03/10,00:48:44,CMA618,LFPGVHHH,330,-23,41 N,35.2,263.1,28.0,18612.7,82.110,-0.277,-1.1,-1.0,14177.0,54823.0,54254.,54228.,0.0,0.,14030.,14023.0,0.,0.0,7876.,3.8,7882.0,3.5,0.0,0.0,0.,0.0,16336.0,15758.,3.7,0.02939,0.03015,-2.5,0.831,297,480.,509.,0.024,0.000,0,2235661.,901629,901630, , ,2025-03-10 00:48:44,True,False,False,3.8660171682117057
2025-03-10,FHMRF,FHMRF,2025/03/10,01:13:03,CMA618,LFPGVHHH,350,-26,41 N,34.7,260.0,28.0,18616.6,83.600,-0.338,-1.5,-1.4,14103.0,59935.0,59060.,59030.,0.0,0.,13897.,13890.0,0.,0.0,7719.,3.7,7725.0,3.2,0.0,0.0,0.,0.0,15972.0,15444.,3.4,0.02984,0.03042,-1.9,0.83,283,477.,534.,0.033,-0.004,0,2427324.,901629,901630, , ,2025-03-10 01:13:03,True,False,False,3.8582740845789476
2025-03-10,FHMRF,FHMRF,2025/03/10,01:13:08,CMA618,LFPGVHHH,350,-26,41 N,34.7,260.0,28.0,18616.6,83.600,-0.361,-1.6,-1.5,14118.0,59997.0,59060.,59030.,0.0,0.,13897.,13890.0,0.,0.0,7719.,3.3,7725.0,3.0,0.0,0.0,0.,0.0,15935.0,15444.,3.2,0.02991,0.03039,-1.6,0.83,283,477.,535.,0.034,-0.004,0,2427225.,901629,901630, , ,2025-03-10 01:13:08,True,False,False,3.8502843415792745
2025-03-10,FHMRF,FHMRF,2025/03/10,01:49:16,CMA618,LFPGVHHH,350,-27,41 N,34.2,255.8,28.0,18614.9,82.450,-0.386,-1.7,-1.6,13524.0,57471.0,56497.,56468.,0.0,0.,13295.,13288.0,0.,0.0,7400.,4.0,7406.0,3.5,0.0,0.0,0.,0.0,15358.0,14805.,3.7,0.03101,0.03165,-2.0,0.831,284,476.,546.,0.008,0.001,0,2387040.,901629,901630, , ,2025-03-10 01:49:16,True,False,False,3.8420545355870312
2025-03-10,FHMRF,FHMRF,2025/03/10,17:21:33,CMA619,VHHHUBBB,320,-28,47 N,26.9,277.8,27.0,18598.5,81.410,-0.007,-0.0,-0.3,14795.0,54615.0,54599.,54602.,0.0,0.,14791.,14792.0,0.,0.0,8184.,4.2,8183.0,4.2,0.0,0.0,0.,0.0,17056.0,16367.,4.2,0.02802,0.02913,-3.8,0.836,305,478.,389.,-0.001,-0.033,0,2266616.,901629,901630, , ,2025-03-10 17:21:33,True,False,False,3.83359148795209
2025-03-11,FHMRF,FHMRF,2025/03/11,00:35:54,CMA619,UBBBLFPG,320,-21,41 N,26.4,284.2,26.0,18618.7,82.370,-0.229,-0.9,-1.0,14848.0,54812.0,54341.,54319.,0.0,0.,14721.,14715.0,0.,0.0,8240.,3.5,8246.0,3.7,0.0,0.0,0.,0.0,17078.0,16486.,3.6,0.02823,0.02894,-2.4,0.832,304,482.,489.,-0.017,-0.018,0,2319052.,901629,901630, , ,2025-03-11 00:35:54,True,False,False,3.8249022409626288
2025-03-11,FHMRF,FHMRF,2025/03/11,00:47:10,CMA619,UBBBLFPG,320,-21,41 N,26.3,282.9,26.0,18617.0,82.095,-0.132,-0.5,-0.7,14608.0,53922.0,53667.,53624.,0.0,0.,14539.,14527.0,0.,0.0,8154.,3.9,8157.0,3.9,0.0,0.0,0.,0.0,16942.0,16311.,3.9,0.02848,0.02937,-3.0,0.832,304,482.,479.,-0.028,-0.005,0,2307691.,901629,901630, , ,2025-03-11 00:47:10,True,False,False,3.8159940544545474
2025-03-11,FHMRF,FHMRF,2025/03/11,23:31:26,CMA612,LFPGVHHH,350,-26,41 N,33.9,259.8,25.0,18613.7,82.640,0.28,1.3,0.9,13156.0,55910.0,56631.,56631.,0.0,0.,13326.,13326.0,0.,0.0,7403.,4.2,7403.0,4.1,0.0,0.0,0.,0.0,15425.0,14806.,4.2,0.03098,0.03258,-4.9,0.832,284,478.,478.,-0.033,-0.016,0,2426683.,901629,901630, , ,2025-03-11 23:31:26,True,False,False,3.8068744029696653
2025-03-11,FHMRF,FHMRF,2025/03/11,23:34:26,CMA612,LFPGVHHH,350,-26,41 N,33.7,259.5,25.0,18613.7,82.560,-0.067,-0.3,-0.5,13324.0,56624.0,56446.,56458.,0.0,0.,13282.,13285.0,0.,0.0,7386.,3.2,7384.0,3.8,0.0,0.0,0.,0.0,15284.0,14770.,3.5,0.0313,0.03222,-2.9,0.833,284,478.,474.,-0.022,-0.006,0,2423555.,901629,901630, , ,2025-03-11 23:34:26,True,False,False,3.7975509733608104
2025-03-12,FHMRF,FHMRF,2025/03/12,00:07:34,CMA612,LFPGVHHH,350,-28,41 N,32.8,255.6,28.0,18616.6,82.540,-0.199,-0.9,-1.0,13580.0,57712.0,57186.,57212.,0.0,0.,13457.,13463.0,0.,0.0,7444.,3.3,7438.0,3.8,0.0,0.0,0.,0.0,15411.0,14882.,3.6,0.03092,0.03169,-2.4,0.833,284,477.,472.,0.008,0.027,0,2387265.,901629,901630, , ,2025-03-12 00:07:34,True,False,False,3.7880316627447685
2025-03-12,FHMRF,FHMRF,2025/03/12,02:26:06,CMA612,LFPGVHHH,351,-27,41 N,30.6,239.9,28.0,18615.0,81.060,-0.331,-1.3,-1.4,12663.0,54070.0,53347.,53370.,0.0,0.,12494.,12499.0,0.,0.0,6967.,3.3,6961.0,3.8,0.0,0.0,0.,0.0,14425.0,13928.,3.6,0.03307,0.03376,-2.0,0.832,284,477.,520.,-0.004,0.025,0,2250326.,901629,901630, , ,2025-03-12 02:26:06,True,False,False,3.778324576708745
2025-03-12,FHMRF,FHMRF,2025/03/12,05:18:34,CMA612,LFPGVHHH,371,-22,32 N,29.8,221.6,24.0,18616.7,82.680,-0.228,-1.0,-1.1,11873.0,55803.0,55246.,55272.,0.0,0.,11755.,11760.0,0.,0.0,6632.,4.1,6627.0,3.8,0.0,0.0,0.,0.0,13785.0,13259.,4.0,0.03494,0.03592,-2.7,0.833,271,482.,477.,0.001,-0.021,0,2292155.,901629,901630, , ,2025-03-12 05:18:34,True,False,False,3.76843802767791
2025-03-12,FHMRF,FHMRF,2025/03/12,18:48:30,CMA573,VHHHUBBB,340,-27,42 N,24.9,248.0,25.0,18600.9,81.210,-0.22,-0.9,-1.0,13417.0,54382.0,53901.,53921.,0.0,0.,13299.,13304.0,0.,0.0,7381.,3.6,7377.0,4.0,0.0,0.0,0.,0.0,15320.0,14758.,3.8,0.03107,0.03192,-2.7,0.831,290,476.,468.,0.009,-0.007,0,2220464.,901629,901630, , ,2025-03-12 18:48:30,True,False,False,3.7583805333476525
2025-03-15,FHMRF,FHMRF,2025/03/15,05:32:19,CMA616,LFPGVHHH,371,-10,31 N,30.1,194.2,22.0,18613.8,82.005,-0.258,-1.3,-1.4,10605.0,49839.0,49195.,49233.,0.0,0.,10468.,10476.0,0.,0.0,6134.,2.9,6134.0,3.6,0.0,0.0,0.,0.0,12666.0,12268.,3.2,0.03884,0.03955,-1.8,0.83,270,492.,480.,-0.021,0.012,0,2008011.,901629,901630, , ,2025-03-15 05:32:19,True,False,False,3.7481608150766337
2025-03-15,FHMRF,FHMRF,2025/03/15,15:31:20,CMA617,VHHHUBBB,321,-24,39 N,27.7,294.2,29.0,18596.6,83.180,-0.302,-1.3,-1.4,15607.0,57877.0,57107.,57107.,0.0,0.,15399.,15399.0,0.,0.0,8580.,3.3,8580.0,4.3,0.0,0.0,0.,0.0,17816.0,17160.,3.8,0.02703,0.02766,-2.3,0.835,304,482.,414.,-0.006,0.049,0,2410386.,901629,901630, , ,2025-03-15 15:31:20,True,False,False,3.7377877961304473
2025-03-15,FHMRF,FHMRF,2025/03/15,19:09:04,CMA617,VHHHUBBB,340,-25,42 N,25.7,265.9,24.0,18599.1,83.235,-0.256,-1.1,-1.2,14427.0,58471.0,57826.,57812.,0.0,0.,14267.,14264.0,0.,0.0,7913.,3.7,7925.0,3.9,0.0,0.0,0.,0.0,16443.0,15838.,3.8,0.02908,0.02981,-2.5,0.831,290,478.,472.,0.015,-0.004,0,2381522.,901629,901630, , ,2025-03-15 19:09:04,True,False,False,3.727270599661101
2025-03-16,FHMRF,FHMRF,2025/03/16,15:28:21,CMA626,LFPGZSPD,371,-22,44 N,30.1,224.3,24.0,18621.7,82.870,-0.571,-2.6,-2.5,12120.0,56963.0,55555.,55459.,0.0,0.,11820.,11800.0,0.,0.0,6665.,3.5,6684.0,3.5,0.0,0.0,0.,0.0,13813.0,13349.,3.5,0.03485,0.03517,-0.9,0.832,271,481.,504.,0.012,0.004,0,2316673.,901629,901630, , ,2025-03-16 15:28:21,True,False,False,3.716618546300852
2025-03-18,FHMRF,FHMRF,2025/03/18,01:26:31,CMA610,LFPGVHHH,410,-29,41 N,27.9,186.1,24.0,18617.8,82.080,-0.241,-1.1,-1.3,10038.0,56901.0,56279.,56265.,0.0,0.,9928.,9926.0,0.,0.0,5554.,3.7,5556.0,4.0,0.0,0.0,0.,0.0,11541.0,11110.,3.9,0.04121,0.04227,-2.5,0.833,248,476.,473.,-0.002,-0.003,0,2317464.,901629,901630, , ,2025-03-18 01:26:31,True,False,False,3.705841151239648
2025-03-18,FHMRF,FHMRF,2025/03/18,02:54:47,CMA610,LFPGVHHH,411,-21,41 N,27.2,178.4,22.0,18617.8,83.045,-0.211,-1.0,-1.1,9864.0,56186.0,55635.,55647.,0.0,0.,9767.,9769.0,0.,0.0,5567.,3.5,5572.0,3.5,0.0,0.0,0.,0.0,11531.0,11139.,3.5,0.04186,0.04283,-2.3,0.833,247,483.,489.,0.013,-0.007,0,2231985.,901629,901630, , ,2025-03-18 02:54:47,True,False,False,3.6949481206471595
2025-03-18,FHMRF,FHMRF,2025/03/18,06:34:05,CMA610,LFPGVHHH,411,-28,24 N,26.5,160.3,24.0,18618.7,79.960,-0.357,-1.7,-1.8,9087.0,51760.0,50870.,50857.,0.0,0.,8931.,8929.0,0.,0.0,5033.,3.3,5035.0,3.9,0.0,0.0,0.,0.0,10429.0,10068.,3.6,0.04523,0.04601,-1.7,0.823,244,472.,561.,0.019,0.017,0,1998822.,901629,901630, , ,2025-03-18 06:34:05,True,False,False,3.6839493472954143
2025-03-18,FHMRF,FHMRF,2025/03/18,16:57:24,CMA611,VHHHUBBB,360,-33,46 N,27.0,254.6,24.0,18601.9,82.920,-0.287,-1.3,-1.4,13704.0,61089.0,60317.,60284.,0.0,0.,13531.,13524.0,0.,0.0,7369.,4.0,7376.0,3.6,0.0,0.0,0.,0.0,15309.0,14745.,3.8,0.03075,0.03147,-2.3,0.831,277,471.,498.,0.003,0.011,0,2507819.,901629,901630, , ,2025-03-18 16:57:24,True,False,False,3.6728549052350354
2025-03-18,FHMRF,FHMRF,2025/03/18,17:38:05,CMA611,VHHHUBBB,360,-29,44 N,26.8,249.9,24.0,18599.1,82.535,-0.252,-1.1,-1.2,13119.0,58485.0,57846.,57822.,0.0,0.,12976.,12971.0,0.,0.0,7148.,3.7,7161.0,3.7,0.0,0.0,0.,0.0,14840.0,14309.,3.7,0.03197,0.03275,-2.4,0.832,278,474.,494.,-0.019,-0.018,0,2461567.,901629,901630, , ,2025-03-18 17:38:05,True,False,False,3.6616750433750784
2025-03-18,FHMRF,FHMRF,2025/03/18,18:06:14,CMA611,VHHHUBBB,360,-29,43 N,26.7,246.7,24.0,18603.1,82.480,-0.393,-1.7,-1.8,13107.0,58428.0,57438.,57389.,0.0,0.,12884.,12873.0,0.,0.0,7116.,4.0,7126.0,4.0,0.0,0.0,0.,0.0,14811.0,14242.,4.0,0.03211,0.03279,-2.1,0.833,278,476.,470.,-0.01,0.016,0,2430324.,901629,901630, , ,2025-03-18 18:06:14,True,False,False,3.650420177813501
2025-03-18,FHMRF,FHMRF,2025/03/18,18:30:51,CMA611,VHHHUBBB,360,-27,42 N,26.6,244.0,24.0,18605.8,82.860,-0.42,-1.8,-1.9,13149.0,58616.0,57561.,57512.,0.0,0.,12912.,12901.0,0.,0.0,7159.,4.1,7169.0,4.4,0.0,0.0,0.,0.0,14934.0,14328.,4.2,0.03194,0.03266,-2.2,0.832,278,477.,471.,0.005,-0.015,0,2402776.,901629,901630, , ,2025-03-18 18:30:51,True,False,False,3.639100882764796
2025-03-19,FHMRF,FHMRF,2025/03/19,13:36:37,CMA620,LFPGZSPD,370,-31,48 N,33.4,232.3,30.0,18615.5,81.450,-0.373,-1.7,-1.6,12104.0,56615.0,55652.,55641.,0.0,0.,11898.,11896.0,0.,0.0,6598.,3.9,6600.0,4.5,0.0,0.0,0.,0.0,13752.0,13199.,4.2,0.03446,0.03531,-2.4,0.834,272,474.,461.,-0.014,-0.009,0,2389627.,901629,901630, , ,2025-03-19 13:36:37,True,False,False,3.6277278799371557
2025-03-19,FHMRF,FHMRF,2025/03/19,13:50:10,CMA620,LFPGZSPD,370,-32,47 N,33.2,230.9,30.0,18618.9,81.280,-0.168,-0.8,-0.8,11979.0,56027.0,55595.,55584.,0.0,0.,11887.,11884.0,0.,0.0,6577.,4.0,6579.0,4.2,0.0,0.0,0.,0.0,13700.0,13156.,4.1,0.03453,0.03567,-3.2,0.834,272,473.,456.,-0.018,0.003,0,2375334.,901629,901630, , ,2025-03-19 13:50:10,True,False,False,3.616312026227407
2025-03-19,FHMRF,FHMRF,2025/03/19,13:57:32,CMA620,LFPGZSPD,370,-32,47 N,33.2,230.1,30.0,18618.9,81.240,-0.281,-1.3,-1.3,12048.0,56352.0,55627.,55616.,0.0,0.,11893.,11890.0,0.,0.0,6575.,4.2,6577.0,4.8,0.0,0.0,0.,0.0,13742.0,13152.,4.5,0.0344,0.03549,-3.1,0.834,272,473.,451.,-0.01,0.006,0,2367560.,901629,901630, , ,2025-03-19 13:57:32,True,False,False,3.6048642996298494
2025-03-19,FHMRF,FHMRF,2025/03/19,14:00:32,CMA620,LFPGZSPD,370,-32,47 N,33.1,229.8,29.0,18622.8,81.380,-0.255,-1.2,-1.1,12122.0,56697.0,56041.,56029.,0.0,0.,11981.,11979.0,0.,0.0,6612.,3.7,6614.0,4.2,0.0,0.0,0.,0.0,13749.0,13226.,4.0,0.03433,0.03528,-2.7,0.833,272,472.,451.,-0.002,-0.005,0,2364430.,901629,901630, , ,2025-03-19 14:00:32,True,False,False,3.59339578329408
2025-03-20,FHMRF,FHMRF,2025/03/20,03:03:29,CMA621,ZSPDUBBB,341,-26,46 N,30.6,280.2,29.0,18609.8,84.520,-0.219,-0.9,-1.1,15306.0,62328.0,61753.,61723.,0.0,0.,15165.,15157.0,0.,0.0,8345.,3.2,8352.0,3.6,0.0,0.0,0.,0.0,17269.0,16698.,3.4,0.02758,0.02821,-2.2,0.83,289,476.,487.,0.026,0.004,0,2520893.,901629,901630, , ,2025-03-20 03:03:29,True,False,False,3.5819176477137353
2025-03-20,FHMRF,FHMRF,2025/03/20,03:30:40,CMA621,ZSPDUBBB,340,-25,47 N,30.4,276.8,29.0,18604.8,83.640,-0.303,-1.3,-1.4,14682.0,59507.0,58749.,58720.,0.0,0.,14495.,14487.0,0.,0.0,8036.,3.9,8043.0,3.6,0.0,0.0,0.,0.0,16682.0,16079.,3.8,0.02867,0.02933,-2.2,0.831,290,478.,487.,0.0,0.000,0,2479742.,901629,901630, , ,2025-03-20 03:30:40,True,False,False,3.5704411310775637
2025-03-20,FHMRF,FHMRF,2025/03/20,03:38:42,CMA621,ZSPDUBBB,340,-25,47 N,30.3,275.8,29.0,18608.7,83.475,-0.264,-1.1,-1.3,14584.0,59111.0,58440.,58437.,0.0,0.,14418.,14418.0,0.,0.0,7990.,3.7,8000.0,3.5,0.0,0.0,0.,0.0,16564.0,15989.,3.6,0.02886,0.02952,-2.2,0.831,290,478.,486.,-0.002,-0.005,0,2470717.,901629,901630, , ,2025-03-20 03:38:42,True,False,False,3.558977517858746
2025-03-20,FHMRF,FHMRF,2025/03/20,04:03:15,CMA621,ZSPDUBBB,340,-25,48 N,30.2,272.7,24.0,18608.7,82.900,-0.096,-0.4,-0.6,14069.0,57023.0,56793.,56765.,0.0,0.,14012.,14005.0,0.,0.0,7799.,3.2,7805.0,4.2,0.0,0.0,0.,0.0,16181.0,15604.,3.7,0.02964,0.03055,-3.0,0.833,291,480.,468.,-0.027,0.003,0,2443442.,901629,901630, , ,2025-03-20 04:03:15,True,False,False,3.5475381157505383
2025-03-20,FHMRF,FHMRF,2025/03/20,12:46:13,CMA621,UBBBLFPG,340,-25,46 N,29.5,261.3,28.0,18614.4,82.100,-0.327,-1.4,-1.5,13783.0,55865.0,55115.,55080.,0.0,0.,13598.,13589.0,0.,0.0,7564.,3.5,7571.0,3.9,0.0,0.0,0.,0.0,15699.0,15135.,3.7,0.03047,0.03114,-2.1,0.832,291,478.,470.,-0.005,-0.027,0,2339950.,901629,901630, , ,2025-03-20 12:46:13,True,False,False,3.536134231075073
2025-03-20,FHMRF,FHMRF,2025/03/20,13:08:38,CMA621,UBBBLFPG,340,-25,47 N,29.4,258.6,28.0,18613.3,82.090,-0.287,-1.2,-1.3,13737.0,55677.0,55044.,55010.,0.0,0.,13580.,13572.0,0.,0.0,7558.,3.5,7566.0,4.0,0.0,0.0,0.,0.0,15689.0,15123.,3.7,0.0305,0.03123,-2.3,0.832,290,479.,467.,0.0,-0.004,0,2316299.,901629,901630, , ,2025-03-20 13:08:38,True,False,False,3.524777142803448
2025-03-20,FHMRF,FHMRF,2025/03/20,21:12:52,CMA614,LFPGVHHH,350,-28,45 N,34.3,242.2,29.0,18614.5,81.000,-0.355,-1.4,-1.5,12779.0,54307.0,53550.,53536.,0.0,0.,12601.,12597.0,0.,0.0,7001.,2.8,7004.0,3.4,0.0,0.0,0.,0.0,14440.0,14006.,3.1,0.03298,0.03348,-1.5,0.832,284,476.,478.,0.0,0.007,0,2263232.,901629,901630, , ,2025-03-20 21:12:52,True,False,False,3.5134780753351014
2025-03-21,FHMRF,FHMRF,2025/03/21,03:07:10,CMA614,LFPGVHHH,391,-20,40 N,29.5,205.5,24.0,18614.9,83.320,-0.614,-2.7,-2.8,11101.0,57440.0,55862.,55875.,0.0,0.,10796.,10799.0,0.,0.0,6122.,3.8,6119.0,4.0,0.0,0.0,0.,0.0,12720.0,12241.,3.9,0.03786,0.03825,-1.0,0.829,258,482.,492.,0.009,0.014,0,2335196.,901629,901630, , ,2025-03-21 03:07:10,True,False,False,3.502248170194563
2025-03-22,FHMRF,FHMRF,2025/03/22,02:29:25,CMA615,UBBBLFPG,340,-24,47 N,24.7,260.5,24.0,18612.0,82.860,-0.001,-0.0,-0.3,13962.0,56589.0,56582.,56593.,0.0,0.,13960.,13963.0,0.,0.0,7759.,3.7,7756.0,3.7,0.0,0.0,0.,0.0,16088.0,15515.,3.7,0.02972,0.03074,-3.3,0.83,290,478.,418.,0.003,0.011,0,2333121.,901629,901630, , ,2025-03-22 02:29:25,True,False,False,3.491098456812046
2025-03-22,FHMRF,FHMRF,2025/03/22,09:21:30,CMA624,LFPGZSPD,310,-19,44 N,34.8,296.4,30.0,18617.3,83.045,-0.27,-1.0,-1.2,15695.0,55325.0,54751.,54772.,0.0,0.,15532.,15538.0,0.,0.0,8721.,3.8,8724.0,4.2,0.0,0.0,0.,0.0,18139.0,17446.,4.0,0.02665,0.02738,-2.7,0.829,309,483.,552.,0.013,-0.015,0,2296726.,901629,901630, , ,2025-03-22 09:21:30,True,False,False,3.4800398225599407
2025-03-22,FHMRF,FHMRF,2025/03/22,16:41:35,CMA624,LFPGZSPD,371,-22,41 N,32.3,241.8,25.0,18614.9,85.040,-0.501,-2.2,-1.9,13195.0,62017.0,60669.,60669.,0.0,0.,12909.,12909.0,0.,0.0,7318.,3.0,7318.0,3.0,0.0,0.0,0.,0.0,15078.0,14637.,3.0,0.03197,0.03231,-1.1,0.832,271,482.,497.,0.025,0.006,0,2496012.,901629,901630, , ,2025-03-22 16:41:35,True,False,False,3.469082982223637
2025-03-23,FHMRF,FHMRF,2025/03/23,22:40:18,CMA618,LFPGVHHH,350,-27,44 N,35.0,264.1,28.0,18630.3,83.010,-0.141,-0.6,-0.8,13707.0,58252.0,57906.,57873.,0.0,0.,13626.,13618.0,0.,0.0,7529.,3.3,7536.0,3.8,0.0,0.0,0.,0.0,15600.0,15065.,3.6,0.03055,0.03139,-2.7,0.831,284,477.,572.,-0.008,-0.028,0,2466733.,901629,901630, , ,2025-03-23 22:40:18,True,False,False,3.4582384470966026
2025-03-23,FHMRF,FHMRF,2025/03/23,22:40:53,CMA618,LFPGVHHH,350,-27,44 N,35.1,264.1,28.0,18630.3,83.140,-0.22,-1.0,-1.1,13837.0,58806.0,58257.,58224.,0.0,0.,13708.,13700.0,0.,0.0,7570.,3.5,7577.0,3.2,0.0,0.0,0.,0.0,15654.0,15147.,3.3,0.03045,0.03112,-2.2,0.831,284,477.,571.,0.0,0.019,0,2466080.,901629,901630, , ,2025-03-23 22:40:53,True,False,False,3.447516493904657
2025-03-24,FHMRF,FHMRF,2025/03/24,03:36:52,CMA618,LFPGVHHH,351,-26,46 N,31.5,230.8,24.0,18623.4,80.570,-0.056,-0.2,-0.4,12216.0,52161.0,52057.,52027.,0.0,0.,12192.,12185.0,0.,0.0,6788.,3.3,6795.0,3.6,0.0,0.0,0.,0.0,14053.0,13583.,3.5,0.03377,0.03479,-2.9,0.826,281,475.,566.,-0.004,-0.005,0,2166332.,901629,901630, , ,2025-03-24 03:36:52,True,False,False,3.4369271337755474
2025-03-24,FHMRF,FHMRF,2025/03/24,18:49:54,CMA619,VHHHUBBB,340,-28,47 N,28.3,259.5,24.0,18607.5,82.010,-0.452,-2.0,-2.1,14056.0,56968.0,55805.,55805.,0.0,0.,13769.,13769.0,0.,0.0,7620.,3.8,7620.0,3.8,0.0,0.0,0.,0.0,15822.0,15240.,3.8,0.03016,0.03065,-1.6,0.834,291,477.,457.,0.015,-0.004,0,2325043.,901629,901630, , ,2025-03-24 18:49:54,True,False,False,3.426480081473224
2025-03-26,FHMRF,FHMRF,2025/03/26,14:00:53,CMA628,LFPGZSPD,350,-25,47 N,32.2,253.0,30.0,18605.9,83.000,-0.361,-1.6,-1.7,13690.0,58179.0,57254.,57254.,0.0,0.,13472.,13472.0,0.,0.0,7496.,2.5,7496.0,2.4,0.0,0.0,0.,0.0,15358.0,14991.,2.4,0.03116,0.03138,-0.7,0.832,284,479.,504.,0.024,0.006,0,2364632.,901629,901630, , ,2025-03-26 14:00:53,True,False,False,3.4161847251147495
2025-03-27,FHMRF,FHMRF,2025/03/27,15:22:35,CMA622,LFPGZSPD,370,-35,47 N,32.4,223.3,25.0,18620.7,80.730,-0.502,-2.3,-2.3,12197.0,57051.0,55752.,55718.,0.0,0.,11920.,11912.0,0.,0.0,6497.,3.5,6504.0,3.5,0.0,0.0,0.,0.0,13455.0,13000.,3.5,0.03483,0.0352,-1.1,0.832,271,469.,506.,0.03,-0.008,0,2295966.,901629,901630, , ,2025-03-27 15:22:35,True,False,False,3.406050096586
2025-03-28,FHMRF,FHMRF,2025/03/28,04:13:13,CMA623,ZSPDUBBB,321,-20,42 N,31.6,287.1,24.0,18622.4,83.460,0.081,0.4,0.1,15159.0,56216.0,56439.,56406.,0.0,0.,15219.,15210.0,0.,0.0,8533.,3.7,8542.0,3.6,0.0,0.0,0.,0.0,17696.0,17075.,3.6,0.0274,0.02842,-3.6,0.835,304,485.,414.,-0.003,0.004,0,2351908.,901629,901630, , ,2025-03-28 04:13:13,True,False,False,3.396084842869008
2025-03-28,FHMRF,FHMRF,2025/03/28,05:06:51,CMA623,ZSPDUBBB,321,-20,45 N,30.9,280.0,24.0,18625.3,82.950,-0.228,-0.9,-1.0,14980.0,55550.0,55068.,55036.,0.0,0.,14850.,14841.0,0.,0.0,8343.,3.2,8351.0,3.1,0.0,0.0,0.,0.0,17224.0,16695.,3.2,0.02814,0.02873,-2.0,0.834,304,485.,433.,0.008,0.001,0,2294238.,901629,901630, , ,2025-03-28 05:06:51,True,False,False,3.3862971984847006
2025-03-28,FHMRF,FHMRF,2025/03/28,05:09:52,CMA623,ZSPDUBBB,321,-20,45 N,30.9,279.7,24.0,18625.3,82.780,-0.14,-0.5,-0.7,14831.0,54999.0,54721.,54689.,0.0,0.,14756.,14747.0,0.,0.0,8295.,3.3,8303.0,3.1,0.0,0.0,0.,0.0,17128.0,16597.,3.2,0.02829,0.02899,-2.4,0.834,304,485.,434.,0.0,0.001,0,2291118.,901629,901630, , ,2025-03-28 05:09:52,True,False,False,3.376694959241031
2025-03-28,FHMRF,FHMRF,2025/03/28,05:12:52,CMA623,ZSPDUBBB,321,-20,45 N,30.8,279.3,24.0,18629.3,82.580,-0.205,-0.8,-0.9,14764.0,54750.0,54334.,54303.,0.0,0.,14652.,14643.0,0.,0.0,8237.,3.4,8245.0,2.8,0.0,0.0,0.,0.0,16991.0,16483.,3.1,0.02852,0.02912,-2.1,0.834,304,485.,435.,-0.003,0.004,1,2287993.,901629,901630, , ,2025-03-28 05:12:52,True,False,False,3.367285457464538
2025-03-28,FHMRF,FHMRF,2025/03/28,05:15:52,CMA623,ZSPDUBBB,321,-20,45 N,30.8,278.9,24.0,18629.3,82.495,-0.239,-0.9,-1.1,14743.0,54673.0,54176.,54165.,0.0,0.,14609.,14606.0,0.,0.0,8213.,3.1,8224.0,3.1,0.0,0.0,0.,0.0,16948.0,16438.,3.1,0.02858,0.02916,-2.0,0.834,304,484.,434.,-0.003,-0.001,2,2284882.,901629,901630, , ,2025-03-28 05:15:52,True,False,False,3.3580755388852976
2025-03-29,FHMRF,FHMRF,2025/03/29,04:23:31,CMA616,LFPGVHHH,371,-20,41 N,31.7,228.9,24.0,18621.6,83.570,-0.265,-1.2,-1.3,12165.0,57174.0,56513.,56489.,0.0,0.,12024.,12019.0,0.,0.0,6796.,3.1,6801.0,3.2,0.0,0.0,0.,0.0,14028.0,13597.,3.2,0.03446,0.03508,-1.8,0.832,271,483.,503.,0.0,0.004,0,2363161.,901629,901630, , ,2025-03-29 04:23:31,True,False,False,3.3490715413361998
2025-03-29,FHMRF,FHMRF,2025/03/29,16:41:52,CMA617,VHHHUBBB,321,-22,43 N,23.9,280.1,30.0,18601.6,82.785,-0.213,-0.9,-1.1,15081.0,55927.0,55395.,55399.,0.0,0.,14938.,14939.0,0.,0.0,8344.,3.2,8351.0,3.4,0.0,0.0,0.,0.0,17251.0,16696.,3.3,0.02789,0.02849,-2.1,0.831,303,481.,462.,0.007,0.018,0,2294951.,901629,901630, , ,2025-03-29 16:41:52,True,False,False,3.340279275413563
2025-03-29,FHMRF,FHMRF,2025/03/29,17:27:22,CMA617,VHHHUBBB,321,-23,47 N,23.3,274.3,30.0,18596.5,81.750,-0.173,-0.7,-0.9,14509.0,53808.0,53451.,53435.,0.0,0.,14413.,14409.0,0.,0.0,8071.,3.1,8075.0,2.9,0.0,0.0,0.,0.0,16631.0,16145.,3.0,0.02892,0.02954,-2.1,0.832,303,481.,467.,-0.011,-0.002,0,2247391.,901629,901630, , ,2025-03-29 17:27:22,True,False,False,3.331704007228515
2025-03-29,FHMRF,FHMRF,2025/03/29,17:38:28,CMA617,VHHHUBBB,340,-27,47 N,23.2,272.8,30.0,18606.8,83.260,-0.374,-1.6,-1.7,14777.0,59894.0,58926.,58907.,0.0,0.,14538.,14534.0,0.,0.0,8007.,3.2,8011.0,2.5,0.0,0.0,0.,0.0,16476.0,16019.,2.9,0.02891,0.02922,-1.0,0.832,291,476.,455.,0.006,-0.045,0,2443916.,901629,901630, , ,2025-03-29 17:38:28,True,False,False,3.3233504433608534
2025-03-29,FHMRF,FHMRF,2025/03/29,17:41:28,CMA617,VHHHUBBB,340,-27,47 N,23.2,272.4,30.0,18603.6,83.100,-0.402,-1.7,-1.8,14691.0,59542.0,58519.,58501.,0.0,0.,14439.,14434.0,0.,0.0,7958.,3.3,7962.0,3.3,0.0,0.0,0.,0.0,16444.0,15920.,3.3,0.02897,0.02937,-1.4,0.832,291,476.,456.,0.001,0.007,1,2440465.,901629,901630, , ,2025-03-29 17:41:28,True,False,False,3.315222718110365
2025-03-29,FHMRF,FHMRF,2025/03/29,17:44:28,CMA617,VHHHUBBB,340,-27,47 N,23.2,272.0,28.0,18601.7,83.090,-0.266,-1.2,-1.3,14587.0,59124.0,58450.,58432.,0.0,0.,14421.,14416.0,0.,0.0,7951.,2.9,7955.0,2.8,0.0,0.0,0.,0.0,16356.0,15906.,2.8,0.02913,0.02957,-1.5,0.832,291,476.,456.,-0.004,-0.009,2,2437248.,901629,901630, , ,2025-03-29 17:44:28,True,False,False,3.3073243831228853
2025-03-29,FHMRF,FHMRF,2025/03/29,17:47:28,CMA617,VHHHUBBB,340,-27,47 N,23.1,271.7,24.0,18601.7,83.060,-0.415,-1.8,-1.9,14650.0,59377.0,58321.,58303.,0.0,0.,14390.,14385.0,0.,0.0,7936.,3.0,7940.0,3.0,0.0,0.0,0.,0.0,16356.0,15876.,3.0,0.02914,0.02945,-1.1,0.832,291,477.,456.,0.001,0.008,0,2433814.,901629,901630, , ,2025-03-29 17:47:28,True,False,False,3.2996583994477042
2025-03-29,FHMRF,FHMRF,2025/03/29,17:50:28,CMA617,VHHHUBBB,340,-27,47 N,23.1,271.3,24.0,18605.7,83.010,-0.396,-1.7,-1.8,14625.0,59278.0,58271.,58253.,0.0,0.,14377.,14372.0,0.,0.0,7924.,3.4,7928.0,3.1,0.0,0.0,0.,0.0,16370.0,15853.,3.3,0.0291,0.02951,-1.4,0.832,291,476.,455.,0.001,0.000,0,2430614.,901629,901630, , ,2025-03-29 17:50:28,True,False,False,3.2922271320595886
2025-03-29,FHMRF,FHMRF,2025/03/29,17:55:24,CMA617,VHHHUBBB,340,-28,47 N,23.1,270.7,24.0,18605.1,82.610,-0.598,-2.6,-2.6,14520.0,58850.0,57322.,57304.,0.0,0.,14143.,14139.0,0.,0.0,7808.,3.0,7812.0,3.5,0.0,0.0,0.,0.0,16133.0,15619.,3.3,0.02955,0.02972,-0.6,0.833,291,477.,455.,-0.005,0.005,0,2425094.,901629,901630, , ,2025-03-29 17:55:24,True,False,False,3.285032346854325
2025-03-30,FHMRF,FHMRF,2025/03/30,14:45:14,CMA626,LFPGZSPD,351,-28,47 N,31.9,247.9,30.0,18608.8,81.390,-0.687,-2.9,-2.5,13137.0,56098.0,54476.,54473.,0.0,0.,12758.,12757.0,0.,0.0,7152.,3.5,7153.0,2.9,0.0,0.0,0.,0.0,14764.0,14306.,3.2,0.03227,0.03246,-0.6,0.834,284,476.,480.,0.002,-0.001,0,2328168.,901629,901630, , ,2025-03-30 14:45:14,True,False,False,3.278075210103617
2025-03-30,FHMRF,FHMRF,2025/03/30,14:49:26,CMA626,LFPGZSPD,351,-29,47 N,31.8,247.4,30.0,18608.8,81.590,-0.323,-1.4,-1.1,13055.0,55748.0,54969.,54966.,0.0,0.,12873.,12872.0,0.,0.0,7199.,3.2,7200.0,2.9,0.0,0.0,0.,0.0,14839.0,14398.,3.1,0.03202,0.03262,-1.8,0.832,284,475.,477.,0.0,0.001,0,2323764.,901629,901630, , ,2025-03-30 14:49:26,True,False,False,3.2713562903369056
2025-03-31,FHMRF,FHMRF,2025/03/31,03:06:52,CMA627,ZSPDUBBB,321,-24,44 N,31.1,271.3,30.0,18605.2,81.420,-0.103,-0.4,-0.6,14416.0,53459.0,53239.,53245.,0.0,0.,14356.,14358.0,0.,0.0,8008.,2.7,8006.0,2.9,0.0,0.0,0.,0.0,16461.0,16014.,2.8,0.02911,0.02973,-2.1,0.831,303,479.,477.,0.003,0.020,0,2223750.,901629,901630, , ,2025-03-31 03:06:52,True,False,False,3.264875562605976
2025-03-31,FHMRF,FHMRF,2025/03/31,03:12:58,CMA627,ZSPDUBBB,321,-24,44 N,31.0,270.6,30.0,18600.8,81.375,-0.211,-0.8,-1.0,14481.0,53702.0,53242.,53269.,0.0,0.,14357.,14364.0,0.,0.0,7999.,3.5,8000.0,2.9,0.0,0.0,0.,0.0,16516.0,15999.,3.2,0.02896,0.02959,-2.1,0.83,302,478.,477.,0.011,-0.013,0,2217638.,901629,901630, , ,2025-03-31 03:12:58,True,False,False,3.2586324150800436
2025-03-31,FHMRF,FHMRF,2025/03/31,05:15:45,CMA627,ZSPDUBBB,340,-29,48 N,30.4,255.8,24.0,18598.7,80.960,-0.274,-1.1,-1.2,13426.0,54417.0,53825.,53832.,0.0,0.,13280.,13282.0,0.,0.0,7357.,3.0,7355.0,3.1,0.0,0.0,0.,0.0,15159.0,14712.,3.0,0.03138,0.03194,-1.7,0.833,291,476.,440.,-0.01,-0.007,0,2291419.,901629,901630, , ,2025-03-31 05:15:45,True,False,False,3.2526256579085286
2025-04-01,FHMRF,FHMRF,2025/04/01,03:50:15,CMA588,LFPGVHHH,391,-24,37 N,28.0,170.1,24.0,18616.5,79.510,-0.704,-3.5,-3.3,9623.0,49788.0,48081.,48045.,0.0,0.,9293.,9286.0,0.,0.0,5255.,3.5,5261.0,3.7,0.0,0.0,0.,0.0,10893.0,10516.,3.6,0.04309,0.04315,-0.1,0.811,251,469.,546.,0.021,0.005,0,1930746.,901629,901630, , ,2025-04-01 03:50:15,True,False,False,3.2468535342731624
2025-04-03,FHMRF,FHMRF,2025/04/03,03:52:43,CMA629,ZSPDUBBB,321,-23,47 N,31.6,270.7,30.0,18632.1,81.900,0.184,0.7,0.4,14417.0,53463.0,53856.,53846.,0.0,0.,14523.,14520.0,0.,0.0,8088.,3.6,8090.0,3.0,0.0,0.0,0.,0.0,16706.0,16178.,3.3,0.02865,0.02971,-3.6,0.828,302,479.,504.,0.008,-0.007,0,2219084.,901629,901630, , ,2025-04-03 03:52:43,True,False,False,3.241313733533392
2025-04-03,FHMRF,FHMRF,2025/04/03,04:16:08,CMA629,ZSPDUBBB,340,-27,46 N,31.5,267.8,24.0,18636.1,82.150,-0.341,-1.5,-1.6,14050.0,56943.0,56073.,56063.,0.0,0.,13835.,13832.0,0.,0.0,7639.,3.6,7641.0,3.5,0.0,0.0,0.,0.0,15822.0,15280.,3.5,0.03011,0.03066,-1.8,0.832,291,476.,502.,-0.007,0.007,0,2399165.,901629,901630, , ,2025-04-03 04:16:08,True,False,False,3.2360034063557004
2025-04-03,FHMRF,FHMRF,2025/04/03,06:34:09,CMA629,ZSPDUBBB,340,-21,41 N,31.3,251.4,24.0,18634.8,81.820,-0.047,-0.2,-0.4,13147.0,53287.0,53193.,53183.,0.0,0.,13124.,13121.0,0.,0.0,7422.,3.2,7424.0,2.8,0.0,0.0,0.,0.0,15288.0,14846.,3.0,0.03181,0.03263,-2.5,0.84,294,486.,418.,-0.028,0.004,0,2251049.,901629,901630, , ,2025-04-03 06:34:09,True,False,False,3.2309191817132965
2025-04-03,FHMRF,FHMRF,2025/04/03,12:07:52,CMA629,UBBBLFPG,340,-17,46 N,31.7,256.9,28.0,18611.0,83.315,-0.428,-1.7,-1.8,13754.0,55744.0,54821.,54773.,0.0,0.,13526.,13514.0,0.,0.0,7674.,2.7,7677.0,3.0,0.0,0.0,0.,0.0,15795.0,15351.,2.9,0.03076,0.03108,-1.0,0.831,290,486.,477.,0.008,-0.019,0,2300038.,901629,901630, , ,2025-04-03 12:07:52,True,False,False,3.2260571856472797
2025-04-04,FHMRF,FHMRF,2025/04/04,18:09:37,CMA575,VHHHUBBB,340,-23,47 N,25.3,255.3,25.0,18610.8,82.620,-0.449,-2.0,-2.0,13913.0,56393.0,55278.,55289.,0.0,0.,13638.,13641.0,0.,0.0,7649.,3.4,7646.0,3.5,0.0,0.0,0.,0.0,15822.0,15295.,3.4,0.03047,0.03087,-1.3,0.834,291,482.,438.,0.013,0.011,0,2286974.,901629,901630, , ,2025-04-04 18:09:37,True,False,False,3.2214130616878083
2025-04-05,FHMRF,FHMRF,2025/04/05,23:36:09,CMA635,ZSPDUBBB,301,-16,38 N,33.0,315.3,29.0,18615.2,84.100,0.013,0.1,-0.1,16661.0,56358.0,56392.,56392.,0.0,0.,16671.,16671.0,0.,0.0,9438.,3.4,9438.0,3.4,0.0,0.0,0.,0.0,19520.0,18877.,3.4,0.02497,0.0258,-3.2,0.833,317,487.,425.,0.003,0.021,0,2349567.,901629,901630, , ,2025-04-05 23:36:09,True,False,False,3.2169819928369328
2025-04-06,FHMRF,FHMRF,2025/04/06,04:29:35,CMA635,ZSPDUBBB,320,-22,48 N,29.9,275.5,25.0,18616.5,82.350,0.025,0.1,-0.0,14741.0,54412.0,54465.,54465.,0.0,0.,14755.,14755.0,0.,0.0,8294.,3.3,8294.0,3.3,0.0,0.0,0.,0.0,17130.0,16588.,3.3,0.02817,0.02909,-3.2,0.834,305,483.,408.,0.006,0.011,0,2248258.,901629,901630, , ,2025-04-06 04:29:35,True,False,False,3.212758725011721
2025-04-07,FHMRF,FHMRF,2025/04/07,02:50:26,CMA590,LFPGVHHH,391,-30,45 N,28.9,207.9,25.0,18625.6,82.340,-0.352,-1.6,-1.6,11254.0,58230.0,57363.,57262.,0.0,0.,11086.,11067.0,0.,0.0,6146.,3.6,6164.0,3.3,0.0,0.0,0.,0.0,12730.0,12310.,3.4,0.03725,0.0379,-1.7,0.832,258,474.,524.,0.011,0.001,0,2364178.,901629,901630, , ,2025-04-07 02:50:26,True,False,False,3.2087375918423557
2025-04-07,FHMRF,FHMRF,2025/04/07,05:33:33,CMA590,LFPGVHHH,391,-22,30 N,28.4,192.6,24.0,18625.6,81.750,-0.615,-2.4,-2.3,10508.0,54369.0,53105.,53011.,0.0,0.,10264.,10246.0,0.,0.0,5839.,3.3,5856.0,3.0,0.0,0.0,0.,0.0,12066.0,11695.,3.2,0.03994,0.04024,-0.8,0.833,259,482.,432.,0.002,0.000,0,2192780.,901629,901630, , ,2025-04-07 05:33:33,True,False,False,3.204912540721309
2025-04-07,FHMRF,FHMRF,2025/04/07,23:56:34,CMA591,UBBBLFPG,320,-20,41 N,24.1,274.4,28.0,18599.6,82.670,0.043,0.2,-0.1,14723.0,54345.0,54449.,54420.,0.0,0.,14751.,14743.0,0.,0.0,8307.,2.5,8314.0,3.0,0.0,0.0,0.,0.0,17083.0,16621.,2.8,0.02838,0.02914,-2.6,0.834,305,485.,410.,-0.002,0.046,0,2238522.,901629,901630, , ,2025-04-07 23:56:34,True,False,False,3.201277160007188
2025-04-10,FHMRF,FHMRF,2025/04/10,07:16:28,CMA632,LFPGZSPD,370,-32,48 N,33.7,241.1,28.0,18620.7,83.040,0.064,0.3,0.0,12874.0,60219.0,60395.,60399.,0.0,0.,12912.,12913.0,0.,0.0,7057.,2.6,7056.0,2.3,0.0,0.0,0.,0.0,14458.0,14113.,2.4,0.03267,0.03347,-2.4,0.833,272,472.,443.,0.01,-0.021,0,2481176.,901629,901630, , ,2025-04-10 07:16:28,True,False,False,3.197824707295431
2025-04-10,FHMRF,FHMRF,2025/04/10,07:26:41,CMA632,LFPGZSPD,370,-32,48 N,33.8,240.1,28.0,18616.9,82.980,-0.155,-0.7,-0.9,12962.0,60630.0,60201.,60205.,0.0,0.,12871.,12871.0,0.,0.0,7038.,2.9,7037.0,2.9,0.0,0.0,0.,0.0,14479.0,14076.,2.9,0.03262,0.03325,-1.9,0.833,272,472.,439.,0.02,-0.004,0,2470940.,901629,901630, , ,2025-04-10 07:26:41,True,False,False,3.194548138670178
2025-04-11,FHMRF,FHMRF,2025/04/11,03:14:51,CMA633,ZSPDUBBB,341,-31,44 N,31.8,269.9,30.0,18615.3,82.840,0.239,1.1,0.7,14407.0,58669.0,59288.,59288.,0.0,0.,14559.,14559.0,0.,0.0,7936.,3.6,7936.0,3.2,0.0,0.0,0.,0.0,16407.0,15873.,3.4,0.02881,0.02998,-3.9,0.831,290,473.,464.,0.012,-0.023,0,2428638.,901629,901630, , ,2025-04-11 03:14:51,True,False,False,3.1914401388405325
2025-04-11,FHMRF,FHMRF,2025/04/11,03:19:12,CMA633,ZSPDUBBB,341,-31,44 N,31.7,269.3,30.0,18614.7,82.250,-0.373,-1.6,-1.7,14405.0,58662.0,57707.,57690.,0.0,0.,14171.,14166.0,0.,0.0,7760.,3.7,7764.0,3.4,0.0,0.0,0.,0.0,16073.0,15525.,3.5,0.02948,0.02999,-1.7,0.833,290,474.,468.,0.011,0.004,0,2423808.,901629,901630, , ,2025-04-11 03:19:12,True,False,False,3.188493152039437
2025-04-12,FHMRF,FHMRF,2025/04/12,03:42:05,CMA582,LFPGVHHH,371,-25,38 N,31.1,221.4,24.0,18613.8,82.100,-0.324,-1.4,-1.5,11872.0,55799.0,55036.,55051.,0.0,0.,11710.,11713.0,0.,0.0,6596.,3.8,6593.0,3.4,0.0,0.0,0.,0.0,13666.0,13189.,3.6,0.0354,0.03613,-2.0,0.842,274,484..,557.,-0.009,-0.012,0,2284166.,901629,901630, , ,2025-04-12 03:42:05,True,False,False,3.1856994135344836
2025-04-13,FHMRF,FHMRF,2025/04/13,01:39:28,CMA583,UBBBLFPG,340,-23,47 N,22.8,256.3,24.0,18613.3,82.460,-0.452,-1.9,-2.0,13804.0,55950.0,54910.,54913.,0.0,0.,13547.,13548.0,0.,0.0,7573.,3.2,7572.0,3.2,0.0,0.0,0.,0.0,15636.0,15146.,3.2,0.03066,0.03104,-1.2,0.829,289,479.,478.,0.004,-0.026,0,2295667.,901629,901630, , ,2025-04-13 01:39:28,True,False,False,3.1830509815819283
2025-04-13,FHMRF,FHMRF,2025/04/13,11:56:01,CMA626,LFPGZSPD,370,-22,45 N,32.9,221.4,30.0,18613.6,81.900,-0.592,-2.3,-2.3,11676.0,54612.0,53345.,53364.,0.0,0.,11405.,11409.0,0.,0.0,6458.,3.6,6454.0,3.3,0.0,0.0,0.,0.0,13356.0,12912.,3.4,0.03603,0.0364,-1.0,0.831,271,481.,540.,-0.008,0.011,0,2276142.,901629,901630, , ,2025-04-13 11:56:01,True,False,False,3.1805397696558897
2025-04-15,FHMRF,FHMRF,2025/04/15,01:04:42,CMA588,LFPGVHHH,370,-26,41 N,29.7,216.0,28.0,18618.0,81.360,-0.324,-1.3,-1.4,11602.0,54269.0,53576.,53576.,0.0,0.,11454.,11454.0,0.,0.0,6408.,3.4,6408.0,2.7,0.0,0.0,0.,0.0,13211.0,12816.,3.1,0.03606,0.03665,-1.6,0.829,270,476.,565.,0.007,-0.007,0,2217507.,901629,901630, , ,2025-04-15 01:04:42,True,False,False,3.1781575787996794
2025-04-15,FHMRF,FHMRF,2025/04/15,06:04:42,CMA588,LFPGVHHH,371,-18,24 N,28.1,187.6,24.0,18621.6,80.080,-0.503,-2.2,-2.1,10313.0,48469.0,47409.,47432.,0.0,0.,10087.,10092.0,0.,0.0,5784.,3.2,5779.0,3.8,0.0,0.0,0.,0.0,11965.0,11563.,3.5,0.03978,0.04031,-1.3,0.813,264,476.,543.,-0.003,0.003,0,1930826.,901629,901630, , ,2025-04-15 06:04:42,True,False,False,3.1758961299653268
2025-04-17,FHMRF,FHMRF,2025/04/17,05:03:53,CMA629,ZSPDUBBB,320,-20,48 N,27.4,272.1,24.0,18620.3,82.135,-0.079,-0.3,-0.5,14533.0,53646.0,53518.,53443.,0.0,0.,14499.,14478.0,0.,0.0,8163.,3.3,8174.0,2.5,0.0,0.0,0.,0.0,16809.0,16338.,2.9,0.0288,0.0295,-2.4,0.834,305,484.,414.,-0.002,0.016,0,2219857.,901629,901630, , ,2025-04-17 05:03:53,True,False,False,3.1737470962234084
2025-04-17,FHMRF,FHMRF,2025/04/17,05:09:08,CMA629,ZSPDUBBB,320,-20,48 N,27.4,271.4,24.0,18620.3,82.490,-0.059,-0.2,-0.4,14735.0,54390.0,54293.,54239.,0.0,0.,14709.,14694.0,0.,0.0,8264.,3.3,8278.0,2.9,0.0,0.0,0.,0.0,17051.0,16541.,3.1,0.02836,0.02912,-2.6,0.833,304,484.,414.,0.014,0.014,0,2214267.,901629,901630, , ,2025-04-17 05:09:08,True,False,False,3.171702134736593
2025-04-17,FHMRF,FHMRF,2025/04/17,05:12:34,CMA629,ZSPDUBBB,320,-20,48 N,27.4,271.0,24.0,18620.3,82.400,-0.177,-0.7,-0.8,14748.0,54437.0,54093.,54039.,0.0,0.,14654.,14640.0,0.,0.0,8237.,2.8,8250.0,3.2,0.0,0.0,0.,0.0,16989.0,16487.,3.0,0.02846,0.02909,-2.2,0.833,304,484.,418.,0.016,0.013,0,2210644.,901629,901630, , ,2025-04-17 05:12:34,True,False,False,3.1697529183973687
2025-04-17,FHMRF,FHMRF,2025/04/17,05:25:05,CMA629,ZSPDUBBB,320,-19,47 N,27.3,269.4,25.0,18615.3,82.520,-0.136,-0.5,-0.7,14618.0,53962.0,53705.,53651.,0.0,0.,14549.,14534.0,0.,0.0,8216.,3.2,8230.0,2.7,0.0,0.0,0.,0.0,16931.0,16445.,3.0,0.02863,0.02928,-2.2,0.832,304,485.,422.,0.013,-0.014,0,2197678.,901629,901630, , ,2025-04-17 05:25:05,True,False,False,3.167891167032539
2025-04-17,FHMRF,FHMRF,2025/04/17,05:38:43,CMA629,ZSPDUBBB,340,-24,47 N,27.3,267.5,24.0,18614.7,83.890,-0.109,-0.5,-0.6,14615.0,59238.0,58992.,58931.,0.0,0.,14555.,14539.0,0.,0.0,8092.,3.1,8106.0,2.7,0.0,0.0,0.,0.0,16675.0,16198.,2.9,0.0288,0.02948,-2.3,0.833,291,480.,429.,0.021,0.008,0,2396486.,901629,901630, , ,2025-04-17 05:38:43,True,False,False,3.166108678073011
2025-04-17,FHMRF,FHMRF,2025/04/17,05:41:43,CMA629,ZSPDUBBB,340,-24,47 N,27.3,267.1,24.0,18615.3,83.795,-0.201,-0.9,-1.0,14621.0,59257.0,58763.,58727.,0.0,0.,14499.,14490.0,0.,0.0,8062.,3.3,8079.0,3.1,0.0,0.0,0.,0.0,16658.0,16141.,3.2,0.02883,0.02947,-2.2,0.833,291,480.,433.,0.023,-0.004,0,2392974.,901629,901630, , ,2025-04-17 05:41:43,True,False,False,3.164397356577858
2025-04-17,FHMRF,FHMRF,2025/04/17,21:42:50,CMA574,LFPGVHHH,370,-29,44 N,34.9,226.7,29.0,18633.1,82.120,-0.188,-0.9,-1.0,12221.0,57164.0,56672.,56684.,0.0,0.,12116.,12119.0,0.,0.0,6697.,3.4,6695.0,2.5,0.0,0.0,0.,0.0,13788.0,13392.,3.0,0.03442,0.03508,-1.9,0.832,271,475.,482.,0.019,-0.004,0,2331119.,901629,901630, , ,2025-04-17 21:42:50,True,False,False,3.1627492444886967
2025-04-19,FHMRF,FHMRF,2025/04/19,00:49:57,CMA575,UBBBLFPG,340,-20,45 N,25.2,257.9,28.0,18598.7,83.110,-0.571,-2.5,-2.6,14038.0,56899.0,55450.,55463.,0.0,0.,13681.,13684.0,0.,0.0,7706.,3.3,7703.0,3.3,0.0,0.0,0.,0.0,15916.0,15409.,3.3,0.03033,0.03053,-0.6,0.831,290,483.,511.,0.015,0.000,0,2309844.,901629,901630, , ,2025-04-19 00:49:57,True,False,False,3.161156548976685
2025-04-20,FHMRF,FHMRF,2025/04/20,02:45:19,CMA583,UBBBLFPG,340,-28,46 N,21.6,268.9,28.0,18621.1,82.995,-0.458,-2.0,-2.1,14716.0,59646.0,58489.,58442.,0.0,0.,14430.,14419.0,0.,0.0,7937.,3.7,7939.0,3.4,0.0,0.0,0.,0.0,16438.0,15876.,3.5,0.02895,0.02936,-1.4,0.832,291,476.,447.,0.013,-0.025,0,2408476.,901629,901630, , ,2025-04-20 02:45:19,True,False,False,3.159611669732568
2025-04-20,FHMRF,FHMRF,2025/04/20,02:49:50,CMA583,UBBBLFPG,340,-28,46 N,21.5,268.3,28.0,18616.1,83.100,-0.58,-2.5,-2.6,14831.0,60112.0,58609.,58580.,0.0,0.,14460.,14453.0,0.,0.0,7957.,3.8,7963.0,3.2,0.0,0.0,0.,0.0,16480.0,15920.,3.5,0.02889,0.02914,-0.8,0.832,291,476.,450.,0.022,-0.004,0,2403508.,901629,901630, , ,2025-04-20 02:49:50,True,False,False,3.158107225043113
2025-04-20,FHMRF,FHMRF,2025/04/20,03:48:46,CMA583,UBBBLFPG,340,-26,49 N,21.3,261.2,24.0,18621.2,82.400,-0.433,-1.9,-2.0,14105.0,57171.0,56078.,56050.,0.0,0.,13835.,13829.0,0.,0.0,7664.,3.8,7670.0,3.1,0.0,0.0,0.,0.0,15867.0,15334.,3.5,0.03008,0.0305,-1.4,0.831,290,477.,462.,0.002,0.013,0,2339832.,901629,901630, , ,2025-04-20 03:48:46,True,False,False,3.1566360764979717
2025-04-20,FHMRF,FHMRF,2025/04/20,04:01:24,CMA583,UBBBLFPG,340,-26,49 N,21.2,259.7,24.0,18621.2,82.545,-0.585,-2.6,-2.6,14254.0,57770.0,56278.,56276.,0.0,0.,13886.,13885.0,0.,0.0,7696.,3.5,7706.0,3.2,0.0,0.0,0.,0.0,15919.0,15402.,3.4,0.03,0.0302,-0.7,0.831,290,478.,465.,0.017,0.011,0,2326225.,901629,901630, , ,2025-04-20 04:01:24,True,False,False,3.155191352181574
2025-04-21,FHMRF,FHMRF,2025/04/21,03:44:06,CMA590,LFPGVHHH,351,-21,39 N,32.9,249.8,24.0,18638.3,83.000,-0.332,-1.5,-1.6,13186.0,56306.0,55434.,55495.,0.0,0.,12982.,12996.0,0.,0.0,7315.,3.4,7302.0,3.2,0.0,0.0,0.,0.0,15101.0,14617.,3.3,0.03192,0.03246,-1.7,0.831,283,482.,543.,0.002,0.002,0,2341741.,901629,901630, , ,2025-04-21 03:44:06,True,False,False,3.1537664682244833
2025-04-21,FHMRF,FHMRF,2025/04/21,17:28:08,CMA591,VHHHUBBB,340,-27,48 N,24.0,267.1,24.0,18618.5,82.910,-0.21,-0.9,-1.1,14413.0,58417.0,57879.,57879.,0.0,0.,14281.,14281.0,0.,0.0,7874.,3.3,7874.0,3.3,0.0,0.0,0.,0.0,16266.0,15748.,3.3,0.02931,0.02994,-2.1,0.832,291,477.,486.,0.005,0.004,0,2393338.,901629,901630, , ,2025-04-21 17:28:08,True,False,False,3.152355148613602
2025-04-21,FHMRF,FHMRF,2025/04/21,17:36:23,CMA591,VHHHUBBB,340,-27,48 N,24.0,266.1,24.0,18613.5,82.655,-0.177,-0.8,-1.0,14277.0,57865.0,57397.,57423.,0.0,0.,14162.,14168.0,0.,0.0,7808.,3.6,7811.0,3.1,0.0,0.0,0.,0.0,16139.0,15618.,3.3,0.02951,0.0302,-2.3,0.832,291,476.,489.,0.0,0.010,0,2384294.,901629,901630, , ,2025-04-21 17:36:23,True,False,False,3.150951443185507
2025-04-21,FHMRF,FHMRF,2025/04/21,17:39:23,CMA591,VHHHUBBB,340,-28,48 N,23.9,265.8,24.0,18617.4,82.890,-0.118,-0.5,-0.7,14389.0,58320.0,58017.,58017.,0.0,0.,14314.,14314.0,0.,0.0,7878.,3.2,7878.0,3.2,0.0,0.0,0.,0.0,16266.0,15756.,3.2,0.02925,0.02997,-2.4,0.831,290,476.,489.,0.01,0.006,2,2381098.,901629,901630, , ,2025-04-21 17:39:23,True,False,False,3.1495497437485307
2025-04-21,FHMRF,FHMRF,2025/04/21,18:08:31,CMA591,VHHHUBBB,340,-28,47 N,23.8,262.2,24.0,18616.3,82.230,-0.374,-1.7,-1.8,14212.0,57602.0,56641.,56641.,0.0,0.,13975.,13975.0,0.,0.0,7693.,3.7,7693.0,3.7,0.0,0.0,0.,0.0,15961.0,15385.,3.7,0.02976,0.03032,-1.9,0.831,290,475.,501.,0.012,-0.003,0,2349247.,901629,901630, , ,2025-04-21 18:08:31,True,False,False,3.1481447982963005
2025-04-21,FHMRF,FHMRF,2025/04/21,18:29:59,CMA591,VHHHUBBB,340,-29,47 N,23.8,259.7,24.0,18614.7,81.490,-0.421,-1.8,-1.9,13811.0,55979.0,54989.,54989.,0.0,0.,13567.,13567.0,0.,0.0,7485.,3.5,7485.0,3.5,0.0,0.0,0.,0.0,15494.0,14971.,3.5,0.03067,0.03115,-1.5,0.832,291,475.,498.,-0.007,-0.004,0,2326247.,901629,901630, , ,2025-04-21 18:29:59,True,False,False,3.146731723290159
2025-04-21,FHMRF,FHMRF,2025/04/21,18:32:59,CMA591,VHHHUBBB,340,-28,47 N,23.7,259.3,24.0,18615.3,81.550,-0.183,-0.7,-0.9,13687.0,55474.0,55079.,55079.,0.0,0.,13590.,13590.0,0.,0.0,7499.,3.3,7499.0,3.3,0.0,0.0,0.,0.0,15494.0,14997.,3.3,0.03068,0.0314,-2.3,0.832,291,475.,495.,-0.014,-0.009,0,2322953.,901629,901630, , ,2025-04-21 18:32:59,True,False,False,3.14530601400374
2025-04-21,FHMRF,FHMRF,2025/04/21,23:39:01,CMA591,UBBBLFPG,320,-17,41 N,23.3,273.8,28.0,18599.1,82.710,-0.249,-1.0,-1.1,14692.0,54232.0,53718.,53708.,0.0,0.,14553.,14550.0,0.,0.0,8241.,2.8,8243.0,2.8,0.0,0.0,0.,0.0,16942.0,16484.,2.8,0.02868,0.02915,-1.6,0.832,304,486.,446.,-0.001,0.013,0,2233307.,901629,901630, , ,2025-04-21 23:39:01,True,False,False,3.1438635529431935
2025-04-24,FHMRF,FHMRF,2025/04/24,10:07:23,CMA632,LFPGZSPD,370,-22,42 N,33.6,226.3,25.0,18611.1,83.435,-0.376,-1.7,-1.8,12341.0,57726.0,56758.,56779.,0.0,0.,12134.,12139.0,0.,0.0,6827.,3.2,6831.0,2.6,0.0,0.0,0.,0.0,14053.0,13658.,2.9,0.03422,0.03459,-1.1,0.83,271,481.,518.,0.028,0.011,0,2324725.,901629,901630, , ,2025-04-24 10:07:23,True,False,False,3.142400616379816
2025-05-07,FHMRF,FHMRF,2025/05/07,10:54:32,CMA572,LFPGVHHH,411,-25,25 N,28.4,177.5,24.0,18612.7,81.800,-0.295,-1.2,-1.3,9646.0,54948.0,54265.,54364..,0.0,0.,9526.,9544.0,0.,0.0,5415.,2.8,5399.0,3.2,0.0,0.0,0.,0.0,11138.0,10814.,3.0,0.04299,0.04372,-1.7,0.833,247,479.,519.,-0.001,0.005,0,2219002.,901629,901630, , ,2025-05-07 10:54:32,True,False,False,3.140913879050787
2025-05-07,FHMRF,FHMRF,2025/05/07,11:05:59,CMA572,LFPGVHHH,411,-26,24 N,28.4,176.6,24.0,18612.7,81.770,-0.426,-1.7,-1.7,9717.0,55350.0,54383.,54483.,0.0,0.,9547.,9565.0,0.,0.0,5415.,3.3,5399.0,3.1,0.0,0.0,0.,0.0,11163.0,10815.,3.2,0.0428,0.04343,-1.4,0.832,247,478.,532.,0.013,-0.025,0,2203072.,901629,901630, , ,2025-05-07 11:05:59,True,False,False,3.1394004170903687
2025-05-08,FHMRF,FHMRF,2025/05/08,04:15:37,CMA573,UBBBLFPG,340,-21,42 N,20.6,259.5,28.0,18605.3,84.350,-0.564,-2.5,-2.6,15003.0,60809.0,59319.,59278.,0.0,0.,14635.,14625.0,0.,0.0,8257.,3.7,8267.0,3.0,0.0,0.0,0.,0.0,17083.0,16524.,3.4,0.02881,0.02902,-0.7,0.851,298,492.,440.,0.006,-0.004,0,2324349.,901629,901630, , ,2025-05-08 04:15:37,True,False,False,3.1378577092478372
2025-05-09,FHMRF,FHMRF,2025/05/09,17:57:33,CMA633,UBBBLFPG,340,-24,49 N,29.4,245.0,24.0,18603.3,81.790,-0.363,-1.4,-1.5,13497.0,54704.0,53931.,53941.,0.0,0.,13306.,13308.0,0.,0.0,7426.,3.0,7424.0,3.0,0.0,0.0,0.,0.0,15291.0,14850.,3.0,0.03124,0.03167,-1.4,0.828,289,478.,509.,0.03,0.002,0,2194742.,901629,901630, , ,2025-05-09 17:57:33,True,False,False,3.1362836364372204
2025-05-09,FHMRF,FHMRF,2025/05/09,22:26:12,CMA582,LFPGVHHH,370,-23,47 N,33.0,239.2,28.0,18610.7,84.350,-0.243,-1.1,-1.3,12912.0,60394.0,59742.,59734.,0.0,0.,12773.,12771.0,0.,0.0,7146.,3.1,7148.0,2.4,0.0,0.0,0.,0.0,14685.0,14294.,2.7,0.03276,0.03324,-1.4,0.833,272,481.,473.,0.015,0.016,0,2461536.,901629,901630, , ,2025-05-09 22:26:12,True,False,False,3.1346764796562843
2025-05-09,FHMRF,FHMRF,2025/05/09,22:31:57,CMA582,LFPGVHHH,370,-23,47 N,33.1,238.6,28.0,18613.4,84.250,-0.19,-0.8,-1.0,12808.0,59903.0,59403.,59395.,0.0,0.,12701.,12699.0,0.,0.0,7111.,2.9,7112.0,2.4,0.0,0.0,0.,0.0,14600.0,14223.,2.7,0.03296,0.03349,-1.6,0.833,272,481.,476.,0.01,0.019,0,2454708.,901629,901630, , ,2025-05-09 22:31:57,True,False,False,3.13303491631015
2025-05-11,FHMRF,FHMRF,2025/05/11,04:02:31,CMA583,UBBBLFPG,340,-25,48 N,30.2,259.3,24.0,18624.0,82.230,-0.442,-1.9,-2.0,13895.0,56315.0,55243.,55216.,0.0,0.,13630.,13623.0,0.,0.0,7587.,4.3,7594.0,3.5,0.0,0.0,0.,0.0,15770.0,15181.,3.9,0.0304,0.03095,-1.8,0.833,291,479.,451.,0.008,-0.006,0,2322680.,901629,901630, , ,2025-05-11 04:02:31,True,False,False,3.131358014972526
2025-05-11,FHMRF,FHMRF,2025/05/11,04:26:06,CMA583,UBBBLFPG,340,-26,49 N,30.2,256.5,24.0,18622.9,82.300,-0.295,-1.3,-1.5,13957.0,56566.0,55826.,55798.,0.0,0.,13774.,13767.0,0.,0.0,7637.,4.2,7643.0,3.5,0.0,0.0,0.,0.0,15867.0,15279.,3.8,0.03011,0.03082,-2.3,0.832,291,478.,483.,0.023,0.000,0,2297328.,901629,901630, , ,2025-05-11 04:26:06,True,False,False,3.1296452286092777
2025-05-11,FHMRF,FHMRF,2025/05/11,04:36:04,CMA583,UBBBLFPG,340,-25,49 N,30.2,255.3,25.0,18622.9,81.985,-0.36,-1.4,-1.5,13729.0,55642.0,54866.,54817.,0.0,0.,13537.,13525.0,0.,0.0,7529.,3.3,7532.0,3.4,0.0,0.0,0.,0.0,15568.0,15061.,3.4,0.03073,0.03128,-1.7,0.832,291,478.,495.,0.011,0.013,0,2286956.,901629,901630, , ,2025-05-11 04:36:04,True,False,False,3.127896386279659
2025-05-11,FHMRF,FHMRF,2025/05/11,09:54:49,CMA626,LFPGZSPD,350,-22,46 N,34.2,247.5,28.0,18626.8,82.520,-0.425,-1.7,-1.8,13126.0,55782.0,54841.,54799.,0.0,0.,12904.,12894.0,0.,0.0,7248.,2.8,7257.0,2.5,0.0,0.0,0.,0.0,14894.0,14504.,2.7,0.03233,0.03261,-0.8,0.832,284,482.,526.,0.005,-0.015,0,2312511.,901629,901630, , ,2025-05-11 09:54:49,True,False,False,3.126111683333005
2025-05-11,FHMRF,FHMRF,2025/05/11,18:38:45,CMA626,LFPGZSPD,391,-30,39 N,29.7,194.3,24.0,18625.6,80.825,-0.675,-2.7,-2.7,10729.0,55511.0,54021.,54059.,0.0,0.,10441.,10448.0,0.,0.0,5806.,3.3,5805.0,3.1,0.0,0.0,0.,0.0,11986.0,11611.,3.2,0.0395,0.03969,-0.5,0.832,258,473.,539.,0.022,0.009,0,2211683.,901629,901630, , ,2025-05-11 18:38:45,True,False,False,3.124291670138662
2025-05-12,FHMRF,FHMRF,2025/05/12,04:26:00,CMA627,ZSPDUBBB,340,-24,46 N,28.0,272.8,24.0,18614.5,84.020,-0.325,-1.4,-1.6,14823.0,60081.0,59226.,59230.,0.0,0.,14612.,14613.0,0.,0.0,8106.,3.3,8105.0,3.0,0.0,0.0,0.,0.0,16728.0,16211.,3.2,0.02863,0.02908,-1.5,0.83,290,479.,496.,0.02,-0.005,0,2444238.,901629,901630, , ,2025-05-12 04:26:00,True,False,False,3.1224372394136686
2025-05-12,FHMRF,FHMRF,2025/05/12,04:34:30,CMA627,ZSPDUBBB,340,-24,46 N,27.9,271.8,24.0,18614.5,83.540,-0.133,-0.6,-0.8,14435.0,58509.0,58170.,58174.,0.0,0.,14352.,14353.0,0.,0.0,7967.,3.0,7966.0,3.2,0.0,0.0,0.,0.0,16427.0,15933.,3.1,0.02917,0.02983,-2.2,0.831,290,479.,503.,-0.002,-0.006,0,2434657.,901629,901630, , ,2025-05-12 04:34:30,True,False,False,3.120549612230854
2025-05-13,FHMRF,FHMRF,2025/05/13,04:35:45,CMA588,LFPGVHHH,411,-20,34 N,27.0,167.7,24.0,18621.5,81.640,0.192,0.9,0.5,9086.0,51752.0,52213.,52195.,0.0,0.,9167.,9164.0,0.,0.0,5253.,2.4,5256.0,2.6,0.0,0.0,0.,0.0,10772.0,10509.,2.5,0.04466,0.04601,-2.9,0.828,245,481.,545.,-0.017,0.011,0,2094073.,901629,901630, , ,2025-05-13 04:35:45,True,False,False,3.1186303227953265
2025-05-14,FHMRF,FHMRF,2025/05/14,04:06:36,CMA589,UBBBLFPG,340,-27,48 N,22.5,257.2,24.0,18605.4,81.950,-0.347,-1.6,-1.7,13897.0,56323.0,55440.,55433.,0.0,0.,13679.,13677.0,0.,0.0,7574.,3.7,7576.0,3.2,0.0,0.0,0.,0.0,15675.0,15150.,3.5,0.03041,0.03093,-1.7,0.832,290,477.,474.,0.004,0.018,0,2303562.,901629,901630, , ,2025-05-14 04:06:36,True,False,False,3.1166812020754056
2025-05-14,FHMRF,FHMRF,2025/05/14,04:36:03,CMA589,UBBBLFPG,340,-26,49 N,22.4,253.7,24.0,18603.3,81.800,-0.445,-1.7,-1.8,13715.0,55589.0,54620.,54614.,0.0,0.,13476.,13474.0,0.,0.0,7493.,3.6,7495.0,3.2,0.0,0.0,0.,0.0,15496.0,14987.,3.4,0.03081,0.03127,-1.5,0.831,290,477.,493.,0.005,-0.002,0,2272671.,901629,901630, , ,2025-05-14 04:36:03,True,False,False,3.114704360369085
2025-05-14,FHMRF,FHMRF,2025/05/14,04:40:24,CMA589,UBBBLFPG,340,-25,50 N,22.4,253.2,24.0,18602.7,82.145,-0.558,-2.4,-2.5,13955.0,56559.0,55180.,55194.,0.0,0.,13615.,13618.0,0.,0.0,7567.,3.4,7572.0,3.3,0.0,0.0,0.,0.0,15644.0,15139.,3.3,0.03051,0.03075,-0.8,0.83,290,477.,498.,0.024,0.007,0,2268176.,901629,901630, , ,2025-05-14 04:40:24,True,False,False,3.1127021688804173
2025-05-14,FHMRF,FHMRF,2025/05/14,04:43:24,CMA589,UBBBLFPG,340,-25,50 N,22.3,252.8,24.0,18602.7,82.010,-0.573,-2.4,-2.4,13867.0,56205.0,54864.,54857.,0.0,0.,13536.,13534.0,0.,0.0,7534.,3.2,7536.0,3.0,0.0,0.0,0.,0.0,15539.0,15070.,3.1,0.03076,0.03095,-0.6,0.831,290,478.,502.,0.018,0.003,0,2265155.,901629,901630, , ,2025-05-14 04:43:24,True,False,False,3.1106772403764076
2025-05-14,FHMRF,FHMRF,2025/05/14,04:46:24,CMA589,UBBBLFPG,340,-25,50 N,22.3,252.5,24.0,18602.7,81.910,-0.259,-1.0,-1.2,13611.0,55169.0,54622.,54616.,0.0,0.,13476.,13475.0,0.,0.0,7505.,3.6,7507.0,3.2,0.0,0.0,0.,0.0,15525.0,15012.,3.4,0.03079,0.03148,-2.2,0.831,290,478.,504.,0.002,-0.010,0,2262014.,901629,901630, , ,2025-05-14 04:46:24,True,False,False,3.1086324089996933
2025-05-14,FHMRF,FHMRF,2025/05/14,04:49:24,CMA589,UBBBLFPG,340,-25,50 N,22.3,252.1,24.0,18602.7,81.900,-0.409,-1.6,-1.7,13685.0,55465.0,54594.,54587.,0.0,0.,13470.,13468.0,0.,0.0,7503.,3.1,7504.0,3.1,0.0,0.0,0.,0.0,15469.0,15007.,3.1,0.03091,0.03132,-1.3,0.831,290,478.,505.,0.008,0.004,0,2258780.,901629,901630, , ,2025-05-14 04:49:24,True,False,False,3.1065707093247834
2025-05-14,FHMRF,FHMRF,2025/05/14,10:24:46,CMA628,LFPGZSPD,330,-24,47 N,32.4,274.9,28.0,18627.7,83.120,0.062,0.3,0.0,14679.0,56766.0,56940.,56909.,0.0,0.,14724.,14716.0,0.,0.0,8180.,3.1,8187.0,3.2,0.0,0.0,0.,0.0,16881.0,16367.,3.1,0.02844,0.02934,-3.1,0.832,297,480.,475.,0.015,0.008,0,2338750.,901629,901630, , ,2025-05-14 10:24:46,True,False,False,3.1044953547601164
2025-05-18,FHMRF,FHMRF,2025/05/18,06:26:18,CMA635,ZSPDUBBB,340,-21,46 N,30.4,263.1,25.0,18626.9,83.540,-0.326,-1.4,-1.2,14169.0,57428.0,56604.,56604.,0.0,0.,13966.,13966.0,0.,0.0,7923.,2.7,7923.0,3.2,0.0,0.0,0.,0.0,16308.0,15845.,2.9,0.02963,0.03014,-1.7,0.833,291,483.,433.,0.012,0.019,0,2356337.,901629,901630, , ,2025-05-18 06:26:18,True,False,False,3.102409715410529
2025-05-18,FHMRF,FHMRF,2025/05/18,06:48:05,CMA635,ZSPDUBBB,340,-18,44 N,30.4,260.4,24.0,18626.9,83.580,-0.612,-2.7,-2.3,14055.0,56966.0,55428.,55428.,0.0,0.,13676.,13676.0,0.,0.0,7823.,3.4,7823.0,2.8,0.0,0.0,0.,0.0,16131.0,15645.,3.1,0.0301,0.03031,-0.7,0.832,291,486.,457.,0.014,0.007,0,2330855.,901629,901630, , ,2025-05-18 06:48:05,True,False,False,3.1003172955234786
2025-05-19,FHMRF,FHMRF,2025/05/19,23:21:14,CMA591,UBBBLFPG,320,-13,41 N,23.8,277.3,28.0,18634.3,83.640,-0.335,-1.3,-1.4,14912.0,55042.0,54352.,54343.,0.0,0.,14725.,14722.0,0.,0.0,8399.,2.5,8402.0,3.1,0.0,0.0,0.,0.0,17271.0,16801.,2.8,0.02841,0.02879,-1.3,0.834,305,491.,420.,-0.001,0.004,0,2261658.,901629,901630, , ,2025-05-19 23:21:14,True,False,False,3.0982217106461767
2025-05-20,FHMRF,FHMRF,2025/05/20,02:32:31,CMA591,UBBBLFPG,360,-29,49 N,22.6,253.3,24.0,18626.9,83.815,-0.478,-2.1,-2.2,13982.0,62329.0,61051.,61000.,0.0,0.,13695.,13684.0,0.,0.0,7512.,4.1,7514.0,3.2,0.0,0.0,0.,0.0,15580.0,15027.,3.7,0.03048,0.03091,-1.4,0.832,278,475.,464.,0.014,-0.005,0,2496097.,901629,901630, , ,2025-05-20 02:32:31,True,False,False,3.096126664618866
2025-05-20,FHMRF,FHMRF,2025/05/20,23:49:18,CMA572,LFPGVHHH,390,-24,41 N,31.1,203.6,28.0,18621.5,82.340,-0.282,-1.2,-1.3,10842.0,55828.0,55180.,55140.,0.0,0.,10716.,10708.0,0.,0.0,6033.,3.5,6040.0,3.1,0.0,0.0,0.,0.0,12468.0,12073.,3.3,0.03844,0.03916,-1.9,0.832,259,479.,552.,-0.004,-0.005,0,2300967.,901629,901630, , ,2025-05-20 23:49:18,True,False,False,3.09403592652417
2025-05-21,FHMRF,FHMRF,2025/05/21,16:02:53,CMA628,OTHHZSPD,411,-24,27 N,24.3,166.1,24.0,18647.9,81.560,-0.229,-0.9,-1.1,9424.0,53683.0,53195.,53190.,0.0,0.,9339.,9338.0,0.,0.0,5297.,2.8,5298.0,2.9,0.0,0.0,0.,0.0,10897.0,10596.,2.8,0.04401,0.04475,-1.6,0.831,246,480.,510.,0.019,-0.014,0,2074017.,901629,901630, , ,2025-05-21 16:02:53,True,False,False,3.0919533077091046
2025-05-21,FHMRF,FHMRF,2025/05/21,16:10:02,CMA628,OTHHZSPD,411,-23,27 N,24.3,165.5,24.0,18649.2,81.050,0.093,0.5,0.1,9098.0,51822.0,52059.,52054.,0.0,0.,9140.,9139.0,0.,0.0,5200.,3.1,5201.0,3.1,0.0,0.0,0.,0.0,10724.0,10400.,3.1,0.04478,0.04622,-3.1,0.832,247,480.,510.,-0.015,-0.006,0,2066853.,901629,901630, , ,2025-05-21 16:10:02,True,False,False,3.0898826390000025
2025-05-21,FHMRF,FHMRF,2025/05/21,16:19:10,CMA628,OTHHZSPD,411,-23,28 N,24.2,164.8,24.0,18648.8,81.000,0.001,0.0,-0.3,9123.0,51964.0,51970.,51966.,0.0,0.,9124.,9123.0,0.,0.0,5191.,2.2,5191.0,2.7,0.0,0.0,0.,0.0,10637.0,10382.,2.5,0.04514,0.0461,-2.1,0.832,247,480.,518.,-0.01,0.008,0,2057536.,901629,901630, , ,2025-05-21 16:19:10,True,False,False,3.087827748239756
2025-05-21,FHMRF,FHMRF,2025/05/21,16:24:40,CMA628,OTHHZSPD,411,-23,28 N,24.2,164.4,24.0,18648.8,81.080,-0.1,-0.4,-0.7,9167.0,52213.0,51986.,51982.,0.0,0.,9127.,9126.0,0.,0.0,5191.,2.8,5192.0,2.7,0.0,0.0,0.,0.0,10672.0,10384.,2.8,0.04493,0.04585,-2.0,0.83,246,480.,521.,-0.001,0.014,0,2051905.,901629,901630, , ,2025-05-21 16:24:40,True,False,False,3.0857924382831454
2025-05-21,FHMRF,FHMRF,2025/05/21,16:34:40,CMA628,OTHHZSPD,411,-23,29 N,24.2,163.6,24.0,18648.8,80.790,-0.296,-1.4,-1.6,9128.0,51994.0,51257.,51253.,0.0,0.,8998.,8998.0,0.,0.0,5127.,2.9,5127.0,3.1,0.0,0.0,0.,0.0,10559.0,10254.,3.0,0.04541,0.04603,-1.3,0.83,246,480.,524.,-0.002,0.000,0,2041828.,901629,901630, , ,2025-05-21 16:34:40,True,False,False,3.0837804655817123
2025-05-22,FHMRF,FHMRF,2025/05/22,09:33:53,CMA632,LFPGZSPD,350,-24,42 N,35.6,237.4,28.0,18624.9,81.500,-0.214,-0.8,-1.0,12668.0,53837.0,53400.,53366.,0.0,0.,12565.,12557.0,0.,0.0,7028.,2.8,7035.0,2.8,0.0,0.0,0.,0.0,14460.0,14064.,2.8,0.03305,0.03365,-1.8,0.829,283,478.,516.,0.01,-0.010,0,2216868.,901629,901630, , ,2025-05-22 09:33:53,True,False,False,3.081795519473476
2025-05-23,FHMRF,FHMRF,2025/05/23,00:36:05,CMA633,ZSPDUBBB,321,-14,42 N,34.1,296.3,24.0,18596.1,85.115,-0.18,-0.8,-1.0,15724.0,58309.0,57850.,57872.,0.0,0.,15600.,15606.0,0.,0.0,8850.,2.8,8855.0,3.3,0.0,0.0,0.,0.0,18250.0,17705.,3.1,0.02679,0.02734,-2.0,0.831,303,489.,490.,0.005,-0.006,0,2428836.,901629,901630, , ,2025-05-23 00:36:05,True,False,False,3.0798412022698676
2025-05-24,FHMRF,FHMRF,2025/05/24,17:05:49,CMA583,VHHHUBBB,320,-17,47 N,25.5,281.5,30.0,18607.1,83.420,-0.275,-1.0,-1.2,15033.0,55492.0,54906.,54916.,0.0,0.,14875.,14877.0,0.,0.0,8431.,3.2,8429.0,3.0,0.0,0.0,0.,0.0,17385.0,16860.,3.1,0.02803,0.02855,-1.8,0.833,304,487.,428.,-0.002,-0.008,0,2296662.,901629,901630, , ,2025-05-24 17:05:49,True,False,False,3.077921010209264
2025-05-24,FHMRF,FHMRF,2025/05/24,17:42:14,CMA583,VHHHUBBB,320,-17,45 N,25.2,276.7,25.0,18609.4,83.605,-0.35,-1.5,-1.7,15239.0,56253.0,55391.,55383.,0.0,0.,15005.,15003.0,0.,0.0,8486.,2.7,8480.0,3.5,0.0,0.0,0.,0.0,17494.0,16967.,3.1,0.02781,0.02819,-1.4,0.832,304,486.,431.,0.027,0.006,0,2257539.,901629,901630, , ,2025-05-24 17:42:14,True,False,False,3.0760383153282156
2025-05-24,FHMRF,FHMRF,2025/05/24,17:46:53,CMA583,VHHHUBBB,320,-17,45 N,25.1,276.1,24.0,18613.3,83.500,-0.029,-0.1,-0.3,14969.0,55255.0,55189.,55201.,0.0,0.,14951.,14955.0,0.,0.0,8455.,3.0,8452.0,3.2,0.0,0.0,0.,0.0,17431.0,16906.,3.1,0.0279,0.02867,-2.7,0.832,304,486.,432.,0.012,0.014,0,2252521.,901629,901630, , ,2025-05-24 17:46:53,True,False,False,3.074196348289424
2025-05-26,FHMRF,FHMRF,2025/05/26,21:29:58,CMA778,LFLXOTHH,390,-26,37 N,26.9,206.6,28.0,18608.2,82.510,-0.712,-3.2,-3.0,11264.0,58004.0,56162.,56162.,0.0,0.,10907.,10907.0,0.,0.0,6139.,3.6,6139.0,3.1,0.0,0.0,0.,0.0,12690.0,12279.,3.4,0.03768,0.03777,-0.2,0.833,259,478.,528.,0.012,0.009,0,2335840.,901629,901630, , ,2025-05-26 21:29:58,True,False,False,3.0723981821996684
2025-05-26,FHMRF,FHMRF,2025/05/26,21:34:40,CMA778,LFLXOTHH,390,-26,37 N,26.9,206.2,28.0,18603.2,82.560,-0.507,-2.3,-2.2,11225.0,57800.0,56488.,56488.,0.0,0.,10970.,10970.0,0.,0.0,6163.,3.3,6163.0,2.7,0.0,0.0,0.,0.0,12695.0,12325.,3.0,0.03759,0.03787,-0.7,0.832,259,477.,528.,0.012,0.009,0,2330638.,901629,901630, , ,2025-05-26 21:34:40,True,False,False,3.0706467174503502
2025-05-26,FHMRF,FHMRF,2025/05/26,21:53:44,CMA778,LFLXOTHH,390,-24,35 N,26.6,204.4,28.0,18609.4,82.330,-0.326,-1.4,-1.4,10847.0,55851.0,55080.,55081.,0.0,0.,10697.,10697.0,0.,0.0,6043.,3.4,6043.0,3.6,0.0,0.0,0.,0.0,12510.0,12086.,3.5,0.03831,0.03909,-2.0,0.832,259,479.,520.,-0.014,0.033,0,2309940.,901629,901630, , ,2025-05-26 21:53:44,True,False,False,3.068944667617294
2025-05-26,FHMRF,FHMRF,2025/05/26,23:59:27,CMA778,LFLXOTHH,390,-17,26 N,25.7,192.6,23.0,18608.5,82.590,-0.49,-1.9,-2.0,10515.0,54143.0,53108.,53112.,0.0,0.,10314.,10314.0,0.,0.0,5921.,2.6,5920.0,3.0,0.0,0.0,0.,0.0,12173.0,11842.,2.8,0.03982,0.04011,-0.7,0.829,258,485.,534.,0.004,0.017,0,2172940.,901629,901630, , ,2025-05-26 23:59:27,True,False,False,3.067294546464376
2025-05-27,FHMRF,FHMRF,2025/05/27,00:09:59,CMA778,LFLXOTHH,390,-17,26 N,25.7,191.6,24.0,18609.1,82.600,-0.548,-2.1,-2.2,10520.0,54169.0,53014.,53018.,0.0,0.,10295.,10296.0,0.,0.0,5917.,3.1,5916.0,2.6,0.0,0.0,0.,0.0,12167.0,11832.,2.8,0.03987,0.04009,-0.6,0.829,258,485.,536.,0.008,0.006,0,2161967.,901629,901630, , ,2025-05-27 00:09:59,True,False,False,3.0656986561061412
2025-05-27,FHMRF,FHMRF,2025/05/27,00:21:07,CMA778,LFLXOTHH,390,-17,26 N,25.6,190.6,24.0,18608.5,82.480,-0.331,-1.3,-1.5,10387.0,53482.0,52784.,52788.,0.0,0.,10251.,10252.0,0.,0.0,5889.,2.4,5888.0,3.0,0.0,0.0,0.,0.0,12100.0,11777.,2.7,0.04004,0.04053,-1.2,0.828,258,484.,532.,0.0,0.037,0,2150488.,901629,901630, , ,2025-05-27 00:21:07,True,False,False,3.0641590763943114
2025-05-27,FHMRF,FHMRF,2025/05/27,00:33:23,CMA778,LFLXOTHH,390,-17,26 N,25.6,189.5,24.0,18608.5,82.140,-0.446,-1.8,-1.9,10327.0,53173.0,52231.,52235.,0.0,0.,10144.,10144.0,0.,0.0,5834.,2.8,5833.0,2.9,0.0,0.0,0.,0.0,12000.0,11667.,2.9,0.04043,0.0408,-0.9,0.83,258,485.,522.,-0.003,0.012,0,2138342.,901629,901630, , ,2025-05-27 00:33:23,True,False,False,3.0626776555965534
2025-05-28,FHMRF,FHMRF,2025/05/28,10:47:43,CMA628,OTHHZSPD,390,-16,22 N,27.9,193.9,22.0,18650.5,83.225,-0.263,-1.0,-1.2,10601.0,54587.0,54020.,54046.,0.0,0.,10491.,10496.0,0.,0.0,6028.,2.7,6029.0,2.8,0.0,0.0,0.,0.0,12391.0,12057.,2.8,0.0393,0.03991,-1.5,0.831,259,487.,491.,0.007,-0.016,0,2188862.,901629,901630, , ,2025-05-28 10:47:43,True,False,False,3.0612560024288604
2025-05-28,FHMRF,FHMRF,2025/05/28,14:27:52,CMA628,OTHHZSPD,410,-18,22 N,24.9,174.0,22.0,18651.4,85.180,0.11,0.5,0.2,10590.0,60034.0,60332.,60336.,0.0,0.,10643.,10643.0,0.,0.0,6140.,2.8,6139.0,2.6,0.0,0.0,0.,0.0,12605.0,12279.,2.7,0.03962,0.04075,-2.8,0.86,257,499.,502.,0.003,-0.012,0,2161402.,901629,901630, , ,2025-05-28 14:27:52,True,False,False,3.059895479486081
2025-05-28,FHMRF,FHMRF,2025/05/28,23:28:48,CMA629,ZSPDUBBB,301,-5,36 N,34.5,293.8,30.0,18623.7,84.330,0.285,1.1,0.7,15533.0,52544.0,53130.,53124.,0.0,0.,15706.,15704.0,0.,0.0,9106.,2.7,9108.0,3.1,0.0,0.0,0.,0.0,18741.0,18214.,2.9,0.0265,0.02747,-3.5,0.831,316,497.,440.,-0.004,0.007,0,2191402.,901629,901630, , ,2025-05-28 23:28:48,True,False,False,3.0585971980932825
2025-05-28,FHMRF,FHMRF,2025/05/28,23:31:48,CMA629,ZSPDUBBB,301,-6,36 N,34.5,293.4,30.0,18624.6,84.360,0.077,0.3,0.0,15693.0,53088.0,53249.,53243.,0.0,0.,15741.,15739.0,0.,0.0,9121.,2.5,9122.0,3.1,0.0,0.0,0.,0.0,18760.0,18243.,2.8,0.02646,0.02721,-2.8,0.831,316,496.,440.,0.007,-0.016,0,2188295.,901629,901630, , ,2025-05-28 23:31:48,True,False,False,3.0573620145776585
2025-05-29,FHMRF,FHMRF,2025/05/29,04:52:26,CMA629,ZSPDUBBB,340,-23,48 N,30.6,252.2,24.0,18627.9,82.030,-0.364,-1.4,-1.5,13548.0,54914.0,54140.,54143.,0.0,0.,13357.,13358.0,0.,0.0,7472.,3.7,7472.0,3.2,0.0,0.0,0.,0.0,15458.0,14944.,3.4,0.03106,0.03163,-1.8,0.831,290,480.,500.,0.01,-0.016,0,2259658.,901629,901630, , ,2025-05-29 04:52:26,True,False,False,3.05619052793803
2025-05-29,FHMRF,FHMRF,2025/05/29,04:55:26,CMA629,ZSPDUBBB,340,-23,48 N,30.6,251.9,24.0,18624.1,82.150,-0.279,-1.1,-1.2,13565.0,54977.0,54385.,54388.,0.0,0.,13419.,13419.0,0.,0.0,7501.,3.6,7500.0,3.3,0.0,0.0,0.,0.0,15516.0,15001.,3.4,0.03091,0.03158,-2.1,0.83,290,480.,502.,0.013,-0.001,0,2256400.,901629,901630, , ,2025-05-29 04:55:26,True,False,False,3.0550830788682695
2025-05-29,FHMRF,FHMRF,2025/05/29,04:58:26,CMA629,ZSPDUBBB,340,-23,48 N,30.6,251.5,24.0,18624.1,82.110,-0.185,-0.7,-0.9,13506.0,54739.0,54345.,54349.,0.0,0.,13409.,13410.0,0.,0.0,7493.,3.2,7493.0,2.8,0.0,0.0,0.,0.0,15438.0,14986.,3.0,0.03106,0.0317,-2.0,0.83,290,479.,504.,0.01,0.010,0,2253250.,901629,901630, , ,2025-05-29 04:58:26,True,False,False,3.054039750076521
2025-05-29,FHMRF,FHMRF,2025/05/29,05:03:46,CMA629,ZSPDUBBB,340,-23,48 N,30.6,250.9,24.0,18624.1,82.350,0.049,0.2,-0.1,13509.0,54752.0,54855.,54858.,0.0,0.,13534.,13535.0,0.,0.0,7553.,3.8,7552.0,3.2,0.0,0.0,0.,0.0,15637.0,15105.,3.5,0.03063,0.03168,-3.3,0.829,290,479.,506.,0.013,0.001,0,2247618.,901629,901630, , ,2025-05-29 05:03:46,True,False,False,3.053060367838557
2025-05-29,FHMRF,FHMRF,2025/05/29,05:38:25,CMA629,ZSPDUBBB,340,-24,47 N,30.5,246.9,24.0,18628.1,81.670,0.008,0.0,-0.2,13242.0,53669.0,53684.,53687.,0.0,0.,13246.,13246.0,0.,0.0,7385.,2.9,7384.0,2.9,0.0,0.0,0.,0.0,15202.0,14769.,2.9,0.03142,0.03227,-2.6,0.828,289,478.,525.,0.008,0.006,0,2211362.,901629,901630, , ,2025-05-29 05:38:25,True,False,False,3.052144504731588
2025-05-30,FHMRF,FHMRF,2025/05/30,02:35:14,CMA574,LFPGVHHH,391,-27,41 N,29.9,207.4,24.0,18603.8,82.450,-0.178,-0.8,-1.0,11001.0,56922.0,56449.,56470.,0.0,0.,10910.,10914.0,0.,0.0,6106.,3.7,6102.0,3.7,0.0,0.0,0.,0.0,12660.0,12208.,3.7,0.03771,0.03871,-2.6,0.833,259,477.,536.,-0.008,0.002,0,2356099.,901629,901630, , ,2025-05-30 02:35:14,True,False,False,3.0512914835097003
2025-05-30,FHMRF,FHMRF,2025/05/30,16:00:40,CMA575,VHHHUBBB,341,-21,47 N,28.5,272.5,29.0,18587.1,84.500,-0.115,-0.5,-0.7,14610.0,59498.0,59205.,59209.,0.0,0.,14538.,14539.0,0.,0.0,8154.,3.3,8153.0,3.1,0.0,0.0,0.,0.0,16830.0,16307.,3.2,0.02875,0.02947,-2.4,0.834,291,484.,431.,0.002,-0.016,0,2453165.,901629,901630, , ,2025-05-30 16:00:40,True,False,False,3.0505003820988814
2025-06-01,FHMRF,FHMRF,2025/06/01,04:45:34,CMA635,ZSPDUBBB,320,-15,47 N,29.9,280.0,28.0,18596.5,83.840,-0.037,-0.1,-0.4,14958.0,55213.0,55138.,55138.,0.0,0.,14937.,14937.0,0.,0.0,8497.,3.6,8497.0,3.0,0.0,0.0,0.,0.0,17550.0,16994.,3.3,0.02784,0.02864,-2.8,0.832,304,489.,454.,0.005,-0.004,0,2284554.,901629,901630, , ,2025-06-01 04:45:34,True,False,False,3.0497700397071887
2025-06-01,FHMRF,FHMRF,2025/06/01,10:30:08,CMA635,UBBBLFPG,300,-5,41 N,30.0,286.2,26.0,18607.4,84.100,0.492,2.1,1.7,15237.0,51307.0,52404.,52407.,0.0,0.,15563.,15564.0,0.,0.0,9042.,1.8,9041.0,2.3,0.0,0.0,0.,0.0,18450.0,18082.,2.0,0.02687,0.02787,-3.6,0.828,316,496.,444.,-0.007,0.022,0,2129942.,901629,901630, , ,2025-06-01 10:30:08,True,False,False,3.0490990640652704
2025-06-02,FHMRF,FHMRF,2025/06/02,00:41:25,CMA590,LFPGVHHH,350,-8,41 N,33.5,228.9,30.0,18602.8,83.440,-0.019,-0.1,-0.1,12244.0,52033.0,51994.,51994.,0.0,0.,12235.,12235.0,0.,0.0,7129.,2.1,7129.0,2.1,0.0,0.0,0.,0.0,14560.0,14259.,2.1,0.0336,0.03425,-1.9,0.822,280,489.,583.,0.0,0.042,0,2134666.,901629,901630, , ,2025-06-02 00:41:25,True,False,False,3.0484858398313786
2025-06-02,FHMRF,FHMRF,2025/06/02,00:45:47,CMA590,LFPGVHHH,350,-9,41 N,33.5,228.4,29.0,18602.8,83.090,0.075,0.4,0.2,12008.0,51029.0,51209.,51209.,0.0,0.,12050.,12050.0,0.,0.0,7035.,2.0,7035.0,2.3,0.0,0.0,0.,0.0,14376.0,14070.,2.2,0.03406,0.03488,-2.4,0.823,280,490.,581.,-0.017,0.021,0,2130292.,901629,901630, , ,2025-06-02 00:45:47,True,False,False,3.0479285382026178
2025-06-03,FHMRF,FHMRF,2025/06/03,21:39:25,CMA572,LFPGVHHH,370,-25,43 N,33.9,231.9,30.0,18625.2,82.620,-0.331,-1.5,-1.6,12176.0,56954.0,56097.,56109.,0.0,0.,11993.,11996.0,0.,0.0,6713.,2.7,6710.0,3.3,0.0,0.0,0.,0.0,13828.0,13423.,3.0,0.03466,0.03513,-1.3,0.833,272,479.,494.,-0.007,-0.018,0,2383505.,901629,901630, , ,2025-06-03 21:39:25,True,False,False,3.0474251277574558
2025-06-05,FHMRF,FHMRF,2025/06/05,00:22:49,CMA573,UBBBLFPG,340,-16,42 N,25.2,268.7,28.0,18620.9,84.690,-0.354,-1.5,-1.6,14485.0,58708.0,57819.,57819.,0.0,0.,14266.,14266.0,0.,0.0,8081.,3.5,8081.0,3.7,0.0,0.0,0.,0.0,16736.0,16161.,3.6,0.02913,0.02968,-1.8,0.833,291,488.,452.,0.001,0.005,0,2406699.,901629,901630, , ,2025-06-05 00:22:49,True,False,False,3.0469733865111532
2025-06-05,FHMRF,FHMRF,2025/06/05,01:26:17,CMA573,UBBBLFPG,340,-18,44 N,24.9,260.8,28.0,18619.1,83.750,-0.428,-1.9,-2.0,14097.0,57136.0,56051.,56064.,0.0,0.,13829.,13833.0,0.,0.0,7825.,3.4,7822.0,2.9,0.0,0.0,0.,0.0,16138.0,15647.,3.1,0.03009,0.03043,-1.1,0.832,291,486.,480.,0.006,-0.005,0,2336068.,901629,901630, , ,2025-06-05 01:26:17,True,False,False,3.0465709151108324
2025-06-05,FHMRF,FHMRF,2025/06/05,16:52:16,CMA632,LFPGZSPD,411,-22,41 N,27.4,172.5,24.0,18610.8,81.750,-0.589,-2.3,-2.3,9538.0,54329.0,53032.,53111.,0.0,0.,9310.,9324.0,0.,0.0,5323.,2.9,5310.0,3.2,0.0,0.0,0.,0.0,10954.0,10632.,3.0,0.04376,0.04403,-0.6,0.828,246,479.,572.,0.012,-0.010,0,2155117.,901629,901630, , ,2025-06-05 16:52:16,True,False,False,3.0462151510536546
2025-06-05,FHMRF,FHMRF,2025/06/05,17:18:36,CMA632,LFPGZSPD,411,-23,40 N,27.4,170.2,24.0,18610.8,81.460,-0.41,-1.6,-1.7,9408.0,53588.0,52673.,52752.,0.0,0.,9247.,9261.0,0.,0.0,5277.,2.7,5265.0,2.6,0.0,0.0,0.,0.0,10821.0,10542.,2.6,0.04418,0.04457,-0.9,0.827,245,478.,575.,0.009,-0.002,0,2126899.,901629,901630, , ,2025-06-05 17:18:36,True,False,False,3.0459033837931595
2025-06-06,FHMRF,FHMRF,2025/06/06,02:22:56,CMA633,ZSPDUBBB,321,-10,42 N,31.5,283.9,28.0,18600.3,84.760,-0.214,-0.9,-1.1,15112.0,56042.0,55516.,55509.,0.0,0.,14970.,14968.0,0.,0.0,8606.,2.8,8608.0,3.4,0.0,0.0,0.,0.0,17750.0,17214.,3.1,0.0278,0.02834,-1.9,0.833,303,493.,460.,0.002,-0.010,0,2326672.,901629,901630, , ,2025-06-06 02:22:56,True,False,False,3.0456327705994526
2025-06-06,FHMRF,FHMRF,2025/06/06,22:15:47,CMA582,LFPGVHHH,370,-24,42 N,34.9,228.7,24.0,18610.6,83.165,-0.239,-1.1,-1.2,12346.0,57746.0,57149.,57119.,0.0,0.,12219.,12212.0,0.,0.0,6839.,3.6,6837.0,3.1,0.0,0.0,0.,0.0,14135.0,13677.,3.4,0.03393,0.03464,-2.1,0.832,271,480.,469.,0.019,0.017,0,2350720.,901629,901630, , ,2025-06-06 22:15:47,True,False,False,3.045400353042817
2025-06-07,FHMRF,FHMRF,2025/06/07,03:45:09,CMA582,LFPGVHHH,391,-11,38 N,30.3,195.6,23.0,18613.6,84.040,-0.075,-0.3,-0.5,10473.0,54187.0,54024.,54040.,0.0,0.,10442.,10445.0,0.,0.0,6086.,2.5,6083.0,2.6,0.0,0.0,0.,0.0,12478.0,12168.,2.5,0.03936,0.04016,-2.0,0.83,258,491.,531.,-0.009,0.038,0,2221138.,901629,901630, , ,2025-06-07 03:45:09,True,False,False,3.045203073967887
2025-06-07,FHMRF,FHMRF,2025/06/07,06:30:32,CMA582,LFPGVHHH,411,-22,23 N,30.2,180.6,24.0,18616.3,82.685,-0.437,-1.9,-2.0,9881.0,56285.0,55186.,55226.,0.0,0.,9688.,9695.0,0.,0.0,5531.,3.5,5530.0,3.0,0.0,0.0,0.,0.0,11422.0,11061.,3.3,0.04231,0.04283,-1.2,0.836,248,483.,470.,0.007,0.007,0,2254823.,901629,901630, , ,2025-06-07 06:30:32,True,False,False,3.045037794818995
2025-06-07,FHMRF,FHMRF,2025/06/07,23:42:23,CMA583,UBBBLFPG,320,-11,41 N,25.4,276.7,28.0,18612.8,84.660,-0.346,-1.5,-1.7,15312.0,56524.0,55670.,55660.,0.0,0.,15081.,15078.0,0.,0.0,8617.,3.3,8620.0,3.3,0.0,0.0,0.,0.0,17800.0,17237.,3.3,0.02754,0.02797,-1.5,0.829,303,490.,489.,0.033,-0.008,0,2257033.,901629,901630, , ,2025-06-07 23:42:23,True,False,False,3.0449013131723213
2025-06-07,FHMRF,FHMRF,2025/06/07,23:43:17,CMA583,UBBBLFPG,320,-11,41 N,25.4,276.5,28.0,18612.8,84.740,-0.282,-1.2,-1.4,15312.0,56521.0,55828.,55818.,0.0,0.,15124.,15122.0,0.,0.0,8642.,3.0,8645.0,3.5,0.0,0.0,0.,0.0,17850.0,17287.,3.3,0.02747,0.02797,-1.8,0.829,302,490.,490.,0.033,0.011,0,2255946.,901629,901630, , ,2025-06-07 23:43:17,True,False,False,3.044790380328405
2025-06-07,FHMRF,FHMRF,2025/06/07,23:43:21,CMA583,UBBBLFPG,320,-11,41 N,25.4,276.5,28.0,18612.8,84.750,-0.271,-1.2,-1.4,15312.0,56521.0,55853.,55843.,0.0,0.,15131.,15129.0,0.,0.0,8646.,2.9,8648.0,3.5,0.0,0.0,0.,0.0,17850.0,17294.,3.2,0.02747,0.02797,-1.8,0.829,302,490.,491.,0.033,0.012,0,2255872.,901629,901630, , ,2025-06-07 23:43:21,True,False,False,3.0447017188196854
2025-06-07,FHMRF,FHMRF,2025/06/07,23:43:25,CMA583,UBBBLFPG,320,-11,41 N,25.4,276.5,28.0,18612.8,84.750,-0.272,-1.2,-1.4,15311.0,56518.0,55849.,55839.,0.0,0.,15130.,15127.0,0.,0.0,8645.,2.9,8648.0,3.5,0.0,0.0,0.,0.0,17850.0,17294.,3.2,0.02747,0.02797,-1.8,0.829,302,490.,491.,0.033,0.011,0,2255798.,901629,901630, , ,2025-06-07 23:43:25,True,False,False,3.0446320396945943
2025-06-07,FHMRF,FHMRF,2025/06/07,23:43:28,CMA583,UBBBLFPG,320,-11,41 N,25.4,276.5,28.0,18612.8,84.750,-0.271,-1.2,-1.3,15310.0,56515.0,55849.,55839.,0.0,0.,15130.,15127.0,0.,0.0,8645.,2.9,8648.0,3.5,0.0,0.0,0.,0.0,17850.0,17294.,3.2,0.02747,0.02797,-1.8,0.829,302,490.,491.,0.033,0.009,0,2255744.,901629,901630, , ,2025-06-07 23:43:28,True,False,False,3.0445780594533374
2025-06-08,FHMRF,FHMRF,2025/06/08,09:21:49,CMA626,LFPGZSPD,370,-21,44 N,35.1,239.0,28.0,18617.2,84.235,-0.152,-0.7,-0.8,12631.0,59079.0,58705.,58679.,0.0,0.,12551.,12545.0,0.,0.0,7055.,3.0,7052.0,2.7,0.0,0.0,0.,0.0,14504.0,14106.,2.8,0.03325,0.0339,-1.9,0.832,271,482.,474.,-0.001,0.009,0,2458469.,901629,901630, , ,2025-06-08 09:21:49,True,False,False,3.0445365165273657
2025-06-09,FHMRF,FHMRF,2025/06/09,20:20:53,CMA588,LFPGVHHH,380,-26,48 N,30.7,218.1,28.0,18613.5,82.650,0.047,0.2,-0.0,11512.0,56499.0,56636.,56607.,0.0,0.,11540.,11534.0,0.,0.0,6442.,2.8,6448.0,2.5,0.0,0.0,0.,0.0,13233.0,12890.,2.7,0.03606,0.037,-2.6,0.831,265,477.,520.,-0.007,-0.006,0,2352530.,901629,901630, , ,2025-06-09 20:20:53,True,False,False,3.0445041872097716
2025-06-09,FHMRF,FHMRF,2025/06/09,21:12:33,CMA588,LFPGVHHH,390,-25,46 N,31.6,212.8,28.0,18616.2,83.290,-0.147,-0.7,-0.8,11287.0,58120.0,57755.,57725.,0.0,0.,11216.,11210.0,0.,0.0,6290.,3.5,6295.0,2.9,0.0,0.0,0.,0.0,12990.0,12586.,3.2,0.0369,0.03777,-2.3,0.833,259,479.,539.,-0.006,-0.031,0,2408028.,901629,901630, , ,2025-06-09 21:12:33,True,False,False,3.044477900953517
2025-06-09,FHMRF,FHMRF,2025/06/09,22:42:48,CMA588,LFPGVHHH,390,-26,42 N,31.8,204.1,24.0,18612.4,83.020,-0.262,-1.2,-1.3,11293.0,58151.0,57488.,57457.,0.0,0.,11164.,11158.0,0.,0.0,6244.,3.7,6249.0,3.6,0.0,0.0,0.,0.0,12946.0,12493.,3.6,0.03691,0.03775,-2.2,0.832,259,478.,483.,0.033,-0.014,0,2309210.,901629,901630, , ,2025-06-09 22:42:48,True,False,False,3.0444545549560065
2025-06-09,FHMRF,FHMRF,2025/06/09,22:42:51,CMA588,LFPGVHHH,390,-26,42 N,31.8,204.1,24.0,18612.4,83.025,-0.281,-1.2,-1.4,11304.0,58206.0,57509.,57453.,0.0,0.,11168.,11157.0,0.,0.0,6246.,3.6,6249.0,3.6,0.0,0.0,0.,0.0,12946.0,12495.,3.6,0.03691,0.03771,-2.1,0.832,259,478.,483.,0.034,-0.018,0,2309151.,901629,901630, , ,2025-06-09 22:42:51,True,False,False,3.044431127944224
2025-06-10,FHMRF,FHMRF,2025/06/10,02:07:46,CMA588,LFPGVHHH,410,-19,41 N,27.4,184.9,23.0,18616.5,83.920,-0.044,-0.2,-0.5,10081.0,57147.0,57029.,57039.,0.0,0.,10060.,10062.0,0.,0.0,5737.,3.4,5736.0,3.0,0.0,0.0,0.,0.0,11839.0,11473.,3.2,0.04085,0.04194,-2.6,0.831,247,484.,554.,0.007,-0.044,0,2300454.,901629,901630, , ,2025-06-10 02:07:46,True,False,False,3.044404693073578
2025-06-10,FHMRF,FHMRF,2025/06/10,02:35:17,CMA588,LFPGVHHH,411,-20,41 N,27.1,182.5,23.0,18616.5,83.420,-0.08,-0.4,-0.6,9888.0,56325.0,56115.,56124.,0.0,0.,9851.,9853.0,0.,0.0,5623.,3.2,5622.0,3.2,0.0,0.0,0.,0.0,11609.0,11245.,3.2,0.04168,0.04275,-2.5,0.833,247,484.,548.,-0.003,-0.012,0,2281446.,901629,901630, , ,2025-06-10 02:35:17,True,False,False,3.0443724298652923
2025-06-10,FHMRF,FHMRF,2025/06/10,02:38:17,CMA588,LFPGVHHH,411,-20,41 N,27.0,182.2,23.0,18616.5,83.470,-0.379,-1.7,-1.9,10057.0,57286.0,56304.,56314.,0.0,0.,9885.,9886.0,0.,0.0,5635.,3.4,5633.0,2.9,0.0,0.0,0.,0.0,11624.0,11268.,3.2,0.04157,0.04208,-1.2,0.832,247,483.,549.,0.016,-0.040,2,2278084.,901629,901630, , ,2025-06-10 02:38:17,True,False,False,3.0443316351321497
2025-06-10,FHMRF,FHMRF,2025/06/10,02:46:04,CMA588,LFPGVHHH,411,-20,41 N,27.0,181.5,23.0,18616.5,83.400,-0.205,-0.9,-1.2,9919.0,56502.0,55971.,55980.,0.0,0.,9826.,9828.0,0.,0.0,5609.,3.3,5608.0,2.8,0.0,0.0,0.,0.0,11558.0,11217.,3.0,0.04183,0.0426,-1.8,0.832,247,484.,552.,0.005,0.013,2,2269285.,901629,901630, , ,2025-06-10 02:46:04,True,False,False,3.044279732871681
2025-06-10,FHMRF,FHMRF,2025/06/10,03:17:15,CMA588,LFPGVHHH,411,-18,39 N,26.7,178.8,24.0,18616.5,83.380,0.065,0.3,-0.1,9675.0,55111.0,55246.,55255.,0.0,0.,9699.,9700.0,0.,0.0,5562.,3.4,5561.0,3.6,0.0,0.0,0.,0.0,11512.0,11123.,3.5,0.04209,0.04353,-3.3,0.831,246,485.,545.,-0.006,0.019,2,2235410.,901629,901630, , ,2025-06-10 03:17:15,True,False,False,3.044214283130374
2025-06-10,FHMRF,FHMRF,2025/06/10,03:20:15,CMA588,LFPGVHHH,411,-18,39 N,26.6,178.6,23.0,18616.5,83.320,-0.257,-1.0,-1.2,9741.0,55484.0,54935.,54944.,0.0,0.,9644.,9646.0,0.,0.0,5541.,2.8,5539.0,3.0,0.0,0.0,0.,0.0,11401.0,11080.,2.9,0.04255,0.04325,-1.6,0.831,246,485.,545.,0.002,-0.028,0,2232096.,901629,901630, , ,2025-06-10 03:20:15,True,False,False,3.0441329898598486
2025-06-10,FHMRF,FHMRF,2025/06/10,03:26:51,CMA588,LFPGVHHH,411,-19,39 N,26.6,178.0,23.0,18616.5,83.190,-0.004,-0.0,-0.3,9652.0,54979.0,54967.,54976.,0.0,0.,9650.,9652.0,0.,0.0,5532.,2.9,5531.0,3.3,0.0,0.0,0.,0.0,11407.0,11063.,3.1,0.04245,0.04363,-2.7,0.831,247,484.,545.,-0.005,0.023,0,2224782.,901629,901630, , ,2025-06-10 03:26:51,True,False,False,3.0440337077989748
2025-06-10,FHMRF,FHMRF,2025/06/10,03:57:13,CMA588,LFPGVHHH,411,-18,37 N,26.4,175.4,23.0,18621.5,83.050,-0.249,-1.0,-1.2,9659.0,55019.0,54486.,54495.,0.0,0.,9565.,9567.0,0.,0.0,5494.,2.9,5492.0,3.1,0.0,0.0,0.,0.0,11313.0,10986.,3.0,0.04285,0.0436,-1.7,0.831,246,485.,529.,0.006,-0.017,0,2192605.,901629,901630, , ,2025-06-10 03:57:13,True,False,False,3.043914448427431
2025-06-10,FHMRF,FHMRF,2025/06/10,04:12:07,CMA588,LFPGVHHH,411,-17,36 N,26.3,174.1,23.0,18617.5,82.620,-0.126,-0.5,-0.8,9391.0,53491.0,53220.,53229.,0.0,0.,9343.,9345.0,0.,0.0,5399.,2.6,5398.0,2.7,0.0,0.0,0.,0.0,11082.0,10797.,2.6,0.04393,0.04475,-1.8,0.833,247,487.,530.,-0.019,-0.010,0,2176370.,901629,901630, , ,2025-06-10 04:12:07,True,False,False,3.0437733850457356
2025-06-10,FHMRF,FHMRF,2025/06/10,04:15:36,CMA588,LFPGVHHH,411,-17,36 N,26.3,173.8,23.0,18617.5,82.980,-0.065,-0.3,-0.5,9500.0,54113.0,53971.,53980.,0.0,0.,9475.,9477.0,0.,0.0,5458.,2.6,5457.0,3.1,0.0,0.0,0.,0.0,11225.0,10915.,2.8,0.04323,0.04421,-2.2,0.83,246,485.,526.,-0.003,0.003,0,2172553.,901629,901630, , ,2025-06-10 04:15:36,True,False,False,3.0436088570414688
2025-06-10,FHMRF,FHMRF,2025/06/10,04:29:36,CMA588,LFPGVHHH,411,-16,35 N,26.2,172.7,23.0,18617.5,82.740,-0.211,-0.8,-1.1,9415.0,53629.0,53179.,53188.,0.0,0.,9336.,9337.0,0.,0.0,5403.,2.7,5401.0,2.9,0.0,0.0,0.,0.0,11105.0,10804.,2.8,0.04386,0.04461,-1.7,0.832,247,487.,525.,-0.01,0.002,0,2157643.,901629,901630, , ,2025-06-10 04:29:36,True,False,False,3.0434193733984465
2025-06-10,FHMRF,FHMRF,2025/06/10,04:32:36,CMA588,LFPGVHHH,411,-16,35 N,26.2,172.4,23.0,18617.5,82.940,-0.143,-0.6,-0.8,9462.0,53897.0,53590.,53599.,0.0,0.,9408.,9410.0,0.,0.0,5437.,2.5,5436.0,3.0,0.0,0.0,0.,0.0,11175.0,10873.,2.8,0.04354,0.04438,-1.9,0.831,246,487.,525.,-0.003,0.007,0,2154440.,901629,901630, , ,2025-06-10 04:32:36,True,False,False,3.0432036154938826
2025-06-10,FHMRF,FHMRF,2025/06/10,04:37:24,CMA588,LFPGVHHH,411,-16,35 N,26.2,172.0,23.0,18617.5,83.220,-0.272,-1.0,-1.3,9583.0,54588.0,54011.,54020.,0.0,0.,9482.,9483.0,0.,0.0,5475.,2.5,5474.0,2.9,0.0,0.0,0.,0.0,11242.0,10949.,2.7,0.04323,0.04382,-1.4,0.829,246,486.,525.,0.013,0.011,0,2149289.,901629,901630, , ,2025-06-10 04:37:24,True,False,False,3.042960439209649
2025-06-10,FHMRF,FHMRF,2025/06/10,04:40:24,CMA588,LFPGVHHH,411,-16,34 N,26.1,171.7,23.0,18617.5,83.180,-0.471,-1.8,-1.9,9630.0,54852.0,53855.,53864.,0.0,0.,9455.,9456.0,0.,0.0,5464.,2.8,5462.0,3.1,0.0,0.0,0.,0.0,11250.0,10926.,3.0,0.04321,0.04363,-1.0,0.829,246,486.,528.,0.019,-0.008,2,2145994.,901629,901630, , ,2025-06-10 04:40:24,True,False,False,3.042688876361147
2025-06-10,FHMRF,FHMRF,2025/06/10,05:53:03,CMA588,LFPGVHHH,411,-21,26 N,25.9,165.7,24.0,18618.6,81.050,-0.016,-0.1,-0.4,8986.0,51184.0,51141.,51150.,0.0,0.,8978.,8980.0,0.,0.0,5153.,2.3,5152.0,3.0,0.0,0.0,0.,0.0,10582.0,10305.,2.7,0.04554,0.04658,-2.3,0.831,246,482.,502.,-0.026,0.015,0,2070528.,901629,901630, , ,2025-06-10 05:53:03,True,False,False,3.0423881354242828
2025-06-11,FHMRF,FHMRF,2025/06/11,01:22:37,CMA589,UBBBLFPG,340,-17,45 N,24.5,262.9,24.0,18616.0,83.820,-0.374,-1.6,-1.8,14036.0,56886.0,55946.,55949.,0.0,0.,13804.,13804.0,0.,0.0,7789.,3.1,7789.0,3.5,0.0,0.0,0.,0.0,16093.0,15578.,3.3,0.03001,0.03046,-1.5,0.826,288,483.,461.,-0.001,0.008,0,2354553.,901629,901630, , ,2025-06-11 01:22:37,True,False,False,3.042057601519185
2025-06-11,FHMRF,FHMRF,2025/06/11,01:43:42,CMA589,UBBBLFPG,340,-16,45 N,24.5,260.3,24.0,18614.9,83.830,-0.663,-2.9,-2.9,14080.0,57064.0,55418.,55414.,0.0,0.,13673.,13672.0,0.,0.0,7746.,3.8,7747.0,3.3,0.0,0.0,0.,0.0,16044.0,15493.,3.6,0.03019,0.03035,-0.5,0.826,288,484.,472.,0.011,-0.009,0,2331626.,901629,901630, , ,2025-06-11 01:43:42,True,False,False,3.041696835590062
2025-06-11,FHMRF,FHMRF,2025/06/11,08:02:10,CMA628,LFPGZSPD,370,-23,46 N,33.6,224.7,28.0,18617.0,82.690,-0.297,-1.3,-1.4,12003.0,56141.0,55385.,55389.,0.0,0.,11841.,11842.0,0.,0.0,6676.,3.0,6675.0,3.4,0.0,0.0,0.,0.0,13779.0,13351.,3.2,0.03489,0.0355,-1.7,0.832,271,481.,511.,0.006,-0.015,0,2310026.,901629,901630, , ,2025-06-11 08:02:10,True,False,False,3.041305572707459
2025-06-12,FHMRF,FHMRF,2025/06/12,11:43:35,CMA629,UBBBLFPG,340,-16,42 N,29.3,262.1,28.0,18601.1,83.830,-0.217,-1.0,-1.1,13840.0,56093.0,55567.,55529.,0.0,0.,13710.,13701.0,0.,0.0,7801.,3.1,7810.0,3.0,0.0,0.0,0.,0.0,16088.0,15611.,3.1,0.03032,0.0309,-1.9,0.833,291,488.,458.,-0.01,0.014,0,2347751.,901629,901630, , ,2025-06-12 11:43:35,True,False,False,3.0408837194168292
2025-06-12,FHMRF,FHMRF,2025/06/12,21:02:34,CMA574,LFPGVHHH,370,-23,45 N,34.3,234.6,28.0,18605.3,83.540,-0.044,-0.2,-0.4,12310.0,57579.0,57468.,57468.,0.0,0.,12286.,12286.0,0.,0.0,6901.,3.8,6901.0,2.8,0.0,0.0,0.,0.0,14255.0,13802.,3.3,0.03374,0.0347,-2.8,0.832,272,481.,511.,-0.008,0.024,0,2411961.,901629,901630, , ,2025-06-12 21:02:34,True,False,False,3.0404313500680127
2025-06-12,FHMRF,FHMRF,2025/06/12,22:05:15,CMA574,LFPGVHHH,370,-23,43 N,34.0,227.9,24.0,18598.5,82.850,-0.323,-1.5,-1.6,12111.0,56648.0,55822.,55821.,0.0,0.,11935.,11934.0,0.,0.0,6716.,3.6,6716.0,3.4,0.0,0.0,0.,0.0,13901.0,13432.,3.5,0.03458,0.03523,-1.8,0.832,271,481.,512.,0.003,0.013,0,2341667.,901629,901630, , ,2025-06-12 22:05:15,True,False,False,3.0399487020794704
2025-06-12,FHMRF,FHMRF,2025/06/12,22:08:15,CMA574,LFPGVHHH,370,-23,43 N,33.9,227.6,24.0,18596.6,82.660,-0.231,-1.0,-1.1,11950.0,55894.0,55355.,55290.,0.0,0.,11835.,11821.0,0.,0.0,6672.,3.6,6685.0,3.1,0.0,0.0,0.,0.0,13809.0,13356.,3.4,0.03485,0.03563,-2.2,0.833,272,481.,512.,-0.009,-0.006,0,2338436.,901629,901630, , ,2025-06-12 22:08:15,True,False,False,3.0394361701121255
2025-06-12,FHMRF,FHMRF,2025/06/12,22:10:43,CMA574,LFPGVHHH,370,-23,43 N,33.8,227.3,24.0,18596.6,82.820,-0.177,-0.8,-0.9,11993.0,56094.0,55675.,55610.,0.0,0.,11903.,11889.0,0.,0.0,6705.,3.5,6718.0,3.3,0.0,0.0,0.,0.0,13880.0,13423.,3.4,0.03465,0.0355,-2.4,0.832,271,481.,511.,-0.004,0.000,0,2335786.,901629,901630, , ,2025-06-12 22:10:43,True,False,False,3.0388942991485357
2025-06-13,FHMRF,FHMRF,2025/06/13,00:09:06,CMA574,LFPGVHHH,370,-16,41 N,31.2,215.1,28.0,18602.9,82.590,-0.28,-1.1,-1.2,11433.0,53478.0,52922.,52860.,0.0,0.,11314.,11301.0,0.,0.0,6497.,3.2,6510.0,3.0,0.0,0.0,0.,0.0,13410.0,13007.,3.1,0.03628,0.03696,-1.9,0.831,271,486.,519.,-0.009,0.006,0,2208992.,901629,901630, , ,2025-06-13 00:09:06,True,False,False,3.03832377649689
2025-06-13,FHMRF,FHMRF,2025/06/13,00:22:55,CMA574,LFPGVHHH,370,-17,41 N,30.9,213.7,28.0,18602.9,82.760,-0.36,-1.4,-1.4,11619.0,54344.0,53621.,53558.,0.0,0.,11464.,11450.0,0.,0.0,6555.,2.9,6568.0,3.2,0.0,0.0,0.,0.0,13524.0,13123.,3.1,0.03586,0.03643,-1.5,0.83,270,485.,517.,0.012,-0.006,0,2194732.,901629,901630, , ,2025-06-13 00:22:55,True,False,False,3.0377254227670196
2025-06-13,FHMRF,FHMRF,2025/06/13,02:15:54,CMA574,LFPGVHHH,391,-15,41 N,29.6,202.3,24.0,18602.9,84.160,-0.432,-1.9,-1.9,10975.0,56788.0,55733.,55660.,0.0,0.,10771.,10757.0,0.,0.0,6210.,3.1,6223.0,2.8,0.0,0.0,0.,0.0,12800.0,12432.,3.0,0.03815,0.03852,-1.0,0.832,258,488.,543.,0.007,-0.018,0,2298545.,901629,901630, , ,2025-06-13 02:15:54,True,False,False,3.0371001818934515
2025-06-13,FHMRF,FHMRF,2025/06/13,02:32:53,CMA574,LFPGVHHH,391,-16,41 N,29.5,200.7,23.0,18602.9,83.830,-0.312,-1.4,-1.5,10878.0,56284.0,55528.,55456.,0.0,0.,10732.,10718.0,0.,0.0,6166.,3.2,6179.0,2.6,0.0,0.0,0.,0.0,12707.0,12346.,2.9,0.03832,0.03886,-1.4,0.832,258,487.,552.,0.006,-0.011,0,2279409.,901629,901630, , ,2025-06-13 02:32:53,True,False,False,3.0364491103028124
2025-06-13,FHMRF,FHMRF,2025/06/13,02:35:53,CMA574,LFPGVHHH,391,-16,41 N,29.5,200.4,23.0,18603.6,83.690,-0.386,-1.7,-1.7,10852.0,56152.0,55251.,55178.,0.0,0.,10678.,10664.0,0.,0.0,6137.,3.1,6150.0,3.3,0.0,0.0,0.,0.0,12684.0,12286.,3.2,0.03838,0.03895,-1.5,0.832,258,487.,553.,0.005,-0.009,0,2276095.,901629,901630, , ,2025-06-13 02:35:53,True,False,False,3.035773365336631
2025-06-13,FHMRF,FHMRF,2025/06/13,02:38:54,CMA574,LFPGVHHH,391,-16,41 N,29.5,200.1,23.0,18602.9,83.800,-0.305,-1.4,-1.4,10844.0,56106.0,55384.,55311.,0.0,0.,10704.,10690.0,0.,0.0,6151.,2.9,6164.0,2.8,0.0,0.0,0.,0.0,12667.0,12314.,2.9,0.03841,0.03895,-1.4,0.831,258,487.,554.,0.006,0.013,0,2272786.,901629,901630, , ,2025-06-13 02:38:54,True,False,False,3.0350741930462277
2025-06-13,FHMRF,FHMRF,2025/06/13,02:41:54,CMA574,LFPGVHHH,391,-16,40 N,29.4,199.8,23.0,18602.9,83.790,-0.405,-1.8,-1.8,10894.0,56369.0,55390.,55318.,0.0,0.,10705.,10691.0,0.,0.0,6150.,3.0,6163.0,3.2,0.0,0.0,0.,0.0,12694.0,12313.,3.1,0.03832,0.03879,-1.2,0.831,258,486.,555.,0.012,-0.005,2,2269418.,901629,901630, , ,2025-06-13 02:41:54,True,False,False,3.0343529154770073
2025-06-13,FHMRF,FHMRF,2025/06/13,02:44:54,CMA574,LFPGVHHH,391,-17,40 N,29.4,199.6,23.0,18602.9,83.570,-0.327,-1.4,-1.4,10783.0,55794.0,55076.,55004.,0.0,0.,10645.,10631.0,0.,0.0,6116.,3.4,6129.0,2.7,0.0,0.0,0.,0.0,12621.0,12245.,3.1,0.03856,0.03918,-1.6,0.832,258,487.,557.,0.003,-0.024,0,2266099.,901629,901630, , ,2025-06-13 02:44:54,True,False,False,3.0336109175584305
2025-06-13,FHMRF,FHMRF,2025/06/13,02:47:54,CMA574,LFPGVHHH,391,-17,40 N,29.4,199.3,23.0,18602.9,83.690,-0.593,-2.6,-2.6,10984.0,56834.0,55379.,55306.,0.0,0.,10703.,10689.0,0.,0.0,6141.,3.7,6154.0,3.4,0.0,0.0,0.,0.0,12730.0,12294.,3.5,0.03817,0.03851,-0.9,0.831,258,486.,558.,0.022,0.023,2,2262784.,901629,901630, , ,2025-06-13 02:47:54,True,False,False,3.032849633715485
2025-06-13,FHMRF,FHMRF,2025/06/13,02:57:24,CMA574,LFPGVHHH,391,-16,40 N,29.4,198.4,23.0,18602.9,83.750,-0.337,-1.4,-1.4,10781.0,55781.0,55046.,54974.,0.0,0.,10639.,10625.0,0.,0.0,6122.,2.8,6135.0,3.1,0.0,0.0,0.,0.0,12624.0,12258.,3.0,0.03855,0.03913,-1.5,0.83,258,487.,561.,0.009,-0.001,0,2252417.,901629,901630, , ,2025-06-13 02:57:24,True,False,False,3.0320705343191547
2025-06-13,FHMRF,FHMRF,2025/06/13,03:36:19,CMA574,LFPGVHHH,391,-15,37 N,29.2,194.7,23.0,18601.5,82.910,-0.164,-0.6,-0.8,10342.0,53512.0,53203.,53133.,0.0,0.,10282.,10269.0,0.,0.0,5944.,2.5,5956.0,2.8,0.0,0.0,0.,0.0,12215.0,11900.,2.6,0.0399,0.04064,-1.8,0.831,258,487.,563.,-0.017,-0.024,0,2210282.,901629,901630, , ,2025-06-13 03:36:19,True,False,False,3.031275112099068
2025-06-13,FHMRF,FHMRF,2025/06/13,04:42:18,CMA574,LFPGVHHH,391,-15,32 N,29.1,188.6,24.0,18600.7,82.810,-0.365,-1.4,-1.5,10369.0,53650.0,52920.,52851.,0.0,0.,10228.,10214.0,0.,0.0,5911.,2.4,5924.0,2.8,0.0,0.0,0.,0.0,12141.0,11835.,2.6,0.04007,0.0405,-1.1,0.829,258,487.,507.,0.006,0.013,0,2147420.,901629,901630, , ,2025-06-13 04:42:18,True,False,False,3.030464868650786
2025-06-16,FHMRF,FHMRF,2025/06/16,00:38:10,CMA590,LFPGVHHH,370,-13,41 N,33.2,226.7,28.0,18597.8,84.035,-0.59,-2.4,-2.4,12018.0,56211.0,54866.,54835.,0.0,0.,11730.,11723.0,0.,0.0,6767.,2.8,6767.0,3.0,0.0,0.0,0.,0.0,13931.0,13535.,2.9,0.03518,0.03533,-0.4,0.832,271,490.,580.,-0.003,-0.020,0,2326744.,901629,901630, , ,2025-06-16 00:38:10,True,False,False,3.0296413011769605
2025-06-16,FHMRF,FHMRF,2025/06/16,00:46:25,CMA590,LFPGVHHH,370,-13,41 N,33.1,225.8,28.0,18597.8,83.710,-0.305,-1.2,-1.3,11686.0,54662.0,53993.,54056.,0.0,0.,11543.,11557.0,0.,0.0,6695.,2.4,6682.0,2.6,0.0,0.0,0.,0.0,13714.0,13377.,2.5,0.03581,0.03624,-1.2,0.833,272,491.,577.,-0.026,-0.058,0,2317810.,901629,901630, , ,2025-06-16 00:46:25,True,False,False,3.0288058895976695
2025-06-16,FHMRF,FHMRF,2025/06/16,03:57:23,CMA590,LFPGVHHH,391,-16,39 N,31.2,206.1,23.0,18602.8,84.300,-0.309,-1.4,-1.5,11092.0,57391.0,56571.,56645.,0.0,0.,10933.,10948.0,0.,0.0,6284.,3.1,6271.0,3.2,0.0,0.0,0.,0.0,12952.0,12554.,3.2,0.03757,0.03819,-1.6,0.831,258,487.,551.,0.006,-0.037,0,2340139.,901629,901630, , ,2025-06-16 03:57:23,True,False,False,3.0279600841480634
2025-06-16,FHMRF,FHMRF,2025/06/16,04:11:38,CMA590,LFPGVHHH,391,-17,38 N,31.1,204.7,23.0,18602.8,83.750,-0.302,-1.4,-1.5,10862.0,56203.0,55400.,55472.,0.0,0.,10707.,10721.0,0.,0.0,6161.,3.2,6148.0,3.4,0.0,0.0,0.,0.0,12713.0,12309.,3.3,0.03828,0.03895,-1.7,0.832,259,487.,546.,-0.01,0.017,0,2324682.,901629,901630, , ,2025-06-16 04:11:38,True,False,False,3.0271052935569283
2025-06-16,FHMRF,FHMRF,2025/06/16,04:29:02,CMA590,LFPGVHHH,391,-16,37 N,31.1,203.0,24.0,18602.8,84.080,-0.226,-1.0,-1.2,10952.0,56668.0,56059.,56132.,0.0,0.,10834.,10849.0,0.,0.0,6230.,2.8,6217.0,3.5,0.0,0.0,0.,0.0,12834.0,12448.,3.1,0.03791,0.03863,-1.9,0.831,258,486.,545.,0.006,-0.012,0,2305298.,901629,901630, , ,2025-06-16 04:29:02,True,False,False,3.0262428738766554
2025-06-16,FHMRF,FHMRF,2025/06/16,04:35:11,CMA590,LFPGVHHH,391,-16,36 N,31.1,202.4,23.0,18602.8,83.900,-0.343,-1.5,-1.6,10883.0,56312.0,55407.,55479.,0.0,0.,10708.,10722.0,0.,0.0,6175.,3.3,6162.0,3.3,0.0,0.0,0.,0.0,12744.0,12337.,3.3,0.03825,0.03887,-1.6,0.832,258,487.,549.,0.001,0.005,0,2298274.,901629,901630, , ,2025-06-16 04:35:11,True,False,False,3.0253741180208467
2025-06-17,FHMRF,FHMRF,2025/06/17,22:36:14,CMA572,LFPGVHHH,370,-23,42 N,33.9,226.4,31.0,18601.7,82.730,-0.373,-1.7,-1.6,12101.0,56602.0,55649.,55649.,0.0,0.,11897.,11897.0,0.,0.0,6720.,3.7,6720.0,3.2,0.0,0.0,0.,0.0,13898.0,13439.,3.4,0.03455,0.03515,-1.7,0.832,271,480.,496.,0.008,-0.004,0,2326495.,901629,901630, , ,2025-06-17 22:36:14,True,False,False,3.024500246064049
2025-06-17,FHMRF,FHMRF,2025/06/17,23:52:22,CMA572,LFPGVHHH,370,-10,41 N,32.4,218.3,30.0,18609.0,84.010,-0.111,-0.4,-0.5,11510.0,53834.0,53604.,53604.,0.0,0.,11461.,11461.0,0.,0.0,6695.,3.0,6695.0,2.7,0.0,0.0,0.,0.0,13772.0,13390.,2.9,0.03573,0.03658,-2.3,0.83,271,492.,619.,-0.013,0.039,2,2239308.,901629,901630, , ,2025-06-17 23:52:22,True,False,False,3.023622396367358
2025-06-18,FHMRF,FHMRF,2025/06/18,00:14:21,CMA572,LFPGVHHH,370,-10,41 N,32.0,216.0,30.0,18609.6,83.610,-0.215,-0.8,-0.8,11397.0,53308.0,52864.,52864.,0.0,0.,11302.,11302.0,0.,0.0,6602.,2.1,6602.0,2.3,0.0,0.0,0.,0.0,13496.0,13204.,2.2,0.03641,0.03689,-1.3,0.829,270,491.,604.,-0.014,0.025,0,2216458.,901629,901630, , ,2025-06-18 00:14:21,True,False,False,3.02274161760906
2025-06-18,FHMRF,FHMRF,2025/06/18,01:09:17,CMA572,LFPGVHHH,370,-10,41 N,31.3,210.4,29.0,18609.5,83.250,-0.149,-0.6,-0.6,11213.0,52449.0,52142.,52142.,0.0,0.,11148.,11148.0,0.,0.0,6515.,2.5,6515.0,2.2,0.0,0.0,0.,0.0,13337.0,13030.,2.4,0.03679,0.03743,-1.7,0.828,270,491.,574.,-0.011,-0.024,0,2159740.,901629,901630, , ,2025-06-18 01:09:17,True,False,False,3.02185886181387
2025-06-18,FHMRF,FHMRF,2025/06/18,02:54:18,CMA572,LFPGVHHH,391,-12,39 N,30.6,199.9,24.0,18608.5,84.635,-0.422,-1.9,-1.8,10976.0,56791.0,55718.,55743.,0.0,0.,10769.,10773.0,0.,0.0,6265.,2.7,6267.0,2.6,0.0,0.0,0.,0.0,12865.0,12532.,2.7,0.03807,0.03838,-0.8,0.83,258,490.,549.,0.019,0.030,0,2270170.,901629,901630, , ,2025-06-18 02:54:18,True,False,False,3.020974978478066
2025-06-19,FHMRF,FHMRF,2025/06/19,00:35:16,CMA573,UBBBLFPG,340,-16,42 N,26.0,270.3,28.0,18604.2,84.700,-0.205,-0.9,-1.0,14426.0,58469.0,57953.,57953.,0.0,0.,14299.,14299.0,0.,0.0,8102.,3.3,8102.0,3.1,0.0,0.0,0.,0.0,16719.0,16205.,3.2,0.02915,0.02976,-2.1,0.833,291,487.,492.,-0.007,0.004,0,2421461.,901629,901630, , ,2025-06-19 00:35:16,True,False,False,3.020090709872417
2025-06-19,FHMRF,FHMRF,2025/06/19,01:27:07,CMA573,UBBBLFPG,340,-16,44 N,25.8,263.7,28.0,18606.2,83.930,-0.26,-1.2,-1.3,13982.0,56671.0,56019.,56015.,0.0,0.,13821.,13820.0,0.,0.0,7843.,3.3,7844.0,3.2,0.0,0.0,0.,0.0,16195.0,15687.,3.2,0.03006,0.03063,-1.9,0.832,290,487.,515.,-0.01,-0.017,0,2362002.,901629,901630, , ,2025-06-19 01:27:07,True,False,False,3.019206687572711
2025-06-19,FHMRF,FHMRF,2025/06/19,01:40:35,CMA573,UBBBLFPG,340,-16,44 N,25.7,262.1,28.0,18607.0,84.370,-0.356,-1.5,-1.7,14266.0,57818.0,56929.,56925.,0.0,0.,14046.,14045.0,0.,0.0,7959.,3.8,7959.0,2.8,0.0,0.0,0.,0.0,16437.0,15918.,3.3,0.02958,0.03003,-1.5,0.83,290,486.,517.,0.016,0.021,0,2347331.,901629,901630, , ,2025-06-19 01:40:35,True,False,False,3.018323430233133
2025-06-19,FHMRF,FHMRF,2025/06/19,10:07:18,CMA632,LFPGZSPD,370,-20,42 N,34.7,241.1,24.0,18596.6,85.240,0.081,0.4,0.1,12962.0,60626.0,60854.,60834.,0.0,0.,13011.,13006.0,0.,0.0,7313.,3.1,7317.0,2.7,0.0,0.0,0.,0.0,15051.0,14630.,2.9,0.03208,0.03303,-2.9,0.831,271,483.,505.,0.015,0.048,0,2477816.,901629,901630, , ,2025-06-19 10:07:18,True,False,False,3.0174413425959887
2025-06-19,FHMRF,FHMRF,2025/06/19,12:21:59,CMA632,LFPGZSPD,370,-10,43 N,31.7,226.1,28.0,18600.6,85.010,-0.124,-0.5,-0.7,12019.0,56213.0,55914.,55895.,0.0,0.,11955.,11951.0,0.,0.0,6924.,2.9,6928.0,2.8,0.0,0.0,0.,0.0,14243.0,13851.,2.8,0.03454,0.03525,-2.0,0.83,271,492.,593.,-0.002,-0.012,0,2321877.,901629,901630, , ,2025-06-19 12:21:59,True,False,False,3.0165607157269227
2025-06-20,FHMRF,FHMRF,2025/06/20,11:25:49,CMA633,UBBBLFPG,340,-16,42 N,30.6,280.6,28.0,18617.7,86.050,-0.05,-0.2,-0.4,15081.0,61127.0,61000.,60989.,0.0,0.,15050.,15047.0,0.,0.0,8499.,2.9,8502.0,3.4,0.0,0.0,0.,0.0,17543.0,17001.,3.2,0.02777,0.02853,-2.7,0.831,290,487.,476.,0.006,0.001,0,2513885.,901629,901630, , ,2025-06-20 11:25:49,True,False,False,3.015681728471263
2025-06-20,FHMRF,FHMRF,2025/06/20,12:48:27,CMA633,UBBBLFPG,340,-16,45 N,30.4,270.1,24.0,18615.8,84.550,-0.382,-1.6,-1.8,14395.0,58344.0,57379.,57389.,0.0,0.,14157.,14160.0,0.,0.0,8034.,3.1,8032.0,3.1,0.0,0.0,0.,0.0,16564.0,16066.,3.1,0.02948,0.02986,-1.3,0.834,291,488.,454.,-0.001,0.007,0,2419238.,901629,901630, , ,2025-06-20 12:48:27,True,False,False,3.0148044501341547
2025-06-20,FHMRF,FHMRF,2025/06/20,23:53:57,CMA582,LFPGVHHH,370,-7,41 N,32.4,222.2,28.0,18601.6,85.070,-0.328,-1.3,-1.4,11878.0,55559.0,54834.,54894.,0.0,0.,11723.,11736.0,0.,0.0,6867.,2.8,6854.0,2.8,0.0,0.0,0.,0.0,14106.0,13721.,2.8,0.03509,0.03558,-1.4,0.83,271,495.,589.,0.001,0.002,0,2280575.,901629,901630, , ,2025-06-20 23:53:57,True,False,False,3.0139288443896217
2025-06-21,FHMRF,FHMRF,2025/06/21,00:17:50,CMA582,LFPGVHHH,370,-7,41 N,32.0,219.7,28.0,18601.6,84.480,-0.161,-0.6,-0.8,11596.0,54237.0,53877.,53936.,0.0,0.,11519.,11531.0,0.,0.0,6746.,2.8,6734.0,2.4,0.0,0.0,0.,0.0,13828.0,13479.,2.6,0.03574,0.03638,-1.8,0.83,271,494.,587.,-0.012,-0.006,0,2254618.,901629,901630, , ,2025-06-21 00:17:50,True,False,False,3.0130547744231344
2025-06-21,FHMRF,FHMRF,2025/06/21,00:20:50,CMA582,LFPGVHHH,370,-8,41 N,32.0,219.3,28.0,18601.6,84.520,-0.263,-1.0,-1.1,11663.0,54551.0,53980.,54039.,0.0,0.,11541.,11553.0,0.,0.0,6752.,2.7,6740.0,2.9,0.0,0.0,0.,0.0,13866.0,13492.,2.8,0.0356,0.03618,-1.6,0.829,270,494.,586.,-0.005,-0.006,0,2251427.,901629,901630, , ,2025-06-21 00:20:50,True,False,False,3.012182009310627
2025-06-21,FHMRF,FHMRF,2025/06/21,00:24:29,CMA582,LFPGVHHH,370,-8,41 N,31.9,219.0,28.0,18601.6,84.700,-0.401,-1.5,-1.6,11816.0,55266.0,54410.,54470.,0.0,0.,11633.,11645.0,0.,0.0,6798.,3.0,6786.0,2.7,0.0,0.0,0.,0.0,13970.0,13584.,2.8,0.03532,0.03575,-1.2,0.829,270,493.,585.,0.009,-0.030,0,2247497.,901629,901630, , ,2025-06-21 00:24:29,True,False,False,3.011310231631464
2025-06-21,FHMRF,FHMRF,2025/06/21,00:29:30,CMA582,LFPGVHHH,370,-8,41 N,31.9,218.4,28.0,18601.6,84.565,-0.26,-1.0,-1.1,11710.0,54771.0,54194.,54274.,0.0,0.,11586.,11603.0,0.,0.0,6770.,2.5,6760.0,2.8,0.0,0.0,0.,0.0,13889.0,13530.,2.6,0.03551,0.03605,-1.5,0.829,270,493.,584.,0.002,-0.001,0,2242140.,901629,901630, , ,2025-06-21 00:29:30,True,False,False,3.0104390462998274
2025-06-21,FHMRF,FHMRF,2025/06/21,01:22:45,CMA582,LFPGVHHH,390,-13,41 N,31.2,212.9,22.0,18590.5,85.740,0.139,0.6,0.3,11365.0,58520.0,58837.,58908.,0.0,0.,11426.,11440.0,0.,0.0,6589.,2.9,6576.0,3.3,0.0,0.0,0.,0.0,13572.0,13165.,3.1,0.036,0.03723,-3.3,0.829,258,489.,556.,0.0,-0.035,0,2406228.,901629,901630, , ,2025-06-21 01:22:45,True,False,False,3.0095679905790966
2025-06-21,FHMRF,FHMRF,2025/06/21,02:00:22,CMA582,LFPGVHHH,391,-14,41 N,30.9,209.1,22.0,18602.0,85.375,-0.282,-1.2,-1.3,11420.0,59088.0,58353.,58399.,0.0,0.,11278.,11287.0,0.,0.0,6494.,2.8,6479.0,3.0,0.0,0.0,0.,0.0,13347.0,12973.,2.9,0.03658,0.03713,-1.5,0.83,258,488.,569.,0.02,-0.011,0,2374370.,901629,901630, , ,2025-06-21 02:00:22,True,False,False,3.0086965452212877
2025-06-21,FHMRF,FHMRF,2025/06/21,02:03:22,CMA582,LFPGVHHH,391,-14,41 N,30.9,208.8,22.0,18605.1,85.430,-0.219,-0.9,-1.1,11417.0,59071.0,58484.,58555.,0.0,0.,11304.,11317.0,0.,0.0,6506.,2.9,6494.0,2.8,0.0,0.0,0.,0.0,13370.0,13000.,2.8,0.03652,0.03714,-1.7,0.83,258,488.,573.,0.02,0.052,0,2370688.,901629,901630, , ,2025-06-21 02:03:22,True,False,False,3.007824146652602
2025-06-21,FHMRF,FHMRF,2025/06/21,02:29:37,CMA582,LFPGVHHH,391,-13,40 N,30.8,206.2,22.0,18604.5,84.480,-0.163,-0.7,-0.9,10855.0,56166.0,55721.,55790.,0.0,0.,10769.,10782.0,0.,0.0,6249.,3.0,6237.0,3.2,0.0,0.0,0.,0.0,12872.0,12487.,3.1,0.03812,0.03894,-2.1,0.833,259,491.,576.,-0.019,-0.006,0,2340954.,901629,901630, , ,2025-06-21 02:29:37,True,False,False,3.006950200109208
2025-06-21,FHMRF,FHMRF,2025/06/21,02:55:33,CMA582,LFPGVHHH,391,-10,38 N,30.7,203.6,22.0,18604.5,85.150,-0.167,-0.7,-0.9,10949.0,56649.0,56198.,56266.,0.0,0.,10862.,10875.0,0.,0.0,6325.,2.9,6313.0,3.1,0.0,0.0,0.,0.0,13018.0,12638.,3.0,0.03774,0.03852,-2.0,0.829,257,491.,565.,0.002,0.002,0,2312050.,901629,901630, , ,2025-06-21 02:55:33,True,False,False,3.006074093615103
2025-06-21,FHMRF,FHMRF,2025/06/21,03:06:17,CMA582,LFPGVHHH,391,-10,37 N,30.6,202.6,22.0,18604.5,84.680,-0.426,-1.8,-1.9,10861.0,56198.0,55149.,55217.,0.0,0.,10659.,10672.0,0.,0.0,6223.,2.7,6210.0,3.2,0.0,0.0,0.,0.0,12801.0,12433.,3.0,0.03845,0.03884,-1.0,0.831,258,492.,557.,-0.003,-0.009,0,2300457.,901629,901630, , ,2025-06-21 03:06:17,True,False,False,3.0051952126853605
2025-06-21,FHMRF,FHMRF,2025/06/21,18:04:07,CMA583,VHHHUBBB,320,-11,46 N,25.8,265.4,24.0,18611.1,83.460,-0.161,-0.6,-0.8,14502.0,53529.0,53201.,53192.,0.0,0.,14413.,14410.0,0.,0.0,8307.,2.5,8309.0,2.3,0.0,0.0,0.,0.0,17018.0,16616.,2.4,0.02903,0.02949,-1.6,0.836,305,494.,453.,0.005,0.028,0,2164851.,901629,901630, , ,2025-06-21 18:04:07,True,False,False,3.004312955632163
2025-06-22,FHMRF,FHMRF,2025/06/22,10:26:12,CMA626,LFOKZSPD,350,-19,46 N,32.6,254.6,28.0,18603.9,84.310,0.102,0.4,0.2,13559.0,57620.0,57878.,57878.,0.0,0.,13620.,13620.0,0.,0.0,7730.,2.9,7730.0,2.9,0.0,0.0,0.,0.0,15908.0,15460.,2.9,0.03067,0.03164,-3.1,0.838,286,488.,489.,-0.001,0.028,0,2378995.,901629,901630, , ,2025-06-22 10:26:12,True,False,False,3.0034267493465023
2025-06-22,FHMRF,FHMRF,2025/06/22,13:25:51,CMA626,LFOKZSPD,370,-8,42 N,32.8,233.3,28.0,18597.5,86.355,-0.041,-0.2,-0.3,12533.0,58620.0,58532.,58508.,0.0,0.,12514.,12509.0,0.,0.0,7297.,2.7,7294.0,2.8,0.0,0.0,0.,0.0,14990.0,14591.,2.7,0.03315,0.03395,-2.4,0.836,273,497.,599.,0.003,0.008,0,2395982.,901629,901630, , ,2025-06-22 13:25:51,True,False,False,3.002536065421528
2025-06-22,FHMRF,FHMRF,2025/06/22,13:27:40,CMA626,LFOKZSPD,370,-8,42 N,32.8,233.1,28.0,18597.5,86.390,0.167,0.7,0.5,12414.0,58066.0,58459.,58507.,0.0,0.,12498.,12509.0,0.,0.0,7295.,2.9,7285.0,2.3,0.0,0.0,0.,0.0,14961.0,14580.,2.6,0.03324,0.03426,-3.0,0.836,273,497.,599.,-0.005,-0.006,0,2394040.,901629,901630, , ,2025-06-22 13:27:40,True,False,False,3.0016404364700304
2025-06-22,FHMRF,FHMRF,2025/06/22,13:30:58,CMA626,LFOKZSPD,370,-7,43 N,32.7,232.7,28.0,18597.5,86.240,-0.038,-0.2,-0.4,12436.0,58170.0,58036.,58115.,0.0,0.,12408.,12425.0,0.,0.0,7249.,3.2,7233.0,3.0,0.0,0.0,0.,0.0,14932.0,14482.,3.1,0.03331,0.03422,-2.7,0.836,273,497.,596.,-0.002,-0.016,0,2390702.,901629,901630, , ,2025-06-22 13:30:58,True,False,False,3.000739472468187
2025-06-22,FHMRF,FHMRF,2025/06/22,13:45:55,CMA626,LFOKZSPD,370,-8,44 N,32.3,231.0,28.0,18601.5,86.190,-0.255,-1.1,-1.2,12528.0,58598.0,57924.,58003.,0.0,0.,12384.,12401.0,0.,0.0,7234.,3.0,7218.0,3.2,0.0,0.0,0.,0.0,14899.0,14452.,3.1,0.03338,0.034,-1.8,0.836,273,497.,611.,0.011,-0.010,0,2372705.,901629,901630, , ,2025-06-22 13:45:55,True,False,False,2.9998328769342657
2025-06-22,FHMRF,FHMRF,2025/06/22,13:48:55,CMA626,LFOKZSPD,370,-7,44 N,32.3,230.7,28.0,18601.5,86.280,0.085,0.4,0.1,12391.0,57959.0,58132.,58211.,0.0,0.,12428.,12445.0,0.,0.0,7259.,2.7,7242.0,2.7,0.0,0.0,0.,0.0,14898.0,14501.,2.7,0.03338,0.03434,-2.8,0.836,273,497.,612.,0.002,-0.017,2,2369252.,901629,901630, , ,2025-06-22 13:48:55,True,False,False,2.998920462729389
2025-06-22,FHMRF,FHMRF,2025/06/22,19:06:24,CMA626,LFOKZSPD,371,-19,40 N,29.4,197.8,25.0,18602.9,82.210,0.17,0.7,0.4,11265.0,52940.0,53267.,53342.,0.0,0.,11334.,11350.0,0.,0.0,6515.,3.2,6500.0,2.4,0.0,0.0,0.,0.0,13378.0,13016.,2.8,0.0366,0.03777,-3.1,0.843,275,490.,510.,0.011,0.012,0,2042282.,901629,901630, , ,2025-06-22 19:06:24,True,False,False,2.9980021672513852
2025-06-23,FHMRF,FHMRF,2025/06/23,06:48:11,CMA627,ZSPDUBBB,340,0,44 N,29.4,272.3,22.0,18600.3,87.915,-0.058,-0.2,-0.4,14642.0,59346.0,59158.,59255.,0.0,0.,14596.,14619.0,0.,0.0,8589.,3.6,8574.0,3.8,0.0,0.0,0.,0.0,17800.0,17163.,3.7,0.02825,0.02917,-3.2,0.833,291,503.,412.,0.001,-0.006,0,2438414.,901629,901630, , ,2025-06-23 06:48:11,True,False,False,2.997078066782813
2025-06-23,FHMRF,FHMRF,2025/06/23,06:56:02,CMA627,ZSPDUBBB,340,0,43 N,29.4,271.2,22.0,18600.9,88.120,0.004,0.0,-0.2,14708.0,59609.0,59620.,59620.,0.0,0.,14710.,14710.0,0.,0.0,8634.,3.7,8634.0,3.7,0.0,0.0,0.,0.0,17900.0,17269.,3.7,0.02811,0.02906,-3.3,0.833,291,503.,408.,0.008,0.030,0,2429156.,901629,901630, , ,2025-06-23 06:56:02,True,False,False,2.9961483897483716
2025-06-23,FHMRF,FHMRF,2025/06/23,07:50:28,CMA627,ZSPDUBBB,340,0,42 N,29.3,264.1,23.0,18601.4,87.240,-0.423,-1.8,-1.9,14454.0,58586.0,57555.,57555.,0.0,0.,14200.,14200.0,0.,0.0,8360.,3.6,8360.0,3.5,0.0,0.0,0.,0.0,17310.0,16720.,3.5,0.02909,0.02955,-1.6,0.834,291,503.,428.,0.017,-0.003,0,2365012.,901629,901630, , ,2025-06-23 07:50:28,True,False,False,2.9952135286364494
2025-06-23,FHMRF,FHMRF,2025/06/23,07:53:18,CMA627,ZSPDUBBB,340,0,41 N,29.3,263.7,23.0,18603.2,86.870,-0.327,-1.4,-1.5,14161.0,57392.0,56595.,56595.,0.0,0.,13964.,13964.0,0.,0.0,8234.,3.6,8234.0,3.9,0.0,0.0,0.,0.0,17089.0,16469.,3.8,0.02947,0.03011,-2.1,0.834,292,504.,430.,-0.001,-0.005,0,2361590.,901629,901630, , ,2025-06-23 07:53:18,True,False,False,2.994274050352074
2025-06-23,FHMRF,FHMRF,2025/06/23,07:58:45,CMA627,ZSPDUBBB,340,0,41 N,29.3,263.0,22.0,18599.9,86.890,-0.341,-1.4,-1.6,14202.0,57561.0,56729.,56729.,0.0,0.,13997.,13997.0,0.,0.0,8249.,3.3,8249.0,3.8,0.0,0.0,0.,0.0,17083.0,16499.,3.5,0.02947,0.03003,-1.9,0.834,291,503.,429.,0.004,-0.002,0,2355492.,901629,901630, , ,2025-06-23 07:58:45,True,False,False,2.993330704799665
2025-06-23,FHMRF,FHMRF,2025/06/23,08:19:51,CMA627,ZSPDUBBB,340,0,41 N,29.3,260.3,22.0,18603.1,86.680,-0.149,-0.6,-0.8,13937.0,56488.0,56125.,56125.,0.0,0.,13848.,13848.0,0.,0.0,8172.,3.7,8172.0,3.7,0.0,0.0,0.,0.0,16942.0,16344.,3.7,0.02973,0.03056,-2.7,0.834,291,504.,430.,-0.005,0.021,0,2331155.,901629,901630, , ,2025-06-23 08:19:51,True,False,False,2.9923844315406525
2025-06-24,FHMRF,FHMRF,2025/06/24,00:09:23,CMA588,LFPGVHHH,350,-1,41 N,33.5,246.6,28.0,18597.7,85.800,-0.372,-1.4,-1.5,13034.0,55393.0,54647.,54626.,0.0,0.,12859.,12854.0,0.,0.0,7581.,3.2,7586.0,3.2,0.0,0.0,0.,0.0,15654.0,15168.,3.2,0.03191,0.03245,-1.7,0.829,283,500.,596.,-0.003,-0.024,0,2300233.,901629,901630, , ,2025-06-24 00:09:23,True,False,False,2.991436364424952
2025-06-24,FHMRF,FHMRF,2025/06/24,01:08:03,CMA588,LFPGVHHH,370,-7,41 N,32.5,239.7,27.0,18602.7,86.675,-0.445,-1.9,-2.0,12841.0,60064.0,58957.,58908.,0.0,0.,12605.,12594.0,0.,0.0,7319.,3.1,7321.0,3.0,0.0,0.0,0.,0.0,15079.0,14640.,3.0,0.03279,0.03312,-1.0,0.83,271,494.,563.,0.007,0.005,0,2461604.,901629,901630, , ,2025-06-24 01:08:03,True,False,False,2.9904878341498904
2025-06-24,FHMRF,FHMRF,2025/06/24,01:47:08,CMA588,LFPGVHHH,370,-8,41 N,31.9,235.3,26.0,18602.7,86.390,-0.207,-0.9,-1.0,12606.0,58961.0,58460.,58436.,0.0,0.,12498.,12493.0,0.,0.0,7253.,3.2,7258.0,3.1,0.0,0.0,0.,0.0,14964.0,14510.,3.1,0.03301,0.0337,-2.0,0.83,271,494.,555.,0.006,0.011,0,2416508.,901629,901630, , ,2025-06-24 01:47:08,True,False,False,2.989540368750331
2025-06-24,FHMRF,FHMRF,2025/06/24,18:37:34,CMA589,VHHHUBBB,340,1,41 N,27.7,253.0,22.0,18550.4,86.065,-0.519,-2.0,-2.1,13762.0,55779.0,54655.,54682.,0.0,0.,13485.,13492.0,0.,0.0,8022.,3.1,8023.0,3.1,0.0,0.0,0.,0.0,16535.0,16044.,3.1,0.03058,0.03086,-0.9,0.837,293,506.,393.,0.001,0.016,0,2265679.,901629,901630, , ,2025-06-24 18:37:34,True,False,False,2.9885956920641745
2025-06-24,FHMRF,FHMRF,2025/06/24,18:43:06,CMA589,VHHHUBBB,340,1,41 N,27.7,252.3,22.0,18550.4,85.910,-0.635,-2.4,-2.4,13737.0,55677.0,54343.,54349.,0.0,0.,13407.,13409.0,0.,0.0,7980.,3.2,7978.0,3.1,0.0,0.0,0.,0.0,16459.0,15957.,3.1,0.03072,0.03092,-0.6,0.837,292,506.,395.,0.002,-0.025,0,2259604.,901629,901630, , ,2025-06-24 18:43:06,True,False,False,2.9876557202447467
2025-06-24,FHMRF,FHMRF,2025/06/24,18:52:40,CMA589,VHHHUBBB,340,1,41 N,27.7,251.2,22.0,18550.4,85.850,-0.269,-1.0,-1.2,13517.0,54784.0,54233.,54240.,0.0,0.,13381.,13383.0,0.,0.0,7959.,3.3,7958.0,3.2,0.0,0.0,0.,0.0,16437.0,15917.,3.3,0.03073,0.03136,-2.0,0.836,292,505.,395.,-0.008,-0.005,0,2248839.,901629,901630, , ,2025-06-24 18:52:40,True,False,False,2.986722556407835
2025-06-25,FHMRF,FHMRF,2025/06/25,09:40:22,CMA628,LFPGZSPD,310,-6,43 N,36.3,305.7,30.0,18603.1,85.690,-0.338,-1.5,-1.6,16141.0,56896.0,56061.,56064.,0.0,0.,15905.,15905.0,0.,0.0,9193.,3.6,9192.0,3.6,0.0,0.0,0.,0.0,19044.0,18386.,3.6,0.02604,0.02654,-1.9,0.83,310,496.,523.,0.006,0.048,0,2368564.,901629,901630, , ,2025-06-25 09:40:22,True,False,False,2.9857984835123608
2025-06-25,FHMRF,FHMRF,2025/06/25,09:44:27,CMA628,LFPGZSPD,310,-6,43 N,36.4,305.1,30.0,18603.1,85.850,-0.113,-0.5,-0.5,16057.0,56601.0,56325.,56325.,0.0,0.,15979.,15979.0,0.,0.0,9279.,3.3,9279.0,4.4,0.0,0.0,0.,0.0,19275.0,18558.,3.9,0.02573,0.02658,-3.2,0.83,310,496.,525.,0.004,0.002,0,2364008.,901629,901630, , ,2025-06-25 09:44:27,True,False,False,2.9848859555864995
2025-06-26,FHMRF,FHMRF,2025/06/26,23:41:53,CMA574,LFPGVHHH,370,-8,41 N,31.9,215.8,28.0,18600.6,84.250,-0.363,-1.4,-1.4,11590.0,54210.0,53494.,53432.,0.0,0.,11437.,11424.0,0.,0.0,6681.,2.6,6694.0,3.0,0.0,0.0,0.,0.0,13752.0,13375.,2.8,0.03585,0.03633,-1.3,0.828,270,493.,597.,0.001,0.068,2,2214988.,901629,901630, , ,2025-06-26 23:41:53,True,False,False,2.9839875874313413
2025-06-26,FHMRF,FHMRF,2025/06/26,23:47:02,CMA574,LFPGVHHH,370,-8,41 N,31.8,215.3,28.0,18600.6,84.135,-0.435,-1.7,-1.7,11568.0,54107.0,53234.,53192.,0.0,0.,11381.,11372.0,0.,0.0,6652.,2.5,6667.0,3.1,0.0,0.0,0.,0.0,13692.0,13319.,2.8,0.03601,0.0364,-1.1,0.828,270,493.,598.,0.002,0.002,0,2209455.,901629,901630, , ,2025-06-26 23:47:02,True,False,False,2.9831061429651964
2025-06-26,FHMRF,FHMRF,2025/06/26,23:50:02,CMA574,LFPGVHHH,370,-8,41 N,31.7,215.0,28.0,18600.6,84.220,-0.213,-0.8,-0.9,11506.0,53820.0,53412.,53350.,0.0,0.,11419.,11406.0,0.,0.0,6672.,2.8,6685.0,2.9,0.0,0.0,0.,0.0,13734.0,13357.,2.8,0.0359,0.03657,-1.8,0.828,270,493.,597.,-0.002,-0.002,1,2206272.,901629,901630, , ,2025-06-26 23:50:02,True,False,False,2.982244522408944
2025-06-26,FHMRF,FHMRF,2025/06/26,23:53:02,CMA574,LFPGVHHH,370,-8,41 N,31.7,214.7,28.0,18600.6,84.065,-0.481,-1.8,-1.8,11559.0,54065.0,53117.,53034.,0.0,0.,11357.,11339.0,0.,0.0,6638.,2.7,6649.0,2.6,0.0,0.0,0.,0.0,13638.0,13287.,2.6,0.03615,0.03642,-0.7,0.828,270,493.,598.,0.003,0.009,1,2202976.,901629,901630, , ,2025-06-26 23:53:02,True,False,False,2.9814057485439327
2025-06-26,FHMRF,FHMRF,2025/06/26,23:56:02,CMA574,LFPGVHHH,370,-8,41 N,31.6,214.4,28.0,18600.6,84.200,-0.145,-0.6,-0.7,11474.0,53667.0,53401.,53339.,0.0,0.,11417.,11403.0,0.,0.0,6670.,2.7,6682.0,2.0,0.0,0.0,0.,0.0,13672.0,13352.,2.4,0.03606,0.03667,-1.7,0.828,270,493.,598.,-0.003,0.008,0,2199901.,901629,901630, , ,2025-06-26 23:56:02,True,False,False,2.9805929522873535
2025-06-26,FHMRF,FHMRF,2025/06/26,23:59:02,CMA574,LFPGVHHH,370,-8,41 N,31.6,214.1,28.0,18600.6,84.150,-0.284,-1.1,-1.2,11506.0,53818.0,53265.,53203.,0.0,0.,11388.,11375.0,0.,0.0,6656.,2.5,6669.0,2.8,0.0,0.0,0.,0.0,13680.0,13324.,2.7,0.03604,0.03657,-1.5,0.828,270,493.,597.,0.001,-0.019,0,2196723.,901629,901630, , ,2025-06-26 23:59:02,True,False,False,2.979809357823821
2025-06-27,FHMRF,FHMRF,2025/06/27,00:04:52,CMA574,LFPGVHHH,370,-8,41 N,31.5,213.5,28.0,18600.6,83.915,-0.391,-1.5,-1.5,11450.0,53555.0,52771.,52730.,0.0,0.,11282.,11273.0,0.,0.0,6600.,2.7,6615.0,2.3,0.0,0.0,0.,0.0,13549.0,13214.,2.5,0.03639,0.03674,-0.9,0.828,270,493.,596.,-0.002,-0.011,2,2190713.,901629,901630, , ,2025-06-27 00:04:52,True,False,False,2.9790582675111787
2025-06-27,FHMRF,FHMRF,2025/06/27,00:07:52,CMA574,LFPGVHHH,370,-8,41 N,31.4,213.2,28.0,18600.6,84.065,-0.356,-1.4,-1.4,11506.0,53815.0,53104.,53063.,0.0,0.,11354.,11345.0,0.,0.0,6632.,2.5,6648.0,2.6,0.0,0.0,0.,0.0,13619.0,13280.,2.6,0.03616,0.03656,-1.1,0.827,270,492.,596.,0.004,0.013,2,2187446.,901629,901630, , ,2025-06-27 00:07:52,True,False,False,2.978343046748758
2025-06-27,FHMRF,FHMRF,2025/06/27,00:11:27,CMA574,LFPGVHHH,370,-8,41 N,31.4,212.8,28.0,18600.6,83.580,-0.428,-1.7,-1.7,11333.0,53011.0,52159.,52099.,0.0,0.,11151.,11138.0,0.,0.0,6531.,2.3,6544.0,2.0,0.0,0.0,0.,0.0,13361.0,13075.,2.2,0.03693,0.0371,-0.5,0.829,270,493.,595.,-0.01,-0.030,0,2183844.,901629,901630, , ,2025-06-27 00:11:27,True,False,False,2.9776671089615574
2025-06-27,FHMRF,FHMRF,2025/06/27,00:25:37,CMA574,LFPGVHHH,390,-12,41 N,31.2,211.3,27.0,18600.6,85.170,-0.371,-1.6,-1.7,11296.0,58163.0,57266.,57192.,0.0,0.,11122.,11107.0,0.,0.0,6429.,2.9,6443.0,2.6,0.0,0.0,0.,0.0,13226.0,12872.,2.7,0.03706,0.03745,-1.0,0.831,259,490.,584.,0.0,-0.054,0,2387130.,901629,901630, , ,2025-06-27 00:25:37,True,False,False,2.977033900816758
2025-06-27,FHMRF,FHMRF,2025/06/27,00:28:37,CMA574,LFPGVHHH,390,-13,41 N,31.2,211.0,27.0,18600.6,85.070,-0.4,-1.7,-1.8,11284.0,58104.0,57134.,57060.,0.0,0.,11095.,11081.0,0.,0.0,6411.,2.7,6425.0,2.7,0.0,0.0,0.,0.0,13182.0,12836.,2.7,0.03716,0.03749,-0.9,0.831,259,490.,584.,-0.001,0.021,0,2383868.,901629,901630, , ,2025-06-27 00:28:37,True,False,False,2.97644688774996
2025-06-27,FHMRF,FHMRF,2025/06/27,00:32:10,CMA574,LFPGVHHH,390,-13,41 N,31.1,210.6,27.0,18600.6,85.160,-0.206,-0.9,-1.0,11214.0,57747.0,57266.,57192.,0.0,0.,11121.,11107.0,0.,0.0,6424.,3.0,6438.0,2.8,0.0,0.0,0.,0.0,13236.0,12862.,2.9,0.03698,0.03768,-1.8,0.83,258,490.,583.,-0.004,0.010,0,2379866.,901629,901630, , ,2025-06-27 00:32:10,True,False,False,2.9759095398375703
2025-07-31,FHMRF,FHMRF,2025/07/31,10:27:03,CMA632,LFPGZSPD,370,-7,42 N,31.3,240.0,23.0,18618.7,87.020,-0.148,-0.6,-0.8,12814.0,59938.0,59526.,59575.,0.0,0.,12726.,12737.0,0.,0.0,7399.,3.0,7389.0,3.1,0.0,0.0,0.,0.0,15242.0,14789.,3.1,0.03252,0.03324,-2.2,0.831,271,496.,546.,0.001,-0.009,2,2464705.,901629,901630, , ,2025-07-31 10:27:03,True,False,False,2.9754253180122503
2025-07-31,FHMRF,FHMRF,2025/07/31,10:30:03,CMA632,LFPGZSPD,370,-7,42 N,31.3,239.6,23.0,18618.7,86.890,-0.26,-1.1,-1.2,12801.0,59873.0,59188.,59236.,0.0,0.,12654.,12664.0,0.,0.0,7361.,3.2,7351.0,3.1,0.0,0.0,0.,0.0,15177.0,14712.,3.2,0.03266,0.03327,-1.8,0.831,271,496.,547.,0.001,0.001,0,2461139.,901629,901630, , ,2025-07-31 10:30:03,True,False,False,2.974997660586163
2025-07-31,FHMRF,FHMRF,2025/07/31,15:56:48,CMA632,LFPGZSPD,371,-8,41 N,26.7,204.8,23.0,18622.9,83.230,-0.102,-0.5,-0.6,10977.0,51588.0,51324.,51366.,0.0,0.,10921.,10930.0,0.,0.0,6395.,2.9,6386.0,2.7,0.0,0.0,0.,0.0,13142.0,12781.,2.8,0.03741,0.03822,-2.1,0.826,269,492.,544.,-0.016,0.007,0,2113132.,901629,901630, , ,2025-07-31 15:56:48,True,False,False,2.974629970026493
2025-08-01,FHMRF,FHMRF,2025/08/01,01:47:13,CMA633,ZSPDUBBB,321,6,42 N,29.6,274.8,28.0,18602.8,86.570,-0.076,-0.3,-0.5,14638.0,54282.0,54130.,54133.,0.0,0.,14597.,14598.0,0.,0.0,8708.,3.4,8707.0,3.7,0.0,0.0,0.,0.0,18031.0,17415.,3.5,0.02817,0.02902,-2.9,0.833,303,508.,443.,-0.008,0.016,0,2251968.,901629,901630, , ,2025-08-01 01:47:13,True,False,False,2.9743255999199385
2025-08-01,FHMRF,FHMRF,2025/08/01,02:02:11,CMA633,ZSPDUBBB,321,5,42 N,29.3,272.8,27.0,18606.8,86.380,-0.406,-1.5,-1.6,14748.0,54691.0,53877.,53880.,0.0,0.,14528.,14529.0,0.,0.0,8661.,3.3,8660.0,3.9,0.0,0.0,0.,0.0,17950.0,17321.,3.6,0.02828,0.02883,-1.9,0.833,304,508.,438.,0.005,-0.019,0,2235228.,901629,901630, , ,2025-08-01 02:02:11,True,False,False,2.9740878420650207
2025-08-01,FHMRF,FHMRF,2025/08/01,12:46:03,CMA633,UBBBLFPG,340,-16,47 N,28.2,248.1,28.0,18622.3,82.620,-0.211,-0.8,-1..0,13152.0,53306.0,52869.,52859.,0.0,0.,13044.,13041.0,0.,0.0,7454.,2.7,7456.0,2.5,0.0,0.0,0.,0.0,15294.0,14909.,2.6,0.03192,0.03242,-1.5,0.833,291,488.,453.,-0.013,-0.010,0,2221828.,901629,901630, , ,2025-08-01 12:46:03,True,False,False,2.9739199136405143
2025-08-02,FHMRF,FHMRF,2025/08/02,00:11:51,CMA582,LFPGVHHH,390,-13,41 N,31.3,209.8,28.0,18612.3,85.460,-0.206,-0.9,-1.1,11444.0,58925.0,58400.,58409.,0.0,0.,11342.,11344.0,0.,0.0,6522.,2.6,6520.0,3.4,0.0,0.0,0.,0.0,13434.0,13041.,3.0,0.03642,0.03711,-1.9,0.831,259,489.,521.,0.017,0.020,0,2372546.,901629,901630, , ,2025-08-02 00:11:51,True,False,False,2.9738249444143694
2025-08-02,FHMRF,FHMRF,2025/08/02,00:37:25,CMA582,LFPGVHHH,390,-13,41 N,30.9,207.3,28.0,18612.3,84.920,-0.057,-0.3,-0.5,11115.0,57233.0,57086.,57094.,0.0,0.,11086.,11088.0,0.,0.0,6393.,3.5,6391.0,3.3,0.0,0.0,0.,0.0,13222.0,12785.,3.4,0.03708,0.03815,-2.8,0.833,259,490.,528.,-0.002,-0.001,0,2343452.,901629,901630, , ,2025-08-02 00:37:25,True,False,False,2.9738059639778456
2025-08-02,FHMRF,FHMRF,2025/08/02,00:48:27,CMA582,LFPGVHHH,390,-12,41 N,30.7,206.2,28.0,18616.2,84.850,-0.398,-1.7,-1.9,11128.0,57302.0,56297.,56305.,0.0,0.,10933.,10935.0,0.,0.0,6329.,3.4,6327.0,3.1,0.0,0.0,0.,0.0,13066.0,12657.,3.2,0.03759,0.03808,-1.3,0.832,259,491.,534.,0.004,-0.001,0,2330928.,901629,901630, , ,2025-08-02 00:48:27,True,False,False,2.9738658890079175
2025-08-02,FHMRF,FHMRF,2025/08/02,01:04:58,CMA582,LFPGVHHH,390,-10,41 N,30.4,204.5,28.0,18611.8,85.680,-0.415,-1.8,-1.9,11371.0,58553.0,57509.,57518.,0.0,0.,11168.,11170.0,0.,0.0,6478.,2.7,6477.0,2.8,0.0,0.0,0.,0.0,13310.0,12955.,2.7,0.03696,0.03725,-0.8,0.83,258,492.,554.,0.033,-0.010,0,2311664.,901629,901630, , ,2025-08-02 01:04:58,True,False,False,2.974007510573805
2025-08-02,FHMRF,FHMRF,2025/08/02,01:25:49,CMA582,LFPGVHHH,390,-10,41 N,30.2,202.5,28.0,18614.3,84.660,-0.374,-1.5,-1.7,10872.0,55982.0,55112.,55120.,0.0,0.,10703.,10705.0,0.,0.0,6236.,3.2,6234.0,3.4,0.0,0.0,0.,0.0,12881.0,12470.,3.3,0.03827,0.03886,-1.5,0.832,259,493.,551.,-0.004,0.005,0,2288475.,901629,901630, , ,2025-08-02 01:25:49,True,False,False,2.9742334815140072
2025-08-02,FHMRF,FHMRF,2025/08/02,04:16:05,CMA582,LFPGVHHH,411,-18,36 N,29.0,186.5,22.0,18614.5,84.290,-0.189,-0.8,-1.1,10184.0,58008.0,57518.,57528.,0.0,0.,10098.,10099.0,0.,0.0,5785.,3.1,5784.0,2.9,0.0,0.0,0.,0.0,11921.0,11569.,3.0,0.04079,0.04159,-1.9,0.834,247,486.,510.,0.007,0.000,0,2331442.,901629,901630, , ,2025-08-02 04:16:05,True,False,False,2.97454630392183
2025-08-02,FHMRF,FHMRF,2025/08/02,04:47:08,CMA582,LFPGVHHH,411,-19,34 N,29.0,183.7,23.0,18613.5,83.455,0.066,0.3,-0.0,9733.0,55438.0,55584.,55619.,0.0,0.,9758.,9765.0,0.,0.0,5605.,3.3,5606.0,3.0,0.0,0.0,0.,0.0,11566.0,11211.,3.2,0.04204,0.04336,-3.0,0.835,248,486.,495.,-0.024,0.025,0,2296660.,901629,901630, , ,2025-08-02 04:47:08,True,False,False,2.974948316788443
2025-08-02,FHMRF,FHMRF,2025/08/02,19:31:58,CMA583,VHHHUBBB,340,1,40 N,23.8,261.2,22.0,18620.7,87.130,-0.558,-2.3,-2.4,14388.0,58315.0,56958.,56961.,0.0,0.,14053.,14054.0,0.,0.0,8277.,3.5,8277.0,4.1,0.0,0.0,0.,0.0,17177.0,16554.,3.8,0.02929,0.02967,-1.3,0.832,291,503.,466.,0.015,-0.018,0,2339170.,901629,901630, , ,2025-08-02 19:31:58,True,False,False,2.975441683861675
2025-08-02,FHMRF,FHMRF,2025/08/02,20:16:20,CMA583,VHHHUBBB,340,-2,40 N,23.6,255.5,22.0,18615.7,86.390,-0.497,-2.1,-2.2,14155.0,57373.0,56158.,56161.,0.0,0.,13855.,13856.0,0.,0.0,8126.,3.7,8126.0,3.7,0.0,0.0,0.,0.0,16848.0,16252.,3.7,0.02972,0.03014,-1.4,0.832,291,501.,475.,0.02,-0.001,0,2288360.,901629,901630, , ,2025-08-02 20:16:20,True,False,False,2.9760283817897837
2025-08-03,FHMRF,FHMRF,2025/08/03,10:24:54,CMA626,LFPGZSPD,350,-2,42 N,35.4,260.2,24.0,18623.7,86.960,-0.528,-2.2,-1.9,13788.0,58597.0,57307.,57307.,0.0,0.,13485.,13485.0,0.,0.0,7987.,3.7,7987.0,3.7,0.0,0.0,0.,0.0,16564.0,15975.,3.7,0.0302,0.03071,-1.7,0.831,284,500.,537.,0.002,-0.005,0,2428762.,901629,901630, , ,2025-08-03 10:24:54,True,False,False,2.976710188638871
2025-08-04,FHMRF,FHMRF,2025/08/04,00:52:58,CMA590,LFPGVHHH,390,-14,41 N,28.3,185.8,24.0,18621.2,82.780,-0.313,-1.2,-1.3,10294.0,53009.0,52354.,52361.,0.0,0.,10167.,10169.0,0.,0.0,5884.,2.2,5883.0,2.6,0.0,0.0,0.,0.0,12049.0,11767.,2.4,0.04031,0.04073,-1.0,0.825,257,486.,536.,0.013,-0.006,0,2099983.,901629,901630, , ,2025-08-04 00:52:58,True,False,False,2.977488672905429
2025-08-04,FHMRF,FHMRF,2025/08/04,00:55:58,CMA590,LFPGVHHH,390,-14,41 N,28.2,185.5,24.0,18622.4,82.810,-0.287,-1.1,-1.2,10292.0,52995.0,52393.,52401.,0.0,0.,10175.,10176.0,0.,0.0,5889.,2.7,5887.0,2.5,0.0,0.0,0.,0.0,12081.0,11776.,2.6,0.04021,0.04074,-1.3,0.825,257,486.,538.,0.014,-0.025,0,2097036.,901629,901630, , ,2025-08-04 00:55:58,True,False,False,2.978365183189676
2025-08-04,FHMRF,FHMRF,2025/08/04,01:00:05,CMA590,LFPGVHHH,390,-14,41 N,28.2,185.2,24.0,18621.2,82.510,-0.125,-0.6,-0.7,10103.0,52020.0,51712.,51720.,0.0,0.,10043.,10044.0,0.,0.0,5825.,2.5,5823.0,2.5,0.0,0.0,0.,0.0,11940.0,11648.,2.5,0.04073,0.04144,-1.7,0.826,257,486.,542.,-0.004,0.004,0,2092604.,901629,901630, , ,2025-08-04 01:00:05,True,False,False,2.9793408387379183
2025-08-04,FHMRF,FHMRF,2025/08/04,01:03:05,CMA590,LFPGVHHH,390,-14,41 N,28.2,184.9,24.0,18621.8,82.770,0.074,0.3,0.0,10113.0,52074.0,52226.,52234.,0.0,0.,10142.,10144.0,0.,0.0,5876.,2.1,5874.0,2.7,0.0,0.0,0.,0.0,12033.0,11750.,2.4,0.04039,0.04138,-2.4,0.825,257,486.,540.,-0.001,0.002,0,2089473.,901629,901630, , ,2025-08-04 01:03:05,True,False,False,2.9804165210856746
2025-08-04,FHMRF,FHMRF,2025/08/04,01:06:05,CMA590,LFPGVHHH,390,-14,41 N,28.1,184.6,23.0,18622.4,82.820,-0.173,-0.7,-0.8,10232.0,52687.0,52324.,52332.,0.0,0.,10161.,10163.0,0.,0.0,5885.,2.5,5884.0,2.3,0.0,0.0,0.,0.0,12052.0,11769.,2.4,0.04033,0.04095,-1.5,0.825,257,486.,542.,0.011,0.004,2,2086246.,901629,901630, , ,2025-08-04 01:06:05,True,False,False,2.9815928670289793
2025-08-04,FHMRF,FHMRF,2025/08/04,01:09:05,CMA590,LFPGVHHH,390,-13,41 N,28.1,184.3,23.0,18618.0,82.645,-0.22,-0.9,-1.0,10178.0,52411.0,51924.,51957.,0.0,0.,10084.,10090.0,0.,0.0,5847.,2.6,5848.0,2.8,0.0,0.0,0.,0.0,12014.0,11695.,2.7,0.04046,0.04114,-1.7,0.825,257,486.,543.,0.007,-0.007,2,2083076.,901629,901630, , ,2025-08-04 01:09:05,True,False,False,2.982870263123922
2025-08-04,FHMRF,FHMRF,2025/08/04,01:12:05,CMA590,LFPGVHHH,390,-14,41 N,28.1,184.1,23.0,18617.4,82.580,-0.258,-1.1,-1.2,10170.0,52367.0,51793.,51801.,0.0,0.,10059.,10060.0,0.,0.0,5834.,2.3,5832.0,2.3,0.0,0.0,0.,0.0,11934.0,11666.,2.3,0.04072,0.04116,-1.1,0.825,257,486.,545.,0.007,-0.002,1,2079850.,901629,901630, , ,2025-08-04 01:12:05,True,False,False,2.9842488418747615
2025-08-04,FHMRF,FHMRF,2025/08/04,01:17:45,CMA590,LFPGVHHH,390,-13,41 N,28.0,183.5,23.0,18617.4,82.600,-0.231,-1.0,-1.1,10163.0,52333.0,51819.,51827.,0.0,0.,10063.,10065.0,0.,0.0,5833.,2.9,5832.0,2.9,0.0,0.0,0.,0.0,12000.0,11665.,2.9,0.04046,0.04117,-1.7,0.824,256,486.,550.,0.009,0.006,0,2073932.,901629,901630, , ,2025-08-04 01:17:45,True,False,False,2.985728479727196
2025-08-04,FHMRF,FHMRF,2025/08/04,01:20:45,CMA590,LFPGVHHH,390,-13,41 N,28.0,183.3,23.0,18617.4,82.715,-0.467,-1.8,-1.9,10298.0,53028.0,52062.,52049.,0.0,0.,10110.,10108.0,0.,0.0,5859.,2.4,5855.0,2.3,0.0,0.0,0.,0.0,11993.0,11715.,2.4,0.04049,0.04068,-0.5,0.824,256,486.,553.,0.023,-0.015,2,2070778.,901629,901630, , ,2025-08-04 01:20:45,True,False,False,2.987308796940085
2025-08-04,FHMRF,FHMRF,2025/08/04,02:14:23,CMA590,LFPGVHHH,411,-18,41 N,27.6,178.5,22.0,18621.4,83.580,-0.394,-1.8,-1.8,9897.0,56378.0,55376.,55385.,0.0,0.,9722.,9723.0,0.,0.0,5592.,3.0,5590.0,3.0,0.0,0.0,0.,0.0,11520.0,11182.,3.0,0.04207,0.04255,-1.1,0.83,246,485.,553.,0.02,-0.011,2,2230756.,901629,901630, , ,2025-08-04 02:14:23,True,False,False,2.988989159368506
2025-08-04,FHMRF,FHMRF,2025/08/04,02:18:30,CMA590,LFPGVHHH,411,-18,41 N,27.6,178.1,22.0,18619.5,83.305,-0.128,-0.5,-0.7,9700.0,55255.0,54969.,54999.,0.0,0.,9650.,9655.0,0.,0.0,5552.,2.6,5552.0,3.2,0.0,0.0,0.,0.0,11424.0,11104.,2.9,0.04243,0.04336,-2.1,0.831,246,485.,557.,0.001,-0.011,0,2226059.,901629,901630, , ,2025-08-04 02:18:30,True,False,False,2.9907686821546333
2025-08-04,FHMRF,FHMRF,2025/08/04,02:23:05,CMA590,LFPGVHHH,411,-18,41 N,27.5,177.7,22.0,18618.9,83.245,-0.035,-0.1,-0.3,9636.0,54891.0,54825.,54813.,0.0,0.,9625.,9623.0,0.,0.0,5540.,3.4,5537.0,2.8,0.0,0.0,0.,0.0,11420.0,11077.,3.1,0.04246,0.04362,-2.7,0.831,246,485.,557.,-0.004,0.003,0,2220951.,901629,901630, , ,2025-08-04 02:23:05,True,False,False,2.992646235291922
2025-08-04,FHMRF,FHMRF,2025/08/04,02:26:05,CMA590,LFPGVHHH,411,-18,40 N,27.5,177.5,22.0,18619.5,83.090,-0.346,-1.3,-1.4,9701.0,55261.0,54523.,54532.,0.0,0.,9572.,9573.0,0.,0.0,5511.,2.8,5509.0,3.0,0.0,0.0,0.,0.0,11337.0,11020.,2.9,0.04276,0.04336,-1.4,0.831,246,485.,557.,0.004,-0.038,0,2218104.,901629,901630, , ,2025-08-04 02:26:05,True,False,False,2.994620451004466
2025-08-04,FHMRF,FHMRF,2025/08/04,02:30:59,CMA590,LFPGVHHH,411,-18,40 N,27.5,177.1,22.0,18620.7,83.350,-0.052,-0.2,-0.4,9680.0,55142.0,55027.,55037.,0.0,0.,9660.,9662.0,0.,0.0,5555.,2.8,5553.0,3.1,0.0,0.0,0.,0.0,11435.0,11108.,2.9,0.04235,0.04342,-2.5,0.83,246,484.,558.,0.004,0.011,0,2212932.,901629,901630, , ,2025-08-04 02:30:59,True,False,False,2.996689732868612
2025-08-04,FHMRF,FHMRF,2025/08/04,02:35:51,CMA590,LFPGVHHH,411,-17,40 N,27.5,176.6,22.0,18620.1,83.070,-0.179,-0.7,-0.8,9564.0,54479.0,54097.,54106.,0.0,0.,9497.,9499.0,0.,0.0,5483.,2.7,5481.0,3.0,0.0,0.0,0.,0.0,11274.0,10964.,2.8,0.04304,0.04388,-1.9,0.83,246,485.,556.,-0.006,-0.005,2,2207775.,901629,901630, , ,2025-08-04 02:35:51,True,False,False,2.998852266596691
2025-08-04,FHMRF,FHMRF,2025/08/04,02:38:51,CMA590,LFPGVHHH,411,-17,40 N,27.4,176.4,22.0,18617.6,83.090,-0.153,-0.6,-0.8,9574.0,54538.0,54211.,54220.,0.0,0.,9517.,9519.0,0.,0.0,5491.,2.0,5490.0,2.9,0.0,0.0,0.,0.0,11250.0,10981.,2.5,0.04312,0.04384,-1.6,0.83,246,485.,556.,-0.004,-0.007,2,2204950.,901629,901630, , ,2025-08-04 02:38:51,True,False,False,3.0011060323985648
2025-08-04,FHMRF,FHMRF,2025/08/04,02:41:51,CMA590,LFPGVHHH,411,-18,40 N,27.4,176.2,22.0,18616.3,83.270,-0.128,-0.5,-0.7,9648.0,54954.0,54679.,54689.,0.0,0.,9599.,9601.0,0.,0.0,5528.,3.5,5526.0,2.7,0.0,0.0,0.,0.0,11397.0,11054.,3.1,0.04249,0.04352,-2.4,0.829,246,484.,556.,0.005,-0.001,0,2202326.,901629,901630, , ,2025-08-04 02:41:51,True,False,False,3.0034488188303414
2025-08-04,FHMRF,FHMRF,2025/08/04,02:44:51,CMA590,LFPGVHHH,411,-18,40 N,27.4,176.0,22.0,18616.3,83.170,0.005,0.0,-0.2,9584.0,54592.0,54598.,54607.,0.0,0.,9585.,9587.0,0.,0.0,5519.,2.7,5517.0,3.4,0.0,0.0,0.,0.0,11370.0,11036.,3.0,0.04261,0.0438,-2.7,0.83,246,484.,556.,-0.001,-0.009,2,2199097.,901629,901630, , ,2025-08-04 02:44:51,True,False,False,3.0058782380279383
2025-08-04,FHMRF,FHMRF,2025/08/04,03:57:20,CMA627,ZSPDUBBB,320,-13,48 N,28.6,272.5,28.0,18615.8,83.970,-0.378,-1.6,-1.7,15163.0,55971.0,55090.,55093.,0.0,0.,14924.,14925.0,0.,0.0,8566.,3.2,8565.0,3.3,0.0,0.0,0.,0.0,17690.0,17131.,3.3,0.02804,0.02846,-1.5,0.844,309,496.,436.,0.016,-0.029,0,2223698.,901629,901630, , ,2025-08-04 03:57:20,True,False,False,3.008391742207312
2025-08-04,FHMRF,FHMRF,2025/08/04,04:17:00,CMA627,ZSPDUBBB,320,-14,48 N,28.5,269.9,24.0,18618.7,84.020,-0.368,-1.6,-1.7,15222.0,56190.0,55293.,55296.,0.0,0.,14979.,14980.0,0.,0.0,8586.,3.5,8585.0,3.1,0.0,0.0,0.,0.0,17739.0,17171.,3.3,0.02795,0.02838,-1.5,0.844,309,496.,461.,0.027,0.016,0,2202213.,901629,901630, , ,2025-08-04 04:17:00,True,False,False,3.010986641298934
2025-08-04,FHMRF,FHMRF,2025/08/04,04:41:57,CMA627,ZSPDUBBB,320,-13,48 N,28.5,266.6,24.0,18617.0,83.970,-0.134,-0.5,-0.7,14976.0,55282.0,55000.,55003.,0.0,0.,14899.,14900.0,0.,0.0,8551.,2.9,8550.0,3.1,0.0,0.0,0.,0.0,17616.0,17101.,3.0,0.02814,0.02878,-2.2,0.843,308,496.,472.,0.023,0.015,0,2175315.,901629,901630, , ,2025-08-04 04:41:57,True,False,False,3.013660121578048
2025-08-04,FHMRF,FHMRF,2025/08/04,23:58:40,CMA588,LFPGVHHH,390,-12,41 N,31.8,211.7,28.0,18620.0,85.870,-0.014,-0.1,-0.3,11410.0,58753.0,58703.,58734.,0.0,0.,11400.,11406.0,0.,0.0,6574.,3.4,6568.0,2.8,0.0,0.0,0.,0.0,13551.0,13142.,3.1,0.03614,0.03715,-2.7,0.829,258,490.,512.,0.008,0.007,0,2393602.,901629,901630, , ,2025-08-04 23:58:40,True,False,False,3.0164092651569367
2025-08-05,FHMRF,FHMRF,2025/08/05,01:24:56,CMA588,LFPGVHHH,390,-9,41 N,30.3,202.9,28.0,18622.9,85.705,-0.436,-1.9,-2.0,11298.0,58175.0,57058.,57113.,0.0,0.,11081.,11092.0,0.,0.0,6440.,2.8,6437.0,2.8,0.0,0.0,0.,0.0,13237.0,12876.,2.8,0.03712,0.03741,-0.8,0.827,257,491.,553.,0.034,0.045,0,2293411.,901629,901630, , ,2025-08-05 01:24:56,True,False,False,3.019231070217328
2025-08-05,FHMRF,FHMRF,2025/08/05,03:28:20,CMA588,LFPGVHHH,411,-18,38 N,29.1,191.3,23.0,18620.2,84.885,-0.139,-0.6,-0.8,10403.0,59254.0,58868.,58928.,0.0,0.,10335.,10346.0,0.,0.0,5915.,2.7,5911.0,2.6,0.0,0.0,0.,0.0,12143.0,11826.,2.7,0.04002,0.04076,-1.8,0.833,247,486.,512.,0.005,0.032,0,2391567.,901629,901630, , ,2025-08-05 03:28:20,True,False,False,3.0221224718734394
2025-08-06,FHMRF,FHMRF,2025/08/06,02:24:57,CMA589,UBBBLFPG,340,-17,49 N,24.6,253.6,24.0,18623.6,83.350,-0.313,-1.2,-1.4,13725.0,55628.0,54941.,54941.,0.0,0.,13556.,13556.0,0.,0.0,7700.,2.7,7700.0,3.3,0.0,0.0,0.,0.0,15867.0,15400.,3.0,0.03074,0.03124,-1.6,0.835,292,488.,408.,0.002,-0.015,0,2272070.,901629,901630, , ,2025-08-06 02:24:57,True,False,False,3.0250803635628016
2025-08-06,FHMRF,FHMRF,2025/08/06,09:35:52,CMA628,LFPGZSPD,370,-9,42 N,35.0,234.1,22.0,18616.0,85.955,-0.268,-1.1,-1.3,12559.0,58741.0,58088.,58063.,0.0,0.,12419.,12413.0,0.,0.0,7179.,3.8,7176.0,3.1,0.0,0.0,0.,0.0,14849.0,14355.,3.4,0.0332,0.0339,-2.1,0.831,271,493.,511.,0.01,0.013,0,2405188.,901629,901630, , ,2025-08-06 09:35:52,True,False,False,3.028101618860053
2025-08-06,FHMRF,FHMRF,2025/08/06,10:10:28,CMA628,LFPGZSPD,370,-11,42 N,34.0,230.3,26.0,18618.9,85.380,-0.427,-1.8,-1.9,12478.0,58365.0,57337.,57263.,0.0,0.,12258.,12243.0,0.,0.0,7069.,3.1,7084.0,3.3,0.0,0.0,0.,0.0,14607.0,14152.,3.2,0.03368,0.03411,-1.3,0.832,271,492.,501.,0.018,-0.013,0,2366108.,901629,901630, , ,2025-08-06 10:10:28,True,False,False,3.0311831136007092
2025-08-06,FHMRF,FHMRF,2025/08/06,10:56:20,CMA628,LFPGZSPD,370,-10,42 N,33.0,225.3,27.0,18622.8,84.980,-0.208,-0.9,-1.0,12092.0,56559.0,56079.,56006.,0.0,0.,11989.,11974.0,0.,0.0,6935.,2.8,6950.0,3.0,0.0,0.0,0.,0.0,14287.0,13885.,2.9,0.03447,0.03511,-1.8,0.832,271,493.,512.,0.005,0.005,0,2315612.,901629,901630, , ,2025-08-06 10:56:20,True,False,False,3.0343217481943277
2025-08-06,FHMRF,FHMRF,2025/08/06,11:01:31,CMA628,LFPGZSPD,370,-10,42 N,33.0,224.7,27.0,18619.0,84.440,-0.412,-1.6,-1.6,11861.0,55478.0,54647.,54575.,0.0,0.,11683.,11668.0,0.,0.0,6793.,3.0,6808.0,2.4,0.0,0.0,0.,0.0,13971.0,13601.,2.7,0.03537,0.03575,-1.1,0.834,272,494.,512.,-0.013,-0.012,0,2310180.,901629,901630, , ,2025-08-06 11:01:31,True,False,False,3.0375144700061196
2025-08-06,FHMRF,FHMRF,2025/08/06,11:56:14,CMA628,LFPGZSPD,370,-8,46 N,32.1,218.9,27.0,18621.1,85.200,-0.044,-0.2,-0.4,11905.0,55686.0,55613.,55540.,0.0,0.,11890.,11874.0,0.,0.0,6909.,3.1,6924.0,2.7,0.0,0.0,0.,0.0,14233.0,13833.,2.9,0.03465,0.03552,-2.4,0.829,270,493.,540.,0.015,0.002,0,2249728.,901629,901630, , ,2025-08-06 11:56:14,True,False,False,3.040758295691803
2025-08-06,FHMRF,FHMRF,2025/08/06,16:07:18,CMA628,LFPGZSPD,391,-13,41 N,30.7,194.0,24.0,18625.2,83.780,-0.404,-1.5,-1.6,10659.0,55149.0,54344.,54265.,0.0,0.,10503.,10488.0,0.,0.0,6070.,3.0,6085.0,2.9,0.0,0.0,0.,0.0,12515.0,12155.,3.0,0.03901,0.03953,-1.3,0.829,258,488.,539.,0.016,-0.005,0,2203523.,901629,901630, , ,2025-08-06 16:07:18,True,False,False,3.0440503333742432
2025-08-07,FHMRF,FHMRF,2025/08/07,20:13:41,CMA574,LFPGVHHH,350,-15,47 N,33.3,261.1,28.0,18610.5,85.220,0.005,0.0,-0.2,13755.0,58457.0,58475.,58467.,0.0,0.,13759.,13758.0,0.,0.0,7819.,2.8,7821.0,2.3,0.0,0.0,0.,0.0,16036.0,15641.,2.5,0.0304,0.0311,-2.3,0.83,283,487.,533.,-0.001,0.011,0,2439327.,901629,901630, , ,2025-08-07 20:13:41,True,False,False,3.047387804545717
2025-08-07,FHMRF,FHMRF,2025/08/07,20:29:54,CMA574,LFPGVHHH,350,-15,46 N,33.6,259.1,27.0,18614.5,84.680,-0.106,-0.5,-0.7,13565.0,57649.0,57386.,57379.,0.0,0.,13503.,13502.0,0.,0.0,7682.,2.8,7683.0,2.6,0.0,0.0,0.,0.0,15776.0,15365.,2.7,0.03093,0.03155,-2.0,0.832,284,488.,534.,-0.008,-0.011,0,2420962.,901629,901630, , ,2025-08-07 20:29:54,True,False,False,3.0507680655668654
2025-08-08,FHMRF,FHMRF,2025/08/08,01:39:50,CMA574,LFPGVHHH,370,-7,41 N,32.1,223.5,27.0,18619.0,85.550,-0.262,-1.1,-1.3,12109.0,56640.0,55984.,55996.,0.0,0.,11969.,11972.0,0.,0.0,6979.,2.8,6976.0,2.9,0.0,0.0,0.,0.0,14356.0,13955.,2.9,0.03451,0.03504,-1.5,0.831,271,495.,556.,0.013,-0.037,0,2295459.,901629,901630, , ,2025-08-08 01:39:50,True,False,False,3.0541886286157944
2025-08-08,FHMRF,FHMRF,2025/08/08,05:21:54,CMA574,LFPGVHHH,391,-14,27 N,31.1,201.1,23.0,18622.9,84.135,-0.328,-1.4,-1.6,10851.0,56142.0,55332.,55349.,0.0,0.,10694.,10697.0,0.,0.0,6178.,3.2,6181.0,3.0,0.0,0.0,0.,0.0,12741.0,12358.,3.1,0.03853,0.03909,-1.4,0.835,259,491.,449.,0.0,-0.005,0,2283480.,901629,901630, , ,2025-08-08 05:21:54,True,False,False,3.05764718191921
2025-08-08,FHMRF,FHMRF,2025/08/08,05:40:42,CMA574,LFPGVHHH,391,-15,25 N,31.1,199.3,23.0,18622.9,83.830,-0.265,-1.0,-1.2,10743.0,55583.0,55011.,55007.,0.0,0.,10632.,10631.0,0.,0.0,6132.,3.2,6133.0,3.2,0.0,0.0,0.,0.0,12660.0,12265.,3.2,0.03871,0.03946,-1.9,0.835,259,490.,479.,-0.003,0.002,0,2267028.,901629,901630, , ,2025-08-08 05:40:42,True,False,False,3.0611416090732115
2025-08-08,FHMRF,FHMRF,2025/08/08,11:41:29,CMA575,VHHHUBBB,321,7,26 N,30.4,307.1,26.0,18609.1,89.440,-0.339,-1.4,-1.6,16475.0,61099.0,60242.,60249.,0.0,0.,16244.,16246.0,0.,0.0,9624.,3.9,9622.0,3.9,0.0,0.0,0.,0.0,20000.0,19246.,3.9,0.02538,0.02595,-2.2,0.83,302,508.,534.,-0.001,-0.008,0,2515045.,901629,901630, , ,2025-08-08 11:41:29,True,False,False,3.0646700072396693
2025-08-08,FHMRF,FHMRF,2025/08/08,14:38:17,CMA575,VHHHUBBB,321,5,40 N,26.8,281.3,26.0,18614.5,87.280,-0.138,-0.6,-0.8,15109.0,56029.0,55694.,55701.,0.0,0.,15018.,15020.0,0.,0.0,8928.,3.5,8926.0,4.6,0.0,0.0,0.,0.0,18572.0,17855.,4.0,0.02733,0.02821,-3.1,0.833,304,508.,447.,-0.003,0.006,0,2305236.,901629,901630, , ,2025-08-08 14:38:17,True,False,False,3.068230703993042
2025-08-09,FHMRF,FHMRF,2025/08/09,01:11:55,CMA575,UBBBLFPG,340,-11,44 N,25.8,264.0,28.0,18618.5,85.060,-0.265,-1.2,-1.3,14100.0,57145.0,56487.,56487.,0.0,0.,13937.,13937.0,0.,0.0,8011.,3.2,8011.0,3.3,0.0,0.0,0.,0.0,16545.0,16022.,3.3,0.02975,0.03033,-1.9,0.832,291,492.,468.,-0.006,0.002,0,2364703.,901629,901630, , ,2025-08-09 01:11:55,True,False,False,3.0718222725989612
2025-08-09,FHMRF,FHMRF,2025/08/09,01:40:36,CMA575,UBBBLFPG,340,-12,45 N,25.7,260.5,24.0,18615.7,84.470,-0.356,-1.6,-1.7,13918.0,56408.0,55523.,55523.,0.0,0.,13699.,13699.0,0.,0.0,7863.,3.4,7863.0,3.0,0.0,0.0,0.,0.0,16233.0,15725.,3.2,0.03025,0.03071,-1.5,0.832,291,491.,465.,-0.006,0.018,0,2333227.,901629,901630, , ,2025-08-09 01:40:36,True,False,False,3.0754435455330165
2025-08-09,FHMRF,FHMRF,2025/08/09,08:16:42,CMA634,LFPGZSPD,350,-16,45 N,32.0,250.3,27.0,18616.9,84.140,-0.271,-1.2,-1.3,13375.0,56839.0,56159.,56159.,0.0,0.,13214.,13214.0,0.,0.0,7515.,3.1,7515.0,3.1,0.0,0.0,0.,0.0,15494.0,15030.,3.1,0.0314,0.03194,-1.7,0.83,283,487.,512.,0.01,0.012,0,2338522.,901629,901630, , ,2025-08-09 08:16:42,True,False,False,3.0790936260910553
2025-08-09,FHMRF,FHMRF,2025/08/09,08:58:37,CMA634,LFPGZSPD,370,-18,43 N,32.8,245.3,23.0,18617.2,85.970,0.042,0.2,-0.1,13184.0,61666.0,61780.,61780.,0.0,0.,13208.,13208.0,0.,0.0,7491.,2.9,7491.0,2.9,0.0,0.0,0.,0.0,15410.0,14983.,2.9,0.03179,0.03267,-2.7,0.84,274,490.,519.,-0.003,-0.026,0,2521102.,901629,901630, , ,2025-08-09 08:58:37,True,False,False,3.0827718979875742
2025-08-09,FHMRF,FHMRF,2025/08/09,10:17:26,CMA634,LFPGZSPD,370,-10,41 N,30.2,236.3,28.0,18616.1,86.410,-0.444,-1.9,-2.0,12949.0,60562.0,59358.,59443.,0.0,0.,12691.,12709.0,0.,0.0,7340.,3.8,7322.0,3.5,0.0,0.0,0.,0.0,15200.0,14662.,3.7,0.03244,0.03295,-1.6,0.832,271,493.,547.,0.023,0.024,0,2426325.,901629,901630, , ,2025-08-09 10:17:26,True,False,False,3.0864780328727552
2025-08-09,FHMRF,FHMRF,2025/08/09,10:20:57,CMA634,LFPGZSPD,370,-10,41 N,30.1,235.9,28.0,18616.1,86.390,-0.321,-1.4,-1.5,12846.0,60083.0,59211.,59295.,0.0,0.,12660.,12678.0,0.,0.0,7327.,3.4,7309.0,3.7,0.0,0.0,0.,0.0,15158.0,14636.,3.6,0.03254,0.0332,-2.0,0.832,271,493.,551.,0.017,0.020,0,2422011.,901629,901630, , ,2025-08-09 10:20:57,True,False,False,3.0902119957178265
2025-08-09,FHMRF,FHMRF,2025/08/09,12:25:51,CMA634,LFPGZSPD,370,-9,47 N,28.0,222.2,28.0,18615.0,84.155,-0.692,-2.6,-2.6,11797.0,55180.0,53718.,53774.,0.0,0.,11485.,11497.0,0.,0.0,6713.,2.7,6695.0,3.0,0.0,0.0,0.,0.0,13790.0,13408.,2.9,0.03582,0.03589,-0.2,0.832,271,494.,574.,-0.013,-0.004,0,2283455.,901629,901630, , ,2025-08-09 12:25:51,True,False,False,3.093974048030027
2025-08-09,FHMRF,FHMRF,2025/08/09,12:49:17,CMA634,LFPGZSPD,370,-10,48 N,27.8,219.7,23.0,18619.0,84.455,-0.352,-1.3,-1.4,11862.0,55479.0,54692.,54791.,0.0,0.,11693.,11715.0,0.,0.0,6790.,3.2,6776.0,2.9,0.0,0.0,0.,0.0,13980.0,13566.,3.1,0.03513,0.03569,-1.6,0.829,270,491.,580.,0.004,0.027,0,2257676.,901629,901630, , ,2025-08-09 12:49:17,True,False,False,3.097764748872713
2025-08-09,FHMRF,FHMRF,2025/08/09,15:39:45,CMA634,LFPGZSPD,391,-12,41 N,26.9,202.4,23.0,18617.3,84.560,-0.573,-2.5,-2.5,11025.0,57044.0,55556.,55650.,0.0,0.,10737.,10755.0,0.,0.0,6238.,3.8,6221.0,3.5,0.0,0.0,0.,0.0,12909.0,12458.,3.6,0.03799,0.03837,-1.0,0.831,258,490.,572.,0.007,0.006,0,2298376.,901629,901630, , ,2025-08-09 15:39:45,True,False,False,3.101584953686032
2025-08-09,FHMRF,FHMRF,2025/08/09,16:09:57,CMA634,LFPGZSPD,391,-13,41 N,26.8,199.5,23.0,18617.3,84.190,-0.342,-1.5,-1.6,10840.0,56088.0,55215.,55309.,0.0,0.,10671.,10689.0,0.,0.0,6183.,3.4,6167.0,3.3,0.0,0.0,0.,0.0,12758.0,12350.,3.3,0.03834,0.03898,-1.7,0.831,258,489.,574.,0.005,-0.040,0,2264690.,901629,901630, , ,2025-08-09 16:09:57,True,False,False,3.1054358109236273
2025-08-10,FHMRF,FHMRF,2025/08/10,06:06:06,CMA635,ZSPDUBBB,340,-1,42 N,32.4,256.1,23.0,18593.5,85.780,-0.301,-1.1,-1.2,13656.0,55349.0,54719.,54754.,0.0,0.,13501.,13509.0,0.,0.0,7972.,3.1,7964.0,3.2,0.0,0.0,0.,0.0,16444.0,15936.,3.2,0.03053,0.03111,-1.9,0.834,291,502.,457.,-0.005,0.002,0,2293826.,901629,901630, , ,2025-08-10 06:06:06,True,False,False,3.1093187565367173
2025-08-10,FHMRF,FHMRF,2025/08/10,06:09:06,CMA635,ZSPDUBBB,340,-1,42 N,32.4,255.8,22.0,18593.5,85.680,-0.537,-2.0,-2.1,13740.0,55692.0,54538.,54572.,0.0,0.,13456.,13464.0,0.,0.0,7946.,3.5,7938.0,3.4,0.0,0.0,0.,0.0,16429.0,15884.,3.4,0.03055,0.03094,-1.3,0.834,291,502.,457.,0.002,-0.002,0,2290569.,901629,901630, , ,2025-08-10 06:09:06,True,False,False,3.113235506351489
2025-08-10,FHMRF,FHMRF,2025/08/10,06:16:17,CMA635,ZSPDUBBB,340,-2,42 N,32.4,254.9,22.0,18593.5,85.650,-0.212,-0.8,-0.9,13558.0,54951.0,54502.,54536.,0.0,0.,13448.,13456.0,0.,0.0,7935.,3.2,7927.0,3.2,0.0,0.0,0.,0.0,16371.0,15862.,3.2,0.03062,0.03131,-2.2,0.833,291,501.,456.,-0.007,0.031,0,2282433.,901629,901630, , ,2025-08-10 06:16:17,True,False,False,3.117188046402859
2025-08-10,FHMRF,FHMRF,2025/08/10,06:19:17,CMA635,ZSPDUBBB,340,-1,42 N,32.4,254.5,22.0,18593.5,85.720,-0.523,-2.0,-2.0,13749.0,55725.0,54594.,54628.,0.0,0.,13469.,13478.0,0.,0.0,7950.,3.3,7942.0,3.5,0.0,0.0,0.,0.0,16429.0,15892.,3.4,0.03052,0.03091,-1.3,0.833,291,501.,456.,0.008,-0.019,0,2279178.,901629,901630, , ,2025-08-10 06:19:17,True,False,False,3.1211786213063353
2025-08-10,FHMRF,FHMRF,2025/08/10,06:22:17,CMA635,ZSPDUBBB,340,-1,42 N,32.4,254.1,23.0,18593.5,85.600,-0.46,-1.7,-1.8,13650.0,55322.0,54368.,54402.,0.0,0.,13414.,13423.0,0.,0.0,7919.,3.3,7911.0,3.4,0.0,0.0,0.,0.0,16356.0,15831.,3.3,0.03065,0.03111,-1.5,0.833,291,501.,457.,0.002,0.010,0,2275724.,901629,901630, , ,2025-08-10 06:22:17,True,False,False,3.12520972076743
2025-08-10,FHMRF,FHMRF,2025/08/10,06:25:17,CMA635,ZSPDUBBB,340,-1,41 N,32.4,253.8,23.0,18593.5,85.690,-0.53,-2.0,-2.1,13731.0,55652.0,54520.,54554.,0.0,0.,13451.,13460.0,0.,0.0,7941.,3.0,7933.0,3.1,0.0,0.0,0.,0.0,16356.0,15874.,3.0,0.03066,0.03094,-0.9,0.833,291,501.,458.,0.009,-0.006,2,2272483.,901629,901630, , ,2025-08-10 06:25:17,True,False,False,3.1292840643445876
2025-08-10,FHMRF,FHMRF,2025/08/10,10:27:33,CMA635,UBBBLFPG,320,-7,41 N,31.6,272.8,26.0,18622.7,84.240,-0.131,-0.5,-0.7,14530.0,53634.0,53363.,53372.,0.0,0.,14456.,14458.0,0.,0.0,8390.,2.1,8388.0,2.7,0.0,0.0,0.,0.0,17177.0,16778.,2.4,0.0289,0.02938,-1.6,0.833,304,496.,448.,-0.003,-0.003,0,2225604.,901629,901630, , ,2025-08-10 10:27:33,True,False,False,3.133404584597036
2025-08-10,FHMRF,FHMRF,2025/08/10,10:52:12,CMA635,UBBBLFPG,340,-10,41 N,31.4,269.5,27.0,18623.2,85.620,-0.165,-0.7,-0.9,14322.0,58045.0,57630.,57640.,0.0,0.,14219.,14222.0,0.,0.0,8166.,3.1,8163.0,3.2,0.0,0.0,0.,0.0,16841.0,16329.,3.1,0.02926,0.02991,-2.2,0.832,291,493.,456.,-0.002,0.007,0,2413872.,901629,901630, , ,2025-08-10 10:52:12,True,False,False,3.1375744087604054
2025-08-10,FHMRF,FHMRF,2025/08/10,11:53:09,CMA635,UBBBLFPG,340,-9,43 N,31.2,261.8,28.0,18624.6,84.780,-0.387,-1.7,-1.8,13876.0,56241.0,55306.,55316.,0.0,0.,13645.,13648.0,0.,0.0,7880.,3.2,7877.0,3.9,0.0,0.0,0.,0.0,16315.0,15757.,3.5,0.03028,0.0308,-1.7,0.833,291,494.,458.,-0.006,-0.012,0,2345353.,901629,901630, , ,2025-08-10 11:53:09,True,False,False,3.1417968390945856
2025-08-10,FHMRF,FHMRF,2025/08/10,13:43:53,CMA635,UBBBLFPG,340,-12,47 N,31.2,248.4,23.0,18627.6,83.200,0.03,0.1,-0.1,13022.0,52778.0,52839.,52843.,0.0,0.,13037.,13037.0,0.,0.0,7501.,2.7,7500.0,2.7,0.0,0.0,0.,0.0,15410.0,15000.,2.7,0.03184,0.03266,-2.5,0.831,290,491.,474.,-0.018,-0.013,0,2223634.,901629,901630, , ,2025-08-10 13:43:53,True,False,False,3.146075332037974
2025-08-11,FHMRF,FHMRF,2025/08/11,16:51:04,CMA591,VHHHUBBB,320,4,41 N,24.3,269.0,22.0,18604.0,85.930,-0.099,-0.4,-0.6,14515.0,53579.0,53384.,53381.,0.0,0.,14462.,14461.0,0.,0.0,8595.,3.0,8596.0,3.5,0.0,0.0,0.,0.0,17750.0,17191.,3.3,0.0285,0.02925,-2.6,0.832,304,506.,449.,-0.006,0.000,0,2194324.,901629,901630, , ,2025-08-11 16:51:04,True,False,False,3.150413476286241
2025-08-11,FHMRF,FHMRF,2025/08/11,17:30:37,CMA591,VHHHUBBB,340,-2,40 N,24.1,263.7,22.0,18607.9,86.645,-0.582,-2.4,-2.5,14385.0,58307.0,56874.,56895.,0.0,0.,14032.,14037.0,0.,0.0,8232.,3.5,8236.0,4.0,0.0,0.0,0.,0.0,17083.0,16468.,3.7,0.02936,0.02971,-1.2,0.834,291,502.,444.,0.005,-0.025,0,2361564.,901629,901630, , ,2025-08-11 17:30:37,True,False,False,3.1548149699013175
2025-08-12,FHMRF,FHMRF,2025/08/12,00:35:03,CMA591,UBBBLFPG,320,-4,43 N,23.6,271.3,29.0,18618.5,84.870,-0.256,-1.0,-1.1,14718.0,54328.0,53802.,53812.,0.0,0.,14576.,14578.0,0.,0.0,8496.,3.0,8493.0,3.6,0.0,0.0,0.,0.0,17553.0,16988.,3.3,0.02836,0.02897,-2.1,0.831,303,498.,448.,0.004,0.021,0,2212994.,901629,901630, , ,2025-08-12 00:35:03,True,False,False,3.159283596551271
2025-08-12,FHMRF,FHMRF,2025/08/12,02:13:05,CMA591,UBBBLFPG,340,-12,45 N,23.2,258.4,25.0,18618.6,84.075,-0.466,-1.8,-1.9,13722.0,55617.0,54631.,54610.,0.0,0.,13479.,13474.0,0.,0.0,7756.,3.1,7753.0,3.3,0.0,0.0,0.,0.0,16009.0,15509.,3.2,0.03076,0.03115,-1.3,0.834,292,492.,496.,-0.019,-0.012,0,2314837.,901629,901630, , ,2025-08-12 02:13:05,True,False,False,3.1638232009839964
2025-08-12,FHMRF,FHMRF,2025/08/12,20:54:49,CMA572,LFPGVHHH,370,-12,47 N,32.8,226.6,28.0,18618.5,84.920,-0.258,-1.1,-1.3,12263.0,57357.0,56712.,56712.,0.0,0.,12125.,12125.0,0.,0.0,6979.,2.6,6979.0,3.7,0.0,0.0,0.,0.0,14400.0,13958.,3.2,0.03408,0.03471,-1.8,0.832,271,491.,519.,0.014,-0.007,0,2329198.,901629,901630, , ,2025-08-12 20:54:49,True,False,False,3.1684376638476577
2025-08-12,FHMRF,FHMRF,2025/08/12,21:11:00,CMA572,LFPGVHHH,370,-13,46 N,33.1,224.8,28.0,18615.7,84.570,-0.196,-0.9,-1.0,12084.0,56517.0,56027.,56027.,0.0,0.,11979.,11979.0,0.,0.0,6895.,2.9,6895.0,3.3,0.0,0.0,0.,0.0,14214.0,13791.,3.1,0.03449,0.03518,-2.0,0.832,271,490.,527.,0.007,0.003,0,2311092.,901629,901630, , ,2025-08-12 21:11:00,True,False,False,3.1731308759865215
2025-08-12,FHMRF,FHMRF,2025/08/12,21:14:00,CMA572,LFPGVHHH,370,-13,46 N,33.2,224.5,28.0,18619.7,84.520,-0.198,-0.9,-1.0,12078.0,56491.0,55995.,55995.,0.0,0.,11971.,11971.0,0.,0.0,6887.,3.3,6887.0,3.4,0.0,0.0,0.,0.0,14236.0,13773.,3.4,0.03442,0.03521,-2.2,0.832,271,490.,529.,0.008,-0.002,0,2307826.,901629,901630, , ,2025-08-12 21:14:00,True,False,False,3.177906712355853
2025-08-12,FHMRF,FHMRF,2025/08/12,21:18:17,CMA572,LFPGVHHH,370,-13,46 N,33.3,224.0,24.0,18616.5,84.330,-0.189,-0.8,-1.0,11970.0,55985.0,55510.,55510.,0.0,0.,11868.,11868.0,0.,0.0,6832.,3.2,6832.0,3.6,0.0,0.0,0.,0.0,14131.0,13664.,3.4,0.03468,0.0355,-2.3,0.832,271,490.,531.,0.001,0.022,0,2302862.,901629,901630, , ,2025-08-12 21:18:17,True,False,False,3.182769005709157
2025-08-12,FHMRF,FHMRF,2025/08/12,21:32:49,CMA572,LFPGVHHH,370,-13,45 N,32.7,222.5,24.0,18616.9,84.610,-0.446,-2.0,-2.0,12244.0,57269.0,56150.,56150.,0.0,0.,12005.,12005.0,0.,0.0,6897.,3.3,6897.0,3.2,0.0,0.0,0.,0.0,14244.0,13794.,3.3,0.03434,0.03474,-1.2,0.83,271,489.,543.,0.03,0.007,0,2286510.,901629,901630, , ,2025-08-12 21:32:49,True,False,False,3.187721520216745
2025-08-12,FHMRF,FHMRF,2025/08/12,21:36:17,CMA572,LFPGVHHH,370,-13,45 N,32.5,222.1,24.0,18616.9,84.210,-0.176,-0.7,-0.8,11848.0,55416.0,55049.,55049.,0.0,0.,11769.,11769.0,0.,0.0,6785.,3.3,6785.0,3.2,0.0,0.0,0.,0.0,14014.0,13569.,3.3,0.03497,0.03581,-2.4,0.831,271,490.,546.,-0.001,0.014,0,2282581.,901629,901630, , ,2025-08-12 21:36:17,True,False,False,3.192767925181058
2025-08-12,FHMRF,FHMRF,2025/08/12,22:01:59,CMA572,LFPGVHHH,370,-12,43 N,31.7,219.4,26.0,18618.7,84.120,-0.228,-0.9,-0.9,11762.0,55016.0,54543.,54543.,0.0,0.,11661.,11661.0,0.,0.0,6763.,2.8,6763.0,3.1,0.0,0.0,0.,0.0,13921.0,13525.,2.9,0.03521,0.03592,-2.0,0.83,271,490.,539.,0.003,-0.011,0,2253599.,901629,901630, , ,2025-08-12 22:01:59,True,False,False,3.1979117690239676
2025-08-12,FHMRF,FHMRF,2025/08/12,22:12:49,CMA572,LFPGVHHH,370,-11,43 N,31.4,218.3,28.0,18617.0,84.110,-0.258,-1.0,-1.0,11733.0,54877.0,54342.,54342.,0.0,0.,11619.,11619.0,0.,0.0,6750.,3.1,6750.0,2.8,0.0,0.0,0.,0.0,13898.0,13500.,2.9,0.0353,0.03599,-1.9,0.83,271,491.,537.,0.004,0.011,0,2241780.,901629,901630, , ,2025-08-12 22:12:49,True,False,False,3.203156453732392
2025-08-12,FHMRF,FHMRF,2025/08/12,22:47:35,CMA572,LFPGVHHH,390,-15,42 N,30.5,214.6,28.0,18618.9,85.190,-0.174,-0.7,-0.8,11388.0,58640.0,58201.,58201.,0.0,0.,11303.,11303.0,0.,0.0,6520.,2.8,6520.0,3.0,0.0,0.0,0.,0.0,13421.0,13039.,2.9,0.03643,0.03721,-2.1,0.833,259,489.,526.,-0.011,-0.002,0,2426558.,901629,901630, , ,2025-08-12 22:47:35,True,False,False,3.2085052099556015
2025-08-12,FHMRF,FHMRF,2025/08/12,22:52:53,CMA572,LFPGVHHH,390,-15,42 N,30.4,214.0,28.0,18618.9,85.565,-0.066,-0.3,-0.3,11551.0,59480.0,59325.,59300.,0.0,0.,11521.,11516.0,0.,0.0,6621.,1.2,6618.0,2.6,0.0,0.0,0.,0.0,13490.0,13239.,1.9,0.03614,0.0367,-1.5,0.831,259,488.,527.,0.007,-0.004,2,2420270.,901629,901630, , ,2025-08-12 22:52:53,True,False,False,3.2139610729450863
2025-08-13,FHMRF,FHMRF,2025/08/13,00:44:41,CMA572,LFPGVHHH,390,-11,41 N,28.5,202.8,28.0,18622.9,84.470,-0.325,-1.3,-1.3,10833.0,55782.0,55032.,55032.,0.0,0.,10687.,10687.0,0.,0.0,6232.,3.1,6232.0,3.2,0.0,0.0,0.,0.0,12861.0,12463.,3.2,0.03815,0.03885,-1.8,0.83,258,491.,572.,-0.008,0.004,0,2292104.,901629,901630, , ,2025-08-13 00:44:41,True,False,False,3.21952685951215
2025-08-13,FHMRF,FHMRF,2025/08/13,01:18:57,CMA572,LFPGVHHH,390,-12,41 N,28.1,199.5,23.0,18621.2,84.200,-0.655,-2.6,-2.5,10883.0,56038.0,54557.,54557.,0.0,0.,10595.,10595.0,0.,0.0,6178.,3.4,6178.0,3.0,0.0,0.0,0.,0.0,12750.0,12356.,3.2,0.03846,0.0387,-0.6,0.83,258,490.,567.,0.01,-0.021,0,2254729.,901629,901630, , ,2025-08-13 01:18:57,True,False,False,3.2252051461482885
2025-08-13,FHMRF,FHMRF,2025/08/13,01:27:38,CMA572,LFPGVHHH,390,-12,41 N,28.0,198.7,23.0,18621.2,84.410,-0.058,-0.2,-0.3,10696.0,55072.0,54952.,54952.,0.0,0.,10672.,10672.0,0.,0.0,6217.,3.0,6217.0,3.1,0.0,0.0,0.,0.0,12812.0,12433.,3.0,0.03824,0.03929,-2.7,0.829,258,490.,568.,-0.003,0.016,0,2245149.,901629,901630, , ,2025-08-13 01:27:38,True,False,False,3.230998248412215
2025-08-13,FHMRF,FHMRF,2025/08/13,01:36:46,CMA572,LFPGVHHH,390,-11,41 N,27.9,197.8,22.0,18621.2,84.490,-0.255,-1.0,-1.0,10805.0,55640.0,55061.,55061.,0.0,0.,10693.,10693.0,0.,0.0,6230.,2.7,6230.0,3.0,0.0,0.0,0.,0.0,12817.0,12459.,2.9,0.03824,0.03893,-1.8,0.829,258,490.,571.,0.01,0.024,0,2235295.,901629,901630, , ,2025-08-13 01:36:46,True,False,False,3.2369082016449804
2025-08-13,FHMRF,FHMRF,2025/08/13,01:39:46,CMA572,LFPGVHHH,390,-11,41 N,27.9,197.5,22.0,18621.2,84.640,-0.363,-1.6,-1.6,10920.0,56227.0,55324.,55324.,0.0,0.,10744.,10744.0,0.,0.0,6255.,2.9,6255.0,3.2,0.0,0.0,0.,0.0,12892.0,12510.,3.1,0.03798,0.03853,-1.4,0.828,258,490.,575.,0.022,0.018,0,2231800.,901629,901630, , ,2025-08-13 01:39:46,True,False,False,3.2429367430414735
2025-08-13,FHMRF,FHMRF,2025/08/13,04:30:03,CMA572,LFPGVHHH,411,-20,36 N,27.1,181.8,22.0,18624.1,82.830,-0.004,-0.0,-0.1,9589.0,54623.0,54616.,54616.,0.0,0.,9588.,9588.0,0.,0.0,5523.,2.8,5523.0,3.5,0.0,0.0,0.,0.0,11394.0,11047.,3.1,0.04251,0.04381,-3.0,0.834,248,484.,535.,-0.029,-0.017,0,2272057.,901629,901630, , ,2025-08-13 04:30:03,True,False,False,3.2490852950839675
2025-08-13,FHMRF,FHMRF,2025/08/13,05:27:33,CMA572,LFPGVHHH,411,-22,29 N,27.0,176.8,23.0,18622.4,82.500,-0.315,-1.2,-1.2,9724.0,55391.0,54710.,54710.,0.0,0.,9605.,9605.0,0.,0.0,5503.,2.9,5503.0,2.9,0.0,0.0,0.,0.0,11326.0,11005.,2.9,0.04257,0.04329,-1.7,0.834,247,482.,479.,0.004,0.018,0,2212193.,901629,901630, , ,2025-08-13 05:27:33,True,False,False,3.25535495032514
2025-08-13,FHMRF,FHMRF,2025/08/13,23:38:27,CMA573,UBBBLFPG,340,-5,41 N,25.2,273.2,27.0,18605.6,87.100,-0.131,-0.5,-0.7,14669.0,59452.0,59131.,59131.,0.0,0.,14590.,14590.0,0.,0.0,8455.,3.5,8455.0,3.5,0.0,0.0,0.,0.0,17509.0,16910.,3.5,0.0283,0.02909,-2.7,0.828,289,496.,450.,-0.002,-0.009,0,2447095.,901629,901630, , ,2025-08-13 23:38:27,True,False,False,3.2617464574897097
2025-08-13,FHMRF,FHMRF,2025/08/13,23:44:46,CMA573,UBBBLFPG,340,-6,41 N,25.1,272.4,28.0,18614.4,86.550,-0.48,-2.0,-2.0,14678.0,59491.0,58311.,58311.,0.0,0.,14387.,14387.0,0.,0.0,8318.,3.8,8318.0,4.1,0.0,0.0,0.,0.0,17293.0,16636.,3.9,0.02858,0.0291,-1.8,0.828,289,494.,438.,0.002,-0.008,0,2439444.,901629,901630, , ,2025-08-13 23:44:46,True,False,False,3.2682602088462755
2025-08-13,FHMRF,FHMRF,2025/08/13,23:50:42,CMA573,UBBBLFPG,340,-6,42 N,25.1,271.6,28.0,18618.4,86.630,-0.28,-1.2,-1.3,14593.0,59144.0,58456.,58456.,0.0,0.,14423.,14423.0,0.,0.0,8338.,3.3,8338.0,3.8,0.0,0.0,0.,0.0,17270.0,16676.,3.6,0.02863,0.02927,-2.2,0.828,289,494.,440.,-0.001,0.003,0,2432550.,901629,901630, , ,2025-08-13 23:50:42,True,False,False,3.2748962287881005
2025-08-13,FHMRF,FHMRF,2025/08/13,23:58:11,CMA573,UBBBLFPG,340,-7,42 N,25.0,270.7,28.0,18616.7,86.540,-0.51,-2.1,-2.2,14742.0,59750.0,58486.,58486.,0.0,0.,14430.,14430.0,0.,0.0,8331.,3.2,8331.0,3.9,0.0,0.0,0.,0.0,17259.0,16662.,3.6,0.02861,0.02899,-1.3,0.828,289,494.,442.,0.012,0.011,0,2423846.,901629,901630, , ,2025-08-13 23:58:11,True,False,False,3.281654163559448
2025-08-14,FHMRF,FHMRF,2025/08/14,00:02:51,CMA573,UBBBLFPG,340,-7,42 N,25.0,270.1,28.0,18613.5,86.080,-0.644,-2.7,-2.7,14558.0,59004.0,57420.,57420.,0.0,0.,14167.,14167.0,0.,0.0,8194.,3.4,8194.0,3.5,0.0,0.0,0.,0.0,16955.0,16387.,3.5,0.02915,0.02935,-0.7,0.829,289,494.,442.,0.002,-0.013,0,2418706.,901629,901630, , ,2025-08-14 00:02:51,True,False,False,3.2885332720771947
2025-08-14,FHMRF,FHMRF,2025/08/14,00:05:51,CMA573,UBBBLFPG,340,-7,42 N,25.0,269.7,28.0,18611.6,86.110,-0.5,-2.1,-2.1,14493.0,58744.0,57514.,57514.,0.0,0.,14190.,14190.0,0.,0.0,8206.,3.2,8206.0,3.6,0.0,0.0,0.,0.0,16976.0,16412.,3.4,0.02911,0.02947,-1.2,0.829,289,494.,443.,-0.001,0.002,0,2415238.,901629,901630, , ,2025-08-14 00:05:51,True,False,False,3.2955324178231717
2025-08-14,FHMRF,FHMRF,2025/08/14,00:58:28,CMA573,UBBBLFPG,340,-8,45 N,24.7,263.0,28.0,18611.8,85.640,-0.286,-1.2,-1.4,14162.0,57399.0,56677.,56709.,0.0,0.,13984.,13992.0,0.,0.0,8105.,3.3,8097.0,3.4,0.0,0.0,0.,0.0,16746.0,16202.,3.4,0.0296,0.03018,-1.9,0.833,291,496.,451.,-0.003,0.019,0,2354779.,901629,901630, , ,2025-08-14 00:58:28,True,False,False,3.302650061812251
2025-08-14,FHMRF,FHMRF,2025/08/14,01:09:02,CMA573,UBBBLFPG,340,-7,46 N,24.6,261.6,28.0,18615.7,85.770,-0.146,-0.6,-0.8,14095.0,57130.0,56755.,56787.,0.0,0.,14003.,14010.0,0.,0.0,8124.,3.4,8117.0,3.7,0.0,0.0,0.,0.0,16817.0,16241.,3.5,0.02951,0.03031,-2.6,0.833,291,496.,449.,-0.003,0.004,0,2343298.,901629,901630, , ,2025-08-14 01:09:02,True,False,False,3.309884256667007
2025-08-14,FHMRF,FHMRF,2025/08/14,01:12:02,CMA573,UBBBLFPG,340,-7,46 N,24.6,261.2,28.0,18615.7,85.785,-0.493,-2.1,-2.2,14332.0,58089.0,56868.,56875.,0.0,0.,14031.,14032.0,0.,0.0,8136.,3.0,8125.0,3.7,0.0,0.0,0.,0.0,16810.0,16262.,3.4,0.02951,0.02985,-1.1,0.833,291,496.,450.,0.014,0.003,0,2339844.,901629,901630, , ,2025-08-14 01:12:02,True,False,False,3.317232641849342
2025-08-14,FHMRF,FHMRF,2025/08/14,01:34:27,CMA573,UBBBLFPG,340,-8,47 N,24.6,258.4,24.0,18614.7,85.290,-0.378,-1.6,-1.7,14058.0,56980.0,56031.,56062.,0.0,0.,13824.,13832.0,0.,0.0,8007.,2.8,8000.0,3.5,0.0,0.0,0.,0.0,16516.0,16007.,3.2,0.02998,0.0304,-1.4,0.833,291,495.,457.,0.006,-0.001,0,2314685.,901629,901630, , ,2025-08-14 01:34:27,True,False,False,3.3246924401140467
2025-08-14,FHMRF,FHMRF,2025/08/14,07:59:41,CMA632,LFPGZSPD,350,-13,47 N,32.7,248.9,26.0,18616.8,84.590,-0.144,-0.6,-0.8,13271.0,56395.0,56034.,56037.,0.0,0.,13186.,13186.0,0.,0.0,7548.,2.7,7547.0,3.2,0.0,0.0,0.,0.0,15537.0,15095.,2.9,0.03143,0.03209,-2.1,0.828,283,488.,489.,0.008,0.012,0,2326082.,901629,901630, , ,2025-08-14 07:59:41,True,False,False,3.332260455260519
2025-08-14,FHMRF,FHMRF,2025/08/14,09:20:37,CMA632,LFPGZSPD,370,-12,43 N,34.2,239.5,22.0,18613.1,85.920,-0.366,-1.6,-1.7,12853.0,60118.0,59167.,59171.,0.0,0.,12650.,12650.0,0.,0.0,7256.,3.4,7255.0,3.3,0.0,0.0,0.,0.0,15000.0,14512.,3.4,0.03268,0.03321,-1.6,0.831,271,490.,522.,0.011,-0.015,0,2461873.,901629,901630, , ,2025-08-14 09:20:37,True,False,False,3.339933071266228
2025-08-14,FHMRF,FHMRF,2025/08/14,09:29:44,CMA632,LFPGZSPD,370,-12,43 N,33.8,238.5,22.0,18617.0,85.790,-0.227,-1.0,-1.1,12721.0,59500.0,58923.,58939.,0.0,0.,12597.,12601.0,0.,0.0,7218.,3.2,7215.0,3.3,0.0,0.0,0.,0.0,14904.0,14434.,3.3,0.03288,0.03356,-2.0,0.831,271,490.,527.,0.005,0.000,0,2450351.,901629,901630, , ,2025-08-14 09:29:44,True,False,False,3.347706252886034
2025-08-14,FHMRF,FHMRF,2025/08/14,10:20:52,CMA632,LFPGZSPD,370,-10,42 N,32.1,232.8,26.0,18613.2,85.890,-0.38,-1.6,-1.7,12666.0,59246.0,58291.,58307.,0.0,0.,12462.,12466.0,0.,0.0,7181.,3.1,7178.0,3.1,0.0,0.0,0.,0.0,14805.0,14360.,3.1,0.0332,0.03364,-1.3,0.83,270,492.,544.,0.022,-0.008,0,2390696.,901629,901630, , ,2025-08-14 10:20:52,True,False,False,3.355575547794269
2025-08-14,FHMRF,FHMRF,2025/08/14,10:27:46,CMA632,LFPGZSPD,370,-10,42 N,31.9,232.0,26.0,18613.2,85.720,-0.522,-2.2,-2.3,12594.0,58905.0,57599.,57614.,0.0,0.,12314.,12318.0,0.,0.0,7114.,3.5,7110.0,3.0,0.0,0.0,0.,0.0,14687.0,14224.,3.3,0.03351,0.03381,-0.9,0.83,271,492.,549.,0.019,0.002,0,2382730.,901629,901630, , ,2025-08-14 10:27:46,True,False,False,3.3635360903350757
2025-08-14,FHMRF,FHMRF,2025/08/14,11:15:16,CMA632,LFPGZSPD,370,-9,41 N,31.0,226.8,26.0,18617.2,85.460,-0.727,-3.1,-3.1,12463.0,58291.0,56475.,56491.,0.0,0.,12075.,12078.0,0.,0.0,7004.,3.4,7001.0,3.4,0.0,0.0,0.,0.0,14480.0,14005.,3.4,0.03406,0.03413,-0.2,0.83,271,493.,572.,0.028,0.009,0,2328251.,901629,901630, , ,2025-08-14 11:15:16,True,False,False,3.371582606935231
2025-08-15,FHMRF,FHMRF,2025/08/15,06:29:38,CMA633,ZSPDUBBB,320,-11,45 N,30.9,251.5,24.0,18620.0,82.080,-0.108,-0.5,-0.7,13636.0,50334.0,50082.,50073.,0.0,0.,13568.,13565.0,0.,0.0,7829.,3.1,7831.0,3.0,0.0,0.0,0.,0.0,16142.0,15660.,3.1,0.0304,0.03111,-2.3,0.83,303,491.,429.,-0.006,0.021,0,2051326.,901629,901630, , ,2025-08-15 06:29:38,True,False,False,3.379709423223722
2025-08-15,FHMRF,FHMRF,2025/08/15,12:04:41,CMA633,UBBBLFPG,340,-5,44 N,29.3,258.2,26.0,18628.4,85.590,-0.071,-0.3,-0.6,13737.0,55677.0,55421.,55586.,0.0,0.,13674.,13715.0,0.,0.0,7996.,3.4,7957.0,4.3,0.0,0.0,0.,0.0,16568.0,15953.,3.9,0.03007,0.03106,-3.2,0.833,291,498.,462.,-0.008,0.003,0,2312341.,901629,901630, , ,2025-08-15 12:04:41,True,False,False,3.3879104728931106
2025-08-15,FHMRF,FHMRF,2025/08/15,21:58:36,CMA582,LFPGVHHH,370,-12,43 N,32.0,222.8,22.0,18617.0,84.670,-0.14,-0.6,-0.8,11989.0,56080.0,55720.,55739.,0.0,0.,11913.,11917.0,0.,0.0,6874.,3.0,6870.0,3.0,0.0,0.0,0.,0.0,14156.0,13744.,3.0,0.03468,0.03543,-2.1,0.831,271,491.,530.,0.007,0.006,0,2288742.,901629,901630, , ,2025-08-15 21:58:36,True,False,False,3.396179308330022
2025-08-15,FHMRF,FHMRF,2025/08/15,22:14:39,CMA582,LFPGVHHH,370,-11,42 N,31.5,221.1,26.0,18619.9,84.560,-0.29,-1.2,-1.3,11933.0,55815.0,55144.,55162.,0.0,0.,11789.,11793.0,0.,0.0,6824.,3.2,6820.0,3.3,0.0,0.0,0.,0.0,14085.0,13644.,3.2,0.03492,0.03556,-1.8,0.831,271,492.,540.,0.008,0.019,0,2270788.,901629,901630, , ,2025-08-15 22:14:39,True,False,False,3.4045091130373693
2025-08-15,FHMRF,FHMRF,2025/08/15,22:17:53,CMA582,LFPGVHHH,370,-10,42 N,31.4,220.7,26.0,18619.9,84.270,-0.147,-0.6,-0.8,11711.0,54777.0,54464.,54482.,0.0,0.,11644.,11648.0,0.,0.0,6755.,2.7,6751.0,3.3,0.0,0.0,0.,0.0,13911.0,13506.,3.0,0.03541,0.03619,-2.2,0.832,271,493.,540.,-0.009,0.000,0,2267241.,901629,901630, , ,2025-08-15 22:17:53,True,False,False,3.4128927158687827
2025-08-15,FHMRF,FHMRF,2025/08/15,22:52:11,CMA582,LFPGVHHH,390,-15,42 N,30.6,217.0,27.0,18622.8,86.150,-0.14,-0.6,-0.8,11886.0,61200.0,60816.,60839.,0.0,0.,11811.,11815.0,0.,0.0,6743.,2.8,6739.0,2.6,0.0,0.0,0.,0.0,13844.0,13481.,2.7,0.0352,0.03584,-1.8,0.83,258,487.,551.,0.021,0.092,0,2453276.,901629,901630, , ,2025-08-15 22:52:11,True,False,False,3.4213226070916916
2025-08-15,FHMRF,FHMRF,2025/08/15,23:57:02,CMA582,LFPGVHHH,390,-13,41 N,29.5,210.4,27.0,18622.9,85.050,-0.247,-1.1,-1.3,11266.0,58010.0,57376.,57398.,0.0,0.,11142.,11147.0,0.,0.0,6420.,3.3,6416.0,3.2,0.0,0.0,0.,0.0,13252.0,12835.,3.2,0.03696,0.03768,-1.9,0.832,259,490.,577.,-0.003,0.001,0,2377357.,901629,901630, , ,2025-08-15 23:57:02,True,False,False,3.4297909562832927
2025-08-16,FHMRF,FHMRF,2025/08/16,00:39:29,CMA582,LFPGVHHH,390,-13,41 N,28.9,206.2,27.0,18626.9,85.010,-0.17,-0.7,-1.0,11166.0,57497.0,57057.,57079.,0.0,0.,11080.,11085.0,0.,0.0,6389.,3.6,6385.0,2.9,0.0,0.0,0.,0.0,13187.0,12775.,3.2,0.03714,0.03797,-2.2,0.831,259,490.,570.,0.007,-0.021,0,2329680.,901629,901630, , ,2025-08-16 00:39:29,True,False,False,3.438289632039772
2025-10-09,FHMRF,FHMRF,2025/10/09,11:15:22,CMA632,LFPGZSPD,350,-10,43 N,33.8,265.8,29.0,18612.1,85.995,-0.079,-0.3,-0.5,13840.0,58817.0,58625.,58616.,0.0,0.,13796.,13793.0,0.,0.0,7922.,3.9,7915.0,3.4,0.0,0.0,0.,0.0,16422.0,15837.,3.7,0.02993,0.03087,-3.0,0.83,283,492.,546.,-0.014,0.051,0,2482671.,901629,901630, , ,2025-10-09 11:15:22,True,False,False,3.446810223446295
2025-10-09,FHMRF,FHMRF,2025/10/09,16:19:49,CMA632,LFPGZSPD,371,-15,40 N,30.7,230.4,26.0,18616.5,84.510,-0.628,-2.7,-2.3,12329.0,57944.0,56371.,56367.,0.0,0.,11994.,11993.0,0.,0.0,6940.,3.7,6941.0,3.6,0.0,0.0,0.,0.0,14392.0,13881.,3.7,0.03387,0.03429,-1.2,0.83,270,487.,597.,0.006,0.002,0,2376302.,901629,901630, , ,2025-10-09 16:19:49,True,False,False,3.455344063221317
2025-10-09,FHMRF,FHMRF,2025/10/09,16:23:08,CMA632,LFPGZSPD,371,-15,40 N,30.7,230.1,26.0,18616.5,84.580,-0.37,-1.6,-1.3,12226.0,57460.0,56534.,56530.,0.0,0.,12029.,12028.0,0.,0.0,6955.,3.3,6956.0,3.5,0.0,0.0,0.,0.0,14386.0,13911.,3.4,0.03384,0.03454,-2.0,0.829,270,487.,597.,0.0,0.015,0,2372494.,901629,901630, , ,2025-10-09 16:23:08,True,False,False,3.4638822524233293
2025-10-09,FHMRF,FHMRF,2025/10/09,16:33:04,CMA632,LFPGZSPD,371,-15,41 N,30.7,229.0,26.0,18616.5,84.620,-0.367,-1.6,-1.3,12260.0,57622.0,56704.,56700.,0.0,0.,12065.,12064.0,0.,0.0,6971.,3.3,6972.0,3.5,0.0,0.0,0.,0.0,14418.0,13943.,3.4,0.03376,0.03445,-2.0,0.829,270,487.,588.,0.007,0.004,0,2361798.,901629,901630, , ,2025-10-09 16:33:04,True,False,False,3.4724156865969262
2025-10-10,FHMRF,FHMRF,2025/10/10,03:57:42,CMA633,ZSPDUBBB,321,-22,47 N,23.8,266.7,30.0,18593.0,81.915,-0.276,-1.1,-0.9,14552.0,53968.0,53378.,53399.,0.0,0.,14393.,14399.0,0.,0.0,8147.,2.8,8150.0,2.8,0.0,0.0,0.,0.0,16752.0,16297.,2.8,0.02868,0.02923,-1.9,0.83,302,480.,445.,0.016,-0.003,2,2186282.,901629,901630, , ,2025-10-10 03:57:42,True,False,False,3.4809350832359085
2025-10-10,FHMRF,FHMRF,2025/10/10,06:16:15,CMA633,ZSPDUBBB,340,-9,41 N,23.0,249.7,24.0,18608.5,84.220,-0.447,-1.7,-1.8,13539.0,54872.0,53959.,53939.,0.0,0.,13313.,13308.0,0.,0.0,7723.,3.0,7728.0,3.0,0.0,0.0,0.,0.0,15912.0,15451.,3.0,0.03112,0.03148,-1.2,0.834,292,495.,429.,-0.003,-0.001,0,2236105.,901629,901630, , ,2025-10-10 06:16:15,True,False,False,3.4894310104447293
2025-10-11,FHMRF,FHMRF,2025/10/11,00:52:28,CMA582,LFPGVHHH,390,-19,41 N,29.5,210.0,26.0,18620.3,83.810,-0.43,-1.9,-2.0,11176.0,57548.0,56471.,56432.,0.0,0.,10967.,10959.0,0.,0.0,6248.,3.8,6255.0,3.5,0.0,0.0,0.,0.0,12961.0,12502.,3.7,0.03739,0.038,-1.6,0.832,259,485.,577.,-0.007,0.015,0,2373552.,901629,901630, , ,2025-10-11 00:52:28,True,False,False,3.4978939166752863
2025-10-11,FHMRF,FHMRF,2025/10/11,00:57:54,CMA582,LFPGVHHH,390,-19,41 N,29.5,209.5,24.0,18624.2,84.095,-0.255,-1.1,-1.3,11249.0,57924.0,57305.,57240.,0.0,0.,11129.,11116.0,0.,0.0,6322.,3.5,6327.0,3.5,0.0,0.0,0.,0.0,13095.0,12649.,3.5,0.03695,0.03778,-2.2,0.831,259,484.,577.,0.003,-0.014,0,2367624.,901629,901630, , ,2025-10-11 00:57:54,True,False,False,3.5063141613988558
2025-10-11,FHMRF,FHMRF,2025/10/11,01:00:54,CMA582,LFPGVHHH,390,-19,41 N,29.5,209.2,24.0,18623.0,83.840,-0.487,-2.1,-2.2,11226.0,57804.0,56582.,56543.,0.0,0.,10989.,10981.0,0.,0.0,6252.,4.1,6259.0,3.3,0.0,0.0,0.,0.0,12976.0,12511.,3.7,0.0373,0.03784,-1.4,0.831,259,484.,577.,0.002,0.006,0,2364123.,901629,901630, , ,2025-10-11 01:00:54,True,False,False,3.5146820465480557
2025-10-11,FHMRF,FHMRF,2025/10/11,01:03:39,CMA582,LFPGVHHH,390,-19,41 N,29.4,208.9,24.0,18621.1,83.970,-0.344,-1.5,-1.6,11223.0,57789.0,56931.,56892.,0.0,0.,11056.,11048.0,0.,0.0,6287.,4.1,6294.0,3.4,0.0,0.0,0.,0.0,13054.0,12581.,3.8,0.03708,0.03785,-2.0,0.831,259,484.,577.,0.003,0.003,0,2361063.,901629,901630, , ,2025-10-11 01:03:39,True,False,False,3.522987848542577
2025-10-11,FHMRF,FHMRF,2025/10/11,01:09:29,CMA582,LFPGVHHH,390,-19,41 N,29.4,208.4,24.0,18619.2,83.840,-0.468,-2.1,-2.1,11189.0,57616.0,56444.,56405.,0.0,0.,10961.,10954.0,0.,0.0,6244.,3.8,6251.0,3.6,0.0,0.0,0.,0.0,12955.0,12495.,3.7,0.03739,0.03794,-1.5,0.831,259,484.,577.,0.003,-0.024,0,2354520.,901629,901630, , ,2025-10-11 01:09:29,True,False,False,3.5312218507036377
2025-10-11,FHMRF,FHMRF,2025/10/11,01:10:29,CMA582,LFPGVHHH,390,-18,41 N,29.4,208.3,24.0,18618.6,84.000,-0.304,-1.3,-1.5,11181.0,57574.0,56819.,56780.,0.0,0.,11035.,11027.0,0.,0.0,6279.,4.5,6286.0,3.5,0.0,0.0,0.,0.0,13068.0,12565.,4.0,0.03703,0.03795,-2.4,0.83,258,484.,577.,0.003,0.026,0,2353284.,901629,901630, , ,2025-10-11 01:10:29,True,False,False,3.5393743758660525
2025-10-11,FHMRF,FHMRF,2025/10/11,05:54:57,CMA582,LFPGVHHH,391,-19,24 N,28.4,181.8,23.0,18618.6,81.420,-0.253,-1.2,-1.3,10014.0,51813.0,51205.,51170.,0.0,0.,9896.,9890.0,0.,0.0,5681.,3.7,5688.0,3.3,0.0,0.0,0.,0.0,11772.0,11369.,3.5,0.04106,0.04196,-2.2,0.83,258,483.,482.,-0.002,-0.006,0,2061352.,901629,901630, , ,2025-10-11 05:54:57,True,False,False,3.5474358190096846
2025-10-11,FHMRF,FHMRF,2025/10/11,17:40:04,CMA583,VHHHUBBB,340,-13,40 N,24.8,256.9,24.0,18612.3,84.250,-0.463,-2.0,-2.1,13974.0,56635.0,55477.,55477.,0.0,0.,13688.,13688.0,0.,0.0,7845.,3.7,7845.0,3.2,0.0,0.0,0.,0.0,16229.0,15689.,3.4,0.03029,0.03067,-1.2,0.835,292,492.,415.,0.006,-0.004,0,2300191.,901629,901630, , ,2025-10-11 17:40:04,True,False,False,3.5553966797499874
2025-10-11,FHMRF,FHMRF,2025/10/11,17:49:07,CMA583,VHHHUBBB,340,-13,40 N,24.7,255.8,24.0,18612.3,84.170,-0.307,-1.3,-1.4,13820.0,56010.0,55279.,55279.,0.0,0.,13639.,13639.0,0.,0.0,7820.,3.4,7820.0,3.4,0.0,0.0,0.,0.0,16178.0,15641.,3.4,0.03039,0.03098,-1.9,0.835,292,492.,413.,-0.001,0.023,0,2290319.,901629,901630, , ,2025-10-11 17:49:07,True,False,False,3.563247594546415
2025-10-12,FHMRF,FHMRF,2025/10/12,02:19:32,CMA583,UBBBLFPG,340,-21,47 N,24.1,254.3,24.0,18609.4,82.530,-0.394,-1.5,-1.6,13643.0,55298.0,54464.,54464.,0.0,0.,13437.,13437.0,0.,0.0,7575.,3.9,7575.0,3.5,0.0,0.0,0.,0.0,15707.0,15150.,3.7,0.0308,0.03141,-2.0,0.834,291,484.,458.,-0.004,-0.021,0,2277777.,901629,901630, , ,2025-10-12 02:19:32,True,False,False,3.5709793685020808
2025-10-12,FHMRF,FHMRF,2025/10/12,11:06:56,CMA626,LFPGZSPD,350,-18,41 N,33.0,256.9,28.0,18617.4,84.210,-0.226,-1.0,-1.1,13570.0,57667.0,57109.,57087.,0.0,0.,13439.,13434.0,0.,0.0,7593.,4.2,7598.0,3.6,0.0,0.0,0.,0.0,15786.0,15191.,3.9,0.03068,0.03151,-2.7,0.829,283,484.,588.,0.004,0.005,0,2396310.,901629,901630, , ,2025-10-12 11:06:56,True,False,False,3.578583006634109
2025-10-12,FHMRF,FHMRF,2025/10/12,11:25:00,CMA626,LFPGZSPD,350,-17,41 N,32.6,254.8,28.0,18617.4,84.100,-0.34,-1.5,-1.5,13491.0,57334.0,56479.,56479.,0.0,0.,13290.,13290.0,0.,0.0,7562.,3.9,7562.0,3.0,0.0,0.0,0.,0.0,15644.0,15124.,3.4,0.03099,0.03159,-1.9,0.829,283,485.,593.,0.006,-0.019,0,2376376.,901629,901630, , ,2025-10-12 11:25:00,True,False,False,3.586049744493373
2025-10-12,FHMRF,FHMRF,2025/10/12,11:40:17,CMA626,LFPGZSPD,350,-16,41 N,32.3,253.0,28.0,18617.6,83.940,-0.394,-1.7,-1.7,13354.0,56752.0,55765.,55765.,0.0,0.,13122.,13122.0,0.,0.0,7487.,3.5,7487.0,3.7,0.0,0.0,0.,0.0,15514.0,14975.,3.6,0.0313,0.03188,-1.8,0.829,283,486.,582.,0.002,-0.011,0,2360298.,901629,901630, , ,2025-10-12 11:40:17,True,False,False,3.5933710780113546
2025-10-13,FHMRF,FHMRF,2025/10/13,22:34:03,CMA588,LFPGVHHH,390,-28,42 N,29.9,201.3,28.0,18614.2,81.865,-0.114,-0.5,-0.7,10806.0,55642.0,55357.,55377.,0.0,0.,10750.,10754.0,0.,0.0,6001.,4.3,6004.0,3.7,0.0,0.0,0.,0.0,12483.0,12005.,4.0,0.03808,0.03932,-3.1,0.831,259,475.,523.,0.003,-0.015,0,2276327.,901629,901630, , ,2025-10-13 22:34:03,True,False,False,3.60053879245485
2025-10-13,FHMRF,FHMRF,2025/10/13,22:47:16,CMA588,LFPGVHHH,390,-27,42 N,29.6,200.1,28.0,18617.5,81.900,-0.204,-0.9,-1.1,10817.0,55698.0,55223.,55219.,0.0,0.,10725.,10724.0,0.,0.0,5990.,3.9,5991.0,4.4,0.0,0.0,0.,0.0,12481.0,11981.,4.2,0.03809,0.03927,-3.0,0.83,258,475.,530.,0.009,0.029,0,2261811.,901629,901630, , ,2025-10-13 22:47:16,True,False,False,3.6075449903752532
2025-10-14,FHMRF,FHMRF,2025/10/14,02:52:37,CMA588,LFPGVHHH,411,-21,40 N,26.8,177.9,24.0,18616.6,82.650,-0.419,-1.6,-1.7,9734.0,55447.0,54556.,54551.,0.0,0.,9578.,9577.0,0.,0.0,5470.,3.3,5471.0,3.5,0.0,0.0,0.,0.0,11310.0,10941.,3.4,0.04263,0.04331,-1.6,0.831,246,482.,564.,0.005,-0.004,0,2223782.,901629,901630, , ,2025-10-14 02:52:37,True,False,False,3.614382118447053
2025-10-15,FHMRF,FHMRF,2025/10/15,07:38:03,CMA852,LFPGVHHH,390,-30,47 N,28.8,211.2,27.0,18610.5,82.580,-0.219,-1.0,-1.1,11429.0,58853.0,58305.,58256.,0.0,0.,11323.,11313.0,0.,0.0,6269.,3.8,6278.0,3.5,0.0,0.0,0.,0.0,13006.0,12547.,3.7,0.03649,0.03741,-2.5,0.834,260,475.,454.,0.008,0.010,0,2391500.,901629,901630, , ,2025-10-15 07:38:03,True,False,False,3.6210429931029227
2025-10-15,FHMRF,FHMRF,2025/10/15,10:18:37,CMA852,LFPGVHHH,390,-23,42 N,27.0,195.7,28.0,18610.7,81.990,-0.305,-1.2,-1.4,10610.0,54634.0,53995.,53971.,0.0,0.,10486.,10481.0,0.,0.0,5929.,3.3,5933.0,3.4,0.0,0.0,0.,0.0,12263.0,11862.,3.4,0.03913,0.03991,-1.9,0.831,259,480.,539.,0.002,0.008,0,2212627.,901629,901630, , ,2025-10-15 10:18:37,True,False,False,3.627520824891035
2025-10-15,FHMRF,FHMRF,2025/10/15,12:43:32,CMA852,LFPGVHHH,410,-28,41 N,24.3,182.7,24.0,18613.7,81.600,-0.033,-0.1,-0.4,9725.0,55131.0,55073.,55046.,0.0,0.,9715.,9710.0,0.,0.0,5446.,4.4,5451.0,3.7,0.0,0.0,0.,0.0,11339.0,10897.,4.1,0.04201,0.04353,-3.5,0.834,248,476.,537.,-0.022,0.004,0,2272663.,901629,901630, , ,2025-10-15 12:43:32,True,False,False,3.6338092414979344
2025-10-15,FHMRF,FHMRF,2025/10/15,14:09:17,CMA852,LFPGVHHH,411,-24,40 N,23.2,175.2,24.0,18616.6,82.370,-0.055,-0.2,-0.5,9694.0,55214.0,55110.,55083.,0.0,0.,9675.,9671.0,0.,0.0,5470.,3.8,5475.0,4.0,0.0,0.0,0.,0.0,11376.0,10945.,3.9,0.04207,0.04351,-3.3,0.83,246,479.,555.,0.009,0.028,0,2190272.,901629,901630, , ,2025-10-15 14:09:17,True,False,False,3.6399023093909713
2025-10-16,FHMRF,FHMRF,2025/10/16,05:33:29,CMA853,VHHHUBBB,340,-16,40 N,21.8,252.3,26.0,18626.9,83.400,-0.473,-1.9,-1.9,13745.0,55710.0,54678.,54675.,0.0,0.,13491.,13490.0,0.,0.0,7674.,3.7,7675.0,3.1,0.0,0.0,0.,0.0,15871.0,15349.,3.4,0.03073,0.03116,-1.4,0.833,291,488.,440.,0.005,0.005,0,2258833.,901629,901630, , ,2025-10-16 05:33:29,True,False,False,3.6457945540396035
2025-10-16,FHMRF,FHMRF,2025/10/16,06:04:23,CMA853,VHHHUBBB,340,-16,40 N,21.7,248.6,26.0,18626.9,82.940,-0.48,-1.8,-1.9,13495.0,54693.0,53689.,53686.,0.0,0.,13247.,13246.0,0.,0.0,7553.,3.5,7554.0,3.2,0.0,0.0,0.,0.0,15614.0,15107.,3.4,0.03128,0.0317,-1.3,0.834,292,488.,431.,-0.002,-0.002,0,2225835.,901629,901630, , ,2025-10-16 06:04:23,True,False,False,3.6514809786812923
2025-10-16,FHMRF,FHMRF,2025/10/16,06:07:23,CMA853,VHHHUBBB,340,-16,40 N,21.7,248.2,26.0,18626.9,82.940,-0.36,-1.4,-1.5,13427.0,54421.0,53669.,53666.,0.0,0.,13242.,13241.0,0.,0.0,7551.,3.6,7552.0,3.6,0.0,0.0,0.,0.0,15644.0,15104.,3.6,0.03122,0.03185,-2.0,0.834,291,488.,430.,-0.006,0.018,0,2222652.,901629,901630, , ,2025-10-16 06:07:23,True,False,False,3.6569570816068158
2025-10-16,FHMRF,FHMRF,2025/10/16,11:54:09,CMA853,UBBBLFPG,320,-15,42 N,22.8,262.9,28.0,18610.8,82.280,-0.059,-0.2,-0.5,14163.0,52280.0,52157.,52157.,0.0,0.,14129.,14129.0,0.,0.0,8051.,2.7,8051.0,3.5,0.0,0.0,0.,0.0,16596.0,16102.,3.1,0.02936,0.03012,-2.5,0.831,303,487.,442.,-0.005,0.018,0,2144003.,901629,901630, , ,2025-10-16 11:54:09,True,False,False,3.662218871945482
2025-10-16,FHMRF,FHMRF,2025/10/16,12:30:29,CMA853,UBBBLFPG,320,-19,44 N,22.6,258.3,28.0,18615.8,82.170,-0.058,-0.2,-0.4,14369.0,53039.0,52913.,52923.,0.0,0.,14335.,14337.0,0.,0.0,8082.,3.1,8080.0,3.5,0.0,0.0,0.,0.0,16691.0,16162.,3.3,0.02889,0.0297,-2.7,0.827,302,482.,459.,0.027,0.019,0,2106190.,901629,901630, , ,2025-10-16 12:30:29,True,False,False,3.667262883926656
2025-10-16,FHMRF,FHMRF,2025/10/16,13:44:55,CMA853,UBBBLFPG,340,-21,48 N,22.3,249.3,24.0,18612.1,82.500,-0.382,-1.5,-1.6,13610.0,55162.0,54352.,54362.,0.0,0.,13410.,13413.0,0.,0.0,7551.,3.6,7549.0,3.6,0.0,0.0,0.,0.0,15644.0,15101.,3.6,0.03083,0.03144,-1.9,0.831,290,482.,477.,0.011,0.003,0,2233401.,901629,901630, , ,2025-10-16 13:44:55,True,False,False,3.672086189579488
2025-10-16,FHMRF,FHMRF,2025/10/16,20:15:39,CMA574,LFPGVHHH,350,-23,48 N,32.9,260.2,27.0,18611.6,83.740,-0.233,-1.0,-1.1,13814.0,58706.0,58127.,58098.,0.0,0.,13678.,13671.0,0.,0.0,7639.,3.5,7645.0,3.5,0.0,0.0,0.,0.0,15820.0,15284.,3.5,0.0304,0.0311,-2.3,0.832,284,481.,479.,0.006,0.005,0,2432069.,901629,901630, , ,2025-10-16 20:15:39,True,False,False,3.676686409810507
2025-10-17,FHMRF,FHMRF,2025/10/17,01:26:49,CMA574,LFPGVHHH,370,-23,41 N,30.4,225.0,28.0,18613.7,83.660,-0.108,-0.5,-0.7,12479.0,58368.0,58102.,58070.,0.0,0.,12422.,12415.0,0.,0.0,7031.,4.2,7037.0,3.5,0.0,0.0,0.,0.0,14603.0,14068.,3.8,0.03356,0.03461,-3.0,0.85,278,490.,555.,-0.004,-0.017,0,2310352.,901629,901630, , ,2025-10-17 01:26:49,True,False,False,3.6810617237730545
2025-10-17,FHMRF,FHMRF,2025/10/17,01:29:49,CMA574,LFPGVHHH,370,-23,41 N,30.4,224.6,28.0,18613.7,83.795,-0.227,-1.0,-1.1,12612.0,58993.0,58406.,58400.,0.0,0.,12487.,12486.0,0.,0.0,7061.,4.8,7070.0,4.1,0.0,0.0,0.,0.0,14757.0,14131.,4.4,0.03318,0.03426,-3.1,0.849,278,490.,556.,0.011,0.002,2,2306789.,901629,901630, , ,2025-10-17 01:29:49,True,False,False,3.6852108764191525
2025-10-17,FHMRF,FHMRF,2025/10/17,01:32:55,CMA574,LFPGVHHH,370,-23,41 N,30.4,224.3,28.0,18613.7,83.530,-0.504,-2.2,-2.2,12619.0,59025.0,57728.,57697.,0.0,0.,12342.,12335.0,0.,0.0,6991.,4.1,6998.0,3.5,0.0,0.0,0.,0.0,14520.0,13989.,3.8,0.03376,0.03426,-1.5,0.85,278,490.,557.,0.009,0.000,0,2303431.,901629,901630, , ,2025-10-17 01:32:55,True,False,False,3.689133184109758
2025-10-17,FHMRF,FHMRF,2025/10/17,01:48:50,CMA574,LFPGVHHH,370,-23,41 N,30.2,222.6,24.0,18613.7,82.670,-0.167,-0.8,-0.9,11962.0,55948.0,55536.,55505.,0.0,0.,11874.,11867.0,0.,0.0,6659.,4.7,6665.0,4.0,0.0,0.0,0.,0.0,13904.0,13323.,4.4,0.03443,0.0356,-3.3,0.829,270,479.,546.,0.01,0.018,0,2285958.,901629,901630, , ,2025-10-17 01:48:50,True,False,False,3.6928285381583454
2025-10-17,FHMRF,FHMRF,2025/10/17,01:52:16,CMA574,LFPGVHHH,370,-23,41 N,30.2,222.3,24.0,18613.7,82.685,-0.267,-1.2,-1.3,12011.0,56181.0,55527.,55471.,0.0,0.,11871.,11859.0,0.,0.0,6660.,4.4,6663.0,4.1,0.0,0.0,0.,0.0,13884.0,13323.,4.2,0.03449,0.03546,-2.7,0.829,270,479.,547.,0.016,-0.030,0,2282281.,901629,901630, , ,2025-10-17 01:52:16,True,False,False,3.696297406197197
2025-10-17,FHMRF,FHMRF,2025/10/17,18:11:36,CMA575,VHHHUBBB,340,-24,47 N,24.3,256.1,24.0,18613.6,82.280,-0.236,-1.0,-1.2,13745.0,55711.0,55166.,55166.,0.0,0.,13611.,13611.0,0.,0.0,7596.,4.2,7596.0,3.7,0.0,0.0,0.,0.0,15794.0,15192.,4.0,0.03042,0.03126,-2.7,0.834,291,480.,451.,-0.002,-0.018,0,2294404.,901629,901630, , ,2025-10-17 18:11:36,True,False,False,3.6995408312835165
2025-10-17,FHMRF,FHMRF,2025/10/17,19:10:15,CMA575,VHHHUBBB,340,-22,43 N,24.1,249.3,24.0,18613.6,82.250,-0.236,-0.9,-1.1,13500.0,54717.0,54218.,54218.,0.0,0.,13377.,13377.0,0.,0.0,7517.,3.6,7517.0,3.8,0.0,0.0,0.,0.0,15592.0,15034.,3.7,0.03093,0.03173,-2.5,0.833,291,482.,438.,0.005,-0.003,0,2230432.,901629,901630, , ,2025-10-17 19:10:15,True,False,False,3.7025604286986447
2025-10-18,FHMRF,FHMRF,2025/10/18,09:53:49,CMA634,LFPGZSPD,350,-22,42 N,35.0,267.6,30.0,18613.1,84.940,-0.128,-0.6,-0.4,14345.0,60962.0,60616.,60623.,0.0,0.,14263.,14265.0,0.,0.0,8038.,3.3,8036.0,2.9,0.0,0.0,0.,0.0,16568.0,16073.,3.1,0.02897,0.02976,-2.6,0.829,283,480.,536.,0.019,-0.002,0,2498262.,901629,901630, , ,2025-10-18 09:53:49,True,False,False,3.7053583804321275
2025-10-19,FHMRF,FHMRF,2025/10/19,02:08:33,CMA635,ZSPDUBBB,301,-14,41 N,33.1,299.6,28.0,18618.9,84.080,0.411,1.6,1.2,16139.0,54596.0,55450.,55453.,0.0,0.,16392.,16393.0,0.,0.0,9328.,4.1,9328.0,4.1,0.0,0.0,0.,0.0,19414.0,18656.,4.1,0.02533,0.02667,-5.0,0.837,319,492.,404.,0.01,-0.004,0,2239447.,901629,901630, , ,2025-10-19 02:08:33,True,False,False,3.707937427375247
2025-10-19,FHMRF,FHMRF,2025/10/19,14:22:51,CMA635,UBBBLFPG,340,-20,49 N,29.9,257.3,27.0,18635.7,83.470,-0.283,-1.3,-1.4,14081.0,57074.0,56351.,56365.,0.0,0.,13903.,13906.0,0.,0.0,7819.,3.5,7816.0,3.5,0.0,0.0,0.,0.0,16178.0,15634.,3.5,0.02991,0.03052,-2.0,0.833,291,484.,443.,0.025,-0.014,0,2304789.,901629,901630, , ,2025-10-19 14:22:51,True,False,False,3.7103008592679405
2025-10-19,FHMRF,FHMRF,2025/10/19,20:20:02,CMA590,LFPGVHHH,350,-23,46 N,33.5,246.1,28.0,18621.9,82.600,-0.281,-1.3,-1.4,13210.0,56141.0,55426.,55429.,0.0,0.,13042.,13043.0,0.,0.0,7298.,3.7,7297.0,3.3,0.0,0.0,0.,0.0,15106.0,14595.,3.5,0.03177,0.03242,-2.0,0.831,284,480.,530.,0.016,0.002,0,2299726.,901629,901630, , ,2025-10-19 20:20:02,True,False,False,3.7124525024470376
2025-10-19,FHMRF,FHMRF,2025/10/19,21:30:59,CMA590,LFPGVHHH,350,-25,43 N,34.4,238.2,24.0,18614.6,81.600,-0.12,-0.5,-0.7,12701.0,53975.0,53718.,53721.,0.0,0.,12641.,12642.0,0.,0.0,7063.,3.7,7063.0,3.5,0.0,0.0,0.,0.0,14635.0,14126.,3.6,0.03263,0.03358,-2.8,0.829,283,478.,539.,0.009,0.028,0,2223725.,901629,901630, , ,2025-10-19 21:30:59,True,False,False,3.714396705438564
2025-10-20,FHMRF,FHMRF,2025/10/20,00:10:37,CMA590,LFPGVHHH,370,-29,41 N,30.8,221.2,29.0,18618.3,81.410,-0.418,-1.7,-1.7,11890.0,55612.0,54646.,54718.,0.0,0.,11683.,11698.0,0.,0.0,6503.,3.7,6489.0,4.3,0.0,0.0,0.,0.0,13511.0,12993.,4.0,0.03513,0.0359,-2.1,0.831,271,475.,510.,0.011,-0.003,0,2271985.,901629,901630, , ,2025-10-20 00:10:37,True,False,False,3.716138322429358
2025-10-20,FHMRF,FHMRF,2025/10/20,00:30:15,CMA590,LFPGVHHH,370,-28,41 N,30.5,219.3,30.0,18621.6,81.320,-0.318,-1.2,-1.3,11769.0,55046.0,54328.,54398.,0.0,0.,11615.,11630.0,0.,0.0,6474.,4.2,6460.0,3.9,0.0,0.0,0.,0.0,13454.0,12933.,4.0,0.03531,0.03624,-2.6,0.831,271,475.,522.,0.008,0.004,0,2252684.,901629,901630, , ,2025-10-20 00:30:15,True,False,False,3.717682694645723
2025-10-20,FHMRF,FHMRF,2025/10/20,00:31:50,CMA590,LFPGVHHH,370,-28,41 N,30.5,219.2,30.0,18621.6,81.460,-0.322,-1.2,-1.4,11826.0,55314.0,54587.,54658.,0.0,0.,11670.,11686.0,0.,0.0,6499.,4.1,6485.0,4.3,0.0,0.0,0.,0.0,13533.0,12985.,4.2,0.03507,0.03606,-2.7,0.83,271,475.,522.,0.014,0.007,0,2251104.,901629,901630, , ,2025-10-20 00:31:50,True,False,False,3.719035629661287
2025-10-20,FHMRF,FHMRF,2025/10/20,00:42:22,CMA590,LFPGVHHH,370,-28,41 N,30.3,218.1,30.0,18625.6,81.270,-0.242,-1.0,-1.1,11681.0,54638.0,54083.,54153.,0.0,0.,11563.,11578.0,0.,0.0,6448.,4.3,6434.0,4.4,0.0,0.0,0.,0.0,13441.0,12881.,4.3,0.03533,0.03647,-3.1,0.83,271,475.,517.,0.006,0.017,0,2240533.,901629,901630, , ,2025-10-20 00:42:22,True,False,False,3.72020337865794
2025-10-20,FHMRF,FHMRF,2025/10/20,00:46:13,CMA590,LFPGVHHH,370,-28,41 N,30.3,217.8,30.0,18620.5,81.120,-0.304,-1.2,-1.3,11648.0,54482.0,53794.,53865.,0.0,0.,11501.,11516.0,0.,0.0,6421.,4.2,6407.0,3.7,0.0,0.0,0.,0.0,13333.0,12828.,3.9,0.03565,0.03657,-2.5,0.831,271,475.,518.,0.004,-0.001,0,2236790.,901629,901630, , ,2025-10-20 00:46:13,True,False,False,3.7211926116775143
2025-10-20,FHMRF,FHMRF,2025/10/20,00:49:13,CMA590,LFPGVHHH,370,-28,41 N,30.2,217.5,30.0,18620.5,80.960,-0.332,-1.3,-1.4,11575.0,54139.0,53390.,53460.,0.0,0.,11415.,11429.0,0.,0.0,6380.,3.9,6366.0,4.1,0.0,0.0,0.,0.0,13258.0,12745.,4.0,0.03586,0.03678,-2.5,0.831,271,475.,518.,-0.001,-0.003,2,2233672.,901629,901630, , ,2025-10-20 00:49:13,True,False,False,3.7220103909276485
2025-10-20,FHMRF,FHMRF,2025/10/20,00:52:13,CMA590,LFPGVHHH,370,-28,41 N,30.2,217.2,30.0,18620.5,81.190,-0.365,-1.4,-1.5,11686.0,54659.0,53840.,53910.,0.0,0.,11511.,11526.0,0.,0.0,6426.,4.3,6412.0,3.8,0.0,0.0,0.,0.0,13361.0,12839.,4.1,0.03556,0.03644,-2.4,0.83,271,475.,518.,0.01,0.000,0,2230644.,901629,901630, , ,2025-10-20 00:52:13,True,False,False,3.722664142238247
2025-10-20,FHMRF,FHMRF,2025/10/20,23:44:38,CMA591,UBBBLFPG,320,-15,42 N,26.1,270.4,28.0,18624.8,82.980,-0.358,-1.4,-1.5,14687.0,54217.0,53480.,53462.,0.0,0.,14488.,14483.0,0.,0.0,8256.,3.7,8261.0,3.7,0.0,0.0,0.,0.0,17131.0,16518.,3.7,0.02859,0.02921,-2.1,0.835,305,490.,402.,0.008,-0.037,0,2205990.,901629,901630, , ,2025-10-20 23:44:38,True,False,False,3.723161624798574
2025-10-20,FHMRF,FHMRF,2025/10/20,23:48:24,CMA591,UBBBLFPG,320,-14,42 N,26.1,270.0,28.0,18621.7,83.170,-0.513,-1.9,-2.0,14834.0,54760.0,53703.,53684.,0.0,0.,14548.,14543.0,0.,0.0,8294.,3.3,8299.0,3.2,0.0,0.0,0.,0.0,17130.0,16593.,3.2,0.02859,0.02892,-1.1,0.834,305,490.,403.,0.019,0.006,0,2202005.,901629,901630, , ,2025-10-20 23:48:24,True,False,False,3.723510899334588
2025-10-21,FHMRF,FHMRF,2025/10/21,00:35:32,CMA591,UBBBLFPG,340,-21,44 N,25.8,263.9,28.0,18622.4,83.390,-0.374,-1.7,-1.7,14161.0,57396.0,56458.,56437.,0.0,0.,13930.,13925.0,0.,0.0,7828.,3.8,7833.0,4.1,0.0,0.0,0.,0.0,16280.0,15660.,4.0,0.02975,0.03039,-2.1,0.835,292,484.,409.,-0.001,-0.004,0,2362616.,901629,901630, , ,2025-10-21 00:35:32,True,False,False,3.723720294908813
2025-10-21,FHMRF,FHMRF,2025/10/21,00:52:38,CMA591,UBBBLFPG,340,-22,45 N,25.7,261.8,28.0,18623.9,83.590,-0.315,-1.4,-1.5,14333.0,58094.0,57287.,57302.,0.0,0.,14134.,14137.0,0.,0.0,7917.,3.9,7914.0,3.9,0.0,0.0,0.,0.0,16446.0,15830.,3.9,0.02937,0.03005,-2.3,0.834,291,483.,411.,0.019,-0.012,0,2344415.,901629,901630, , ,2025-10-21 00:52:38,True,False,False,3.723798374538234
2025-10-21,FHMRF,FHMRF,2025/10/21,00:59:51,CMA591,UBBBLFPG,340,-21,45 N,25.7,260.9,28.0,18622.8,83.340,-0.445,-2.0,-2.0,14251.0,57757.0,56619.,56633.,0.0,0.,13970.,13973.0,0.,0.0,7840.,3.7,7836.0,3.8,0.0,0.0,0.,0.0,16268.0,15676.,3.8,0.02973,0.03022,-1.6,0.835,292,484.,419.,0.015,0.005,0,2336467.,901629,901630, , ,2025-10-21 00:59:51,True,False,False,3.723753899828849
2025-10-21,FHMRF,FHMRF,2025/10/21,13:00:12,CMA628,LFPGZSPD,390,-32,48 N,29.0,201.0,24.0,18624.5,80.855,-0.193,-0.8,-0.8,10660.0,54889.0,54463.,54480.,0.0,0.,10577.,10580.0,0.,0.0,5893.,4.1,5896.0,3.8,0.0,0.0,0.,0.0,12258.0,11789.,4.0,0.0386,0.03983,-3.1,0.834,260,473.,499.,-0.012,-0.002,0,2274976.,901629,901630, , ,2025-10-21 13:00:12,True,False,False,3.723595794824253
2025-10-21,FHMRF,FHMRF,2025/10/21,15:50:46,CMA628,LFPGZSPD,411,-26,41 N,28.2,185.4,24.0,18621.7,82.890,-0.095,-0.4,-0.5,10052.0,57257.0,57013.,57008.,0.0,0.,10009.,10008.0,0.,0.0,5657.,3.7,5658.0,3.6,0.0,0.0,0.,0.0,11731.0,11315.,3.7,0.04069,0.04199,-3.1,0.831,246,477.,533.,0.005,0.004,0,2318112.,901629,901630, , ,2025-10-21 15:50:46,True,False,False,3.723333109267975
2025-10-21,FHMRF,FHMRF,2025/10/21,16:36:15,CMA628,LFPGZSPD,411,-23,41 N,28.1,181.4,24.0,18622.8,83.200,-0.339,-1.5,-1.5,10092.0,57488.0,56615.,56611.,0.0,0.,9939.,9938.0,0.,0.0,5652.,3.5,5652.0,3.7,0.0,0.0,0.,0.0,11707.0,11304.,3.6,0.04091,0.04175,-2.0,0.829,246,479.,537.,0.028,0.021,0,2267517.,901629,901630, , ,2025-10-21 16:36:15,True,False,False,3.72297498148784
2025-10-22,FHMRF,FHMRF,2025/10/22,01:59:46,CMA629,ZSPDUBBB,321,-16,42 N,30.3,297.4,29.0,18615.0,84.780,-0.271,-1.2,-1.3,15836.0,58730.0,58063.,58038.,0.0,0.,15657.,15650.0,0.,0.0,8854.,3.7,8860.0,3.3,0.0,0.0,0.,0.0,18333.0,17714.,3.5,0.02662,0.02721,-2.1,0.834,304,488.,415.,0.0,0.009,0,2437476.,901629,901630, , ,2025-10-22 01:59:46,True,False,False,3.722530601121716
2025-10-22,FHMRF,FHMRF,2025/10/22,02:45:22,CMA629,ZSPDUBBB,321,-16,42 N,29.5,291.1,29.0,18616.2,84.920,0.033,0.1,-0.1,15695.0,58204.0,58306.,58269.,0.0,0.,15722.,15712.0,0.,0.0,8871.,4.3,8880.0,3.6,0.0,0.0,0.,0.0,18450.0,17751.,3.9,0.02641,0.02743,-3.7,0.832,303,487.,432.,0.014,-0.006,0,2386150.,901629,901630, , ,2025-10-22 02:45:22,True,False,False,3.722009171912141
2025-10-22,FHMRF,FHMRF,2025/10/22,04:39:17,CMA629,ZSPDUBBB,320,-20,46 N,28.3,276.0,24.0,18621.4,82.560,-0.249,-1.0,-1.1,14877.0,54917.0,54412.,54377.,0.0,0.,14740.,14731.0,0.,0.0,8264.,3.6,8273.0,4.1,0.0,0.0,0.,0.0,17177.0,16537.,3.9,0.02809,0.02886,-2.7,0.831,303,483.,456.,0.014,-0.010,0,2251911.,901629,901630, , ,2025-10-22 04:39:17,True,False,False,3.721419874799454
2025-10-22,FHMRF,FHMRF,2025/10/22,06:05:04,CMA629,ZSPDUBBB,340,-23,42 N,28.0,265.0,24.0,18620.3,83.590,-0.199,-0.9,-1.0,14382.0,58293.0,57808.,57769.,0.0,0.,14262.,14253.0,0.,0.0,7942.,3.7,7951.0,3.6,0.0,0.0,0.,0.0,16470.0,15893.,3.6,0.02916,0.02991,-2.5,0.831,290,480.,451.,0.019,-0.013,0,2373630.,901629,901630, , ,2025-10-22 06:05:04,True,False,False,3.720771831540463
2025-10-24,FHMRF,FHMRF,2025/10/24,15:19:28,CMA575,VHHHUBBB,341,-23,39 N,28.5,268.4,28.0,18622.8,83.650,-0.038,-0.2,-0.4,14326.0,58336.0,58244.,58233.,0.0,0.,14303.,14300.0,0.,0.0,7960.,3.4,7963.0,2.9,0.0,0.0,0.,0.0,16425.0,15923.,3.2,0.02926,0.03007,-2.7,0.833,290,481.,434.,0.001,0.019,0,2414374.,901629,901630, , ,2025-10-24 15:19:28,True,False,False,3.7200740690771648
2025-10-25,FHMRF,FHMRF,2025/10/25,13:48:42,CMA634,LFPGZSPD,371,-34,47 N,31.3,231.0,26.0,18613.8,82.000,-0.29,-1.3,-1.0,12558.0,59020.0,58263.,58263.,0.0,0.,12397.,12397.0,0.,0.0,6832.,4.4,6832.0,3.6,0.0,0.0,0.,0.0,14216.0,13664.,4.0,0.03301,0.03399,-2.9,0.831,270,469.,498.,0.026,0.017,0,2387466.,901629,901630, , ,2025-10-25 13:48:42,True,False,False,3.7193354848798106
2025-10-26,FHMRF,FHMRF,2025/10/26,01:12:22,CMA635,ZSPDUBBB,321,-22,42 N,29.5,301.9,24.0,18604.3,84.960,-0.18,-0.8,-0.6,16579.0,61486.0,61008.,61005.,0.0,0.,16451.,16450.0,0.,0.0,9211.,3.3,9212.0,2.8,0.0,0.0,0.,0.0,18982.0,18422.,3.0,0.02534,0.02595,-2.3,0.832,303,481.,428.,0.031,-0.006,0,2474532.,901629,901630, , ,2025-10-26 01:12:22,True,False,False,3.7185648134870837
2025-10-26,FHMRF,FHMRF,2025/10/26,01:13:19,CMA635,ZSPDUBBB,321,-23,42 N,29.5,301.8,24.0,18604.3,84.825,-0.341,-1.5,-1.3,16607.0,61585.0,60668.,60691.,0.0,0.,16360.,16366.0,0.,0.0,9161.,3.0,9166.0,3.0,0.0,0.0,0.,0.0,18880.0,18326.,3.0,0.02548,0.02591,-1.7,0.832,303,481.,430.,0.033,-0.006,0,2473304.,901629,901630, , ,2025-10-26 01:13:19,True,False,False,3.7177705944582136
2025-10-26,FHMRF,FHMRF,2025/10/26,01:13:24,CMA635,ZSPDUBBB,321,-23,42 N,29.5,301.7,24.0,18604.3,84.820,-0.345,-1.5,-1.3,16608.0,61587.0,60672.,60669.,0.0,0.,16361.,16360.0,0.,0.0,9161.,3.0,9162.0,3.0,0.0,0.0,0.,0.0,18880.0,18323.,3.0,0.02548,0.02591,-1.7,0.832,303,481.,430.,0.033,-0.002,0,2473208.,901629,901630, , ,2025-10-26 01:13:24,True,False,False,3.7169611419355264
2025-10-26,FHMRF,FHMRF,2025/10/26,01:13:28,CMA635,ZSPDUBBB,321,-23,42 N,29.5,301.7,24.0,18604.3,84.815,-0.351,-1.5,-1.3,16608.0,61590.0,60646.,60669.,0.0,0.,16354.,16360.0,0.,0.0,9157.,3.1,9162.0,3.0,0.0,0.0,0.,0.0,18880.0,18320.,3.1,0.02548,0.02591,-1.7,0.832,303,481.,430.,0.033,0.002,0,2473131.,901629,901630, , ,2025-10-26 01:13:28,True,False,False,3.7161445159892605
2025-10-26,FHMRF,FHMRF,2025/10/26,01:54:29,CMA635,ZSPDUBBB,321,-21,41 N,28.3,296.0,29.0,18611.0,83.990,-0.219,-0.9,-1.1,15817.0,58655.0,58094.,58107.,0.0,0.,15666.,15669.0,0.,0.0,8748.,4.1,8745.0,4.1,0.0,0.0,0.,0.0,18209.0,17493.,4.1,0.02652,0.0273,-2.8,0.833,304,483.,439.,0.003,0.006,0,2425822.,901629,901630, , ,2025-10-26 01:54:29,True,False,False,3.7153284958772486
2025-10-26,FHMRF,FHMRF,2025/10/26,05:18:38,CMA635,ZSPDUBBB,340,-26,48 N,25.8,269.2,24.0,18610.8,82.660,-0.252,-1.1,-1.3,14177.0,57460.0,56808.,56822.,0.0,0.,14016.,14020.0,0.,0.0,7779.,4.0,7775.0,4.0,0.0,0.0,0.,0.0,16178.0,15554.,4.0,0.02959,0.03039,-2.6,0.834,292,479.,434.,-0.017,0.002,0,2412120.,901629,901630, , ,2025-10-26 05:18:38,True,False,False,3.7145205553038583
2025-10-26,FHMRF,FHMRF,2025/10/26,23:30:20,CMA590,LFPGVHHH,350,-21,42 N,34.5,250.3,24.0,18608.5,83.220,-0.34,-1.5,-1.6,13394.0,56924.0,56052.,56073.,0.0,0.,13189.,13194.0,0.,0.0,7409.,4.0,7405.0,3.5,0.0,0.0,0.,0.0,15368.0,14814.,3.7,0.03129,0.03193,-2.0,0.829,283,481.,572.,0.018,0.004,0,2335436.,901629,901630, , ,2025-10-26 23:30:20,True,False,False,3.713727839718059
2025-10-29,FHMRF,FHMRF,2025/10/29,20:40:32,CMA573,VHHHLFPG,321,-21,47 N,29.7,295.5,30.0,18614.7,83.860,-0.401,-1.7,-1.6,15779.0,58513.0,57500.,57500.,0.0,0.,15505.,15505.0,0.,0.0,8708.,3.9,8708.0,3.4,0.0,0.0,0.,0.0,18050.0,17416.,3.6,0.02672,0.02723,-1.9,0.831,303,482.,503.,0.007,0.002,0,2422728.,901629,901630, , ,2025-10-29 20:40:32,True,False,False,3.7129571456632804
2025-10-29,FHMRF,FHMRF,2025/10/29,20:47:04,CMA573,VHHHLFPG,320,-20,47 N,29.8,294.6,30.0,18614.7,83.840,-0.166,-0.7,-0.9,15653.0,57781.0,57382.,57343.,0.0,0.,15546.,15535.0,0.,0.0,8689.,4.0,8699.0,3.7,0.0,0.0,0.,0.0,18059.0,17388.,3.9,0.02669,0.02749,-2.9,0.83,303,482.,504.,0.004,0.009,0,2404491.,901629,901630, , ,2025-10-29 20:47:04,True,False,False,3.712214902185152
2025-10-29,FHMRF,FHMRF,2025/10/29,20:50:04,CMA573,VHHHLFPG,320,-20,47 N,29.9,294.2,30.0,18614.0,83.840,-0.384,-1.7,-1.7,15801.0,58329.0,57379.,57339.,0.0,0.,15544.,15533.0,0.,0.0,8694.,2.9,8704.0,3.4,0.0,0.0,0.,0.0,17950.0,17398.,3.2,0.02689,0.02726,-1.4,0.831,303,483.,506.,0.013,0.001,0,2401468.,901629,901630, , ,2025-10-29 20:50:04,True,False,False,3.7115071543082956
2025-10-29,FHMRF,FHMRF,2025/10/29,21:04:44,CMA573,VHHHLFPG,320,-20,47 N,30.1,292.3,30.0,18613.6,83.425,-0.086,-0.4,-0.5,15315.0,56531.0,56321.,56307.,0.0,0.,15258.,15254.0,0.,0.0,8546.,3.7,8560.0,3.8,0.0,0.0,0.,0.0,17747.0,17105.,3.8,0.02719,0.02806,-3.1,0.831,303,483.,504.,-0.009,0.005,0,2385900.,901629,901630, , ,2025-10-29 21:04:44,True,False,False,3.710839548598522
2025-10-31,FHMRF,FHMRF,2025/10/31,17:16:46,CMA560,LFPGVHHH,410,-26,41 N,28.0,187.4,24.0,18612.8,82.830,-0.183,-0.8,-1.0,10175.0,57680.0,57209.,57199.,0.0,0.,10092.,10090.0,0.,0.0,5672.,4.3,5673.0,4.0,0.0,0.0,0.,0.0,11818.0,11345.,4.2,0.04039,0.04166,-3.0,0.832,247,477.,522.,0.006,-0.022,0,2332738.,901629,901630, , ,2025-10-31 17:16:46,True,False,False,3.7102173208264624
2025-10-31,FHMRF,FHMRF,2025/10/31,20:03:17,CMA560,LFPGVHHH,411,-20,39 N,26.7,173.0,24.0,18610.7,82.680,-0.391,-1.5,-1.6,9656.0,55000.0,54174.,54165.,0.0,0.,9511.,9509.0,0.,0.0,5455.,3.2,5457.0,3.6,0.0,0.0,0.,0.0,11283.0,10912.,3.4,0.04279,0.04354,-1.7,0.83,246,483.,544.,0.018,-0.032,0,2162574.,901629,901630, , ,2025-10-31 20:03:17,True,False,False,3.709645285744113
2025-10-31,FHMRF,FHMRF,2025/10/31,20:17:07,CMA560,LFPGVHHH,411,-21,38 N,26.7,171.9,24.0,18613.8,82.235,-0.2,-0.8,-1.0,9491.0,54064.0,53631.,53643.,0.0,0.,9415.,9417.0,0.,0.0,5393.,3.3,5397.0,3.2,0.0,0.0,0.,0.0,11138.0,10790.,3.2,0.04329,0.04427,-2.2,0.831,246,482.,555.,0.005,-0.012,0,2147573.,901629,901630, , ,2025-10-31 20:17:07,True,False,False,3.709127828981456
2025-10-31,FHMRF,FHMRF,2025/10/31,20:43:30,CMA560,LFPGVHHH,411,-22,36 N,26.6,169.6,24.0,18609.9,81.410,-0.271,-1.1,-1.2,9263.0,52761.0,52188.,52180.,0.0,0.,9162.,9161.0,0.,0.0,5249.,3.2,5250.0,3.3,0.0,0.0,0.,0.0,10837.0,10500.,3.2,0.04437,0.04523,-1.9,0.83,246,481.,569.,-0.008,0.014,0,2119137.,901629,901630, , ,2025-10-31 20:43:30,True,False,False,3.7086689010689837
2025-10-31,FHMRF,FHMRF,2025/10/31,21:00:12,CMA560,LFPGVHHH,411,-26,35 N,26.5,168.3,24.0,18611.8,80.950,-0.691,-2.7,-2.7,9514.0,54194.0,52712.,52703.,0.0,0.,9254.,9252.0,0.,0.0,5234.,3.6,5236.0,3.3,0.0,0.0,0.,0.0,10830.0,10470.,3.4,0.04391,0.04419,-0.6,0.828,245,476.,573.,0.027,0.032,0,2101811.,901629,901630, , ,2025-10-31 21:00:12,True,False,False,3.7082720135886764
2025-10-31,FHMRF,FHMRF,2025/10/31,21:01:05,CMA560,LFPGVHHH,411,-26,35 N,26.5,168.2,24.0,18612.4,81.010,-0.458,-1.8,-1.9,9452.0,53842.0,52861.,52853.,0.0,0.,9280.,9279.0,0.,0.0,5243.,3.4,5245.0,3.5,0.0,0.0,0.,0.0,10851.0,10488.,3.5,0.04377,0.04444,-1.5,0.827,245,475.,574.,0.023,-0.017,0,2100872.,901629,901630, , ,2025-10-31 21:01:05,True,False,False,3.707940237441927
2025-10-31,FHMRF,FHMRF,2025/10/31,21:15:54,CMA560,LFPGVHHH,411,-27,34 N,26.5,167.0,24.0,18614.9,80.270,-0.275,-1.3,-1.4,9166.0,52213.0,51554.,51546.,0.0,0.,9051.,9049.0,0.,0.0,5114.,3.7,5115.0,3.7,0.0,0.0,0.,0.0,10608.0,10228.,3.7,0.04469,0.04571,-2.2,0.827,245,474.,589.,-0.002,-0.006,0,2085130.,901629,901630, , ,2025-10-31 21:15:54,True,False,False,3.7076762031962844
2025-11-01,FHMRF,FHMRF,2025/11/01,08:22:48,CMA561,VHHHUBBB,341,-20,43 N,24.3,276.3,28.0,18620.5,85.630,-0.321,-1.4,-1.5,15350.0,62512.0,61658.,61661.,0.0,0.,15141.,15142.0,0.,0.0,8466.,3.5,8465.0,3.7,0.0,0.0,0.,0.0,17540.0,16931.,3.6,0.02756,0.02811,-2.0,0.831,290,483.,454.,0.029,-0.007,0,2484563.,901629,901630, , ,2025-11-01 08:22:48,True,False,False,3.7074821034414196
2025-11-01,FHMRF,FHMRF,2025/11/01,11:39:00,CMA561,VHHHUBBB,340,-24,46 N,22.8,252.4,24.0,18624.7,82.030,-0.377,-1.5,-1.6,13663.0,55374.0,54569.,54572.,0.0,0.,13464.,13465.0,0.,0.0,7528.,4.4,7527.0,3.8,0.0,0.0,0.,0.0,15672.0,15055.,4.1,0.0307,0.03145,-2.4,0.835,292,481.,415.,0.001,0.028,0,2260892.,901629,901630, , ,2025-11-01 11:39:00,True,False,False,3.7073596970578193
2025-11-01,FHMRF,FHMRF,2025/11/01,11:44:07,CMA561,VHHHUBBB,340,-24,46 N,22.7,251.8,24.0,18622.2,82.120,-0.308,-1.2,-1.3,13675.0,55427.0,54768.,54771.,0.0,0.,13512.,13513.0,0.,0.0,7553.,3.9,7552.0,3.6,0.0,0.0,0.,0.0,15669.0,15105.,3.7,0.0307,0.03142,-2.3,0.835,292,481.,417.,0.005,-0.037,0,2255348.,901629,901630, , ,2025-11-01 11:44:07,True,False,False,3.7073103152843743
2025-11-01,FHMRF,FHMRF,2025/11/01,12:09:43,CMA561,VHHHUBBB,340,-23,45 N,22.7,248.8,24.0,18624.2,81.950,-0.427,-1.7,-1.8,13546.0,54903.0,53994.,53997.,0.0,0.,13321.,13322.0,0.,0.0,7471.,4.0,7470.0,3.7,0.0,0.0,0.,0.0,15519.0,14941.,3.9,0.03104,0.03167,-2.0,0.834,291,482.,426.,0.006,-0.013,0,2227245.,901629,901630, , ,2025-11-01 12:09:43,True,False,False,3.707334869464071
2025-11-01,FHMRF,FHMRF,2025/11/01,12:25:34,CMA561,VHHHUBBB,340,-23,44 N,22.6,247.0,24.0,18624.2,81.910,-0.667,-2.6,-2.6,13620.0,55206.0,53787.,53790.,0.0,0.,13270.,13271.0,0.,0.0,7451.,3.8,7450.0,3.4,0.0,0.0,0.,0.0,15438.0,14901.,3.6,0.03122,0.03151,-0.9,0.834,292,482.,437.,0.017,-0.020,0,2210019.,901629,901630, , ,2025-11-01 12:25:34,True,False,False,3.7074338603492265
2025-11-01,FHMRF,FHMRF,2025/11/01,12:28:34,CMA561,VHHHUBBB,340,-23,43 N,22.6,246.6,24.0,18624.2,81.945,-0.439,-1.7,-1.8,13525.0,54816.0,53872.,53896.,0.0,0.,13292.,13298.0,0.,0.0,7461.,3.7,7463.0,3.5,0.0,0.0,0.,0.0,15462.0,14924.,3.6,0.03117,0.03171,-1.7,0.834,291,482.,439.,0.011,0.004,0,2206670.,901629,901630, , ,2025-11-01 12:28:34,True,False,False,3.7076073888556578
2025-11-01,FHMRF,FHMRF,2025/11/01,12:31:34,CMA561,VHHHUBBB,340,-23,43 N,22.6,246.3,24.0,18624.2,82.055,-0.371,-1.4,-1.6,13544.0,54895.0,54118.,54100.,0.0,0.,13353.,13348.0,0.,0.0,7488.,4.3,7484.0,3.8,0.0,0.0,0.,0.0,15578.0,14972.,4.1,0.0309,0.03166,-2.4,0.833,291,481.,442.,0.015,-0.004,2,2203556.,901629,901630, , ,2025-11-01 12:31:34,True,False,False,3.707855168163916
2025-11-01,FHMRF,FHMRF,2025/11/01,12:34:34,CMA561,VHHHUBBB,340,-23,43 N,22.6,245.9,24.0,18624.2,82.180,-0.58,-2.3,-2.3,13715.0,55590.0,54334.,54338.,0.0,0.,13405.,13406.0,0.,0.0,7517.,3.6,7516.0,3.6,0.0,0.0,0.,0.0,15577.0,15032.,3.6,0.03091,0.03129,-1.2,0.833,291,482.,445.,0.028,-0.003,0,2200540.,901629,901630, , ,2025-11-01 12:34:34,True,False,False,3.708176537071587
2025-11-02,FHMRF,FHMRF,2025/11/02,06:16:13,CMA576,LFPGVHHH,371,-26,40 N,30.5,209.8,24.0,18613.8,80.880,-0.421,-1.7,-1.8,11402.0,53590.0,52676.,52705.,0.0,0.,11208.,11214.0,0.,0.0,6278.,4.2,6272.0,3.8,0.0,0.0,0.,0.0,13049.0,12549.,4.0,0.03644,0.03722,-2.1,0.828,269,475.,521.,0.013,-0.004,0,2164740.,901629,901630, , ,2025-11-02 06:16:13,True,False,False,3.708570474504239
2025-11-02,FHMRF,FHMRF,2025/11/02,08:32:07,CMA576,LFPGVHHH,411,-25,30 N,30.3,196.4,24.0,18607.0,84.430,0.112,0.5,0.2,10599.0,60370.0,60655.,60694.,0.0,0.,10649.,10656.0,0.,0.0,6000.,3.6,5993.0,2.9,0.0,0.0,0.,0.0,12388.0,11993.,3.3,0.0388,0.04016,-3.4,0.835,248,481.,486.,-0.002,0.018,0,2460706.,901629,901630, , ,2025-11-02 08:32:07,True,False,False,3.709035615097076
2025-11-02,FHMRF,FHMRF,2025/11/02,08:36:45,CMA576,LFPGVHHH,411,-25,29 N,30.3,196.0,24.0,18607.6,84.360,-0.054,-0.2,-0.5,10666.0,60757.0,60589.,60629.,0.0,0.,10637.,10644.0,0.,0.0,5986.,3.7,5979.0,3.0,0.0,0.0,0.,0.0,12365.0,11965.,3.3,0.03881,0.03991,-2.8,0.834,247,480.,521.,0.009,-0.001,0,2452114.,901629,901630, , ,2025-11-02 08:36:45,True,False,False,3.7095702657656147
2025-11-02,FHMRF,FHMRF,2025/11/02,09:00:26,CMA576,LFPGVHHH,411,-25,26 N,30.3,193.8,24.0,18608.3,83.750,0.106,0.5,0.2,10279.0,58554.0,58809.,58848.,0.0,0.,10324.,10331.0,0.,0.0,5821.,4.2,5815.0,3.8,0.0,0.0,0.,0.0,12100.0,11636.,4.0,0.03959,0.04124,-4.0,0.832,247,479.,541.,-0.011,-0.014,0,2421044.,901629,901630, , ,2025-11-02 09:00:26,True,False,False,3.7101724231880118
2025-11-02,FHMRF,FHMRF,2025/11/02,20:36:58,CMA577,VHHHUBBB,340,-22,40 N,22.0,251.7,24.0,18605.7,82.090,-0.374,-1.5,-1.6,13483.0,54645.0,53863.,53842.,0.0,0.,13290.,13285.0,0.,0.0,7488.,3.9,7493.0,3.4,0.0,0.0,0.,0.0,15525.0,14981.,3.6,0.03114,0.03177,-2.0,0.835,292,483.,417.,-0.011,0.010,0,2254008.,901629,901630, , ,2025-11-02 20:36:58,True,False,False,3.7108397921190113
2025-11-04,FHMRF,FHMRF,2025/11/04,04:18:27,CMA565,VHHHUBBB,321,-15,38 N,26.4,278.5,28.0,18614.4,83.440,-0.6,-2.3,-2.3,14991.0,55594.0,54318.,54324.,0.0,0.,14647.,14648.0,0.,0.0,8348.,3.4,8346.0,3.2,0.0,0.0,0.,0.0,17240.0,16694.,3.3,0.0284,0.02864,-0.8,0.834,304,490.,436.,0.006,-0.050,0,2281470.,901629,901630, , ,2025-11-04 04:18:27,True,False,False,3.711569804445741
2025-11-04,FHMRF,FHMRF,2025/11/04,04:55:15,CMA565,VHHHUBBB,321,-16,40 N,25.8,273.7,28.0,18617.0,83.220,-0.317,-1.2,-1.3,14823.0,54969.0,54305.,54312.,0.0,0.,14644.,14646.0,0.,0.0,8309.,3.5,8307.0,3.6,0.0,0.0,0.,0.0,17212.0,16617.,3.6,0.02831,0.02893,-2.1,0.832,303,487.,452.,0.012,0.010,0,2241654.,901629,901630, , ,2025-11-04 04:55:15,True,False,False,3.7123596388839197
2025-11-04,FHMRF,FHMRF,2025/11/04,16:24:30,CMA565,UBBBLFPG,340,-19,47 N,24.8,242.3,24.0,18613.3,82.420,-0.441,-1.7,-1.8,13452.0,54522.0,53613.,53580.,0.0,0.,13228.,13219.0,0.,0.0,7471.,3.9,7478.0,3.6,0.0,0.0,0.,0.0,15507.0,14949.,3.7,0.03113,0.03172,-1.9,0.829,289,483.,465.,0.027,-0.008,0,2169801.,901629,901630, , ,2025-11-04 16:24:30,True,False,False,3.7132062412025815
2025-11-04,FHMRF,FHMRF,2025/11/04,23:18:23,CMA566,LFPGVHHH,390,-25,43 N,30.0,204.8,26.0,18613.5,82.740,-0.309,-1.4,-1.5,11123.0,57277.0,56470.,56487.,0.0,0.,10966.,10970.0,0.,0.0,6158.,4.5,6155.0,3.9,0.0,0.0,0.,0.0,12827.0,12313.,4.2,0.0373,0.03827,-2.5,0.832,259,478.,505.,0.013,0.006,0,2316550.,901629,901630, , ,2025-11-04 23:18:23,True,False,False,3.7141063448545744
2025-11-05,FHMRF,FHMRF,2025/11/05,00:12:53,CMA566,LFPGVHHH,390,-30,42 N,28.0,199.7,31.0,18612.5,81.130,-0.065,-0.3,-0.5,10638.0,54781.0,54633.,54646.,0.0,0.,10610.,10612.0,0.,0.0,5911.,4.2,5909.0,4.2,0.0,0.0,0.,0.0,12314.0,11821.,4.2,0.03859,0.04,-3.5,0.835,260,475.,487.,-0.011,0.013,0,2258450.,901629,901630, , ,2025-11-05 00:12:53,True,False,False,3.715056491878824
2025-11-05,FHMRF,FHMRF,2025/11/05,00:23:43,CMA566,LFPGVHHH,390,-31,42 N,27.7,198.7,31.0,18610.8,81.040,-0.353,-1.4,-1.6,10808.0,55656.0,54851.,54863.,0.0,0.,10652.,10654.0,0.,0.0,5913.,4.3,5911.0,4.3,0.0,0.0,0.,0.0,12334.0,11824.,4.3,0.0384,0.03942,-2.6,0.834,260,474.,488.,0.009,0.001,0,2246988.,901629,901630, , ,2025-11-05 00:23:43,True,False,False,3.716053053935327
2025-11-05,FHMRF,FHMRF,2025/11/05,00:27:29,CMA566,LFPGVHHH,390,-32,41 N,27.6,198.3,31.0,18610.8,80.580,-0.217,-0.9,-1.1,10587.0,54517.0,54039.,54051.,0.0,0.,10494.,10497.0,0.,0.0,5830.,4.1,5828.0,3.9,0.0,0.0,0.,0.0,12123.0,11657.,4.0,0.03907,0.0402,-2.8,0.835,260,474.,489.,-0.01,-0.019,0,2243010.,901629,901630, , ,2025-11-05 00:27:29,True,False,False,3.7170922533428348
2025-11-05,FHMRF,FHMRF,2025/11/05,00:39:37,CMA566,LFPGVHHH,390,-32,41 N,27.2,197.2,31.0,18609.8,80.770,-0.366,-1.4,-1.6,10745.0,55327.0,54524.,54536.,0.0,0.,10589.,10591.0,0.,0.0,5867.,4.3,5865.0,4.4,0.0,0.0,0.,0.0,12243.0,11732.,4.4,0.03858,0.03962,-2.6,0.833,260,472.,498.,0.01,-0.004,0,2229886.,901629,901630, , ,2025-11-05 00:39:37,True,False,False,3.7181701840142454
2025-11-05,FHMRF,FHMRF,2025/11/05,06:13:59,CMA566,LFPGVHHH,411,-24,36 N,22.2,168.0,27.0,18612.8,81.150,0.301,1.4,0.9,9057.0,51590.0,52297.,52310.,0.0,0.,9181.,9183.0,0.,0.0,5224.,3.2,5222.0,3.7,0.0,0.0,0.,0.0,10808.0,10447.,3.5,0.04422,0.04618,-4.2,0.828,245,478.,582.,-0.024,-0.016,2,2098018.,901629,901630, , ,2025-11-05 06:13:59,True,False,False,3.719282832220717
2025-11-05,FHMRF,FHMRF,2025/11/05,08:00:45,CMA566,LFPGVHHH,411,-25,24 N,21.7,159.3,26.0,18614.9,80.160,-0.367,-1.8,-1.9,9053.0,51566.0,50636.,50649.,0.0,0.,8890.,8892.0,0.,0.0,5072.,3.4,5070.0,3.6,0.0,0.0,0.,0.0,10493.0,10141.,3.5,0.04568,0.04638,-1.5,0.834,248,479.,492.,-0.002,0.002,0,1987328.,901629,901630, , ,2025-11-05 08:00:45,True,False,False,3.720426097154643
2025-11-05,FHMRF,FHMRF,2025/11/05,18:15:16,CMA567,VHHHUBBB,340,-27,48 N,21.3,258.9,25.0,18614.7,81.800,-0.461,-2.0,-2.1,13900.0,56337.0,55193.,55207.,0.0,0.,13618.,13621.0,0.,0.0,7551.,3.8,7548.0,4.0,0.0,0.0,0.,0.0,15684.0,15099.,3.9,0.03044,0.03096,-1.7,0.834,291,477.,432.,-0.007,0.007,0,2319298.,901629,901630, , ,2025-11-05 18:15:16,True,False,False,3.721595811295957
2025-11-06,FHMRF,FHMRF,2025/11/06,01:02:42,CMA567,UBBBLFPG,340,-23,42 N,22.2,262.0,28.0,18616.0,82.980,-0.306,-1.4,-1.5,14058.0,56980.0,56213.,56195.,0.0,0.,13869.,13865.0,0.,0.0,7729.,3.5,7733.0,3.5,0.0,0.0,0.,0.0,16000.0,15461.,3.5,0.02992,0.0305,-1.9,0.828,289,479.,454.,0.0,0.010,0,2346561.,901629,901630, , ,2025-11-06 01:02:42,True,False,False,3.722787760609163
2025-11-07,FHMRF,FHMRF,2025/11/07,15:42:02,CMA575,VHHHUBBB,321,-21,39 N,29.0,275.2,29.0,18605.4,82.530,-0.225,-0.9,-0.7,14754.0,54718.0,54245.,54245.,0.0,0.,14627.,14627.0,0.,0.0,8312.,2.5,8312.0,3.0,0.0,0.0,0.,0.0,17083.0,16624.,2.8,0.02832,0.02891,-2.0,0.834,304,484.,411.,0.007,0.012,0,2254874.,901629,901630, , ,2025-11-07 15:42:02,True,False,False,3.7239977046073327
2025-11-07,FHMRF,FHMRF,2025/11/07,16:07:58,CMA575,VHHHUBBB,321,-22,40 N,28.7,271.9,28.0,18602.7,82.410,-0.038,-0.1,-0.4,14737.0,54652.0,54583.,54561.,0.0,0.,14718.,14712.0,0.,0.0,8244.,3.3,8249.0,3.3,0.0,0.0,0.,0.0,17036.0,16493.,3.3,0.02831,0.02913,-2.8,0.833,304,482.,424.,0.016,0.020,0,2227779.,901629,901630, , ,2025-11-07 16:07:58,True,False,False,3.725221396315949
2025-11-07,FHMRF,FHMRF,2025/11/07,18:37:41,CMA575,VHHHUBBB,340,-22,40 N,28.1,253.6,25.0,18606.7,82.095,-0.313,-1.2,-1.3,13515.0,54776.0,54135.,54090.,0.0,0.,13357.,13346.0,0.,0.0,7505.,4.1,7507.0,3.8,0.0,0.0,0.,0.0,15599.0,15012.,3.9,0.03091,0.03169,-2.5,0.834,291,482.,430.,-0.003,-0.004,0,2270649.,901629,901630, , ,2025-11-07 18:37:41,True,False,False,3.7264546021551657
2025-11-07,FHMRF,FHMRF,2025/11/07,19:10:12,CMA575,VHHHUBBB,340,-21,40 N,28.1,249.7,24.0,18608.6,82.385,-0.209,-0.8,-1.0,13468.0,54585.0,54165.,54121.,0.0,0.,13364.,13353.0,0.,0.0,7533.,3.8,7536.0,3.3,0.0,0.0,0.,0.0,15603.0,15068.,3.5,0.03097,0.03176,-2.5,0.833,291,483.,433.,0.006,0.014,0,2236246.,901629,901630, , ,2025-11-07 19:10:12,True,False,False,3.727693121733281
2025-11-08,FHMRF,FHMRF,2025/11/08,01:33:00,CMA575,UBBBLFPG,340,-22,43 N,27.9,264.7,28.0,18617.8,83.520,-0.185,-0.8,-1.0,14289.0,57914.0,57444.,57444.,0.0,0.,14173.,14173.0,0.,0.0,7915.,3.9,7915.0,3.3,0.0,0.0,0.,0.0,16400.0,15830.,3.6,0.02937,0.03013,-2.5,0.833,291,482.,452.,0.012,-0.008,0,2369445.,901629,901630, , ,2025-11-08 01:33:00,True,False,False,3.7289328075117396
2025-11-09,FHMRF,FHMRF,2025/11/09,20:57:27,CMA635,ZSPDUBBB,340,-23,42 N,29.3,242.5,24.0,18618.7,81.680,-0.269,-1.1,-1.2,13340.0,54066.0,53512.,53472.,0.0,0.,13203.,13193.0,0.,0.0,7440.,3.9,7449.0,3.7,0.0,0.0,0.,0.0,15461.0,14889.,3.8,0.03138,0.0322,-2.5,0.841,294,485.,464.,0.008,-0.002,0,2171047.,901629,901630, , ,2025-11-09 20:57:27,True,False,False,3.7301695842731877
2025-11-09,FHMRF,FHMRF,2025/11/09,21:07:10,CMA635,ZSPDUBBB,340,-23,42 N,29.3,241.3,24.0,18618.7,82.050,-0.033,-0.1,-0.3,13415.0,54371.0,54322.,54281.,0.0,0.,13403.,13393.0,0.,0.0,7538.,4.4,7547.0,3.2,0.0,0.0,0.,0.0,15656.0,15084.,3.8,0.03095,0.03202,-3.3,0.84,294,485.,468.,0.019,0.000,0,2160782.,901629,901630, , ,2025-11-09 21:07:10,True,False,False,3.7313994683053395
2025-11-10,FHMRF,FHMRF,2025/11/10,16:10:02,CMA564,LFPGVHHH,410,-27,41 N,24.7,184.0,24.0,18616.7,82.560,-0.468,-2.1,-2.2,10219.0,57928.0,56725.,56692.,0.0,0.,10007.,10001.0,0.,0.0,5615.,3.7,5620.0,4.2,0.0,0.0,0.,0.0,11680.0,11234.,4.0,0.04088,0.04157,-1.6,0.833,248,478.,508.,0.019,0.015,0,2289974.,901629,901630, , ,2025-11-10 16:10:02,True,False,False,3.7326185862030927
2025-11-11,FHMRF,FHMRF,2025/11/11,08:54:28,CMA565,VHHHUBBB,340,-24,40 N,21.6,247.4,25.0,18611.3,81.445,-0.444,-1.7,-1.8,13380.0,54227.0,53278.,53289.,0.0,0.,13145.,13148.0,0.,0.0,7357.,3.6,7362.0,3.6,0.0,0.0,0.,0.0,15251.0,14718.,3.6,0.03145,0.03199,-1.7,0.832,291,480.,468.,0.0,-0.009,0,2215394.,901629,901630, , ,2025-11-11 08:54:28,True,False,False,3.733823193186748
2025-11-11,FHMRF,FHMRF,2025/11/11,08:57:29,CMA565,VHHHUBBB,340,-24,40 N,21.6,247.1,26.0,18610.7,81.640,-0.547,-2.1,-2.2,13511.0,54759.0,53603.,53593.,0.0,0.,13225.,13223.0,0.,0.0,7403.,4.1,7406.0,3.5,0.0,0.0,0.,0.0,15368.0,14809.,3.8,0.03122,0.0317,-1.5,0.832,290,480.,469.,0.01,-0.004,0,2212292.,901629,901630, , ,2025-11-11 08:57:29,True,False,False,3.7350096908350765
2025-11-11,FHMRF,FHMRF,2025/11/11,09:00:29,CMA565,VHHHUBBB,340,-23,40 N,21.6,246.7,25.0,18610.7,81.570,-0.07,-0.3,-0.5,13188.0,53451.0,53308.,53298.,0.0,0.,13153.,13150.0,0.,0.0,7373.,3.4,7376.0,3.9,0.0,0.0,0.,0.0,15284.0,14749.,3.6,0.03142,0.0324,-3.0,0.832,290,480.,469.,-0.012,0.012,0,2209189.,901629,901630, , ,2025-11-11 09:00:29,True,False,False,3.736174644137108
2025-11-12,FHMRF,FHMRF,2025/11/12,07:37:51,CMA572,LFPGVHHH,411,-23,25 N,28.4,177.7,24.0,18605.9,83.010,-0.253,-1.1,-1.3,10008.0,57009.0,56358.,56349.,0.0,0.,9894.,9892.0,0.,0.0,5610.,3.8,5612.0,3.4,0.0,0.0,0.,0.0,11629.0,11222.,3.6,0.0413,0.04224,-2.2,0.832,247,480.,473.,0.033,-0.001,0,2225185.,901629,901630, , ,2025-11-12 07:37:51,True,False,False,3.737314797772127
2025-11-12,FHMRF,FHMRF,2025/11/12,07:37:55,CMA572,LFPGVHHH,411,-23,25 N,28.4,177.7,24.0,18605.9,83.000,-0.263,-1.2,-1.3,10008.0,57008.0,56333.,56323.,0.0,0.,9889.,9888.0,0.,0.0,5608.,3.9,5610.0,3.4,0.0,0.0,0.,0.0,11623.0,11218.,3.6,0.04132,0.04224,-2.2,0.832,247,480.,473.,0.033,-0.001,0,2225113.,901629,901630, , ,2025-11-12 07:37:55,True,False,False,3.73842709152959
2025-11-12,FHMRF,FHMRF,2025/11/12,07:53:01,CMA572,LFPGVHHH,411,-23,24 N,28.4,176.4,24.0,18605.9,82.250,-0.197,-0.8,-1.0,9654.0,54989.0,54571.,54561.,0.0,0.,9580.,9579.0,0.,0.0,5456.,3.8,5457.0,3.8,0.0,0.0,0.,0.0,11326.0,10913.,3.8,0.0425,0.04369,-2.7,0.834,248,481.,498.,0.003,-0.002,0,2201630.,901629,901630, , ,2025-11-12 07:53:01,True,False,False,3.7395086747781705
2025-11-12,FHMRF,FHMRF,2025/11/12,15:28:32,CMA573,VHHHUBBB,321,-19,40 N,27.4,270.6,29.0,18622.8,82.670,-0.153,-0.6,-0.8,14675.0,54422.0,54095.,54108.,0.0,0.,14587.,14590.0,0.,0.0,8224.,3.5,8221.0,3.6,0.0,0.0,0.,0.0,17029.0,16445.,3.5,0.02846,0.02923,-2.7,0.832,303,485.,443.,0.014,0.011,0,2217194.,901629,901630, , ,2025-11-12 15:28:32,True,False,False,3.740556919886719
2025-11-14,FHMRF,FHMRF,2025/11/14,06:08:15,CMA560,LFPGUCFM,350,-24,46 N,34.2,245.9,28.0,18615.0,82.900,-0.204,-0.9,-1.1,13389.0,56900.0,56394.,56368.,0.0,0.,13270.,13264.0,0.,0.0,7396.,4.0,7401.0,3.7,0.0,0.0,0.,0.0,15361.0,14798.,3.8,0.03114,0.03198,-2.6,0.829,283,478.,512.,0.032,-0.006,0,2297592.,901629,901630, , ,2025-11-14 06:08:15,True,False,False,3.741569434491664
2025-11-14,FHMRF,FHMRF,2025/11/14,06:11:32,CMA560,LFPGUCFM,350,-23,46 N,34.3,245.5,28.0,18610.6,82.300,-0.013,-0.1,-0.3,12913.0,54876.0,54860.,54836.,0.0,0.,12909.,12903.0,0.,0.0,7228.,3.7,7233.0,3.6,0.0,0.0,0.,0.0,14991.0,14460.,3.7,0.032,0.03308,-3.3,0.831,284,480.,515.,-0.002,-0.005,0,2293980.,901629,901630, , ,2025-11-14 06:11:32,True,False,False,3.7425440724972794
2025-11-14,FHMRF,FHMRF,2025/11/14,14:57:29,CMA560,UCFMVHHH,411,-29,40 N,23.4,177.1,27.0,18608.6,81.555,-0.191,-0.7,-0.8,9717.0,55349.0,54944.,54931.,0.0,0.,9646.,9643.0,0.,0.0,5421.,3.9,5417.0,3.9,0.0,0.0,0.,0.0,11263.0,10838.,3.9,0.04209,0.04337,-3.0,0.83,246,474.,533.,0.007,-0.031,0,2213619.,901629,901630, , ,2025-11-14 14:57:29,True,False,False,3.743478943688248
2025-11-14,FHMRF,FHMRF,2025/11/14,15:03:48,CMA560,UCFMVHHH,411,-28,40 N,23.3,176.5,27.0,18608.6,81.680,-0.217,-0.9,-0.9,9734.0,55445.0,54965.,54974.,0.0,0.,9649.,9651.0,0.,0.0,5431.,3.7,5430.0,4.0,0.0,0.0,0.,0.0,11277.0,10861.,3.8,0.04209,0.04329,-2.8,0.83,246,475.,537.,0.01,-0.003,0,2206826.,901629,901630, , ,2025-11-14 15:03:48,True,False,False,3.744372421828783
2025-11-15,FHMRF,FHMRF,2025/11/15,02:50:56,CMA561,VHHHUBBB,321,-3,26 N,28.2,303.0,28.0,18612.6,87.575,-0.456,-1.9,-2.1,16340.0,60595.0,59421.,59445.,0.0,0.,16023.,16030.0,0.,0.0,9300.,3.8,9304.0,4.3,0.0,0.0,0.,0.0,19362.0,18604.,4.1,0.02579,0.02628,-1.9,0.831,303,499.,457.,0.005,0.018,0,2481044.,901629,901630, , ,2025-11-15 02:50:56,True,False,False,3.745223151120448
2025-11-15,FHMRF,FHMRF,2025/11/15,05:54:21,CMA561,VHHHUBBB,321,-22,39 N,24.8,277.9,28.0,18611.1,82.870,-0.198,-0.9,-1.1,15127.0,56101.0,55599.,55599.,0.0,0.,14992.,14992.0,0.,0.0,8370.,4.0,8370.0,4.5,0.0,0.0,0.,0.0,17456.0,16741.,4.3,0.02759,0.02846,-3.0,0.832,303,482.,430.,0.018,-0.005,2,2276626.,901629,901630, , ,2025-11-15 05:54:21,True,False,False,3.746030050893449
2025-11-15,FHMRF,FHMRF,2025/11/15,06:19:38,CMA561,VHHHUBBB,321,-23,40 N,24.4,274.6,28.0,18613.5,82.230,-0.406,-1.5,-1.7,14929.0,55362.0,54502.,54509.,0.0,0.,14697.,14699.0,0.,0.0,8209.,3.8,8207.0,3.8,0.0,0.0,0.,0.0,17036.0,16417.,3.8,0.02823,0.02881,-2.0,0.832,303,481.,440.,0.016,0.008,0,2249993.,901629,901630, , ,2025-11-15 06:19:38,True,False,False,3.7467923184149985
2025-11-15,FHMRF,FHMRF,2025/11/15,06:24:08,CMA561,VHHHUBBB,321,-23,40 N,24.4,274.0,28.0,18615.4,81.850,-0.301,-1.2,-1.3,14666.0,54386.0,53747.,53754.,0.0,0.,14493.,14495.0,0.,0.0,8107.,3.3,8105.0,3.3,0.0,0.0,0.,0.0,16752.0,16212.,3.3,0.02873,0.0293,-1.9,0.833,303,481.,442.,0.0,0.007,0,2245408.,901629,901630, , ,2025-11-15 06:24:08,True,False,False,3.7475094297144476
2025-11-16,FHMRF,FHMRF,2025/11/16,08:24:00,CMA576,LFPGVHHH,391,-21,25 N,28.8,193.0,25.0,18611.0,82.040,-0.361,-1.4,-1.5,10468.0,54159.0,53396.,53387.,0.0,0.,10320.,10319.0,0.,0.0,5877.,4.2,5878.0,3.8,0.0,0.0,0.,0.0,12222.0,11755.,4.0,0.03942,0.04036,-2.3,0.831,258,482.,500.,0.001,0.013,0,2192256.,901629,901630, , ,2025-11-16 08:24:00,True,False,False,3.74818113834583
2025-11-18,FHMRF,FHMRF,2025/11/18,02:05:14,CMA588,LFPGVHHH,390,-29,41 N,27.6,202.2,24.0,18612.8,81.680,-0.236,-1.1,-1.3,10905.0,56150.0,55543.,55530.,0.0,0.,10787.,10785.0,0.,0.0,5988.,4.6,5990.0,4.5,0.0,0.0,0.,0.0,12522.0,11978.,4.5,0.0378,0.03902,-3.1,0.83,259,473.,535.,0.006,0.033,0,2285386.,901629,901630, , ,2025-11-18 02:05:14,True,False,False,3.7488074720271323
2025-11-18,FHMRF,FHMRF,2025/11/18,06:52:26,CMA588,LFPGVHHH,411,-27,24 N,26.3,176.5,24.0,18609.9,81.580,-0.478,-1.9,-2.0,9747.0,55520.0,54488.,54474.,0.0,0.,9566.,9563.0,0.,0.0,5378.,4.1,5381.0,4.1,0.0,0.0,0.,0.0,11200.0,10759.,4.1,0.04247,0.04333,-2.0,0.83,246,476.,543.,0.017,-0.017,0,2201581.,901629,901630, , ,2025-11-18 06:52:26,True,False,False,3.749388727107109
2025-11-19,FHMRF,FHMRF,2025/11/19,14:58:12,CMA628,LFPGZSPD,371,-31,45 N,25.6,238.5,26.0,18602.3,83.090,-0.357,-1.6,-1.6,12906.0,60659.0,59679.,59683.,0.0,0.,12698.,12699.0,0.,0.0,7012.,4.5,7011.0,4.5,0.0,0.0,0.,0.0,14651.0,14022.,4.5,0.0323,0.03322,-2.8,0.832,271,473.,487.,0.008,-0.008,0,2465516.,901629,901630, , ,2025-11-19 14:58:12,True,False,False,3.749925460820299
2025-11-20,FHMRF,FHMRF,2025/11/20,01:49:32,CMA629,ZSPDUBBB,321,-22,42 N,31.1,286.0,29.0,18619.7,82.710,-0.233,-1.0,-1.1,15064.0,55864.0,55288.,55292.,0.0,0.,14909.,14910.0,0.,0.0,8351.,4.2,8350.0,4.2,0.0,0.0,0.,0.0,17402.0,16702.,4.2,0.02766,0.02851,-3.0,0.832,303,481.,464.,-0.002,-0.014,0,2344425.,901629,901630, , ,2025-11-20 01:49:32,True,False,False,3.750418481310446
2025-11-21,FHMRF,FHMRF,2025/11/21,01:14:12,CMA574,LFPGVHHH,350,-24,41 N,32.1,258.0,30.0,18598.0,83.870,-0.044,-0.2,-0.4,13983.0,59425.0,59325.,59302.,0.0,0.,13959.,13954.0,0.,0.0,7786.,3.6,7791.0,3.7,0.0,0.0,0.,0.0,16142.0,15577.,3.6,0.02991,0.03087,-3.1,0.839,287,483.,500.,0.017,-0.003,0,2408797.,901629,901630, , ,2025-11-21 01:14:12,True,False,False,3.7508688354364454
2025-11-21,FHMRF,FHMRF,2025/11/21,03:02:41,CMA574,LFPGVHHH,350,-29,41 N,30.5,245.5,30.0,18608.8,80.900,-0.198,-0.8,-0.8,12754.0,54201.0,53772.,53775.,0.0,0.,12653.,12654.0,0.,0.0,7049.,4.6,7048.0,4.0,0.0,0.0,0.,0.0,14706.0,14097.,4.3,0.03235,0.03348,-3.4,0.834,285,476.,459.,-0.018,0.020,0,2292746.,901629,901630, , ,2025-11-21 03:02:41,True,False,False,3.7512777944173843
2025-11-21,FHMRF,FHMRF,2025/11/21,03:21:12,CMA574,LFPGVHHH,351,-28,41 N,30.3,243.4,30.0,18614.7,81.420,-0.101,-0.4,-0.4,12853.0,54883.0,54665.,54669.,0.0,0.,12802.,12803.0,0.,0.0,7127.,4.3,7126.0,4.0,0.0,0.0,0.,0.0,14848.0,14253.,4.2,0.03205,0.03324,-3.6,0.833,284,476.,457.,-0.003,0.003,0,2284243.,901629,901630, , ,2025-11-21 03:21:12,True,False,False,3.751646837414441
2025-11-21,FHMRF,FHMRF,2025/11/21,06:46:16,CMA574,LFPGVHHH,371,-19,28 N,29.7,221.0,24.0,18600.9,83.400,-0.397,-1.8,-1.7,11976.0,56286.0,55291.,55294.,0.0,0.,11764.,11765.0,0.,0.0,6721.,4.1,6720.0,3.7,0.0,0.0,0.,0.0,13972.0,13442.,3.9,0.03463,0.03539,-2.1,0.83,270,484.,537.,0.014,0.007,0,2281392.,901629,901630, , ,2025-11-21 06:46:16,True,False,False,3.7519776331816894
2025-11-21,FHMRF,FHMRF,2025/11/21,14:06:15,CMA575,VHHHUBBB,321,-5,26 N,31.0,294.3,22.0,18602.9,86.370,-0.283,-1.2,-1.1,15641.0,58004.0,57309.,57309.,0.0,0.,15454.,15454.0,0.,0.0,9025.,3.6,9025.0,3.8,0.0,0.0,0.,0.0,18716.0,18050.,3.7,0.02665,0.02732,-2.4,0.834,304,499.,416.,-0.003,-0.007,0,2410022.,901629,901630, , ,2025-11-21 14:06:15,True,False,False,3.752272019946422
2025-11-21,FHMRF,FHMRF,2025/11/21,14:13:48,CMA575,VHHHUBBB,321,-5,27 N,30.6,293.3,22.0,18603.8,86.190,-0.436,-1.8,-1.7,15664.0,58091.0,57022.,57022.,0.0,0.,15376.,15376.0,0.,0.0,8974.,3.6,8974.0,4.0,0.0,0.0,0.,0.0,18633.0,17948.,3.8,0.02675,0.02729,-2.0,0.834,304,498.,416.,0.002,-0.032,0,2401447.,901629,901630, , ,2025-11-21 14:13:48,True,False,False,3.7525319837062185
2025-11-21,FHMRF,FHMRF,2025/11/21,14:16:48,CMA575,VHHHUBBB,321,-5,27 N,30.5,292.9,22.0,18607.7,86.195,-0.675,-2.8,-2.6,15842.0,58747.0,57077.,57101.,0.0,0.,15391.,15398.0,0.,0.0,8978.,3.6,8982.0,3.8,0.0,0.0,0.,0.0,18619.0,17959.,3.7,0.02676,0.02701,-0.9,0.834,304,498.,417.,0.013,0.011,0,2397796.,901629,901630, , ,2025-11-21 14:16:48,True,False,False,3.7527596351537116
2025-11-21,FHMRF,FHMRF,2025/11/21,19:37:48,CMA575,VHHHUBBB,340,-23,40 N,26.4,251.9,24.0,18611.9,81.960,-0.469,-1.8,-1.7,13560.0,54961.0,53969.,53968.,0.0,0.,13315.,13315.0,0.,0.0,7506.,3.5,7506.0,3.6,0.0,0.0,0.,0.0,15542.0,15012.,3.5,0.03091,0.03146,-1.8,0.832,291,480.,463.,0.006,-0.025,0,2255871.,901629,901630, , ,2025-11-21 19:37:48,True,False,False,3.752957185456339
2025-11-22,FHMRF,FHMRF,2025/11/22,12:00:13,CMA634,LFPGZSPD,350,-22,42 N,32.0,257.5,29.0,18600.8,83.710,-0.316,-1.4,-1.5,13735.0,58369.0,57582.,57549.,0.0,0.,13550.,13542.0,0.,0.0,7598.,4.7,7605.0,3.8,0.0,0.0,0.,0.0,15853.0,15202.,4.3,0.0304,0.03123,-2.7,0.832,284,482.,497.,0.009,0.001,0,2406294.,901629,901630, , ,2025-11-22 12:00:13,True,False,False,3.7531269211256073
2025-11-22,FHMRF,FHMRF,2025/11/22,13:59:54,CMA634,LFPGZSPD,350,-31,48 N,29.9,243.7,30.0,18606.8,81.110,-0.266,-1.1,-1.1,13057.0,55490.0,54882.,54899.,0.0,0.,12914.,12918.0,0.,0.0,7140.,4.2,7136.0,4.3,0.0,0.0,0.,0.0,14880.0,14275.,4.2,0.03174,0.03274,-3.0,0.831,284,472.,497.,0.012,0.028,0,2277668.,901629,901630, , ,2025-11-22 13:59:54,True,False,False,3.7532711782115653
2025-11-24,FHMRF,FHMRF,2025/11/24,01:14:03,CMA590,LFPGVHHH,370,-28,41 N,29.6,218.7,29.0,18595.3,81.450,-0.355,-1.4,-1.5,11822.0,55296.0,54537.,54529.,0.0,0.,11660.,11658.0,0.,0.0,6499.,4.3,6500.0,4.3,0.0,0.0,0.,0.0,13562.0,12999.,4.3,0.03509,0.03606,-2.7,0.832,271,476.,480.,0.012,0.004,0,2247672.,901629,901630, , ,2025-11-24 01:14:03,True,False,False,3.7533923160597036
2025-11-24,FHMRF,FHMRF,2025/11/24,01:17:03,CMA590,LFPGVHHH,370,-28,41 N,29.6,218.4,29.0,18595.3,81.360,-0.382,-1.5,-1.6,11784.0,55118.0,54300.,54293.,0.0,0.,11609.,11607.0,0.,0.0,6475.,4.7,6477.0,4.1,0.0,0.0,0.,0.0,13524.0,12952.,4.4,0.0352,0.03617,-2.7,0.832,271,476.,482.,0.01,0.008,0,2244452.,901629,901630, , ,2025-11-24 01:17:03,True,False,False,3.7534926908772457
2025-11-24,FHMRF,FHMRF,2025/11/24,07:34:47,CMA590,LFPGVHHH,411,-26,24 N,27.2,182.8,24.0,18602.1,81.650,-0.438,-1.7,-1.8,9671.0,55091.0,54151.,54142.,0.0,0.,9507.,9505.0,0.,0.0,5387.,4.5,5388.0,3.9,0.0,0.0,0.,0.0,11231.0,10775.,4.2,0.04265,0.04365,-2.3,0.834,248,479.,538.,-0.022,0.003,0,2280156.,901629,901630, , ,2025-11-24 07:34:47,True,False,False,3.7535746293793717
