recorded_date,tail_number,aircraft,date,time,flt_num,dept/dest,altitude,oat,latitude,cg(%mac)_(%),gross_wt_x_1000_(kg),gen_load(%_of_max),lhv,thrust_setting,thrust_setting_dev,thrust_dev_(%),ff_dev_due_to_thrust_setting_(%),book_fn/eng_(kg),book_fn/delta/eng_(kg),fn/delta_eng1_(kg),fn/delta_eng2_(kg),fn/delta_eng3_(kg),fn/delta_eng4_(kg),actual_fn_eng1_(kg),actual_fn_eng2_(kg),actual_fn_eng3_(kg),actual_fn_eng4_(kg),book_ff_eng_1,%ff_dev_eng1_(%),book_ff_eng_2,%ff_dev_eng2_(%),book_ff_eng_3_(%),%ff_dev_eng3_(%),book_ff_eng_4_(%),%ff_dev_eng4_(%),fuel_flow,book_value_of_total_ff,%ff_dev_total_(%),perf_factor,book_fm,fm_dev_(%),mach,cas_(kts),tas_(kts),ground_speed_(kts),dvg/dt,dhp/dt,quality_factor,wt/delta_(kg),sn_eng_1,sn_eng_2,sn_eng_3,sn_eng_4,timestamp,is_year_plausible,perf_factor_isna,fuel_flow_isna
2025-07-17,FHMRO,FHMRO,2025/07/17,03:27:31,CMA1,KPAELFPG,370,-13,52 N,29.1,204.9,30.0,18580.7,83.120,-0.231,-0.9,-0.8,11408.0,53359.0,52882.,52882.,0.0,0.,11306.,11306.0,0.,0.0,6565.,0.3,6565.0,-0.4,0.0,0.0,0.,0.0,13123.0,13130.,-0.1,0.03704,0.03672,0.9,0.825,269,486.,534.,0.024,-0.012,0,2106992., , , , ,2025-07-17 03:27:31,True,False,False
2025-07-17,FHMRO,FHMRO,2025/07/17,09:24:15,CMA1,KPAELFPG,410,-21,50 N,22.1,172.1,24.0,18588.6,82.220,-0.11,-0.4,-0.7,9483.0,53757.0,53523.,53528.,0.0,0.,9442.,9442.0,0.,0.0,5375.,0.9,5374.0,0.6,0.0,0.0,0.,0.0,10830.0,10749.,0.8,0.044,0.04403,-0.1,0.82,243,477.,533.,0.007,-0.011,0,2143743., , , , ,2025-07-17 09:24:15,True,False,False
2025-07-17,FHMRO,FHMRO,2025/07/17,09:27:15,CMA1,KPAELFPG,410,-21,50 N,22.1,171.6,24.0,18588.6,82.180,-0.07,-0.3,-0.5,9482.0,53752.0,53601.,53605.,0.0,0.,9455.,9456.0,0.,0.0,5376.,0.7,5375.0,0.4,0.0,0.0,0.,0.0,10810.0,10751.,0.5,0.04404,0.04404,0.0,0.82,243,476.,534.,0.009,-0.018,0,2138420., , , , ,2025-07-17 09:27:15,True,False,False
2025-07-23,FHMRO,FHMRO,2025/07/23,08:21:18,CMA572,LFPGVHHH,370,-16,43 N,34.3,227.1,29.0,18603.6,84.425,-0.119,-0.5,-0.8,12204.0,57083.0,56796.,56771.,0.0,0.,12143.,12137.0,0.,0.0,6929.,1.2,6926.0,0.4,0.0,0.0,0.,0.0,13962.0,13855.,0.8,0.03489,0.03489,0.0,0.831,271,487.,547.,0.012,0.000,2,2332645., , , , ,2025-07-23 08:21:18,True,False,False
2025-07-23,FHMRO,FHMRO,2025/07/23,08:22:15,CMA572,LFPGVHHH,370,-16,43 N,34.3,227.0,30.0,18603.6,84.450,0.287,1.3,0.9,12009.0,56168.0,56892.,56892.,0.0,0.,12164.,12164.0,0.,0.0,6938.,1.6,6938.0,0.9,0.0,0.0,0.,0.0,14047.0,13876.,1.2,0.03468,0.03541,-2.1,0.831,271,487.,548.,-0.003,0.028,2,2331470., , , , ,2025-07-23 08:22:15,True,False,False
2025-07-23,FHMRO,FHMRO,2025/07/23,08:25:17,CMA572,LFPGVHHH,370,-15,43 N,34.4,226.6,29.0,18607.6,84.310,0.434,1.9,1.5,11837.0,55367.0,56440.,56440.,0.0,0.,12066.,12066.0,0.,0.0,6889.,1.7,6889.0,0.6,0.0,0.0,0.,0.0,13938.0,13779.,1.2,0.03496,0.03589,-2.6,0.831,271,487.,545.,-0.014,-0.032,0,2328466., , , , ,2025-07-23 08:25:17,True,False,False
2025-07-23,FHMRO,FHMRO,2025/07/23,08:26:34,CMA572,LFPGVHHH,370,-15,43 N,34.4,226.5,30.0,18606.3,84.180,0.176,0.8,0.4,11895.0,55636.0,56079.,56079.,0.0,0.,11989.,11989.0,0.,0.0,6856.,1.2,6856.0,0.7,0.0,0.0,0.,0.0,13840.0,13711.,0.9,0.03526,0.03574,-1.4,0.832,271,488.,544.,-0.011,0.011,0,2327098., , , , ,2025-07-23 08:26:34,True,False,False
2025-07-23,FHMRO,FHMRO,2025/07/23,10:26:28,CMA572,LFPGVHHH,390,-13,41 N,31.1,213.9,30.0,18596.5,85.820,0.006,0.0,-0.1,11466.0,59042.0,59059.,59054.,0.0,0.,11470.,11469.0,0.,0.0,6640.,1.2,6640.0,0.4,0.0,0.0,0.,0.0,13384.0,13280.,0.8,0.03662,0.03688,-0.7,0.832,259,490.,545.,0.0,0.014,0,2417584., , , , ,2025-07-23 10:26:28,True,False,False
2025-07-23,FHMRO,FHMRO,2025/07/23,10:30:03,CMA572,LFPGVHHH,390,-13,41 N,31.1,213.5,29.0,18596.5,85.810,0.06,0.3,0.2,11414.0,58772.0,58926.,58921.,0.0,0.,11444.,11443.0,0.,0.0,6630.,0.6,6630.0,0.7,0.0,0.0,0.,0.0,13349.0,13260.,0.7,0.03673,0.03704,-0.8,0.832,259,490.,544.,-0.003,0.022,0,2413495., , , , ,2025-07-23 10:30:03,True,False,False
2025-07-23,FHMRO,FHMRO,2025/07/23,10:33:16,CMA572,LFPGVHHH,390,-13,41 N,31.1,213.2,29.0,18596.5,85.970,0.153,0.7,0.5,11449.0,58953.0,59341.,59336.,0.0,0.,11524.,11523.0,0.,0.0,6668.,1.7,6668.0,0.5,0.0,0.0,0.,0.0,13485.0,13336.,1.1,0.03632,0.03691,-1.6,0.831,259,490.,543.,0.003,-0.013,0,2409933., , , , ,2025-07-23 10:33:16,True,False,False
2025-07-23,FHMRO,FHMRO,2025/07/23,10:48:26,CMA572,LFPGVHHH,390,-13,41 N,30.8,211.6,30.0,18600.4,85.875,-0.042,-0.2,-0.2,11477.0,59097.0,59006.,58977.,0.0,0.,11460.,11454.0,0.,0.0,6636.,1.0,6635.0,0.5,0.0,0.0,0.,0.0,13376.0,13271.,0.8,0.03663,0.03683,-0.5,0.831,259,490.,553.,0.011,0.026,2,2392181., , , , ,2025-07-23 10:48:26,True,False,False
2025-07-23,FHMRO,FHMRO,2025/07/23,11:11:28,CMA572,LFPGVHHH,390,-12,41 N,30.4,209.3,29.0,18600.4,85.550,-0.078,-0.3,-0.4,11321.0,58295.0,58101.,58097.,0.0,0.,11283.,11282.0,0.,0.0,6545.,1.3,6546.0,0.7,0.0,0.0,0.,0.0,13219.0,13091.,1.0,0.03708,0.0373,-0.6,0.831,259,490.,547.,0.008,0.006,0,2366302., , , , ,2025-07-23 11:11:28,True,False,False
2025-07-23,FHMRO,FHMRO,2025/07/23,11:14:28,CMA572,LFPGVHHH,390,-13,41 N,30.4,209.0,29.0,18600.4,85.650,0.284,1.2,1.1,11205.0,57698.0,58415.,58411.,0.0,0.,11344.,11343.0,0.,0.0,6575.,0.8,6576.0,0.2,0.0,0.0,0.,0.0,13222.0,13152.,0.5,0.03706,0.03765,-1.6,0.831,259,490.,548.,0.0,-0.012,0,2362920., , , , ,2025-07-23 11:14:28,True,False,False
2025-07-23,FHMRO,FHMRO,2025/07/23,11:17:28,CMA572,LFPGVHHH,390,-12,41 N,30.3,208.7,30.0,18600.4,85.630,0.377,1.7,1.4,11144.0,57384.0,58336.,58331.,0.0,0.,11329.,11328.0,0.,0.0,6568.,1.3,6569.0,0.7,0.0,0.0,0.,0.0,13273.0,13138.,1.0,0.03692,0.03784,-2.4,0.831,259,490.,548.,-0.004,-0.003,0,2359520., , , , ,2025-07-23 11:17:28,True,False,False
2025-07-23,FHMRO,FHMRO,2025/07/23,11:20:28,CMA572,LFPGVHHH,390,-12,41 N,30.3,208.4,30.0,18600.4,85.450,0.327,1.4,1.2,11031.0,56800.0,57623.,57619.,0.0,0.,11191.,11190.0,0.,0.0,6509.,0.8,6510.0,-0.0,0.0,0.0,0.,0.0,13073.0,13018.,0.4,0.03758,0.0382,-1.6,0.832,259,491.,546.,-0.014,0.015,2,2356075., , , , ,2025-07-23 11:20:28,True,False,False
2025-07-23,FHMRO,FHMRO,2025/07/23,11:23:29,CMA572,LFPGVHHH,390,-12,41 N,30.2,208.1,29.0,18598.5,85.140,-0.34,-1.5,-1.4,11205.0,57700.0,56848.,56844.,0.0,0.,11040.,11039.0,0.,0.0,6433.,1.1,6434.0,0.9,0.0,0.0,0.,0.0,12995.0,12866.,1.0,0.03784,0.03768,0.4,0.833,259,492.,545.,0.001,-0.018,0,2352884., , , , ,2025-07-23 11:23:29,True,False,False
2025-07-23,FHMRO,FHMRO,2025/07/23,11:26:29,CMA572,LFPGVHHH,390,-12,41 N,30.2,207.9,29.0,18600.0,85.235,0.217,1.0,0.8,11016.0,56723.0,57284.,57255.,0.0,0.,11125.,11119.0,0.,0.0,6467.,1.0,6465.0,0.4,0.0,0.0,0.,0.0,13023.0,12931.,0.7,0.03769,0.03826,-1.5,0.832,259,491.,543.,-0.013,0.018,0,2349605., , , , ,2025-07-23 11:26:29,True,False,False
2025-07-23,FHMRO,FHMRO,2025/07/23,11:29:29,CMA572,LFPGVHHH,390,-12,41 N,30.1,207.6,29.0,18599.4,85.150,0.21,0.9,0.8,10975.0,56514.0,57046.,57041.,0.0,0.,11078.,11077.0,0.,0.0,6443.,1.0,6443.0,0.5,0.0,0.0,0.,0.0,12982.0,12886.,0.7,0.03781,0.03838,-1.5,0.832,259,491.,541.,-0.015,0.001,0,2346310., , , , ,2025-07-23 11:29:29,True,False,False
2025-07-23,FHMRO,FHMRO,2025/07/23,12:39:16,CMA572,LFPGVHHH,390,-15,41 N,29.3,200.8,25.0,18602.7,84.450,-0.058,-0.3,-0.3,10946.0,56366.0,56223.,56219.,0.0,0.,10918.,10918.0,0.,0.0,6321.,1.8,6322.0,0.7,0.0,0.0,0.,0.0,12798.0,12644.,1.2,0.03818,0.03853,-0.9,0.832,259,489.,522.,0.01,-0.002,0,2270001., , , , ,2025-07-23 12:39:16,True,False,False
2025-07-23,FHMRO,FHMRO,2025/07/23,13:17:45,CMA572,LFPGVHHH,391,-14,41 N,29.0,197.1,25.0,18601.6,84.240,0.203,0.8,0.6,10627.0,54988.0,55430.,55426.,0.0,0.,10713.,10712.0,0.,0.0,6218.,1.3,6218.0,0.4,0.0,0.0,0.,0.0,12540.0,12436.,0.8,0.03897,0.03955,-1.5,0.831,258,489.,518.,-0.002,0.007,0,2239613., , , , ,2025-07-23 13:17:45,True,False,False
2025-07-24,FHMRO,FHMRO,2025/07/24,07:04:53,CMA573,VHHHUBBB,340,-1,41 N,26.7,254.9,24.0,18611.9,86.700,0.359,1.6,1.2,13768.0,55803.0,56678.,56682.,0.0,0.,13984.,13985.0,0.,0.0,8211.,1.9,8211.0,1.2,0.0,0.0,0.,0.0,16675.0,16422.,1.5,0.03006,0.03089,-2.7,0.832,291,501.,450.,0.001,-0.004,0,2283096., , , , ,2025-07-24 07:04:53,True,False,False
2025-07-25,FHMRO,FHMRO,2025/07/25,22:59:13,CMA582,LFPGVHHH,370,-9,42 N,33.5,225.8,28.0,18612.1,85.360,0.136,0.6,0.4,11988.0,56071.0,56433.,56387.,0.0,0.,12065.,12055.0,0.,0.0,7003.,1.4,7013.0,1.0,0.0,0.0,0.,0.0,14184.0,14016.,1.2,0.03474,0.03529,-1.6,0.83,270,493.,560.,-0.002,0.012,0,2318448., , , , ,2025-07-25 22:59:13,True,False,False
2025-07-25,FHMRO,FHMRO,2025/07/25,23:02:59,CMA582,LFPGVHHH,370,-9,42 N,33.4,225.4,28.0,18612.3,85.460,-0.15,-0.7,-0.8,12203.0,57078.0,56729.,56683.,0.0,0.,12129.,12119.0,0.,0.0,7031.,1.3,7040.0,0.6,0.0,0.0,0.,0.0,14200.0,14071.,0.9,0.03465,0.0347,-0.2,0.829,270,492.,561.,0.016,0.049,0,2314154., , , , ,2025-07-25 23:02:59,True,False,False
2025-07-26,FHMRO,FHMRO,2025/07/26,00:16:18,CMA582,LFPGVHHH,370,-8,41 N,32.0,217.6,29.0,18613.3,85.020,-0.0,0.0,-0.2,11816.0,55266.0,55289.,55243.,0.0,0.,11820.,11811.0,0.,0.0,6876.,1.4,6886.0,0.6,0.0,0.0,0.,0.0,13896.0,13762.,1.0,0.03543,0.03572,-0.8,0.828,270,492.,571.,0.015,-0.042,0,2233980., , , , ,2025-07-26 00:16:18,True,False,False
2025-07-26,FHMRO,FHMRO,2025/07/26,00:59:53,CMA582,LFPGVHHH,390,-12,41 N,31.2,213.1,29.0,18616.0,85.490,0.166,0.7,0.5,11143.0,57379.0,57823.,57770.,0.0,0.,11229.,11219.0,0.,0.0,6505.,1.7,6515.0,0.5,0.0,0.0,0.,0.0,13163.0,13020.,1.1,0.03736,0.03796,-1.6,0.833,259,492.,552.,-0.024,0.005,0,2408390., , , , ,2025-07-26 00:59:53,True,False,False
2025-07-26,FHMRO,FHMRO,2025/07/26,03:15:02,CMA582,LFPGVHHH,391,-15,38 N,30.1,199.8,24.0,18613.7,83.880,0.047,0.2,0.0,10600.0,54848.0,54974.,54923.,0.0,0.,10625.,10615.0,0.,0.0,6144.,1.3,6154.0,0.6,0.0,0.0,0.,0.0,12417.0,12298.,1.0,0.0394,0.03978,-1.0,0.833,259,489.,537.,-0.015,-0.029,0,2269050., , , , ,2025-07-26 03:15:02,True,False,False
2025-07-26,FHMRO,FHMRO,2025/07/26,03:42:08,CMA582,LFPGVHHH,391,-15,36 N,30.0,197.3,24.0,18616.2,83.900,0.19,0.7,0.5,10569.0,54685.0,55110.,55059.,0.0,0.,10651.,10641.0,0.,0.0,6146.,0.8,6155.0,0.6,0.0,0.0,0.,0.0,12386.0,12300.,0.7,0.03938,0.03986,-1.2,0.831,258,488.,528.,-0.006,0.025,0,2239697., , , , ,2025-07-26 03:42:08,True,False,False
2025-07-27,FHMRO,FHMRO,2025/07/27,01:02:45,CMA583,UBBBLFPG,320,-1,42 N,25.3,275.1,30.0,18623.2,85.970,0.41,1.5,1.1,14669.0,54148.0,54978.,54981.,0.0,0.,14894.,14895.0,0.,0.0,8733.,1.9,8733.0,1.3,0.0,0.0,0.,0.0,17745.0,17466.,1.6,0.02826,0.02904,-2.7,0.832,304,501.,466.,-0.009,-0.013,0,2244302., , , , ,2025-07-27 01:02:45,True,False,False
2025-07-27,FHMRO,FHMRO,2025/07/27,01:16:58,CMA583,UBBBLFPG,320,0,42 N,25.2,273.2,30.0,18622.2,85.670,-0.043,-0.2,-0.4,14694.0,54240.0,54151.,54154.,0.0,0.,14670.,14671.0,0.,0.0,8627.,1.6,8626.0,1.4,0.0,0.0,0.,0.0,17513.0,17253.,1.5,0.02867,0.02898,-1.1,0.832,304,502.,468.,-0.003,0.003,0,2228793., , , , ,2025-07-27 01:16:58,True,False,False
2025-07-27,FHMRO,FHMRO,2025/07/27,01:27:36,CMA583,UBBBLFPG,320,0,42 N,25.2,271.8,30.0,18620.5,85.600,0.121,0.5,0.2,14579.0,53816.0,54061.,54064.,0.0,0.,14646.,14646.0,0.,0.0,8606.,1.5,8605.0,1.0,0.0,0.0,0.,0.0,17431.0,17211.,1.3,0.02876,0.02918,-1.4,0.831,303,501.,468.,-0.005,-0.002,0,2217308., , , , ,2025-07-27 01:27:36,True,False,False
2025-07-27,FHMRO,FHMRO,2025/07/27,10:43:34,CMA576A,LFPGVHHH,370,-7,42 N,32.3,219.7,24.0,18626.6,84.680,0.073,0.3,-0.0,11549.0,54016.0,54167.,54167.,0.0,0.,11581.,11581.0,0.,0.0,6767.,0.8,6767.0,0.7,0.0,0.0,0.,0.0,13631.0,13535.,0.7,0.03638,0.03663,-0.7,0.832,271,496.,539.,-0.018,-0.012,0,2255820., , , , ,2025-07-27 10:43:34,True,False,False
2025-07-29,FHMRO,FHMRO,2025/07/29,22:21:17,CMA572,LFPGVHHH,370,-9,42 N,34.5,238.7,30.0,18621.0,86.430,0.095,0.4,0.3,12539.0,58650.0,58886.,58886.,0.0,0.,12589.,12589.0,0.,0.0,7312.,1.9,7312.0,0.8,0.0,0.0,0.,0.0,14825.0,14624.,1.4,0.03329,0.03385,-1.6,0.831,271,494.,560.,-0.009,-0.012,0,2451694., , , , ,2025-07-29 22:21:17,True,False,False
2025-07-29,FHMRO,FHMRO,2025/07/29,23:22:14,CMA572,LFPGVHHH,370,-7,41 N,33.0,231.9,30.0,18622.8,86.190,0.142,0.6,0.5,12244.0,57268.0,57621.,57621.,0.0,0.,12320.,12320.0,0.,0.0,7193.,1.6,7193.0,0.6,0.0,0.0,0.,0.0,14547.0,14387.,1.1,0.03404,0.03458,-1.6,0.831,271,495.,563.,-0.008,0.036,0,2381432., , , , ,2025-07-29 23:22:14,True,False,False
2025-07-29,FHMRO,FHMRO,2025/07/29,23:26:46,CMA572,LFPGVHHH,370,-7,41 N,32.9,231.4,30.0,18622.8,86.190,-0.152,-0.6,-0.7,12404.0,58020.0,57644.,57644.,0.0,0.,12324.,12324.0,0.,0.0,7190.,1.6,7190.0,1.1,0.0,0.0,0.,0.0,14580.0,14381.,1.4,0.03392,0.03415,-0.7,0.83,271,495.,565.,0.008,-0.012,0,2375914., , , , ,2025-07-29 23:26:46,True,False,False
2025-07-29,FHMRO,FHMRO,2025/07/29,23:30:15,CMA572,LFPGVHHH,370,-7,41 N,32.8,231.0,30.0,18622.8,86.370,-0.048,-0.2,-0.3,12437.0,58171.0,58053.,58053.,0.0,0.,12412.,12412.0,0.,0.0,7239.,1.8,7239.0,1.0,0.0,0.0,0.,0.0,14678.0,14478.,1.4,0.0337,0.03407,-1.1,0.83,270,495.,566.,0.011,0.034,0,2371809., , , , ,2025-07-29 23:30:15,True,False,False
2025-07-29,FHMRO,FHMRO,2025/07/29,23:33:15,CMA572,LFPGVHHH,370,-7,41 N,32.8,230.7,30.0,18622.8,86.345,0.053,0.2,0.1,12362.0,57819.0,57939.,57963.,0.0,0.,12388.,12393.0,0.,0.0,7228.,1.8,7230.0,0.8,0.0,0.0,0.,0.0,14651.0,14458.,1.3,0.03376,0.03426,-1.4,0.83,271,495.,568.,0.007,0.010,0,2368323., , , , ,2025-07-29 23:33:15,True,False,False
2025-07-29,FHMRO,FHMRO,2025/07/29,23:36:15,CMA572,LFPGVHHH,370,-7,41 N,32.7,230.4,30.0,18626.8,86.320,-0.01,-0.0,-0.1,12374.0,57877.0,57853.,57853.,0.0,0.,12369.,12369.0,0.,0.0,7217.,1.6,7217.0,0.9,0.0,0.0,0.,0.0,14613.0,14435.,1.2,0.03386,0.03423,-1.1,0.83,271,495.,570.,0.009,0.015,0,2364982., , , , ,2025-07-29 23:36:15,True,False,False
2025-07-29,FHMRO,FHMRO,2025/07/29,23:39:15,CMA572,LFPGVHHH,370,-7,41 N,32.6,230.0,30.0,18626.8,86.120,-0.129,-0.6,-0.6,12310.0,57578.0,57259.,57259.,0.0,0.,12242.,12242.0,0.,0.0,7158.,1.5,7158.0,0.6,0.0,0.0,0.,0.0,14467.0,14316.,1.1,0.03425,0.03441,-0.5,0.831,271,496.,570.,0.005,-0.024,0,2361556., , , , ,2025-07-29 23:39:15,True,False,False
2025-07-29,FHMRO,FHMRO,2025/07/29,23:42:15,CMA572,LFPGVHHH,370,-7,41 N,32.6,229.7,30.0,18626.8,86.180,-0.27,-1.1,-1.1,12422.0,58105.0,57438.,57438.,0.0,0.,12280.,12280.0,0.,0.0,7173.,1.5,7173.0,0.4,0.0,0.0,0.,0.0,14481.0,14345.,0.9,0.03418,0.03411,0.2,0.83,271,495.,573.,0.016,-0.033,0,2358108., , , , ,2025-07-29 23:42:15,True,False,False
2025-07-29,FHMRO,FHMRO,2025/07/29,23:45:15,CMA572,LFPGVHHH,370,-7,41 N,32.5,229.4,30.0,18626.8,86.240,-0.024,-0.1,-0.2,12339.0,57713.0,57655.,57655.,0.0,0.,12327.,12327.0,0.,0.0,7195.,1.5,7195.0,1.7,0.0,0.0,0.,0.0,14625.0,14390.,1.6,0.03383,0.03432,-1.4,0.83,271,495.,575.,0.01,0.023,0,2354520., , , , ,2025-07-29 23:45:15,True,False,False
2025-07-30,FHMRO,FHMRO,2025/07/30,15:48:53,CMA852,LFPGVHHH,410,-18,41 N,25.4,188.3,28.0,18616.2,84.610,0.348,1.6,1.1,10105.0,57280.0,58176.,58171.,0.0,0.,10263.,10262.0,0.,0.0,5872.,1.3,5873.0,0.4,0.0,0.0,0.,0.0,11848.0,11744.,0.9,0.04103,0.04185,-2.0,0.833,248,486.,526.,-0.014,0.005,0,2342780., , , , ,2025-07-30 15:48:53,True,False,False
2025-07-30,FHMRO,FHMRO,2025/07/30,21:01:57,CMA852,LFPGVHHH,411,-21,26 N,22.1,161.7,24.0,18623.2,82.000,0.083,0.3,-0.0,9306.0,53009.0,53188.,53184.,0.0,0.,9337.,9337.0,0.,0.0,5343.,0.9,5344.0,0.4,0.0,0.0,0.,0.0,10756.0,10687.,0.6,0.04488,0.04516,-0.6,0.832,247,483.,448.,0.017,-0.012,0,2021815., , , , ,2025-07-30 21:01:57,True,False,False
2025-07-30,FHMRO,FHMRO,2025/07/30,23:00:09,CMA573,UBBBLFPG,340,-2,41 N,27.0,273.6,28.0,18645.5,88.010,0.016,0.1,-0.2,14824.0,60080.0,60119.,60123.,0.0,0.,14833.,14834.0,0.,0.0,8634.,2.5,8633.0,1.9,0.0,0.0,0.,0.0,17643.0,17266.,2.2,0.02832,0.02888,-1.9,0.83,290,500.,434.,0.006,0.079,0,2450138., , , , ,2025-07-30 23:00:09,True,False,False
2025-07-30,FHMRO,FHMRO,2025/07/30,23:04:17,CMA573,UBBBLFPG,340,-1,41 N,26.9,273.0,28.0,18645.5,87.920,0.076,0.3,0.1,14691.0,59544.0,59739.,59742.,0.0,0.,14739.,14740.0,0.,0.0,8589.,2.5,8588.0,1.4,0.0,0.0,0.,0.0,17505.0,17176.,1.9,0.02856,0.02912,-1.9,0.83,290,500.,435.,0.001,-0.013,0,2445491., , , , ,2025-07-30 23:04:17,True,False,False
2025-07-30,FHMRO,FHMRO,2025/07/30,23:53:37,CMA573,UBBBLFPG,340,-1,42 N,26.4,266.6,29.0,18639.4,87.300,-0.007,-0.0,-0.3,14332.0,58086.0,58068.,58072.,0.0,0.,14327.,14328.0,0.,0.0,8398.,2.3,8397.0,1.8,0.0,0.0,0.,0.0,17137.0,16795.,2.0,0.02933,0.02984,-1.7,0.834,291,503.,445.,-0.005,-0.003,0,2387416., , , , ,2025-07-30 23:53:37,True,False,False
2025-08-01,FHMRO,FHMRO,2025/08/01,11:50:53,CMA846,LFPGVHHH,390,-15,41 N,26.5,194.5,30.0,18622.8,83.560,-0.028,-0.1,-0.4,10585.0,54507.0,54441.,54454.,0.0,0.,10572.,10575.0,0.,0.0,6093.,0.8,6090.0,0.7,0.0,0.0,0.,0.0,12273.0,12183.,0.7,0.03975,0.03989,-0.3,0.831,259,488.,516.,0.0,0.005,0,2199000., , , , ,2025-08-01 11:50:53,True,False,False
2025-08-01,FHMRO,FHMRO,2025/08/01,12:29:35,CMA846,LFPGVHHH,390,-14,41 N,25.7,190.9,28.0,18625.1,83.930,-0.272,-1.1,-1.2,10790.0,55563.0,54973.,54986.,0.0,0.,10676.,10678.0,0.,0.0,6144.,1.1,6142.0,0.8,0.0,0.0,0.,0.0,12402.0,12286.,0.9,0.03925,0.03914,0.3,0.828,258,487.,529.,0.034,0.005,0,2157868., , , , ,2025-08-01 12:29:35,True,False,False
2025-08-01,FHMRO,FHMRO,2025/08/01,12:34:43,CMA846,LFPGVHHH,390,-14,41 N,25.6,190.4,28.0,18625.1,83.740,-0.188,-0.7,-0.9,10646.0,54821.0,54423.,54435.,0.0,0.,10569.,10571.0,0.,0.0,6095.,1.4,6092.0,0.7,0.0,0.0,0.,0.0,12310.0,12187.,1.0,0.03958,0.03961,-0.1,0.828,258,487.,536.,0.023,-0.026,0,2152286., , , , ,2025-08-01 12:34:43,True,False,False
2025-08-01,FHMRO,FHMRO,2025/08/01,12:43:22,CMA846,LFPGVHHH,410,-18,41 N,25.4,189.6,28.0,18623.2,85.430,0.5,2.2,1.7,10418.0,59061.0,60370.,60385.,0.0,0.,10649.,10652.0,0.,0.0,6060.,1.1,6058.0,-0.2,0.0,0.0,0.,0.0,12174.0,12118.,0.5,0.03973,0.04062,-2.2,0.829,246,484.,530.,0.015,-0.075,0,2358793., , , , ,2025-08-01 12:43:22,True,False,False
2025-08-01,FHMRO,FHMRO,2025/08/01,13:08:58,CMA846,LFPGVHHH,410,-17,41 N,24.9,187.2,28.0,18624.0,85.340,0.352,1.5,1.1,10370.0,58784.0,59681.,59696.,0.0,0.,10528.,10531.0,0.,0.0,6014.,0.9,6011.0,0.6,0.0,0.0,0.,0.0,12114.0,12025.,0.7,0.04005,0.0408,-1.8,0.83,247,485.,542.,0.018,0.028,0,2329349., , , , ,2025-08-01 13:08:58,True,False,False
2025-08-01,FHMRO,FHMRO,2025/08/01,14:48:23,CMA846,LFPGVHHH,411,-18,41 N,23.3,178.4,24.0,18625.2,83.420,-0.09,-0.3,-0.6,9712.0,55321.0,55125.,55139.,0.0,0.,9678.,9680.0,0.,0.0,5564.,1.2,5562.0,0.7,0.0,0.0,0.,0.0,11231.0,11125.,1.0,0.04324,0.04339,-0.3,0.832,247,486.,545.,-0.008,0.041,0,2229999., , , , ,2025-08-01 14:48:23,True,False,False
2025-08-02,FHMRO,FHMRO,2025/08/02,06:43:12,CMA847,VHHHUBBB,340,-3,40 N,21.4,258.5,24.0,18621.8,86.925,-0.116,-0.5,-0.7,14342.0,58129.0,57833.,57858.,0.0,0.,14269.,14275.0,0.,0.0,8331.,2.8,8334.0,1.1,0.0,0.0,0.,0.0,16987.0,16666.,1.9,0.02942,0.02979,-1.2,0.832,291,500.,466.,0.018,-0.028,0,2315163., , , , ,2025-08-02 06:43:12,True,False,False
2025-08-02,FHMRO,FHMRO,2025/08/02,06:49:41,CMA847,VHHHUBBB,340,-3,40 N,21.3,257.7,24.0,18624.5,86.650,-0.146,-0.6,-0.8,14191.0,57519.0,57163.,57163.,0.0,0.,14103.,14103.0,0.,0.0,8247.,2.1,8247.0,1.1,0.0,0.0,0.,0.0,16758.0,16494.,1.6,0.02986,0.0301,-0.8,0.833,291,500.,470.,0.009,0.003,0,2307543., , , , ,2025-08-02 06:49:41,True,False,False
2025-08-02,FHMRO,FHMRO,2025/08/02,06:57:05,CMA847,VHHHUBBB,340,-3,40 N,21.3,256.8,24.0,18620.7,86.560,-0.231,-1.0,-1.1,14221.0,57639.0,57074.,57074.,0.0,0.,14081.,14081.0,0.,0.0,8225.,2.1,8225.0,1.3,0.0,0.0,0.,0.0,16729.0,16451.,1.7,0.02986,0.03002,-0.5,0.832,291,500.,475.,0.016,-0.006,0,2299238., , , , ,2025-08-02 06:57:05,True,False,False
2025-08-03,FHMRO,FHMRO,2025/08/03,09:55:41,CMA576A,LFPGVHHH,370,-6,43 N,33.3,224.4,28.0,18626.6,86.180,-0.027,-0.1,-0.4,12289.0,57481.0,57412.,57416.,0.0,0.,12274.,12275.0,0.,0.0,7143.,1.4,7142.0,0.4,0.0,0.0,0.,0.0,14414.0,14284.,0.9,0.03436,0.03454,-0.5,0.83,270,495.,536.,0.025,0.000,0,2305145., , , , ,2025-08-03 09:55:41,True,False,False
2025-08-03,FHMRO,FHMRO,2025/08/03,10:11:50,CMA576A,LFPGVHHH,370,-7,42 N,33.3,222.4,24.0,18626.6,85.630,-0.08,-0.4,-0.6,12044.0,56330.0,56131.,56135.,0.0,0.,12001.,12002.0,0.,0.0,6996.,1.4,6995.0,0.7,0.0,0.0,0.,0.0,14141.0,13991.,1.1,0.03505,0.03522,-0.5,0.831,271,496.,533.,0.012,0.007,0,2284883., , , , ,2025-08-03 10:11:50,True,False,False
2025-08-03,FHMRO,FHMRO,2025/08/03,10:51:46,CMA576A,LFPGVHHH,370,-7,42 N,31.8,218.2,28.0,18626.6,84.670,0.318,1.2,0.8,11446.0,53535.0,54193.,54193.,0.0,0.,11587.,11587.0,0.,0.0,6766.,0.5,6766.0,0.2,0.0,0.0,0.,0.0,13581.0,13531.,0.4,0.03646,0.0369,-1.2,0.831,271,495.,536.,-0.021,0.024,0,2241007., , , , ,2025-08-03 10:51:46,True,False,False
2025-08-03,FHMRO,FHMRO,2025/08/03,11:10:49,CMA576A,LFPGVHHH,370,-7,41 N,31.3,216.2,28.0,18623.5,84.205,0.112,0.4,0.1,11358.0,53124.0,53367.,53346.,0.0,0.,11409.,11405.0,0.,0.0,6667.,1.1,6665.0,0.4,0.0,0.0,0.,0.0,13434.0,13332.,0.8,0.03683,0.03716,-0.9,0.831,271,495.,530.,-0.022,-0.001,0,2221218., , , , ,2025-08-03 11:10:49,True,False,False
2025-08-04,FHMRO,FHMRO,2025/08/04,04:37:40,CMA577A,VHHHUBBB,340,-19,48 N,22.7,261.3,26.0,18622.7,83.795,0.034,0.2,-0.1,13946.0,56521.0,56613.,56602.,0.0,0.,13968.,13965.0,0.,0.0,7885.,1.5,7879.0,1.0,0.0,0.0,0.,0.0,15956.0,15764.,1.2,0.03044,0.03078,-1.1,0.834,291,486.,460.,-0.013,-0.003,0,2341292., , , , ,2025-08-04 04:37:40,True,False,False
2025-08-04,FHMRO,FHMRO,2025/08/04,09:45:25,CMA577,UBBBLFPG,340,0,41 N,22.8,277.3,28.0,18629.6,88.490,-0.161,-0.7,-0.9,15080.0,61118.0,60707.,60707.,0.0,0.,14978.,14978.0,0.,0.0,8738.,2.8,8738.0,1.5,0.0,0.0,0.,0.0,17851.0,17477.,2.1,0.02801,0.02835,-1.2,0.828,289,500.,482.,0.0,-0.016,0,2483569., , , , ,2025-08-04 09:45:25,True,False,False
2025-08-04,FHMRO,FHMRO,2025/08/04,11:11:42,CMA577,UBBBLFPG,340,0,42 N,21.9,265.9,27.0,18632.1,87.220,-0.268,-1.1,-1.3,14350.0,58162.0,57510.,57510.,0.0,0.,14189.,14189.0,0.,0.0,8342.,2.2,8342.0,1.6,0.0,0.0,0.,0.0,16996.0,16683.,1.9,0.02962,0.02979,-0.6,0.834,291,503.,467.,-0.012,-0.007,0,2382011., , , , ,2025-08-04 11:11:42,True,False,False
2025-08-05,FHMRO,FHMRO,2025/08/05,01:13:41,CMA840,LFPGVHHH,390,-13,41 N,26.3,191.8,28.0,18617.3,84.055,0.2,0.8,0.4,10540.0,54273.0,54702.,54681.,0.0,0.,10624.,10620.0,0.,0.0,6143.,0.8,6141.0,0.7,0.0,0.0,0.,0.0,12373.0,12284.,0.7,0.03952,0.03996,-1.1,0.829,258,489.,521.,0.007,0.009,0,2167788., , , , ,2025-08-05 01:13:41,True,False,False
2025-08-05,FHMRO,FHMRO,2025/08/05,01:52:06,CMA840,LFPGVHHH,410,-18,41 N,25.5,188.2,28.0,18616.2,85.070,-0.08,-0.3,-0.6,10490.0,59468.0,59265.,59265.,0.0,0.,10454.,10454.0,0.,0.0,5969.,1.1,5969.0,1.1,0.0,0.0,0.,0.0,12066.0,11937.,1.1,0.04021,0.04039,-0.4,0.831,247,485.,521.,0.025,-0.003,0,2341832., , , , ,2025-08-05 01:52:06,True,False,False
2025-08-05,FHMRO,FHMRO,2025/08/05,02:06:45,CMA840,LFPGVHHH,410,-18,41 N,25.2,186.8,29.0,18620.2,84.865,0.414,1.8,1.4,10221.0,57940.0,59016.,58991.,0.0,0.,10411.,10406.0,0.,0.0,5940.,1.0,5937.0,0.8,0.0,0.0,0.,0.0,11982.0,11877.,0.9,0.04049,0.0414,-2.2,0.832,247,485.,533.,0.005,-0.018,0,2324966., , , , ,2025-08-05 02:06:45,True,False,False
2025-08-05,FHMRO,FHMRO,2025/08/05,04:09:31,CMA840,LFPGVHHH,411,-20,39 N,23.4,176.0,24.0,18625.6,83.110,0.154,0.6,0.2,9640.0,54910.0,55238.,55238.,0.0,0.,9697.,9697.0,0.,0.0,5542.,1.2,5542.0,1.1,0.0,0.0,0.,0.0,11207.0,11083.,1.1,0.04315,0.04373,-1.3,0.832,247,484.,513.,-0.004,0.016,0,2200887., , , , ,2025-08-05 04:09:31,True,False,False
2025-08-05,FHMRO,FHMRO,2025/08/05,05:55:02,CMA840,LFPGVHHH,411,-19,32 N,22.6,167.3,24.0,18623.1,81.900,0.096,0.4,0.0,9162.0,52186.0,52391.,52391.,0.0,0.,9198.,9198.0,0.,0.0,5293.,0.6,5293.0,0.2,0.0,0.0,0.,0.0,10627.0,10586.,0.4,0.04558,0.04577,-0.4,0.832,247,484.,490.,-0.02,-0.017,0,2095700., , , , ,2025-08-05 05:55:02,True,False,False
2025-08-05,FHMRO,FHMRO,2025/08/05,11:51:16,CMA841,UBBBLFPG,340,-7,42 N,24.0,269.1,28.0,18620.3,86.890,0.176,0.7,0.4,14594.0,59148.0,59583.,59587.,0.0,0.,14701.,14702.0,0.,0.0,8521.,1.8,8521.0,1.2,0.0,0.0,0.,0.0,17291.0,17042.,1.5,0.02892,0.02947,-1.9,0.84,294,500.,457.,-0.011,0.014,0,2410206., , , , ,2025-08-05 11:51:16,True,False,False
2025-08-05,FHMRO,FHMRO,2025/08/05,12:14:28,CMA841,UBBBLFPG,340,-7,43 N,23.9,266.2,28.0,18619.4,86.395,-0.01,-0.0,-0.3,14395.0,58343.0,58330.,58308.,0.0,0.,14392.,14387.0,0.,0.0,8317.,1.3,8313.0,1.0,0.0,0.0,0.,0.0,16824.0,16631.,1.2,0.02946,0.02972,-0.9,0.832,291,496.,439.,0.0,0.019,0,2382800., , , , ,2025-08-05 12:14:28,True,False,False
2025-08-05,FHMRO,FHMRO,2025/08/05,12:24:42,CMA841,UBBBLFPG,340,-7,43 N,23.8,264.9,28.0,18618.4,86.210,0.033,0.1,-0.1,14290.0,57918.0,57999.,58002.,0.0,0.,14310.,14310.0,0.,0.0,8273.,1.4,8272.0,1.8,0.0,0.0,0.,0.0,16815.0,16545.,1.6,0.02949,0.02994,-1.5,0.833,291,496.,439.,-0.003,0.008,0,2371385., , , , ,2025-08-05 12:24:42,True,False,False
2025-08-05,FHMRO,FHMRO,2025/08/05,12:43:05,CMA841,UBBBLFPG,340,-8,45 N,23.7,262.0,28.0,18620.6,85.900,-0.126,-0.5,-0.7,14231.0,57681.0,57369.,57373.,0.0,0.,14154.,14155.0,0.,0.0,8185.,1.8,8184.0,1.2,0.0,0.0,0.,0.0,16611.0,16369.,1.5,0.02987,0.03009,-0.7,0.834,291,496.,440.,0.002,-0.009,0,2346052., , , , ,2025-08-05 12:43:05,True,False,False
2025-08-05,FHMRO,FHMRO,2025/08/05,12:46:05,CMA841,UBBBLFPG,340,-8,45 N,23.7,261.6,28.0,18620.6,86.080,0.096,0.4,0.1,14206.0,57580.0,57817.,57820.,0.0,0.,14265.,14265.0,0.,0.0,8238.,1.7,8237.0,1.2,0.0,0.0,0.,0.0,16715.0,16476.,1.5,0.02965,0.03012,-1.6,0.833,291,496.,441.,0.003,-0.006,0,2342614., , , , ,2025-08-05 12:46:05,True,False,False
2025-08-05,FHMRO,FHMRO,2025/08/05,12:55:17,CMA841,UBBBLFPG,340,-8,46 N,23.6,260.4,28.0,18615.6,86.030,0.061,0.3,-0.0,14214.0,57608.0,57757.,57761.,0.0,0.,14251.,14251.0,0.,0.0,8230.,1.6,8229.0,1.2,0.0,0.0,0.,0.0,16694.0,16459.,1.4,0.02968,0.0301,-1.4,0.833,291,495.,444.,0.007,0.022,0,2332224., , , , ,2025-08-05 12:55:17,True,False,False
2025-08-06,FHMRO,FHMRO,2025/08/06,11:07:52,CMA852,LFPGVHHH,370,-24,47 N,27.9,215.3,29.0,18620.6,82.020,0.171,0.7,0.4,11566.0,54100.0,54458.,54473.,0.0,0.,11643.,11646.0,0.,0.0,6539.,1.4,6536.0,0.4,0.0,0.0,0.,0.0,13188.0,13076.,0.9,0.03631,0.03676,-1.2,0.831,271,479.,556.,0.0,0.027,0,2212470., , , , ,2025-08-06 11:07:52,True,False,False
2025-08-07,FHMRO,FHMRO,2025/08/07,14:05:23,CMA853,UBBBLFPG,320,0,42 N,23.1,274.9,27.0,18611.3,85.910,0.09,0.3,0.0,14701.0,54266.0,54449.,54449.,0.0,0.,14751.,14751.0,0.,0.0,8682.,1.9,8682.0,0.9,0.0,0.0,0.,0.0,17610.0,17364.,1.4,0.02854,0.02896,-1.4,0.832,304,503.,456.,-0.011,0.009,0,2242838., , , , ,2025-08-07 14:05:23,True,False,False
2025-08-08,FHMRO,FHMRO,2025/08/08,08:19:42,CMA846,LFPGVHHH,390,-27,50 N,27.7,217.4,28.0,18609.5,84.415,0.407,1.8,1.5,11731.0,60406.0,61529.,61506.,0.0,0.,11949.,11944.0,0.,0.0,6632.,0.3,6628.0,-0.2,0.0,0.0,0.,0.0,13273.0,13260.,0.1,0.03582,0.03638,-1.5,0.829,258,475.,559.,0.009,-0.059,0,2459830., , , , ,2025-08-08 08:19:42,True,False,False
2025-08-08,FHMRO,FHMRO,2025/08/08,08:24:34,CMA846,LFPGVHHH,390,-27,50 N,27.8,216.9,28.0,18615.5,84.360,0.531,2.4,2.0,11641.0,59942.0,61393.,61397.,0.0,0.,11923.,11924.0,0.,0.0,6619.,0.5,6619.0,0.0,0.0,0.0,0.,0.0,13274.0,13238.,0.3,0.03586,0.03667,-2.2,0.83,258,476.,558.,0.002,0.016,0,2454188., , , , ,2025-08-08 08:24:34,True,False,False
2025-08-08,FHMRO,FHMRO,2025/08/08,08:27:35,CMA846,LFPGVHHH,390,-27,50 N,27.8,216.6,28.0,18616.3,84.300,0.483,2.2,1.8,11640.0,59938.0,61257.,61261.,0.0,0.,11896.,11897.0,0.,0.0,6604.,0.7,6603.0,0.2,0.0,0.0,0.,0.0,13268.0,13208.,0.5,0.03587,0.03668,-2.2,0.83,259,476.,559.,0.004,-0.025,0,2450858., , , , ,2025-08-08 08:27:35,True,False,False
2025-08-08,FHMRO,FHMRO,2025/08/08,08:36:46,CMA846,LFPGVHHH,390,-27,50 N,27.9,215.6,28.0,18619.5,84.085,0.333,1.5,1.2,11604.0,59754.0,60651.,60682.,0.0,0.,11778.,11785.0,0.,0.0,6546.,1.3,6548.0,0.8,0.0,0.0,0.,0.0,13231.0,13094.,1.0,0.03601,0.03681,-2.2,0.831,259,476.,550.,0.003,0.009,0,2441517., , , , ,2025-08-08 08:36:46,True,False,False
2025-08-08,FHMRO,FHMRO,2025/08/08,11:15:08,CMA846,LFPGVHHH,390,-15,41 N,28.7,200.1,25.0,18620.0,83.930,-0.227,-0.9,-1.1,10805.0,55638.0,55135.,55135.,0.0,0.,10708.,10708.0,0.,0.0,6167.,1.5,6167.0,1.0,0.0,0.0,0.,0.0,12487.0,12333.,1.2,0.03913,0.03918,-0.1,0.832,259,489.,533.,-0.001,0.033,0,2262794., , , , ,2025-08-08 11:15:08,True,False,False
2025-08-08,FHMRO,FHMRO,2025/08/08,11:57:33,CMA846,LFPGVHHH,390,-13,41 N,27.4,196.1,28.0,18619.0,84.030,0.29,1.1,0.7,10553.0,54341.0,54949.,54949.,0.0,0.,10671.,10671.0,0.,0.0,6158.,1.0,6158.0,1.1,0.0,0.0,0.,0.0,12445.0,12316.,1.0,0.03926,0.03996,-1.7,0.83,258,489.,518.,-0.007,0.024,0,2217480., , , , ,2025-08-08 11:57:33,True,False,False
2025-08-08,FHMRO,FHMRO,2025/08/08,12:01:34,CMA846,LFPGVHHH,390,-14,41 N,27.3,195.8,29.0,18619.0,83.710,0.228,0.9,0.5,10460.0,53860.0,54340.,54340.,0.0,0.,10553.,10553.0,0.,0.0,6102.,0.9,6102.0,0.5,0.0,0.0,0.,0.0,12291.0,12204.,0.7,0.03983,0.04032,-1.2,0.832,259,490.,509.,-0.017,0.029,0,2213428., , , , ,2025-08-08 12:01:34,True,False,False
2025-08-08,FHMRO,FHMRO,2025/08/08,12:35:49,CMA846,LFPGVHHH,390,-14,41 N,26.5,192.6,28.0,18617.3,83.770,-0.237,-0.9,-1.1,10676.0,54977.0,54479.,54479.,0.0,0.,10580.,10580.0,0.,0.0,6116.,0.8,6116.0,1.1,0.0,0.0,0.,0.0,12352.0,12231.,1.0,0.03963,0.03958,0.1,0.832,259,490.,497.,0.013,0.012,0,2177615., , , , ,2025-08-08 12:35:49,True,False,False
2025-08-08,FHMRO,FHMRO,2025/08/08,17:47:47,CMA846,LFPGVHHH,411,-20,27 N,22.5,165.4,24.0,18624.2,82.180,0.263,1.1,0.7,9279.0,52852.0,53416.,53416.,0.0,0.,9377.,9377.0,0.,0.0,5388.,0.5,5388.0,0.3,0.0,0.0,0.,0.0,10820.0,10775.,0.4,0.0449,0.04538,-1.1,0.837,248,486.,449.,-0.008,0.006,0,2067545., , , , ,2025-08-08 17:47:47,True,False,False
2025-08-09,FHMRO,FHMRO,2025/08/09,03:39:37,CMA847,VHHHUBBB,341,-1,41 N,24.5,277.9,30.0,18607.7,88.980,0.092,0.4,0.1,15240.0,62064.0,62293.,62308.,0.0,0.,15297.,15300.0,0.,0.0,8930.,1.3,8926.0,1.4,0.0,0.0,0.,0.0,18100.0,17856.,1.4,0.02767,0.02808,-1.5,0.831,290,501.,441.,0.008,-0.001,0,2500290., , , , ,2025-08-09 03:39:37,True,False,False
2025-08-09,FHMRO,FHMRO,2025/08/09,04:19:25,CMA847,VHHHUBBB,340,-2,41 N,24.1,272.5,30.0,18610.6,87.530,-0.309,-1.3,-1.4,14755.0,59802.0,59030.,59044.,0.0,0.,14565.,14568.0,0.,0.0,8513.,2.2,8510.0,1.6,0.0,0.0,0.,0.0,17349.0,17023.,1.9,0.02885,0.02898,-0.5,0.832,291,501.,458.,-0.002,-0.002,0,2440509., , , , ,2025-08-09 04:19:25,True,False,False
2025-08-09,FHMRO,FHMRO,2025/08/09,04:52:13,CMA847,VHHHUBBB,340,-4,41 N,23.9,268.2,26.0,18612.8,87.360,-0.368,-1.6,-1.7,14945.0,60574.0,59616.,59630.,0.0,0.,14708.,14712.0,0.,0.0,8540.,1.9,8536.0,1.6,0.0,0.0,0.,0.0,17375.0,17076.,1.7,0.02867,0.02867,0.0,0.832,291,498.,467.,0.027,-0.004,0,2401802., , , , ,2025-08-09 04:52:13,True,False,False
2025-08-09,FHMRO,FHMRO,2025/08/09,13:04:06,CMA847,UBBBLFPG,320,-7,44 N,23.5,263.4,31.0,18627.3,83.935,0.306,1.2,0.8,14166.0,52293.0,52902.,52938.,0.0,0.,14331.,14341.0,0.,0.0,8297.,0.6,8296.0,0.4,0.0,0.0,0.,0.0,16676.0,16593.,0.5,0.02961,0.03001,-1.3,0.829,303,494.,472.,-0.006,-0.009,0,2148844., , , , ,2025-08-09 13:04:06,True,False,False
2025-08-09,FHMRO,FHMRO,2025/08/09,13:07:06,CMA847,UBBBLFPG,320,-8,44 N,23.5,263.0,31.0,18627.3,83.930,0.094,0.4,0.1,14291.0,52753.0,52937.,52953.,0.0,0.,14341.,14345.0,0.,0.0,8300.,0.7,8296.0,0.4,0.0,0.0,0.,0.0,16688.0,16596.,0.6,0.02958,0.02977,-0.6,0.829,303,494.,471.,0.003,0.005,0,2145672., , , , ,2025-08-09 13:07:06,True,False,False
2025-08-09,FHMRO,FHMRO,2025/08/09,13:35:08,CMA847,UBBBLFPG,320,-8,45 N,23.4,259.5,26.0,18630.2,84.050,0.4,1.6,1.2,14219.0,52487.0,53296.,53311.,0.0,0.,14438.,14442.0,0.,0.0,8325.,1.2,8321.0,0.5,0.0,0.0,0.,0.0,16787.0,16647.,0.8,0.02928,0.02988,-2.0,0.826,301,492.,480.,0.011,0.003,2,2117010., , , , ,2025-08-09 13:35:08,True,False,False
2025-08-09,FHMRO,FHMRO,2025/08/09,13:54:07,CMA847,UBBBLFPG,320,-9,45 N,23.3,257.1,27.0,18628.5,83.390,0.251,1.1,0.7,14011.0,51722.0,52271.,52286.,0.0,0.,14160.,14164.0,0.,0.0,8162.,1.0,8158.0,0.2,0.0,0.0,0.,0.0,16414.0,16320.,0.6,0.02989,0.03029,-1.3,0.826,301,491.,484.,0.004,0.006,0,2097797., , , , ,2025-08-09 13:54:07,True,False,False
2025-08-09,FHMRO,FHMRO,2025/08/09,14:05:57,CMA847,UBBBLFPG,340,-15,46 N,23.3,255.6,26.0,18628.5,84.250,-0.227,-1.0,-1.1,13984.0,56681.0,56104.,56122.,0.0,0.,13842.,13846.0,0.,0.0,7879.,1.1,7875.0,0.8,0.0,0.0,0.,0.0,15901.0,15753.,0.9,0.03068,0.03061,0.2,0.831,290,488.,482.,0.015,-0.068,0,2289531., , , , ,2025-08-09 14:05:57,True,False,False
2025-08-10,FHMRO,FHMRO,2025/08/10,14:06:18,CMA577,VHHHUBBB,321,5,37 N,25.3,289.9,28.0,18591.0,88.190,-0.008,-0.0,-0.3,15640.0,57998.0,57976.,57983.,0.0,0.,15634.,15636.0,0.,0.0,9272.,2.0,9270.0,1.8,0.0,0.0,0.,0.0,18899.0,18542.,1.9,0.02685,0.02729,-1.6,0.833,303,507.,452.,-0.001,-0.010,0,2374692., , , , ,2025-08-10 14:06:18,True,False,False
2025-08-10,FHMRO,FHMRO,2025/08/10,15:24:22,CMA577,VHHHUBBB,321,4,41 N,23.9,279.0,28.0,18587.1,87.150,-0.164,-0.7,-0.9,15183.0,56306.0,55906.,55913.,0.0,0.,15076.,15077.0,0.,0.0,8945.,2.0,8944.0,1.7,0.0,0.0,0.,0.0,18225.0,17889.,1.9,0.02778,0.02805,-1.0,0.833,304,506.,438.,0.005,-0.007,0,2285914., , , , ,2025-08-10 15:24:22,True,False,False
2025-08-10,FHMRO,FHMRO,2025/08/10,15:24:51,CMA577,VHHHUBBB,321,4,41 N,23.9,278.9,28.0,18587.1,87.230,-0.156,-0.7,-0.9,15232.0,56487.0,56107.,56114.,0.0,0.,15129.,15131.0,0.,0.0,8974.,2.0,8972.0,2.0,0.0,0.0,0.,0.0,18300.0,17947.,2.0,0.02767,0.02797,-1.1,0.833,304,506.,438.,0.008,0.004,0,2285478., , , , ,2025-08-10 15:24:51,True,False,False
2025-08-11,FHMRO,FHMRO,2025/08/11,01:13:20,CMA577,UBBBLFPG,340,-10,44 N,22.4,262.0,29.0,18614.5,85.470,-0.142,-0.6,-0.8,14168.0,57421.0,57066.,57073.,0.0,0.,14080.,14082.0,0.,0.0,8112.,1.4,8110.0,1.1,0.0,0.0,0.,0.0,16427.0,16222.,1.3,0.03006,0.0302,-0.4,0.833,291,494.,458.,-0.003,-0.005,0,2346386., , , , ,2025-08-11 01:13:20,True,False,False
2025-08-11,FHMRO,FHMRO,2025/08/11,09:29:33,CMA840,LFPGVHHH,390,-18,44 N,29.1,206.5,28.0,18622.7,84.600,0.259,1.1,0.8,11159.0,57463.0,58119.,58128.,0.0,0.,11287.,11288.0,0.,0.0,6425.,1.3,6424.0,0.8,0.0,0.0,0.,0.0,12982.0,12849.,1.0,0.03735,0.03804,-1.8,0.831,259,485.,544.,0.006,0.014,2,2335480., , , , ,2025-08-11 09:29:33,True,False,False
2025-08-11,FHMRO,FHMRO,2025/08/11,09:33:07,CMA840,LFPGVHHH,390,-17,44 N,29.1,206.2,28.0,18619.5,84.700,-0.032,-0.1,-0.4,11286.0,58114.0,58028.,58037.,0.0,0.,11269.,11271.0,0.,0.0,6429.,1.2,6428.0,0.7,0.0,0.0,0.,0.0,12982.0,12857.,1.0,0.03741,0.03763,-0.6,0.831,259,486.,546.,0.018,0.006,0,2331440., , , , ,2025-08-11 09:33:07,True,False,False
2025-08-11,FHMRO,FHMRO,2025/08/11,09:36:07,CMA840,LFPGVHHH,390,-18,44 N,29.2,205.9,28.0,18621.0,84.400,0.33,1.5,1.1,10994.0,56612.0,57449.,57458.,0.0,0.,11157.,11158.0,0.,0.0,6368.,1.1,6366.0,0.4,0.0,0.0,0.,0.0,12826.0,12734.,0.7,0.03788,0.03857,-1.8,0.832,259,486.,547.,-0.006,-0.015,0,2328106., , , , ,2025-08-11 09:36:07,True,False,False
2025-08-11,FHMRO,FHMRO,2025/08/11,09:39:07,CMA840,LFPGVHHH,390,-18,43 N,29.2,205.6,28.0,18621.0,84.510,0.218,1.0,0.6,11123.0,57276.0,57827.,57836.,0.0,0.,11230.,11232.0,0.,0.0,6399.,1.2,6397.0,0.6,0.0,0.0,0.,0.0,12908.0,12796.,0.9,0.03758,0.03815,-1.5,0.831,259,485.,547.,0.007,0.014,0,2324662., , , , ,2025-08-11 09:39:07,True,False,False
2025-08-11,FHMRO,FHMRO,2025/08/11,09:42:07,CMA840,LFPGVHHH,390,-18,43 N,29.3,205.3,28.0,18617.2,84.440,0.115,0.5,0.2,11164.0,57487.0,57775.,57784.,0.0,0.,11220.,11222.0,0.,0.0,6390.,1.3,6388.0,0.7,0.0,0.0,0.,0.0,12908.0,12778.,1.0,0.03756,0.03802,-1.2,0.831,259,485.,549.,0.012,0.006,0,2321397., , , , ,2025-08-11 09:42:07,True,False,False
2025-08-11,FHMRO,FHMRO,2025/08/11,10:27:11,CMA840,LFPGVHHH,390,-19,42 N,28.3,201.0,24.0,18612.6,83.300,0.241,0.9,0.5,10658.0,54880.0,55389.,55398.,0.0,0.,10757.,10759.0,0.,0.0,6129.,2.1,6128.0,1.0,0.0,0.0,0.,0.0,12447.0,12257.,1.6,0.03891,0.03972,-2.1,0.832,259,484.,522.,-0.016,0.020,0,2273164., , , , ,2025-08-11 10:27:11,True,False,False
2025-08-11,FHMRO,FHMRO,2025/08/11,13:10:02,CMA840,LFPGVHHH,390,-17,41 N,24.3,185.8,29.0,18614.5,82.220,0.054,0.2,-0.1,10107.0,52045.0,52159.,52167.,0.0,0.,10129.,10131.0,0.,0.0,5830.,0.7,5828.0,0.3,0.0,0.0,0.,0.0,11715.0,11658.,0.5,0.04137,0.04154,-0.4,0.828,258,485.,537.,-0.01,-0.031,0,2100372., , , , ,2025-08-11 13:10:02,True,False,False
2025-08-11,FHMRO,FHMRO,2025/08/11,13:13:02,CMA840,LFPGVHHH,390,-17,41 N,24.3,185.6,29.0,18615.2,82.270,0.208,0.9,0.5,10067.0,51836.0,52305.,52313.,0.0,0.,10158.,10160.0,0.,0.0,5843.,0.9,5841.0,0.3,0.0,0.0,0.,0.0,11754.0,11684.,0.6,0.04123,0.04169,-1.1,0.828,258,485.,534.,-0.014,0.026,0,2097318., , , , ,2025-08-11 13:13:02,True,False,False
2025-08-11,FHMRO,FHMRO,2025/08/11,13:16:54,CMA840,LFPGVHHH,390,-17,41 N,24.2,185.2,29.0,18611.4,82.230,-0.113,-0.5,-0.7,10202.0,52533.0,52292.,52300.,0.0,0.,10155.,10157.0,0.,0.0,5839.,1.0,5838.0,0.5,0.0,0.0,0.,0.0,11767.0,11677.,0.8,0.04116,0.04119,-0.1,0.828,258,484.,532.,0.0,0.013,0,2093555., , , , ,2025-08-11 13:16:54,True,False,False
2025-08-11,FHMRO,FHMRO,2025/08/11,13:19:54,CMA840,LFPGVHHH,390,-17,41 N,24.2,185.0,29.0,18612.0,82.450,0.287,1.2,0.7,10145.0,52235.0,52836.,52844.,0.0,0.,10261.,10263.0,0.,0.0,5887.,0.7,5886.0,0.4,0.0,0.0,0.,0.0,11833.0,11773.,0.5,0.04087,0.04138,-1.2,0.827,257,484.,533.,-0.003,0.003,0,2090404., , , , ,2025-08-11 13:19:54,True,False,False
2025-08-11,FHMRO,FHMRO,2025/08/11,13:22:54,CMA840,LFPGVHHH,390,-17,41 N,24.1,184.7,30.0,18616.6,82.235,0.038,0.2,-0.2,10148.0,52254.0,52319.,52348.,0.0,0.,10160.,10166.0,0.,0.0,5840.,0.3,5840.0,0.8,0.0,0.0,0.,0.0,11744.0,11680.,0.5,0.04124,0.0414,-0.4,0.828,258,484.,532.,-0.003,-0.013,0,2087485., , , , ,2025-08-11 13:22:54,True,False,False
2025-08-11,FHMRO,FHMRO,2025/08/11,13:30:36,CMA840,LFPGVHHH,390,-16,41 N,24.0,184.0,29.0,18614.7,82.500,-0.012,-0.0,-0.3,10231.0,52679.0,52650.,52658.,0.0,0.,10225.,10227.0,0.,0.0,5876.,1.0,5874.0,0.3,0.0,0.0,0.,0.0,11824.0,11750.,0.6,0.04092,0.04104,-0.3,0.826,257,484.,546.,0.009,0.005,0,2079189., , , , ,2025-08-11 13:30:36,True,False,False
2025-08-11,FHMRO,FHMRO,2025/08/11,14:30:02,CMA840,LFPGVHHH,391,-16,41 N,23.1,178.7,24.0,18618.7,82.190,0.088,0.4,0.1,9978.0,51628.0,51841.,51849.,0.0,0.,10019.,10021.0,0.,0.0,5759.,0.9,5758.0,0.4,0.0,0.0,0.,0.0,11593.0,11517.,0.7,0.04163,0.04194,-0.7,0.823,255,483.,560.,0.007,-0.023,2,2029340., , , , ,2025-08-11 14:30:02,True,False,False
2025-08-11,FHMRO,FHMRO,2025/08/11,14:45:08,CMA840,LFPGVHHH,391,-16,40 N,22.9,177.4,24.0,18619.3,82.485,0.298,1.3,0.9,9996.0,51723.0,52407.,52394.,0.0,0.,10129.,10126.0,0.,0.0,5841.,0.5,5837.0,-0.0,0.0,0.0,0.,0.0,11708.0,11678.,0.3,0.04152,0.04199,-1.1,0.829,257,486.,566.,0.005,-0.021,0,2013989., , , , ,2025-08-11 14:45:08,True,False,False
2025-08-11,FHMRO,FHMRO,2025/08/11,14:51:13,CMA840,LFPGVHHH,391,-15,40 N,22.8,176.9,24.0,18618.0,82.395,0.223,1.0,0.6,9974.0,51609.0,52130.,52159.,0.0,0.,10075.,10081.0,0.,0.0,5816.,0.9,5817.0,0.7,0.0,0.0,0.,0.0,11722.0,11633.,0.8,0.04149,0.04207,-1.4,0.829,258,486.,567.,0.005,-0.048,0,2007892., , , , ,2025-08-11 14:51:13,True,False,False
2025-08-12,FHMRO,FHMRO,2025/08/12,03:40:09,CMA841,VHHHXXXX,321,-4,44 N,26.0,281.3,28.0,18609.0,86.070,0.211,0.9,0.6,15022.0,55711.0,56228.,56228.,0.0,0.,15162.,15162.0,0.,0.0,8832.,2.0,8832.0,1.3,0.0,0.0,0.,0.0,17960.0,17665.,1.7,0.0278,0.02844,-2.2,0.833,304,499.,424.,-0.006,0.005,0,2304626., , , , ,2025-08-12 03:40:09,True,False,False
2025-08-12,FHMRO,FHMRO,2025/08/12,05:12:24,CMA841,VHHHXXXX,320,-1,45 N,25.0,269.0,24.0,18610.8,85.550,0.186,0.7,0.4,14589.0,53850.0,54227.,54230.,0.0,0.,14691.,14691.0,0.,0.0,8632.,1.8,8631.0,1.4,0.0,0.0,0.,0.0,17537.0,17263.,1.6,0.02864,0.02921,-1.9,0.834,305,502.,418.,-0.001,0.003,0,2194181., , , , ,2025-08-12 05:12:24,True,False,False
2025-08-12,FHMRO,FHMRO,2025/08/12,05:14:26,CMA841,VHHHXXXX,320,-1,45 N,25.0,268.7,24.0,18613.3,85.270,0.068,0.3,-0.0,14513.0,53572.0,53709.,53713.,0.0,0.,14550.,14551.0,0.,0.0,8552.,1.3,8551.0,1.2,0.0,0.0,0.,0.0,17313.0,17104.,1.2,0.029,0.02935,-1.2,0.834,305,502.,418.,-0.005,-0.001,0,2191986., , , , ,2025-08-12 05:14:26,True,False,False
2025-08-12,FHMRO,FHMRO,2025/08/12,05:40:17,CMA841,VHHHXXXX,320,1,44 N,24.8,265.3,24.0,18610.8,85.825,0.241,0.9,0.6,14536.0,53655.0,54152.,54135.,0.0,0.,14670.,14666.0,0.,0.0,8654.,1.2,8650.0,1.0,0.0,0.0,0.,0.0,17494.0,17303.,1.1,0.02878,0.02927,-1.7,0.833,304,504.,417.,0.006,0.007,0,2164011., , , , ,2025-08-12 05:40:17,True,False,False
2025-08-12,FHMRO,FHMRO,2025/08/12,05:53:33,CMA841,VHHHXXXX,320,1,43 N,24.7,263.6,24.0,18610.8,85.640,0.114,0.4,0.1,14481.0,53457.0,53686.,53689.,0.0,0.,14543.,14544.0,0.,0.0,8590.,1.4,8589.0,1.3,0.0,0.0,0.,0.0,17411.0,17179.,1.4,0.02893,0.02937,-1.5,0.833,304,504.,424.,0.007,0.011,0,2150018., , , , ,2025-08-12 05:53:33,True,False,False
2025-08-12,FHMRO,FHMRO,2025/08/12,05:56:33,CMA841,VHHHXXXX,320,1,43 N,24.7,263.2,24.0,18615.2,85.560,0.035,0.1,-0.1,14459.0,53373.0,53443.,53446.,0.0,0.,14478.,14479.0,0.,0.0,8558.,1.7,8557.0,1.3,0.0,0.0,0.,0.0,17366.0,17114.,1.5,0.02902,0.02941,-1.3,0.833,304,504.,426.,0.007,-0.013,0,2146666., , , , ,2025-08-12 05:56:33,True,False,False
2025-08-13,FHMRO,FHMRO,2025/08/13,12:12:10,CMA852,LFPGVHHH,370,-14,46 N,31.9,212.4,28.0,18618.6,83.320,0.483,1.9,1.5,11262.0,52678.0,53686.,53690.,0.0,0.,11478.,11479.0,0.,0.0,6605.,1.0,6604.0,0.2,0.0,0.0,0.,0.0,13290.0,13210.,0.6,0.03673,0.0375,-2.1,0.83,271,488.,524.,-0.014,-0.016,0,2183730., , , , ,2025-08-13 12:12:10,True,False,False
2025-08-13,FHMRO,FHMRO,2025/08/13,12:15:10,CMA852,LFPGVHHH,370,-14,46 N,32.0,212.1,28.0,18618.6,83.580,-0.035,-0.1,-0.4,11588.0,54204.0,54130.,54133.,0.0,0.,11573.,11573.0,0.,0.0,6655.,0.8,6654.0,-0.5,0.0,0.0,0.,0.0,13330.0,13309.,0.2,0.0366,0.03652,0.2,0.829,270,488.,526.,0.014,0.009,0,2180565., , , , ,2025-08-13 12:15:10,True,False,False
2025-08-13,FHMRO,FHMRO,2025/08/13,12:42:28,CMA852,LFPGVHHH,390,-17,44 N,32.5,209.3,28.0,18619.8,84.740,0.261,1.2,0.8,11143.0,57380.0,58042.,58047.,0.0,0.,11272.,11273.0,0.,0.0,6429.,1.2,6428.0,0.4,0.0,0.0,0.,0.0,12958.0,12857.,0.8,0.03746,0.03805,-1.6,0.83,258,485.,524.,-0.002,0.007,0,2368306., , , , ,2025-08-13 12:42:28,True,False,False
2025-08-13,FHMRO,FHMRO,2025/08/13,12:45:28,CMA852,LFPGVHHH,390,-17,44 N,32.6,209.0,28.0,18620.6,84.810,0.309,1.4,1.0,11162.0,57479.0,58262.,58267.,0.0,0.,11314.,11315.0,0.,0.0,6449.,0.9,6449.0,0.9,0.0,0.0,0.,0.0,13019.0,12898.,0.9,0.03727,0.03799,-1.9,0.83,259,485.,525.,0.001,0.008,3,2364913., , , , ,2025-08-13 12:45:28,True,False,False
2025-08-13,FHMRO,FHMRO,2025/08/13,13:06:29,CMA852,LFPGVHHH,390,-18,43 N,32.0,207.0,24.0,18613.1,84.350,0.201,0.9,0.5,11083.0,57072.0,57589.,57584.,0.0,0.,11184.,11183.0,0.,0.0,6365.,1.2,6365.0,1.0,0.0,0.0,0.,0.0,12872.0,12730.,1.1,0.0377,0.03832,-1.6,0.832,259,485.,531.,0.001,-0.005,0,2340509., , , , ,2025-08-13 13:06:29,True,False,False
2025-08-13,FHMRO,FHMRO,2025/08/13,13:09:29,CMA852,LFPGVHHH,390,-18,43 N,31.9,206.7,24.0,18613.1,84.460,0.222,1.0,0.6,11129.0,57309.0,57878.,57874.,0.0,0.,11240.,11239.0,0.,0.0,6390.,1.8,6390.0,0.3,0.0,0.0,0.,0.0,12915.0,12780.,1.1,0.03753,0.03816,-1.6,0.831,259,485.,531.,0.007,0.001,0,2337153., , , , ,2025-08-13 13:09:29,True,False,False
2025-08-13,FHMRO,FHMRO,2025/08/13,13:14:11,CMA852,LFPGVHHH,390,-18,42 N,31.8,206.2,24.0,18613.1,84.360,0.279,1.3,0.8,11042.0,56858.0,57572.,57567.,0.0,0.,11180.,11180.0,0.,0.0,6364.,1.1,6365.0,0.7,0.0,0.0,0.,0.0,12843.0,12730.,0.9,0.0378,0.03845,-1.7,0.832,259,485.,534.,0.0,0.005,0,2331839., , , , ,2025-08-13 13:14:11,True,False,False
2025-08-13,FHMRO,FHMRO,2025/08/13,13:17:11,CMA852,LFPGVHHH,390,-18,42 N,31.6,205.9,24.0,18612.0,84.500,0.263,1.2,0.8,11099.0,57154.0,57828.,57824.,0.0,0.,11230.,11229.0,0.,0.0,6390.,1.3,6391.0,0.7,0.0,0.0,0.,0.0,12908.0,12781.,1.0,0.03758,0.03824,-1.7,0.831,259,485.,534.,0.007,0.002,0,2328484., , , , ,2025-08-13 13:17:11,True,False,False
2025-08-13,FHMRO,FHMRO,2025/08/13,13:38:01,CMA852,LFPGVHHH,390,-17,41 N,30.9,203.9,28.0,18614.9,84.010,0.167,0.8,0.4,10864.0,55942.0,56369.,56365.,0.0,0.,10947.,10946.0,0.,0.0,6259.,1.2,6260.0,1.1,0.0,0.0,0.,0.0,12665.0,12518.,1.2,0.03843,0.03903,-1.5,0.833,259,487.,535.,-0.008,0.007,0,2305007., , , , ,2025-08-13 13:38:01,True,False,False
2025-08-13,FHMRO,FHMRO,2025/08/13,15:33:40,CMA852,LFPGVHHH,390,-12,41 N,28.5,192.9,28.0,18617.3,84.040,0.493,1.9,1.4,10385.0,53475.0,54505.,54501.,0.0,0.,10585.,10584.0,0.,0.0,6120.,1.0,6121.0,0.6,0.0,0.0,0.,0.0,12339.0,12241.,0.8,0.03957,0.04046,-2.2,0.827,257,488.,596.,-0.006,-0.015,0,2179225., , , , ,2025-08-13 15:33:40,True,False,False
2025-08-13,FHMRO,FHMRO,2025/08/13,15:38:44,CMA852,LFPGVHHH,390,-12,41 N,28.3,192.4,28.0,18617.3,83.520,0.14,0.6,0.2,10308.0,53079.0,53373.,53369.,0.0,0.,10366.,10365.0,0.,0.0,6015.,1.0,6016.0,0.9,0.0,0.0,0.,0.0,12140.0,12031.,0.9,0.04032,0.04077,-1.1,0.829,258,490.,596.,-0.014,0.016,0,2173800., , , , ,2025-08-13 15:38:44,True,False,False
2025-08-13,FHMRO,FHMRO,2025/08/13,15:59:34,CMA852,LFPGVHHH,390,-13,41 N,28.0,190.6,28.0,18612.3,83.100,-0.089,-0.3,-0.6,10271.0,52890.0,52708.,52704.,0.0,0.,10236.,10235.0,0.,0.0,5933.,0.6,5933.0,0.0,0.0,0.0,0.,0.0,11902.0,11866.,0.3,0.04099,0.04086,0.3,0.827,257,488.,579.,-0.008,-0.040,0,2152878., , , , ,2025-08-13 15:59:34,True,False,False
2025-08-13,FHMRO,FHMRO,2025/08/13,16:02:34,CMA852,LFPGVHHH,390,-13,41 N,27.9,190.3,28.0,18612.3,83.280,0.207,0.8,0.4,10236.0,52706.0,53140.,53136.,0.0,0.,10320.,10319.0,0.,0.0,5974.,1.0,5975.0,0.4,0.0,0.0,0.,0.0,12031.0,11949.,0.7,0.04053,0.04099,-1.1,0.827,257,488.,577.,-0.011,-0.002,0,2149841., , , , ,2025-08-13 16:02:34,True,False,False
2025-08-13,FHMRO,FHMRO,2025/08/13,16:39:57,CMA852,LFPGVHHH,410,-18,41 N,27.4,186.8,24.0,18616.2,84.570,0.447,2.0,1.5,10025.0,56829.0,57977.,57972.,0.0,0.,10227.,10226.0,0.,0.0,5847.,0.9,5848.0,0.9,0.0,0.0,0.,0.0,11800.0,11696.,0.9,0.04112,0.04212,-2.4,0.831,247,485.,565.,-0.008,-0.023,0,2324081., , , , ,2025-08-13 16:39:57,True,False,False
2025-08-13,FHMRO,FHMRO,2025/08/13,17:11:09,CMA852,LFPGVHHH,411,-19,41 N,27.0,184.1,24.0,18619.1,84.210,0.254,1.1,0.7,9987.0,56886.0,57542.,57537.,0.0,0.,10102.,10101.0,0.,0.0,5765.,1.8,5765.0,1.2,0.0,0.0,0.,0.0,11700.0,11530.,1.5,0.04138,0.04229,-2.2,0.831,246,484.,571.,0.0,0.036,0,2300615., , , , ,2025-08-13 17:11:09,True,False,False
2025-08-13,FHMRO,FHMRO,2025/08/13,17:50:17,CMA852,LFPGVHHH,411,-21,39 N,26.6,180.7,25.0,18617.4,83.030,0.044,0.2,-0.2,9722.0,55381.0,55478.,55473.,0.0,0.,9739.,9739.0,0.,0.0,5542.,1.6,5543.0,0.5,0.0,0.0,0.,0.0,11201.0,11086.,1.0,0.04298,0.04336,-0.9,0.83,246,481.,552.,-0.007,-0.020,0,2258555., , , , ,2025-08-13 17:50:17,True,False,False
2025-08-14,FHMRO,FHMRO,2025/08/14,11:20:13,CMA853,VHHHUBBB,320,-5,48 N,22.9,269.0,24.0,18618.1,84.840,-0.038,-0.1,-0.4,14662.0,54120.0,54043.,54043.,0.0,0.,14641.,14641.0,0.,0.0,8526.,1.0,8526.0,0.5,0.0,0.0,0.,0.0,17185.0,17051.,0.8,0.02901,0.02913,-0.4,0.834,305,499.,408.,0.001,0.040,0,2195052., , , , ,2025-08-14 11:20:13,True,False,False
2025-08-14,FHMRO,FHMRO,2025/08/14,19:23:14,CMA853,UBBBLFPG,340,-11,47 N,21.2,256.5,24.0,18638.1,84.895,-0.274,-1.2,-1.3,14074.0,57046.0,56378.,56353.,0.0,0.,13910.,13903.0,0.,0.0,7970.,1.3,7967.0,1.0,0.0,0.0,0.,0.0,16116.0,15938.,1.1,0.0305,0.03043,0.2,0.832,291,492.,490.,0.01,-0.007,2,2297265., , , , ,2025-08-14 19:23:14,True,False,False
2025-08-15,FHMRO,FHMRO,2025/08/15,10:18:07,CMA846,LFPGVHHH,390,-15,43 N,29.8,202.0,24.0,18627.7,84.370,0.194,0.9,0.5,10881.0,56031.0,56527.,56522.,0.0,0.,10977.,10977.0,0.,0.0,6291.,1.7,6292.0,1.2,0.0,0.0,0.,0.0,12765.0,12583.,1.4,0.03822,0.03896,-1.9,0.832,259,488.,524.,0.0,0.003,0,2284194., , , , ,2025-08-15 10:18:07,True,False,False
2025-08-15,FHMRO,FHMRO,2025/08/15,10:52:29,CMA846,LFPGVHHH,390,-15,41 N,28.5,198.7,28.0,18628.9,84.170,0.161,0.7,0.3,10763.0,55422.0,55821.,55817.,0.0,0.,10840.,10840.0,0.,0.0,6228.,1.1,6229.0,1.1,0.0,0.0,0.,0.0,12592.0,12457.,1.1,0.03878,0.03934,-1.4,0.832,259,488.,529.,0.002,0.007,0,2246140., , , , ,2025-08-15 10:52:29,True,False,False
2025-08-15,FHMRO,FHMRO,2025/08/15,10:57:53,CMA846,LFPGVHHH,390,-14,42 N,28.4,198.2,28.0,18628.9,84.050,0.039,0.1,-0.2,10732.0,55260.0,55344.,55340.,0.0,0.,10748.,10747.0,0.,0.0,6187.,1.2,6187.0,0.9,0.0,0.0,0.,0.0,12506.0,12374.,1.1,0.03908,0.03943,-0.9,0.832,259,489.,530.,0.001,0.001,0,2240344., , , , ,2025-08-15 10:57:53,True,False,False
2025-08-15,FHMRO,FHMRO,2025/08/15,11:53:27,CMA846,LFPGVHHH,410,-19,41 N,26.9,192.8,28.0,18630.7,85.515,0.185,0.8,0.4,10666.0,60466.0,60980.,60948.,0.0,0.,10757.,10751.0,0.,0.0,6131.,1.0,6129.0,1.0,0.0,0.0,0.,0.0,12381.0,12261.,1.0,0.03941,0.03998,-1.4,0.838,249,488.,551.,0.011,0.004,0,2398723., , , , ,2025-08-15 11:53:27,True,False,False
2025-08-15,FHMRO,FHMRO,2025/08/15,12:15:43,CMA846,LFPGVHHH,410,-18,41 N,26.5,190.7,28.0,18629.0,85.490,0.424,1.9,1.4,10487.0,59451.0,60587.,60583.,0.0,0.,10688.,10687.0,0.,0.0,6105.,1.0,6106.0,0.7,0.0,0.0,0.,0.0,12311.0,12211.,0.8,0.03969,0.04059,-2.2,0.838,249,489.,565.,0.004,0.002,0,2372303., , , , ,2025-08-15 12:15:43,True,False,False
2025-08-15,FHMRO,FHMRO,2025/08/15,12:18:43,CMA846,LFPGVHHH,410,-18,41 N,26.5,190.4,28.0,18629.0,85.250,0.459,2.0,1.5,10362.0,58740.0,59937.,59932.,0.0,0.,10573.,10572.0,0.,0.0,6048.,1.5,6049.0,0.8,0.0,0.0,0.,0.0,12236.0,12097.,1.1,0.03998,0.04106,-2.6,0.839,250,489.,565.,-0.008,-0.002,0,2368834., , , , ,2025-08-15 12:18:43,True,False,False
2025-08-15,FHMRO,FHMRO,2025/08/15,12:21:43,CMA846,LFPGVHHH,410,-18,41 N,26.4,190.2,28.0,18629.0,85.190,0.061,0.3,-0.1,10550.0,59805.0,59973.,59968.,0.0,0.,10579.,10578.0,0.,0.0,6045.,1.0,6046.0,0.6,0.0,0.0,0.,0.0,12191.0,12091.,0.8,0.04009,0.0404,-0.8,0.839,250,489.,564.,0.011,-0.030,0,2365417., , , , ,2025-08-15 12:21:43,True,False,False
2025-08-15,FHMRO,FHMRO,2025/08/15,12:32:59,CMA846,LFPGVHHH,410,-18,41 N,26.2,189.1,28.0,18633.0,85.340,0.355,1.6,1.2,10480.0,59409.0,60359.,60354.,0.0,0.,10647.,10647.0,0.,0.0,6077.,1.3,6078.0,0.5,0.0,0.0,0.,0.0,12267.0,12155.,0.9,0.0398,0.04063,-2.0,0.838,249,488.,572.,0.011,-0.025,2,2352200., , , , ,2025-08-15 12:32:59,True,False,False
2025-08-15,FHMRO,FHMRO,2025/08/15,12:35:59,CMA846,LFPGVHHH,410,-19,41 N,26.1,188.8,28.0,18633.0,85.420,0.448,2.0,1.6,10507.0,59564.0,60774.,60769.,0.0,0.,10721.,10720.0,0.,0.0,6109.,1.3,6110.0,0.9,0.0,0.0,0.,0.0,12357.0,12219.,1.1,0.03948,0.04054,-2.6,0.838,249,488.,574.,0.015,-0.029,0,2348681., , , , ,2025-08-15 12:35:59,True,False,False
2025-08-15,FHMRO,FHMRO,2025/08/15,12:38:59,CMA846,LFPGVHHH,410,-18,41 N,26.1,188.6,28.0,18633.0,85.210,0.398,1.8,1.3,10411.0,59021.0,60068.,60063.,0.0,0.,10596.,10595.0,0.,0.0,6051.,1.2,6052.0,0.6,0.0,0.0,0.,0.0,12212.0,12104.,0.9,0.04001,0.0409,-2.2,0.839,250,489.,575.,0.005,-0.002,0,2345202., , , , ,2025-08-15 12:38:59,True,False,False
2025-08-15,FHMRO,FHMRO,2025/08/15,12:41:59,CMA846,LFPGVHHH,410,-19,41 N,26.0,188.3,28.0,18633.0,85.215,0.174,0.8,0.4,10551.0,59807.0,60293.,60261.,0.0,0.,10636.,10631.0,0.,0.0,6063.,1.4,6061.0,0.8,0.0,0.0,0.,0.0,12257.0,12124.,1.1,0.03979,0.04039,-1.5,0.838,249,488.,577.,0.02,0.059,0,2341584., , , , ,2025-08-15 12:41:59,True,False,False
2025-08-15,FHMRO,FHMRO,2025/08/15,12:49:10,CMA846,LFPGVHHH,410,-19,41 N,25.9,187.6,28.0,18629.8,85.170,0.478,2.1,1.6,10408.0,59004.0,60267.,60262.,0.0,0.,10631.,10630.0,0.,0.0,6058.,1.2,6058.0,0.5,0.0,0.0,0.,0.0,12220.0,12116.,0.9,0.03989,0.04089,-2.5,0.838,249,487.,579.,0.011,-0.001,0,2333416., , , , ,2025-08-15 12:49:10,True,False,False
2025-08-15,FHMRO,FHMRO,2025/08/15,17:35:00,CMA846,LFPGVHHH,411,-24,27 N,22.9,162.8,25.0,18633.8,82.350,0.25,1.0,0.6,9617.0,54781.0,55326.,55321.,0.0,0.,9713.,9712.0,0.,0.0,5527.,1.9,5528.0,1.1,0.0,0.0,0.,0.0,11216.0,11055.,1.5,0.04332,0.04421,-2.0,0.845,251,486.,501.,0.024,0.013,0,2034432., , , , ,2025-08-15 17:35:00,True,False,False
2025-08-15,FHMRO,FHMRO,2025/08/15,17:53:21,CMA846,LFPGVHHH,411,-25,25 N,22.8,161.2,25.0,18630.1,81.780,0.452,1.8,1.3,9350.0,53260.0,54245.,54240.,0.0,0.,9523.,9522.0,0.,0.0,5428.,1.5,5429.0,0.6,0.0,0.0,0.,0.0,10971.0,10857.,1.0,0.0443,0.04536,-2.3,0.846,252,486.,496.,-0.002,-0.017,0,2015269., , , , ,2025-08-15 17:53:21,True,False,False
2025-08-16,FHMRO,FHMRO,2025/08/16,03:51:04,CMA847,VHHHUBBB,321,-1,42 N,22.2,274.4,28.0,18616.8,85.900,-0.416,-1.6,-1.7,15052.0,55818.0,54912.,54916.,0.0,0.,14808.,14808.0,0.,0.0,8688.,1.9,8687.0,1.3,0.0,0.0,0.,0.0,17654.0,17375.,1.6,0.02842,0.02838,0.2,0.833,304,502.,433.,0.01,0.034,0,2248789., , , , ,2025-08-16 03:51:04,True,False,False
2025-08-16,FHMRO,FHMRO,2025/08/16,10:54:48,CMA847,UBBBLFPB,320,0,42 N,22.6,278.6,26.0,18616.9,86.470,0.007,0.0,-0.2,15071.0,55629.0,55646.,55646.,0.0,0.,15075.,15075.0,0.,0.0,8860.,2.1,8860.0,1.9,0.0,0.0,0.,0.0,18076.0,17720.,2.0,0.02783,0.02833,-1.7,0.833,304,503.,429.,-0.002,0.013,0,2272246., , , , ,2025-08-16 10:54:48,True,False,False
2025-08-16,FHMRO,FHMRO,2025/08/16,11:12:15,CMA847,UBBBLFPB,320,0,42 N,22.4,276.2,26.0,18618.5,86.380,0.09,0.3,0.1,14976.0,55280.0,55465.,55465.,0.0,0.,15026.,15026.0,0.,0.0,8831.,1.9,8831.0,1.8,0.0,0.0,0.,0.0,17989.0,17661.,1.9,0.02796,0.02849,-1.9,0.833,304,503.,433.,-0.001,0.051,0,2252913., , , , ,2025-08-16 11:12:15,True,False,False
2025-08-16,FHMRO,FHMRO,2025/08/16,11:18:32,CMA847,UBBBLFPB,320,0,42 N,22.3,275.3,26.0,18618.1,86.485,-0.156,-0.7,-0.9,15229.0,56215.0,55823.,55847.,0.0,0.,15122.,15129.0,0.,0.0,8871.,2.0,8875.0,1.8,0.0,0.0,0.,0.0,18089.0,17747.,1.9,0.02776,0.02805,-1.0,0.832,304,502.,437.,0.02,-0.010,0,2246062., , , , ,2025-08-16 11:18:32,True,False,False
2025-08-16,FHMRO,FHMRO,2025/08/16,12:17:11,CMA847,UBBBLFPB,320,1,42 N,21.8,267.5,27.0,18617.8,86.380,0.078,0.3,0.0,14946.0,55168.0,55325.,55325.,0.0,0.,14988.,14988.0,0.,0.0,8796.,1.7,8796.0,1.5,0.0,0.0,0.,0.0,17877.0,17592.,1.6,0.02803,0.02848,-1.6,0.829,302,501.,465.,0.027,0.028,0,2181729., , , , ,2025-08-16 12:17:11,True,False,False
2025-08-16,FHMRO,FHMRO,2025/08/16,21:45:20,CMA576,LFPGVHHH,370,-10,43 N,32.8,224.1,24.0,18612.0,85.760,0.19,0.8,0.6,12300.0,57533.0,58032.,57985.,0.0,0.,12407.,12397.0,0.,0.0,7201.,1.6,7211.0,0.8,0.0,0.0,0.,0.0,14590.0,14413.,1.2,0.03406,0.03468,-1.8,0.84,274,497.,540.,0.015,-0.013,0,2301821., , , , ,2025-08-16 21:45:20,True,False,False
2025-08-16,FHMRO,FHMRO,2025/08/16,22:14:51,CMA576,LFPGVHHH,370,-11,42 N,31.8,221.0,28.0,18614.9,84.600,0.058,0.2,0.0,11823.0,55301.0,55449.,55403.,0.0,0.,11855.,11845.0,0.,0.0,6852.,1.2,6861.0,0.8,0.0,0.0,0.,0.0,13852.0,13714.,1.0,0.03542,0.03579,-1.0,0.83,271,491.,550.,0.002,-0.008,0,2269314., , , , ,2025-08-16 22:14:51,True,False,False
2025-08-16,FHMRO,FHMRO,2025/08/16,22:26:07,CMA576,LFPGVHHH,370,-12,42 N,31.5,219.8,28.0,18613.2,84.460,0.079,0.3,0.1,11772.0,55060.0,55248.,55203.,0.0,0.,11812.,11802.0,0.,0.0,6826.,0.8,6835.0,0.6,0.0,0.0,0.,0.0,13759.0,13661.,0.7,0.03564,0.03593,-0.8,0.83,271,490.,554.,0.002,0.004,0,2256892., , , , ,2025-08-16 22:26:07,True,False,False
2025-08-16,FHMRO,FHMRO,2025/08/16,23:36:29,CMA576,LFPGVHHH,370,-12,41 N,30.1,212.5,28.0,18615.0,84.400,0.729,2.8,2.4,11448.0,53546.0,55079.,55034.,0.0,0.,11776.,11767.0,0.,0.0,6795.,0.7,6805.0,0.7,0.0,0.0,0.,0.0,13694.0,13600.,0.7,0.03569,0.0368,-3.0,0.827,269,489.,563.,0.001,0.034,0,2181710., , , , ,2025-08-16 23:36:29,True,False,False
2025-08-17,FHMRO,FHMRO,2025/08/17,00:23:01,CMA576,LFPGVHHH,370,-10,41 N,29.3,207.8,28.0,18617.3,83.640,0.036,0.1,-0.0,11319.0,52942.0,53037.,52994.,0.0,0.,11339.,11330.0,0.,0.0,6561.,0.3,6570.0,-0.2,0.0,0.0,0.,0.0,13136.0,13132.,0.0,0.03706,0.03705,0.0,0.821,267,487.,581.,0.01,0.007,0,2133018., , , , ,2025-08-17 00:23:01,True,False,False
2025-08-17,FHMRO,FHMRO,2025/08/17,00:58:37,CMA576,LFPGVHHH,390,-15,41 N,28.8,204.2,28.0,18617.3,83.940,0.099,0.4,0.2,10665.0,54916.0,55151.,55100.,0.0,0.,10710.,10700.0,0.,0.0,6179.,1.3,6188.0,0.8,0.0,0.0,0.,0.0,12496.0,12366.,1.0,0.03905,0.03952,-1.2,0.831,259,488.,582.,-0.027,-0.022,0,2307734., , , , ,2025-08-17 00:58:37,True,False,False
2025-08-17,FHMRO,FHMRO,2025/08/17,01:59:42,CMA576,LFPGVHHH,391,-18,41 N,28.1,198.4,24.0,18620.2,83.890,0.084,0.4,0.2,10798.0,55871.0,56112.,56060.,0.0,0.,10845.,10835.0,0.,0.0,6197.,1.3,6206.0,0.9,0.0,0.0,0.,0.0,12537.0,12403.,1.1,0.03862,0.03911,-1.2,0.829,257,484.,560.,0.01,0.000,0,2253538., , , , ,2025-08-17 01:59:42,True,False,False
2025-08-17,FHMRO,FHMRO,2025/08/17,02:11:50,CMA576,LFPGVHHH,391,-17,40 N,28.1,197.3,24.0,18624.1,83.990,0.076,0.3,0.1,10796.0,55858.0,56079.,56027.,0.0,0.,10838.,10828.0,0.,0.0,6199.,1.0,6208.0,1.2,0.0,0.0,0.,0.0,12544.0,12407.,1.1,0.03861,0.03909,-1.2,0.828,257,484.,556.,0.015,-0.006,0,2240601., , , , ,2025-08-17 02:11:50,True,False,False
2025-08-17,FHMRO,FHMRO,2025/08/17,02:19:15,CMA576,LFPGVHHH,391,-17,40 N,28.0,196.6,24.0,18620.4,83.970,0.071,0.3,0.1,10783.0,55789.0,55995.,55943.,0.0,0.,10823.,10813.0,0.,0.0,6193.,1.3,6202.0,1.0,0.0,0.0,0.,0.0,12539.0,12395.,1.2,0.03863,0.03913,-1.3,0.828,257,484.,556.,0.016,0.034,0,2232576., , , , ,2025-08-17 02:19:15,True,False,False
2025-08-17,FHMRO,FHMRO,2025/08/17,02:25:43,CMA576,LFPGVHHH,391,-16,40 N,28.0,196.0,24.0,18619.1,83.095,0.332,1.3,1.0,10251.0,53036.0,53750.,53721.,0.0,0.,10389.,10383.0,0.,0.0,5995.,1.0,6006.0,0.8,0.0,0.0,0.,0.0,12109.0,12001.,0.9,0.04025,0.04103,-1.9,0.832,258,487.,553.,-0.033,0.007,0,2225852., , , , ,2025-08-17 02:25:43,True,False,False
2025-08-17,FHMRO,FHMRO,2025/08/17,02:25:46,CMA576,LFPGVHHH,391,-16,40 N,28.0,196.0,24.0,18619.1,83.090,0.324,1.3,1.0,10251.0,53039.0,53746.,53697.,0.0,0.,10388.,10378.0,0.,0.0,5995.,1.2,6004.0,0.7,0.0,0.0,0.,0.0,12113.0,11998.,1.0,0.04024,0.04102,-1.9,0.832,258,487.,553.,-0.033,0.011,0,2225801., , , , ,2025-08-17 02:25:46,True,False,False
2025-08-17,FHMRO,FHMRO,2025/08/17,02:25:50,CMA576,LFPGVHHH,391,-16,40 N,28.0,196.0,24.0,18619.1,83.090,0.348,1.4,1.1,10241.0,52985.0,53743.,53693.,0.0,0.,10387.,10378.0,0.,0.0,5995.,1.4,6003.0,0.6,0.0,0.0,0.,0.0,12119.0,11998.,1.0,0.04022,0.04106,-2.0,0.832,258,487.,553.,-0.034,0.016,0,2225735., , , , ,2025-08-17 02:25:50,True,False,False
2025-08-17,FHMRO,FHMRO,2025/08/17,02:26:00,CMA576,LFPGVHHH,391,-16,40 N,28.0,196.0,24.0,18619.1,83.090,0.319,1.3,1.0,10251.0,53041.0,53739.,53690.,0.0,0.,10386.,10377.0,0.,0.0,5994.,1.6,6003.0,0.5,0.0,0.0,0.,0.0,12120.0,11997.,1.0,0.04022,0.04103,-2.0,0.832,258,487.,552.,-0.033,0.014,0,2225674., , , , ,2025-08-17 02:26:00,True,False,False
2025-08-17,FHMRO,FHMRO,2025/08/17,02:26:04,CMA576,LFPGVHHH,391,-16,40 N,28.0,196.0,24.0,18619.1,83.090,0.32,1.3,1.0,10250.0,53036.0,53736.,53686.,0.0,0.,10385.,10376.0,0.,0.0,5994.,1.5,6003.0,0.5,0.0,0.0,0.,0.0,12118.0,11997.,1.0,0.04023,0.04103,-2.0,0.832,258,487.,552.,-0.033,0.010,0,2225607., , , , ,2025-08-17 02:26:04,True,False,False
2025-08-17,FHMRO,FHMRO,2025/08/17,02:26:14,CMA576,LFPGVHHH,391,-16,40 N,28.0,196.0,24.0,18619.7,83.090,0.329,1.3,1.0,10245.0,53010.0,53729.,53680.,0.0,0.,10384.,10375.0,0.,0.0,5993.,1.3,6002.0,0.5,0.0,0.0,0.,0.0,12104.0,11995.,0.9,0.04027,0.04105,-1.9,0.832,258,487.,552.,-0.033,-0.012,0,2225442., , , , ,2025-08-17 02:26:14,True,False,False
2025-08-17,FHMRO,FHMRO,2025/08/17,02:26:18,CMA576,LFPGVHHH,391,-16,40 N,28.0,196.0,24.0,18619.7,83.090,0.332,1.3,1.0,10244.0,53002.0,53726.,53676.,0.0,0.,10384.,10374.0,0.,0.0,5993.,1.2,6002.0,0.5,0.0,0.0,0.,0.0,12098.0,11995.,0.9,0.0403,0.04105,-1.8,0.832,258,487.,552.,-0.033,-0.019,0,2225373., , , , ,2025-08-17 02:26:18,True,False,False
2025-08-17,FHMRO,FHMRO,2025/08/17,02:26:27,CMA576,LFPGVHHH,391,-16,40 N,28.0,196.0,24.0,18619.7,83.090,0.334,1.3,1.0,10241.0,52986.0,53716.,53666.,0.0,0.,10382.,10372.0,0.,0.0,5992.,1.0,6001.0,0.5,0.0,0.0,0.,0.0,12085.0,11994.,0.8,0.04034,0.04106,-1.8,0.832,258,488.,551.,-0.033,-0.032,0,2225223., , , , ,2025-08-17 02:26:27,True,False,False
2025-08-17,FHMRO,FHMRO,2025/08/17,02:26:35,CMA576,LFPGVHHH,391,-16,40 N,28.0,195.9,24.0,18620.4,83.090,0.359,1.4,1.1,10229.0,52924.0,53705.,53656.,0.0,0.,10380.,10370.0,0.,0.0,5992.,0.8,6001.0,0.5,0.0,0.0,0.,0.0,12073.0,11992.,0.7,0.04038,0.04111,-1.8,0.832,258,488.,551.,-0.034,-0.034,0,2225090., , , , ,2025-08-17 02:26:35,True,False,False
2025-08-17,FHMRO,FHMRO,2025/08/17,02:57:01,CMA576,LFPGVHHH,391,-16,38 N,27.8,193.1,24.0,18619.1,83.020,0.148,0.6,0.4,10301.0,53300.0,53637.,53588.,0.0,0.,10366.,10357.0,0.,0.0,5974.,0.8,5983.0,0.4,0.0,0.0,0.,0.0,12027.0,11957.,0.6,0.04043,0.04081,-0.9,0.83,258,486.,536.,-0.016,0.001,0,2193298., , , , ,2025-08-17 02:57:01,True,False,False
2025-08-17,FHMRO,FHMRO,2025/08/17,14:37:06,CMA577,VHHHUBBB,321,2,40 N,24.8,282.2,28.0,18609.0,87.080,-0.04,-0.2,-0.4,15268.0,56621.0,56524.,56524.,0.0,0.,15241.,15241.0,0.,0.0,8984.,1.8,8984.0,2.1,0.0,0.0,0.,0.0,18323.0,17968.,2.0,0.02753,0.02796,-1.5,0.833,303,504.,456.,0.002,-0.005,0,2312080., , , , ,2025-08-17 14:37:06,True,False,False
2025-08-17,FHMRO,FHMRO,2025/08/17,16:56:49,CMA577,VHHHUBBB,340,-2,41 N,23.2,263.2,24.0,18613.1,87.170,-0.365,-1.5,-1.6,14572.0,59060.0,58166.,58169.,0.0,0.,14351.,14352.0,0.,0.0,8408.,1.5,8407.0,1.3,0.0,0.0,0.,0.0,17055.0,16816.,1.4,0.02945,0.02938,0.2,0.835,292,502.,422.,0.015,0.011,0,2357288., , , , ,2025-08-17 16:56:49,True,False,False
2025-08-17,FHMRO,FHMRO,2025/08/17,17:00:36,CMA577,VHHHUBBB,340,-1,40 N,23.2,262.8,24.0,18613.1,87.200,0.074,0.3,0.0,14292.0,57928.0,58107.,58110.,0.0,0.,14336.,14337.0,0.,0.0,8401.,1.4,8400.0,1.2,0.0,0.0,0.,0.0,17021.0,16802.,1.3,0.02949,0.02989,-1.3,0.834,291,502.,422.,0.0,-0.010,0,2353032., , , , ,2025-08-17 17:00:36,True,False,False
2025-08-17,FHMRO,FHMRO,2025/08/17,18:13:51,CMA577,VHHHUBBB,340,-2,40 N,22.9,253.4,24.0,18613.1,86.470,-0.11,-0.5,-0.7,13994.0,56719.0,56449.,56452.,0.0,0.,13928.,13929.0,0.,0.0,8181.,1.8,8180.0,1.2,0.0,0.0,0.,0.0,16611.0,16361.,1.5,0.03023,0.03049,-0.8,0.835,292,502.,436.,0.012,0.008,0,2268858., , , , ,2025-08-17 18:13:51,True,False,False
2025-08-17,FHMRO,FHMRO,2025/08/17,23:04:13,CMA577,UBBBLFPG,320,1,42 N,23.4,275.4,27.0,18610.3,86.340,-0.057,-0.2,-0.5,14988.0,55326.0,55209.,55213.,0.0,0.,14957.,14958.0,0.,0.0,8800.,1.7,8799.0,1.1,0.0,0.0,0.,0.0,17850.0,17599.,1.4,0.02817,0.02845,-1.0,0.832,304,503.,440.,0.006,0.002,0,2246534., , , , ,2025-08-17 23:04:13,True,False,False
2025-08-17,FHMRO,FHMRO,2025/08/17,23:31:41,CMA577,UBBBLFPG,320,1,42 N,23.1,271.7,27.0,18609.0,86.060,0.229,0.9,0.5,14646.0,54064.0,54524.,54527.,0.0,0.,14771.,14772.0,0.,0.0,8708.,1.6,8707.0,1.6,0.0,0.0,0.,0.0,17695.0,17415.,1.6,0.02844,0.02905,-2.1,0.832,304,503.,437.,-0.006,0.013,0,2216487., , , , ,2025-08-17 23:31:41,True,False,False
2025-08-18,FHMRO,FHMRO,2025/08/18,11:58:33,CMA840,LFPGVHHH,390,-17,41 N,26.4,191.4,28.0,18608.5,83.160,0.136,0.5,0.2,10479.0,53959.0,54239.,54251.,0.0,0.,10533.,10536.0,0.,0.0,6037.,1.3,6035.0,1.1,0.0,0.0,0.,0.0,12214.0,12072.,1.2,0.03966,0.0402,-1.3,0.828,258,484.,541.,0.006,0.004,0,2162841., , , , ,2025-08-18 11:58:33,True,False,False
2025-08-18,FHMRO,FHMRO,2025/08/18,12:14:24,CMA840,LFPGVHHH,390,-17,41 N,26.1,189.9,28.0,18610.6,83.140,0.013,0.1,-0.2,10509.0,54113.0,54134.,54146.,0.0,0.,10513.,10515.0,0.,0.0,6025.,0.8,6022.0,0.7,0.0,0.0,0.,0.0,12137.0,12047.,0.7,0.03988,0.04008,-0.5,0.827,257,484.,542.,0.015,-0.015,0,2146348., , , , ,2025-08-18 12:14:24,True,False,False
2025-08-18,FHMRO,FHMRO,2025/08/18,12:35:43,CMA840,LFPGVHHH,410,-20,41 N,25.6,187.9,28.0,18614.5,84.190,0.382,1.7,1.3,10087.0,57184.0,58162.,58177.,0.0,0.,10260.,10262.0,0.,0.0,5836.,1.6,5833.0,0.4,0.0,0.0,0.,0.0,11788.0,11669.,1.0,0.04098,0.04192,-2.2,0.832,247,483.,535.,-0.011,-0.003,0,2338243., , , , ,2025-08-18 12:35:43,True,False,False
2025-08-18,FHMRO,FHMRO,2025/08/18,12:43:56,CMA840,LFPGVHHH,410,-21,41 N,25.5,187.2,28.0,18614.5,84.150,0.168,0.8,0.4,10203.0,57843.0,58270.,58284.,0.0,0.,10279.,10281.0,0.,0.0,5839.,1.6,5836.0,1.0,0.0,0.0,0.,0.0,11827.0,11675.,1.3,0.04081,0.0415,-1.7,0.832,247,483.,537.,0.003,0.004,0,2328998., , , , ,2025-08-18 12:43:56,True,False,False
2025-08-18,FHMRO,FHMRO,2025/08/18,12:46:56,CMA840,LFPGVHHH,410,-21,41 N,25.4,186.9,28.0,18614.5,84.150,0.087,0.4,0.0,10228.0,57979.0,58197.,58211.,0.0,0.,10266.,10268.0,0.,0.0,5834.,1.1,5832.0,0.7,0.0,0.0,0.,0.0,11772.0,11666.,0.9,0.04101,0.04141,-0.9,0.832,247,483.,538.,0.006,0.022,0,2325658., , , , ,2025-08-18 12:46:56,True,False,False
2025-08-18,FHMRO,FHMRO,2025/08/18,13:20:53,CMA840,LFPGVHHH,410,-17,41 N,24.8,183.9,28.0,18609.7,84.750,0.376,1.7,1.2,10061.0,57034.0,57987.,58002.,0.0,0.,10229.,10232.0,0.,0.0,5866.,1.2,5864.0,1.2,0.0,0.0,0.,0.0,11871.0,11730.,1.2,0.04091,0.04191,-2.4,0.83,247,486.,550.,0.006,-0.041,0,2287532., , , , ,2025-08-18 13:20:53,True,False,False
2025-08-18,FHMRO,FHMRO,2025/08/18,13:27:10,CMA840,LFPGVHHH,410,-17,41 N,24.7,183.3,28.0,18613.5,84.730,-0.083,-0.4,-0.6,10264.0,58186.0,57966.,57980.,0.0,0.,10225.,10228.0,0.,0.0,5862.,1.6,5859.0,0.7,0.0,0.0,0.,0.0,11854.0,11721.,1.1,0.04096,0.04116,-0.5,0.83,247,486.,557.,0.027,0.005,0,2280330., , , , ,2025-08-18 13:27:10,True,False,False
2025-08-19,FHMRO,FHMRO,2025/08/19,06:37:18,CMA841,VHHHUBBB,340,-5,40 N,19.7,256.5,24.0,18619.8,85.630,-0.281,-1.2,-1.4,13942.0,56505.0,55811.,55814.,0.0,0.,13770.,13771.0,0.,0.0,8023.,1.9,8022.0,1.4,0.0,0.0,0.,0.0,16305.0,16045.,1.6,0.03056,0.03063,-0.2,0.834,291,498.,451.,-0.007,-0.003,0,2296615., , , , ,2025-08-19 06:37:18,True,False,False
2025-08-19,FHMRO,FHMRO,2025/08/19,13:53:20,CMA841,XXXXLFPG,340,-16,48 N,29.1,257.0,23.0,18616.8,84.460,0.688,3.1,2.6,13742.0,55697.0,57432.,57435.,0.0,0.,14170.,14171.0,0.,0.0,8056.,1.5,8055.0,1.0,0.0,0.0,0.,0.0,16313.0,16111.,1.3,0.0301,0.03126,-3.7,0.84,294,491.,498.,-0.01,-0.002,0,2302287., , , , ,2025-08-19 13:53:20,True,False,False
2025-08-19,FHMRO,FHMRO,2025/08/19,13:57:57,CMA841,XXXXLFPG,340,-16,48 N,29.1,256.5,23.0,18619.5,84.240,0.471,2.1,1.7,13687.0,55474.0,56662.,56665.,0.0,0.,13980.,13981.0,0.,0.0,7966.,1.5,7965.0,1.0,0.0,0.0,0.,0.0,16133.0,15931.,1.3,0.03047,0.03138,-2.9,0.84,294,492.,496.,-0.012,-0.001,0,2297262., , , , ,2025-08-19 13:57:57,True,False,False
2025-08-20,FHMRO,FHMRO,2025/08/20,11:06:55,CMA852,LFPGVHHH,370,-27,47 N,33.0,216.5,28.0,18615.2,82.035,-0.027,-0.1,-0.3,11841.0,55383.0,55312.,55338.,0.0,0.,11825.,11831.0,0.,0.0,6597.,1.4,6598.0,0.9,0.0,0.0,0.,0.0,13346.0,13195.,1.1,0.03576,0.03604,-0.8,0.832,271,477.,473.,0.023,0.010,0,2226926., , , , ,2025-08-20 11:06:55,True,False,False
2025-08-20,FHMRO,FHMRO,2025/08/20,15:04:16,CMA852,LFPGVHHH,390,-16,41 N,28.6,193.4,28.0,18621.2,83.400,-0.021,-0.1,-0.4,10595.0,54556.0,54506.,54518.,0.0,0.,10585.,10588.0,0.,0.0,6078.,1.1,6076.0,0.8,0.0,0.0,0.,0.0,12270.0,12153.,1.0,0.03962,0.03986,-0.6,0.83,258,486.,536.,0.009,0.027,0,2185699., , , , ,2025-08-20 15:04:16,True,False,False
2025-08-20,FHMRO,FHMRO,2025/08/20,19:05:16,CMA852,LFPGVHHH,411,-23,34 N,27.0,172.3,24.0,18620.9,82.350,-0.069,-0.3,-0.5,9629.0,54845.0,54691.,54705.,0.0,0.,9602.,9604.0,0.,0.0,5452.,1.0,5449.0,0.7,0.0,0.0,0.,0.0,10994.0,10901.,0.9,0.04367,0.0438,-0.3,0.831,247,480.,488.,0.018,0.007,0,2153202., , , , ,2025-08-20 19:05:16,True,False,False
2025-08-21,FHMRO,FHMRO,2025/08/21,08:23:16,CMA853,VHHHUBBB,340,-2,40 N,21.4,258.1,23.0,18622.6,86.850,0.048,0.2,-0.1,14164.0,57411.0,57530.,57530.,0.0,0.,14194.,14194.0,0.,0.0,8298.,2.5,8298.0,1.5,0.0,0.0,0.,0.0,16929.0,16596.,2.0,0.02958,0.03015,-1.9,0.833,291,501.,463.,0.006,-0.014,0,2311100., , , , ,2025-08-21 08:23:16,True,False,False
2025-08-21,FHMRO,FHMRO,2025/08/21,08:28:29,CMA853,VHHHUBBB,340,-2,40 N,21.3,257.4,24.0,18622.6,86.820,0.031,0.1,-0.1,14177.0,57457.0,57535.,57535.,0.0,0.,14196.,14196.0,0.,0.0,8296.,2.1,8296.0,1.5,0.0,0.0,0.,0.0,16895.0,16591.,1.8,0.02963,0.03013,-1.7,0.833,291,501.,459.,0.009,-0.003,0,2305178., , , , ,2025-08-21 08:28:29,True,False,False
2025-08-21,FHMRO,FHMRO,2025/08/21,08:37:19,CMA853,VHHHUBBB,340,-3,40 N,21.3,256.3,23.0,18622.6,86.325,-0.108,-0.5,-0.7,13982.0,56670.0,56417.,56393.,0.0,0.,13920.,13914.0,0.,0.0,8144.,2.1,8141.0,1.6,0.0,0.0,0.,0.0,16578.0,16284.,1.8,0.03018,0.03052,-1.1,0.833,291,500.,458.,0.0,-0.002,0,2295230., , , , ,2025-08-21 08:37:19,True,False,False
2025-08-21,FHMRO,FHMRO,2025/08/21,08:40:19,CMA853,VHHHUBBB,340,-2,40 N,21.3,255.9,24.0,18622.6,86.220,-0.078,-0.3,-0.6,13892.0,56304.0,56113.,56113.,0.0,0.,13845.,13845.0,0.,0.0,8106.,1.7,8106.0,1.4,0.0,0.0,0.,0.0,16469.0,16211.,1.6,0.03039,0.03069,-1.0,0.833,291,500.,457.,-0.005,0.010,0,2291871., , , , ,2025-08-21 08:40:19,True,False,False
2025-08-22,FHMRO,FHMRO,2025/08/22,10:40:16,CMA846,LFPGVHHH,390,-18,42 N,28.0,198.7,28.0,18616.5,83.870,0.125,0.6,0.2,10830.0,55765.0,56079.,56088.,0.0,0.,10891.,10892.0,0.,0.0,6210.,1.9,6208.0,1.0,0.0,0.0,0.,0.0,12602.0,12418.,1.5,0.03839,0.03904,-1.7,0.828,258,484.,553.,0.012,-0.012,0,2246063., , , , ,2025-08-22 10:40:16,True,False,False
2025-08-22,FHMRO,FHMRO,2025/08/22,10:43:16,CMA846,LFPGVHHH,390,-17,42 N,27.9,198.4,28.0,18617.4,83.860,0.221,1.0,0.6,10752.0,55361.0,55894.,55903.,0.0,0.,10855.,10857.0,0.,0.0,6201.,1.5,6199.0,1.6,0.0,0.0,0.,0.0,12592.0,12400.,1.6,0.03849,0.03932,-2.1,0.829,258,485.,555.,0.005,0.014,0,2242679., , , , ,2025-08-22 10:43:16,True,False,False
2025-08-22,FHMRO,FHMRO,2025/08/22,10:46:16,CMA846,LFPGVHHH,390,-17,42 N,27.8,198.1,28.0,18616.1,83.650,0.124,0.5,0.1,10665.0,54919.0,55176.,55184.,0.0,0.,10715.,10717.0,0.,0.0,6141.,1.4,6139.0,1.0,0.0,0.0,0.,0.0,12427.0,12280.,1.2,0.03909,0.03961,-1.3,0.83,258,486.,555.,-0.002,-0.006,0,2239560., , , , ,2025-08-22 10:46:16,True,False,False
2025-08-22,FHMRO,FHMRO,2025/08/22,10:49:16,CMA846,LFPGVHHH,390,-16,42 N,27.8,197.8,28.0,18616.1,83.640,0.045,0.2,-0.1,10674.0,54965.0,55055.,55064.,0.0,0.,10692.,10693.0,0.,0.0,6133.,1.3,6131.0,1.2,0.0,0.0,0.,0.0,12418.0,12264.,1.3,0.03914,0.03958,-1.1,0.83,258,486.,555.,0.0,-0.018,0,2236355., , , , ,2025-08-22 10:49:16,True,False,False
2025-08-22,FHMRO,FHMRO,2025/08/22,11:18:26,CMA846,LFPGVHHH,390,-15,42 N,27.0,195.1,28.0,18615.0,83.480,0.162,0.6,0.3,10492.0,54025.0,54362.,54370.,0.0,0.,10557.,10559.0,0.,0.0,6074.,1.4,6072.0,0.9,0.0,0.0,0.,0.0,12284.0,12146.,1.1,0.0396,0.04016,-1.4,0.829,258,486.,566.,-0.007,0.004,0,2204942., , , , ,2025-08-22 11:18:26,True,False,False
2025-08-22,FHMRO,FHMRO,2025/08/22,11:21:26,CMA846,LFPGVHHH,390,-15,42 N,26.9,194.8,28.0,18615.0,83.695,0.284,1.1,0.7,10522.0,54180.0,54763.,54793.,0.0,0.,10635.,10641.0,0.,0.0,6112.,1.5,6113.0,1.2,0.0,0.0,0.,0.0,12393.0,12225.,1.4,0.03922,0.04004,-2.0,0.828,258,486.,566.,-0.002,-0.023,0,2201765., , , , ,2025-08-22 11:21:26,True,False,False
2025-08-22,FHMRO,FHMRO,2025/08/22,11:33:50,CMA846,LFPGVHHH,390,-15,41 N,26.6,193.7,28.0,18619.0,83.580,-0.036,-0.1,-0.4,10618.0,54675.0,54597.,54605.,0.0,0.,10603.,10604.0,0.,0.0,6091.,1.1,6090.0,0.9,0.0,0.0,0.,0.0,12301.0,12181.,1.0,0.0395,0.03972,-0.6,0.828,258,486.,566.,0.01,-0.003,0,2188894., , , , ,2025-08-22 11:33:50,True,False,False
2025-08-22,FHMRO,FHMRO,2025/08/22,11:59:46,CMA846,LFPGVHHH,410,-21,41 N,26.1,191.2,28.0,18622.9,84.650,0.371,1.6,1.2,10325.0,58534.0,59485.,59495.,0.0,0.,10493.,10495.0,0.,0.0,5943.,1.3,5941.0,0.8,0.0,0.0,0.,0.0,12009.0,11884.,1.1,0.04011,0.04102,-2.2,0.83,247,482.,570.,0.0,-0.059,0,2378328., , , , ,2025-08-22 11:59:46,True,False,False
2025-08-22,FHMRO,FHMRO,2025/08/22,12:05:06,CMA846,LFPGVHHH,410,-21,41 N,26.0,190.7,28.0,18617.9,84.990,0.478,2.1,1.7,10411.0,59019.0,60275.,60285.,0.0,0.,10633.,10634.0,0.,0.0,6017.,0.8,6016.0,0.3,0.0,0.0,0.,0.0,12101.0,12033.,0.6,0.03978,0.04067,-2.2,0.829,246,481.,564.,0.009,0.026,0,2372535., , , , ,2025-08-22 12:05:06,True,False,False
2025-08-22,FHMRO,FHMRO,2025/08/22,12:10:29,CMA846,LFPGVHHH,410,-20,41 N,25.9,190.2,28.0,18617.3,84.860,0.264,1.2,0.8,10439.0,59178.0,59866.,59875.,0.0,0.,10560.,10562.0,0.,0.0,5985.,1.4,5983.0,0.3,0.0,0.0,0.,0.0,12067.0,11968.,0.8,0.03995,0.04059,-1.6,0.83,247,482.,568.,0.014,-0.020,2,2366327., , , , ,2025-08-22 12:10:29,True,False,False
2025-08-22,FHMRO,FHMRO,2025/08/22,12:13:29,CMA846,LFPGVHHH,410,-20,41 N,25.9,190.0,28.0,18617.3,84.520,0.276,1.2,0.8,10261.0,58171.0,58879.,58888.,0.0,0.,10386.,10388.0,0.,0.0,5905.,1.1,5903.0,1.1,0.0,0.0,0.,0.0,11934.0,11808.,1.1,0.04051,0.04127,-1.9,0.832,247,483.,570.,-0.004,0.009,0,2362798., , , , ,2025-08-22 12:13:29,True,False,False
2025-08-22,FHMRO,FHMRO,2025/08/22,12:16:29,CMA846,LFPGVHHH,410,-20,41 N,25.8,189.7,28.0,18617.3,84.560,0.133,0.6,0.2,10339.0,58611.0,58948.,58957.,0.0,0.,10398.,10400.0,0.,0.0,5908.,1.0,5907.0,1.0,0.0,0.0,0.,0.0,11934.0,11815.,1.0,0.04047,0.04097,-1.2,0.831,247,483.,570.,0.006,-0.016,0,2359408., , , , ,2025-08-22 12:16:29,True,False,False
2025-08-22,FHMRO,FHMRO,2025/08/22,12:29:15,CMA846,LFPGVHHH,410,-20,41 N,25.5,188.5,28.0,18616.2,84.660,0.372,1.6,1.2,10269.0,58209.0,59162.,59172.,0.0,0.,10437.,10438.0,0.,0.0,5927.,1.8,5925.0,1.3,0.0,0.0,0.,0.0,12033.0,11852.,1.5,0.0401,0.0412,-2.7,0.83,247,482.,568.,0.005,0.034,0,2345116., , , , ,2025-08-22 12:29:15,True,False,False
2025-08-22,FHMRO,FHMRO,2025/08/22,12:32:15,CMA846,LFPGVHHH,410,-20,41 N,25.5,188.3,28.0,18616.2,84.680,0.317,1.4,1.0,10308.0,58433.0,59244.,59253.,0.0,0.,10451.,10453.0,0.,0.0,5933.,1.1,5932.0,1.1,0.0,0.0,0.,0.0,11998.0,11865.,1.1,0.04021,0.04105,-2.1,0.83,247,482.,569.,0.01,0.023,2,2341710., , , , ,2025-08-22 12:32:15,True,False,False
2025-08-22,FHMRO,FHMRO,2025/08/22,12:35:15,CMA846,LFPGVHHH,410,-20,41 N,25.4,188.0,28.0,18616.2,84.540,0.069,0.3,-0.0,10355.0,58700.0,58875.,58884.,0.0,0.,10386.,10387.0,0.,0.0,5903.,1.5,5901.0,0.3,0.0,0.0,0.,0.0,11913.0,11804.,0.9,0.04054,0.04091,-0.9,0.831,247,483.,571.,0.015,-0.032,0,2338397., , , , ,2025-08-22 12:35:15,True,False,False
2025-08-22,FHMRO,FHMRO,2025/08/22,13:35:36,CMA846,LFPGVHHH,410,-21,41 N,24.4,182.7,24.0,18622.4,83.320,0.226,1.1,0.7,9814.0,55634.0,56215.,56224.,0.0,0.,9917.,9918.0,0.,0.0,5644.,1.5,5643.0,0.7,0.0,0.0,0.,0.0,11412.0,11287.,1.1,0.04228,0.04303,-1.7,0.832,247,482.,561.,-0.014,0.008,0,2272118., , , , ,2025-08-22 13:35:36,True,False,False
2025-08-23,FHMRO,FHMRO,2025/08/23,02:37:46,CMA847,VHHHUBBB,321,0,38 N,23.8,286.4,28.0,18614.5,86.540,-0.14,-0.6,-0.8,15146.0,56172.0,55831.,55831.,0.0,0.,15055.,15055.0,0.,0.0,8853.,1.8,8853.0,2.2,0.0,0.0,0.,0.0,18059.0,17706.,2.0,0.02789,0.02821,-1.2,0.834,304,504.,427.,-0.022,0.003,2,2346584., , , , ,2025-08-23 02:37:46,True,False,False
2025-08-23,FHMRO,FHMRO,2025/08/23,22:10:10,CMA576,LFPGVHHH,370,-12,42 N,32.3,217.2,24.0,18612.1,84.540,0.142,0.6,0.3,11813.0,55249.0,55565.,55569.,0.0,0.,11880.,11881.0,0.,0.0,6889.,1.4,6888.0,0.6,0.0,0.0,0.,0.0,13919.0,13778.,1.0,0.03557,0.03603,-1.3,0.839,274,495.,566.,0.002,0.020,0,2229533., , , , ,2025-08-23 22:10:10,True,False,False
2025-08-23,FHMRO,FHMRO,2025/08/23,23:21:13,CMA576,LFPGVHHH,390,-16,41 N,30.5,209.9,28.0,18617.3,85.355,0.112,0.5,0.4,11384.0,58615.0,58912.,58886.,0.0,0.,11441.,11436.0,0.,0.0,6572.,1.3,6569.0,0.7,0.0,0.0,0.,0.0,13273.0,13140.,1.0,0.03667,0.03717,-1.4,0.83,259,487.,550.,0.013,0.028,0,2371821., , , , ,2025-08-23 23:21:13,True,False,False
2025-08-23,FHMRO,FHMRO,2025/08/23,23:40:55,CMA576,LFPGVHHH,390,-16,41 N,30.2,207.9,28.0,18616.9,84.720,0.09,0.4,0.3,11092.0,57116.0,57345.,57345.,0.0,0.,11136.,11136.0,0.,0.0,6417.,1.1,6417.0,0.9,0.0,0.0,0.,0.0,12959.0,12835.,1.0,0.03763,0.0381,-1.2,0.832,259,488.,549.,-0.005,-0.005,0,2349902., , , , ,2025-08-23 23:40:55,True,False,False
2025-08-24,FHMRO,FHMRO,2025/08/24,17:28:49,CMA577,VHHHUBBB,340,-5,40 N,22.2,256.9,24.0,18611.2,85.780,-0.252,-1.1,-1.2,13986.0,56686.0,56064.,56071.,0.0,0.,13833.,13835.0,0.,0.0,8059.,1.5,8057.0,1.1,0.0,0.0,0.,0.0,16321.0,16116.,1.3,0.03051,0.03051,-0.0,0.833,291,498.,481.,0.001,-0.002,0,2300230., , , , ,2025-08-24 17:28:49,True,False,False
2025-08-24,FHMRO,FHMRO,2025/08/24,18:18:25,CMA577,VHHHUBBB,340,-3,40 N,21.9,250.7,23.0,18608.1,86.050,-0.046,-0.2,-0.4,13795.0,55909.0,55794.,55801.,0.0,0.,13766.,13768.0,0.,0.0,8062.,1.7,8060.0,1.5,0.0,0.0,0.,0.0,16378.0,16122.,1.6,0.03051,0.03086,-1.1,0.832,290,500.,463.,0.01,0.015,0,2245222., , , , ,2025-08-24 18:18:25,True,False,False
2025-08-24,FHMRO,FHMRO,2025/08/24,22:59:39,CMA577,UBBBLFPG,340,-4,42 N,23.3,275.6,26.0,18614.7,87.525,0.063,0.3,0.0,14772.0,59872.0,60016.,60052.,0.0,0.,14808.,14817.0,0.,0.0,8593.,1.8,8593.0,1.5,0.0,0.0,0.,0.0,17475.0,17186.,1.7,0.02851,0.02899,-1.7,0.832,291,498.,440.,-0.014,0.008,0,2468817., , , , ,2025-08-24 22:59:39,True,False,False
2025-08-27,FHMRO,FHMRO,2025/08/27,13:10:49,CMA852,LFPGVHHH,390,-17,42 N,32.9,206.2,27.0,18609.6,84.450,0.069,0.3,0.0,11084.0,57075.0,57249.,57254.,0.0,0.,11118.,11119.0,0.,0.0,6362.,1.2,6362.0,0.9,0.0,0.0,0.,0.0,12854.0,12724.,1.0,0.03785,0.03825,-1.0,0.832,259,487.,541.,0.005,-0.006,0,2330652., , , , ,2025-08-27 13:10:49,True,False,False
2025-08-27,FHMRO,FHMRO,2025/08/27,14:06:35,CMA852,LFPGVHHH,390,-16,41 N,31.6,200.8,27.0,18613.3,83.810,-0.27,-1.2,-1.4,10881.0,56029.0,55363.,55372.,0.0,0.,10752.,10754.0,0.,0.0,6176.,1.4,6174.0,0.8,0.0,0.0,0.,0.0,12487.0,12350.,1.1,0.03902,0.03892,0.3,0.832,259,487.,522.,0.007,0.029,0,2270257., , , , ,2025-08-27 14:06:35,True,False,False
2025-08-27,FHMRO,FHMRO,2025/08/27,14:31:38,CMA852,LFPGVHHH,390,-15,41 N,31.2,198.5,27.0,18612.9,83.990,-0.003,-0.0,-0.3,10760.0,55406.0,55397.,55405.,0.0,0.,10758.,10760.0,0.,0.0,6190.,1.7,6188.0,1.2,0.0,0.0,0.,0.0,12557.0,12377.,1.5,0.03884,0.03928,-1.1,0.831,259,488.,518.,0.007,-0.004,0,2243620., , , , ,2025-08-27 14:31:38,True,False,False
2025-08-27,FHMRO,FHMRO,2025/08/27,14:52:17,CMA852,LFPGVHHH,390,-14,41 N,30.8,196.5,27.0,18616.9,83.860,0.29,1.1,0.7,10549.0,54322.0,54929.,54937.,0.0,0.,10667.,10669.0,0.,0.0,6149.,1.6,6147.0,1.0,0.0,0.0,0.,0.0,12453.0,12296.,1.3,0.0392,0.03999,-2.0,0.831,259,488.,513.,-0.005,-0.017,0,2221907., , , , ,2025-08-27 14:52:17,True,False,False
2025-08-27,FHMRO,FHMRO,2025/08/27,16:06:11,CMA852,LFPGVHHH,410,-18,41 N,29.6,189.6,23.0,18613.5,84.915,0.056,0.2,-0.1,10359.0,58726.0,58853.,58888.,0.0,0.,10382.,10388.0,0.,0.0,5940.,1.5,5941.0,1.2,0.0,0.0,0.,0.0,12040.0,11880.,1.3,0.04039,0.0409,-1.3,0.833,248,486.,495.,0.01,0.015,0,2360466., , , , ,2025-08-27 16:06:11,True,False,False
2025-08-27,FHMRO,FHMRO,2025/08/27,16:16:07,CMA852,LFPGVHHH,410,-17,41 N,29.5,188.7,23.0,18612.8,84.480,0.459,2.1,1.6,9963.0,56476.0,57648.,57658.,0.0,0.,10170.,10171.0,0.,0.0,5840.,2.1,5838.0,0.6,0.0,0.0,0.,0.0,11832.0,11678.,1.3,0.04121,0.04242,-2.8,0.835,248,488.,496.,-0.025,0.008,0,2349092., , , , ,2025-08-27 16:16:07,True,False,False
2025-08-27,FHMRO,FHMRO,2025/08/27,16:39:24,CMA852,LFPGVHHH,411,-19,41 N,29.2,186.6,23.0,18615.5,84.450,-0.182,-0.8,-1.0,10341.0,58900.0,58428.,58438.,0.0,0.,10258.,10260.0,0.,0.0,5853.,1.1,5851.0,0.8,0.0,0.0,0.,0.0,11814.0,11703.,0.9,0.04106,0.04103,0.1,0.834,247,485.,501.,0.021,0.021,0,2334102., , , , ,2025-08-27 16:39:24,True,False,False
2025-08-28,FHMRO,FHMRO,2025/08/28,03:46:03,CMA853,VHHHUBBB,276,13,24 N,26.6,306.7,27.0,18613.0,86.355,0.526,2.4,1.9,16564.0,50060.0,51246.,51268.,0.0,0.,16957.,16964.0,0.,0.0,10155.,1.3,10159.0,0.7,0.0,0.0,0.,0.0,20515.0,20314.,1.0,0.02457,0.02529,-2.8,0.814,326,504.,528.,0.004,0.045,0,2041870., , , , ,2025-08-28 03:46:03,True,False,False
2025-08-28,FHMRO,FHMRO,2025/08/28,08:21:08,CMA853,VHHHUBBB,340,-4,42 N,22.6,267.6,23.0,18614.7,87.400,-0.283,-1.2,-1.3,14835.0,60126.0,59403.,59403.,0.0,0.,14657.,14657.0,0.,0.0,8526.,1.6,8526.0,1.6,0.0,0.0,0.,0.0,17318.0,17053.,1.6,0.02877,0.02883,-0.2,0.831,290,498.,471.,0.02,0.009,0,2396358., , , , ,2025-08-28 08:21:08,True,False,False
2025-08-28,FHMRO,FHMRO,2025/08/28,10:28:00,CMA853,VHHHUBBB,340,-7,40 N,21.9,251.2,24.0,18616.9,85.240,-0.051,-0.2,-0.4,13666.0,55387.0,55279.,55286.,0.0,0.,13639.,13641.0,0.,0.0,7919.,1.2,7918.0,1.6,0.0,0.0,0.,0.0,16061.0,15837.,1.4,0.03086,0.03116,-1.0,0.831,290,496.,484.,0.002,0.004,0,2249705., , , , ,2025-08-28 10:28:00,True,False,False
2025-08-29,FHMRO,FHMRO,2025/08/29,09:52:48,CMA846,LFPGVHHH,390,-17,45 N,29.1,207.0,26.0,18619.9,84.410,0.367,1.7,1.2,10978.0,56530.0,57466.,57466.,0.0,0.,11160.,11160.0,0.,0.0,6372.,1.0,6372.0,1.0,0.0,0.0,0.,0.0,12875.0,12744.,1.0,0.03778,0.03864,-2.2,0.833,259,486.,500.,-0.014,0.000,0,2342096., , , , ,2025-08-29 09:52:48,True,False,False
2025-08-29,FHMRO,FHMRO,2025/08/29,10:11:17,CMA846,LFPGVHHH,390,-17,44 N,29.4,205.1,27.0,18614.9,84.250,0.371,1.7,1.2,10876.0,56002.0,56946.,56951.,0.0,0.,11059.,11060.0,0.,0.0,6320.,1.3,6319.0,1.3,0.0,0.0,0.,0.0,12800.0,12639.,1.3,0.03803,0.03898,-2.5,0.833,260,487.,499.,-0.015,0.000,0,2321714., , , , ,2025-08-29 10:11:17,True,False,False
2025-08-29,FHMRO,FHMRO,2025/08/29,10:49:35,CMA846,LFPGVHHH,390,-16,42 N,28.8,201.5,22.0,18617.2,84.330,0.034,0.2,-0.2,10975.0,56514.0,56600.,56604.,0.0,0.,10992.,10993.0,0.,0.0,6294.,1.1,6293.0,1.1,0.0,0.0,0.,0.0,12730.0,12587.,1.1,0.03825,0.03862,-1.0,0.831,259,487.,500.,0.01,0.011,0,2278515., , , , ,2025-08-29 10:49:35,True,False,False
2025-08-29,FHMRO,FHMRO,2025/08/29,12:00:09,CMA846,LFPGVHHH,390,-17,41 N,26.6,194.8,27.0,18613.3,83.390,0.143,0.6,0.2,10607.0,54619.0,54919.,54924.,0.0,0.,10665.,10666.0,0.,0.0,6106.,1.4,6105.0,1.4,0.0,0.0,0.,0.0,12382.0,12212.,1.4,0.03921,0.03984,-1.6,0.831,259,486.,507.,0.002,0.011,0,2202224., , , , ,2025-08-29 12:00:09,True,False,False
2025-08-29,FHMRO,FHMRO,2025/08/29,12:05:36,CMA846,LFPGVHHH,390,-17,41 N,26.5,194.3,27.0,18617.3,83.110,-0.155,-0.6,-0.8,10599.0,54579.0,54251.,54255.,0.0,0.,10535.,10536.0,0.,0.0,6045.,1.5,6044.0,0.8,0.0,0.0,0.,0.0,12223.0,12088.,1.1,0.03978,0.03989,-0.3,0.832,259,486.,508.,0.002,-0.019,0,2196498., , , , ,2025-08-29 12:05:36,True,False,False
2025-08-29,FHMRO,FHMRO,2025/08/29,12:19:20,CMA846,LFPGVHHH,390,-18,41 N,26.2,193.0,28.0,18617.3,83.005,-0.061,-0.2,-0.5,10552.0,54336.0,54216.,54199.,0.0,0.,10529.,10525.0,0.,0.0,6030.,1.6,6027.0,1.1,0.0,0.0,0.,0.0,12223.0,12057.,1.4,0.0397,0.04004,-0.9,0.831,259,485.,514.,0.003,0.013,0,2182094., , , , ,2025-08-29 12:19:20,True,False,False
2025-08-29,FHMRO,FHMRO,2025/08/29,13:06:19,CMA846,LFPGVHHH,390,-16,41 N,25.3,188.7,27.0,18620.2,82.790,0.151,0.6,0.2,10269.0,52877.0,53193.,53197.,0.0,0.,10330.,10331.0,0.,0.0,5938.,1.0,5937.0,0.7,0.0,0.0,0.,0.0,11981.0,11875.,0.9,0.04049,0.04096,-1.1,0.828,258,485.,531.,-0.005,-0.004,0,2132792., , , , ,2025-08-29 13:06:19,True,False,False
2025-08-29,FHMRO,FHMRO,2025/08/29,13:09:43,CMA846,LFPGVHHH,390,-16,41 N,25.2,188.4,28.0,18620.2,83.010,0.081,0.3,-0.0,10388.0,53489.0,53657.,53661.,0.0,0.,10420.,10421.0,0.,0.0,5981.,0.9,5980.0,0.6,0.0,0.0,0.,0.0,12047.0,11961.,0.7,0.04023,0.04051,-0.7,0.827,257,485.,531.,0.008,-0.002,0,2129290., , , , ,2025-08-29 13:09:43,True,False,False
2025-08-29,FHMRO,FHMRO,2025/08/29,13:26:37,CMA846,LFPGVHHH,410,-20,41 N,24.8,186.8,28.0,18614.5,84.290,0.187,0.8,0.5,10181.0,57714.0,58193.,58198.,0.0,0.,10266.,10267.0,0.,0.0,5845.,0.9,5844.0,0.2,0.0,0.0,0.,0.0,11752.0,11689.,0.5,0.04115,0.04156,-1.0,0.832,247,484.,523.,0.001,0.008,0,2324325., , , , ,2025-08-29 13:26:37,True,False,False
2025-08-29,FHMRO,FHMRO,2025/08/29,13:29:37,CMA846,LFPGVHHH,410,-20,41 N,24.8,186.5,28.0,18614.5,84.410,0.386,1.7,1.3,10144.0,57503.0,58494.,58499.,0.0,0.,10318.,10319.0,0.,0.0,5869.,0.9,5868.0,0.9,0.0,0.0,0.,0.0,11840.0,11737.,0.9,0.0408,0.04168,-2.1,0.831,247,483.,523.,0.0,0.010,0,2321072., , , , ,2025-08-29 13:29:37,True,False,False
2025-08-29,FHMRO,FHMRO,2025/08/29,14:16:22,CMA846,LFPGVHHH,410,-19,41 N,24.0,182.4,23.0,18617.4,84.010,0.132,0.6,0.2,9984.0,56599.0,56937.,56942.,0.0,0.,10044.,10045.0,0.,0.0,5744.,1.0,5743.0,0.9,0.0,0.0,0.,0.0,11594.0,11486.,0.9,0.04182,0.04231,-1.2,0.832,247,485.,529.,0.002,-0.011,2,2269340., , , , ,2025-08-29 14:16:22,True,False,False
2025-08-29,FHMRO,FHMRO,2025/08/29,18:27:45,CMA846,LFPGVHHH,411,-26,24 N,21.8,161.5,24.0,18617.1,80.855,-0.165,-0.7,-0.9,9278.0,52847.0,52500.,52483.,0.0,0.,9217.,9214.0,0.,0.0,5224.,1.1,5221.0,0.7,0.0,0.0,0.,0.0,10536.0,10445.,0.9,0.04541,0.04539,0.0,0.833,247,478.,484.,0.017,-0.036,0,2014971., , , , ,2025-08-29 18:27:45,True,False,False
2025-08-31,FHMRO,FHMRO,2025/08/31,00:39:02,CMA576,LFPGVHHH,390,-17,41 N,31.2,212.9,28.0,18616.2,85.170,0.311,1.4,1.0,11367.0,58533.0,59307.,59344.,0.0,0.,11517.,11524.0,0.,0.0,6563.,1.4,6556.0,0.6,0.0,0.0,0.,0.0,13251.0,13119.,1.0,0.03668,0.03741,-1.9,0.832,259,486.,517.,-0.002,-0.007,0,2407501., , , , ,2025-08-31 00:39:02,True,False,False
2025-08-31,FHMRO,FHMRO,2025/08/31,03:32:47,CMA576,LFPGVHHH,391,-18,39 N,29.6,196.1,24.0,18621.6,82.985,0.14,0.5,0.2,10416.0,53894.0,54162.,54217.,0.0,0.,10468.,10479.0,0.,0.0,5998.,1.1,5994.0,1.0,0.0,0.0,0.,0.0,12123.0,11993.,1.1,0.03997,0.0405,-1.3,0.83,258,485.,551.,-0.013,-0.002,0,2226964., , , , ,2025-08-31 03:32:47,True,False,False
2025-08-31,FHMRO,FHMRO,2025/08/31,04:34:48,CMA576,LFPGVHHH,391,-17,35 N,29.4,190.5,23.0,18620.9,82.480,0.297,1.2,0.8,10130.0,52416.0,53029.,53061.,0.0,0.,10249.,10255.0,0.,0.0,5891.,1.0,5885.0,0.0,0.0,0.0,0.,0.0,11840.0,11777.,0.5,0.04099,0.04155,-1.3,0.831,258,485.,518.,-0.021,-0.012,0,2162743., , , , ,2025-08-31 04:34:48,True,False,False
2025-08-31,FHMRO,FHMRO,2025/08/31,04:45:18,CMA576,LFPGVHHH,391,-18,34 N,29.4,189.5,23.0,18621.6,82.680,0.118,0.5,0.2,10290.0,53244.0,53478.,53510.,0.0,0.,10336.,10342.0,0.,0.0,5931.,1.2,5925.0,1.0,0.0,0.0,0.,0.0,11988.0,11857.,1.1,0.04043,0.04095,-1.3,0.83,258,485.,516.,-0.002,0.002,0,2151812., , , , ,2025-08-31 04:45:18,True,False,False
2025-08-31,FHMRO,FHMRO,2025/08/31,17:56:26,CMA577,VHHHUBBB,340,-6,40 N,23.1,251.1,23.0,18608.2,85.360,-0.026,-0.1,-0.4,13692.0,55494.0,55434.,55438.,0.0,0.,13677.,13678.0,0.,0.0,7952.,1.8,7951.0,1.5,0.0,0.0,0.,0.0,16163.0,15904.,1.6,0.03072,0.03111,-1.3,0.832,291,496.,470.,0.005,0.004,0,2248804., , , , ,2025-08-31 17:56:26,True,False,False
2025-09-01,FHMRO,FHMRO,2025/09/01,12:07:44,CMA840,LFPGVHHH,390,-18,41 N,25.0,188.5,27.0,18629.1,82.740,0.101,0.4,0.1,10418.0,53645.0,53858.,53858.,0.0,0.,10459.,10459.0,0.,0.0,5974.,1.0,5974.0,1.0,0.0,0.0,0.,0.0,12066.0,11948.,1.0,0.04008,0.0405,-1.0,0.829,258,484.,511.,0.009,-0.004,0,2130889., , , , ,2025-09-01 12:07:44,True,False,False
2025-09-01,FHMRO,FHMRO,2025/09/01,12:10:44,CMA840,LFPGVHHH,390,-18,41 N,25.0,188.2,28.0,18629.1,82.870,0.033,0.1,-0.2,10494.0,54038.0,54108.,54108.,0.0,0.,10508.,10508.0,0.,0.0,5996.,1.3,5996.0,0.8,0.0,0.0,0.,0.0,12121.0,11993.,1.1,0.03986,0.04021,-0.9,0.828,258,483.,514.,0.018,-0.004,0,2127714., , , , ,2025-09-01 12:10:44,True,False,False
2025-09-01,FHMRO,FHMRO,2025/09/01,12:59:19,CMA840,LFPGVHHH,390,-17,41 N,24.1,183.8,28.0,18628.1,82.900,0.177,0.7,0.3,10366.0,53376.0,53748.,53748.,0.0,0.,10438.,10438.0,0.,0.0,5963.,1.2,5963.0,1.1,0.0,0.0,0.,0.0,12060.0,11926.,1.1,0.03997,0.04056,-1.4,0.824,256,482.,514.,0.025,0.006,0,2078224., , , , ,2025-09-01 12:59:19,True,False,False
2025-09-01,FHMRO,FHMRO,2025/09/01,17:01:07,CMA840,LFPGVHHH,411,-25,26 N,21.7,163.7,24.0,18629.4,81.075,0.241,1.0,0.6,9155.0,52147.0,52654.,52676.,0.0,0.,9244.,9248.0,0.,0.0,5235.,1.3,5237.0,0.8,0.0,0.0,0.,0.0,10581.0,10473.,1.0,0.04514,0.04588,-1.6,0.83,246,478.,490.,-0.002,0.012,0,2045437., , , , ,2025-09-01 17:01:07,True,False,False
2025-09-02,FHMRO,FHMRO,2025/09/02,04:43:19,CMA841,VHHHUBBB,340,-6,41 N,24.7,259.4,22.0,18623.7,86.000,-0.049,-0.2,-0.4,14076.0,57050.0,56930.,56930.,0.0,0.,14046.,14046.0,0.,0.0,8151.,1.7,8151.0,1.6,0.0,0.0,0.,0.0,16568.0,16301.,1.6,0.03001,0.03037,-1.2,0.833,291,497.,457.,0.003,0.006,0,2323302., , , , ,2025-09-02 04:43:19,True,False,False
2025-09-02,FHMRO,FHMRO,2025/09/02,04:49:27,CMA841,VHHHUBBB,360,-11,41 N,24.6,258.6,22.0,18623.7,87.575,-0.073,-0.3,-0.5,14199.0,63294.0,63089.,63116.,0.0,0.,14153.,14159.0,0.,0.0,8075.,1.1,8078.0,0.9,0.0,0.0,0.,0.0,16315.0,16153.,1.0,0.03007,0.03022,-0.5,0.83,277,491.,451.,0.006,0.027,0,2546602., , , , ,2025-09-02 04:49:27,True,False,False
2025-09-02,FHMRO,FHMRO,2025/09/02,05:33:08,CMA841,VHHHUBBB,360,-11,40 N,24.5,253.2,22.0,18627.7,87.070,0.085,0.4,0.1,13786.0,61454.0,61679.,61679.,0.0,0.,13837.,13837.0,0.,0.0,7921.,2.1,7921.0,1.5,0.0,0.0,0.,0.0,16127.0,15843.,1.8,0.03054,0.03112,-1.9,0.833,278,493.,462.,-0.001,0.000,0,2493564., , , , ,2025-09-02 05:33:08,True,False,False
2025-09-02,FHMRO,FHMRO,2025/09/02,05:38:17,CMA841,VHHHUBBB,360,-11,40 N,24.5,252.6,22.0,18627.7,86.840,-0.008,-0.0,-0.3,13685.0,61007.0,60986.,60986.,0.0,0.,13680.,13680.0,0.,0.0,7841.,1.5,7841.0,1.5,0.0,0.0,0.,0.0,15912.0,15682.,1.5,0.03097,0.03133,-1.2,0.833,278,493.,462.,-0.005,0.001,0,2487528., , , , ,2025-09-02 05:38:17,True,False,False
2025-09-02,FHMRO,FHMRO,2025/09/02,05:41:17,CMA841,VHHHUBBB,360,-11,40 N,24.4,252.2,22.0,18627.7,87.110,0.098,0.4,0.2,13790.0,61470.0,61729.,61729.,0.0,0.,13848.,13848.0,0.,0.0,7925.,2.1,7925.0,1.5,0.0,0.0,0.,0.0,16133.0,15850.,1.8,0.0305,0.03109,-1.9,0.832,278,492.,463.,0.005,0.003,1,2483817., , , , ,2025-09-02 05:41:17,True,False,False
2025-09-02,FHMRO,FHMRO,2025/09/02,05:44:17,CMA841,VHHHUBBB,360,-11,40 N,24.4,251.8,22.0,18627.7,86.850,-0.027,-0.1,-0.4,13727.0,61193.0,61122.,61122.,0.0,0.,13711.,13711.0,0.,0.0,7853.,1.9,7853.0,1.3,0.0,0.0,0.,0.0,15956.0,15706.,1.6,0.03087,0.03125,-1.2,0.833,278,492.,463.,0.001,0.005,0,2480231., , , , ,2025-09-02 05:44:17,True,False,False
2025-09-02,FHMRO,FHMRO,2025/09/02,05:47:17,CMA841,VHHHUBBB,360,-11,40 N,24.4,251.5,23.0,18627.7,86.800,0.045,0.2,-0.1,13670.0,60941.0,61060.,61060.,0.0,0.,13697.,13697.0,0.,0.0,7843.,2.0,7843.0,0.9,0.0,0.0,0.,0.0,15917.0,15685.,1.5,0.03093,0.03137,-1.4,0.833,278,492.,463.,-0.001,-0.019,0,2476790., , , , ,2025-09-02 05:47:17,True,False,False
2025-09-02,FHMRO,FHMRO,2025/09/02,05:50:17,CMA841,VHHHUBBB,360,-11,40 N,24.4,251.1,22.0,18627.7,86.750,0.05,0.2,-0.0,13629.0,60756.0,60889.,60889.,0.0,0.,13659.,13659.0,0.,0.0,7824.,1.7,7824.0,1.6,0.0,0.0,0.,0.0,15905.0,15647.,1.6,0.03096,0.03146,-1.6,0.833,278,492.,464.,-0.003,0.013,0,2473114., , , , ,2025-09-02 05:50:17,True,False,False
2025-09-02,FHMRO,FHMRO,2025/09/02,05:55:03,CMA841,VHHHUBBB,360,-11,40 N,24.4,250.5,22.0,18631.6,86.760,0.06,0.3,-0.0,13652.0,60857.0,61015.,61015.,0.0,0.,13688.,13688.0,0.,0.0,7833.,1.6,7833.0,1.3,0.0,0.0,0.,0.0,15890.0,15666.,1.4,0.03098,0.03142,-1.4,0.833,278,492.,462.,0.001,0.009,0,2467460., , , , ,2025-09-02 05:55:03,True,False,False
2025-09-03,FHMRO,FHMRO,2025/09/03,01:54:44,CMA572,LFPGVHHH,391,-19,41 N,30.9,216.2,24.0,18629.1,86.060,0.155,0.7,0.4,11944.0,61798.0,62202.,62231.,0.0,0.,12022.,12028.0,0.,0.0,6793.,1.5,6788.0,0.3,0.0,0.0,0.,0.0,13701.0,13582.,0.9,0.03527,0.03572,-1.2,0.829,257,483.,563.,0.033,0.010,0,2455733., , , , ,2025-09-03 01:54:44,True,False,False
2025-09-03,FHMRO,FHMRO,2025/09/03,17:49:48,CMA573,VHHHUBBB,340,-7,40 N,26.4,259.6,24.0,18612.0,86.055,0.161,0.7,0.4,14058.0,56977.0,57383.,57369.,0.0,0.,14158.,14155.0,0.,0.0,8199.,1.7,8193.0,1.1,0.0,0.0,0.,0.0,16623.0,16391.,1.4,0.02983,0.03037,-1.8,0.832,291,496.,455.,0.006,0.003,2,2324964., , , , ,2025-09-03 17:49:48,True,False,False
2025-09-03,FHMRO,FHMRO,2025/09/03,18:22:52,CMA573,VHHHUBBB,340,-6,40 N,26.3,255.5,24.0,18607.6,85.510,0.136,0.5,0.2,13639.0,55280.0,55577.,55588.,0.0,0.,13713.,13715.0,0.,0.0,7989.,1.5,7987.0,1.3,0.0,0.0,0.,0.0,16197.0,15976.,1.4,0.03072,0.03122,-1.6,0.833,291,498.,460.,-0.01,0.011,0,2288245., , , , ,2025-09-03 18:22:52,True,False,False
2025-09-03,FHMRO,FHMRO,2025/09/03,18:32:19,CMA573,VHHHUBBB,340,-5,40 N,26.3,254.4,23.0,18607.0,85.600,-0.189,-0.8,-1.0,13817.0,56001.0,55532.,55542.,0.0,0.,13701.,13704.0,0.,0.0,7995.,1.8,7993.0,1.7,0.0,0.0,0.,0.0,16270.0,15988.,1.8,0.03062,0.03085,-0.7,0.833,291,498.,461.,0.006,0.000,0,2277734., , , , ,2025-09-03 18:32:19,True,False,False
2025-09-04,FHMRO,FHMRO,2025/09/04,09:03:07,CMA632,LFPGZSPD,370,-25,44 N,35.5,233.5,24.0,18621.9,83.190,0.456,2.1,1.6,12108.0,56634.0,57806.,57806.,0.0,0.,12359.,12359.0,0.,0.0,6892.,1.7,6892.0,1.5,0.0,0.0,0.,0.0,14008.0,13784.,1.6,0.03422,0.03535,-3.2,0.834,272,479.,464.,-0.018,-0.006,0,2401326., , , , ,2025-09-04 09:03:07,True,False,False
2025-09-04,FHMRO,FHMRO,2025/09/04,09:03:32,CMA632,LFPGZSPD,370,-25,44 N,35.5,233.4,24.0,18621.3,83.300,0.53,2.4,1.9,12125.0,56711.0,58076.,58076.,0.0,0.,12416.,12416.0,0.,0.0,6921.,1.7,6921.0,0.7,0.0,0.0,0.,0.0,14010.0,13842.,1.2,0.03422,0.0353,-3.1,0.834,272,479.,463.,-0.017,0.015,0,2400873., , , , ,2025-09-04 09:03:32,True,False,False
2025-09-04,FHMRO,FHMRO,2025/09/04,14:37:40,CMA632,LFPGZSPD,391,-18,44 N,30.5,199.3,23.0,18628.0,83.820,-0.172,-0.8,-1.0,10938.0,56597.0,56158.,56158.,0.0,0.,10854.,10854.0,0.,0.0,6191.,1.7,6191.0,1.1,0.0,0.0,0.,0.0,12557.0,12383.,1.4,0.03866,0.03882,-0.4,0.832,258,485.,554.,0.018,0.020,0,2264756., , , , ,2025-09-04 14:37:40,True,False,False
2025-09-05,FHMRO,FHMRO,2025/09/05,02:37:51,CMA633,ZSPDUBBB,321,-16,43 N,26.2,278.6,28.0,18613.1,83.630,0.225,0.9,0.5,14788.0,54842.0,55309.,55315.,0.0,0.,14914.,14916.0,0.,0.0,8453.,1.4,8451.0,1.5,0.0,0.0,0.,0.0,17144.0,16904.,1.4,0.02846,0.02902,-1.9,0.834,304,488.,430.,-0.008,0.001,0,2283661., , , , ,2025-09-05 02:37:51,True,False,False
2025-09-05,FHMRO,FHMRO,2025/09/05,11:21:46,CMA633,UBBBLFPG,340,-14,42 N,24.2,262.3,26.0,18615.5,85.310,0.003,0.0,-0.2,14406.0,58389.0,58395.,58399.,0.0,0.,14407.,14408.0,0.,0.0,8189.,1.0,8188.0,0.6,0.0,0.0,0.,0.0,16506.0,16378.,0.8,0.02961,0.02977,-0.5,0.831,290,489.,470.,0.02,-0.015,0,2349531., , , , ,2025-09-05 11:21:46,True,False,False
2025-09-05,FHMRO,FHMRO,2025/09/05,11:24:46,CMA633,UBBBLFPG,340,-14,42 N,24.2,261.9,26.0,18614.2,85.370,0.023,0.1,-0.2,14449.0,58563.0,58619.,58623.,0.0,0.,14463.,14463.0,0.,0.0,8215.,1.0,8215.0,0.8,0.0,0.0,0.,0.0,16576.0,16430.,0.9,0.02947,0.02969,-0.7,0.831,290,489.,473.,0.024,-0.006,0,2346192., , , , ,2025-09-05 11:24:46,True,False,False
2025-09-05,FHMRO,FHMRO,2025/09/05,11:34:48,CMA633,UBBBLFPG,340,-14,43 N,24.2,260.7,26.0,18609.4,84.750,-0.074,-0.3,-0.6,14113.0,57202.0,57015.,57018.,0.0,0.,14067.,14068.0,0.,0.0,8023.,1.4,8022.0,0.8,0.0,0.0,0.,0.0,16221.0,16045.,1.1,0.0302,0.03036,-0.5,0.833,291,490.,485.,0.003,0.004,0,2335070., , , , ,2025-09-05 11:34:48,True,False,False
2025-09-05,FHMRO,FHMRO,2025/09/05,22:03:53,CMA582,LFPGVHHH,390,-21,43 N,31.6,211.5,29.0,18617.9,84.510,0.334,1.5,1.1,11306.0,58216.0,59070.,59075.,0.0,0.,11471.,11472.0,0.,0.0,6488.,2.0,6487.0,0.9,0.0,0.0,0.,0.0,13165.0,12974.,1.5,0.03672,0.03766,-2.5,0.833,260,483.,500.,0.0,-0.030,0,2392199., , , , ,2025-09-05 22:03:53,True,False,False
2025-09-05,FHMRO,FHMRO,2025/09/05,22:38:51,CMA582,LFPGVHHH,390,-22,42 N,30.8,208.0,29.0,18621.6,83.755,0.081,0.4,0.2,11118.0,57245.0,57466.,57441.,0.0,0.,11160.,11156.0,0.,0.0,6339.,1.9,6336.0,0.6,0.0,0.0,0.,0.0,12832.0,12675.,1.2,0.0376,0.03815,-1.5,0.833,259,482.,520.,-0.002,0.014,0,2352189., , , , ,2025-09-05 22:38:51,True,False,False
2025-09-05,FHMRO,FHMRO,2025/09/05,23:04:14,CMA582,LFPGVHHH,390,-19,42 N,30.4,205.5,29.0,18622.4,84.280,0.305,1.4,1.1,11085.0,57080.0,57858.,57858.,0.0,0.,11236.,11236.0,0.,0.0,6403.,1.6,6403.0,1.1,0.0,0.0,0.,0.0,12976.0,12806.,1.3,0.03726,0.03818,-2.4,0.831,259,483.,531.,0.007,-0.022,0,2323946., , , , ,2025-09-05 23:04:14,True,False,False
2025-09-05,FHMRO,FHMRO,2025/09/05,23:09:58,CMA582,LFPGVHHH,390,-19,41 N,30.3,205.0,29.0,18626.4,84.135,0.18,0.8,0.6,11052.0,56912.0,57386.,57360.,0.0,0.,11144.,11139.0,0.,0.0,6362.,1.4,6359.0,1.0,0.0,0.0,0.,0.0,12873.0,12721.,1.2,0.03762,0.03831,-1.8,0.832,259,484.,532.,0.005,-0.015,0,2317572., , , , ,2025-09-05 23:09:58,True,False,False
2025-09-05,FHMRO,FHMRO,2025/09/05,23:43:32,CMA582,LFPGVHHH,390,-16,41 N,29.7,201.7,29.0,18625.3,84.630,0.136,0.6,0.5,11050.0,56899.0,57244.,57244.,0.0,0.,11117.,11117.0,0.,0.0,6386.,1.4,6386.0,1.0,0.0,0.0,0.,0.0,12923.0,12772.,1.2,0.03759,0.03821,-1.6,0.829,258,486.,563.,0.019,0.020,0,2279342., , , , ,2025-09-05 23:43:32,True,False,False
2025-09-05,FHMRO,FHMRO,2025/09/05,23:57:56,CMA582,LFPGVHHH,390,-16,41 N,29.5,200.3,29.0,18625.3,84.660,0.131,0.6,0.4,11042.0,56859.0,57192.,57192.,0.0,0.,11107.,11107.0,0.,0.0,6381.,1.5,6381.0,0.8,0.0,0.0,0.,0.0,12910.0,12762.,1.2,0.03761,0.03821,-1.6,0.828,258,485.,566.,0.024,0.041,0,2263733., , , , ,2025-09-05 23:57:56,True,False,False
2025-09-06,FHMRO,FHMRO,2025/09/06,00:07:59,CMA582,LFPGVHHH,390,-15,41 N,29.4,199.4,29.0,18625.3,84.090,0.166,0.7,0.5,10702.0,55106.0,55476.,55476.,0.0,0.,10774.,10774.0,0.,0.0,6223.,1.2,6223.0,1.2,0.0,0.0,0.,0.0,12592.0,12447.,1.2,0.03869,0.03934,-1.7,0.83,258,487.,573.,-0.003,0.030,0,2252536., , , , ,2025-09-06 00:07:59,True,False,False
2025-09-06,FHMRO,FHMRO,2025/09/06,00:12:26,CMA582,LFPGVHHH,390,-15,41 N,29.3,198.9,29.0,18625.3,84.020,0.041,0.2,0.1,10739.0,55301.0,55393.,55393.,0.0,0.,10757.,10757.0,0.,0.0,6211.,1.0,6211.0,1.4,0.0,0.0,0.,0.0,12572.0,12423.,1.2,0.03874,0.03922,-1.2,0.83,259,487.,574.,0.003,-0.024,0,2247880., , , , ,2025-09-06 00:12:26,True,False,False
2025-09-06,FHMRO,FHMRO,2025/09/06,00:43:04,CMA582,LFPGVHHH,390,-15,41 N,28.9,196.0,26.0,18629.1,83.720,0.073,0.3,0.2,10602.0,54589.0,54743.,54743.,0.0,0.,10632.,10632.0,0.,0.0,6140.,1.2,6140.0,0.8,0.0,0.0,0.,0.0,12403.0,12280.,1.0,0.03922,0.03968,-1.2,0.829,258,487.,577.,0.001,0.047,0,2214974., , , , ,2025-09-06 00:43:04,True,False,False
2025-09-06,FHMRO,FHMRO,2025/09/06,00:46:04,CMA582,LFPGVHHH,390,-15,41 N,28.8,195.8,25.0,18629.1,83.570,0.021,0.1,-0.0,10528.0,54209.0,54254.,54254.,0.0,0.,10537.,10537.0,0.,0.0,6101.,1.4,6101.0,0.9,0.0,0.0,0.,0.0,12345.0,12202.,1.2,0.03949,0.03995,-1.1,0.83,258,488.,576.,-0.005,0.004,0,2211810., , , , ,2025-09-06 00:46:04,True,False,False
2025-09-06,FHMRO,FHMRO,2025/09/06,00:49:04,CMA582,LFPGVHHH,390,-14,41 N,28.8,195.5,25.0,18628.4,83.575,0.079,0.3,0.2,10484.0,53985.0,54140.,54161.,0.0,0.,10514.,10518.0,0.,0.0,6090.,1.3,6092.0,0.8,0.0,0.0,0.,0.0,12307.0,12182.,1.0,0.0396,0.04007,-1.2,0.829,258,487.,574.,-0.007,-0.006,0,2208789., , , , ,2025-09-06 00:49:04,True,False,False
2025-09-06,FHMRO,FHMRO,2025/09/06,01:26:37,CMA582,LFPGVHHH,390,-14,41 N,28.4,192.0,24.0,18629.1,83.140,0.235,0.9,0.7,10242.0,52737.0,53230.,53230.,0.0,0.,10338.,10338.0,0.,0.0,5994.,1.2,5994.0,1.1,0.0,0.0,0.,0.0,12123.0,11988.,1.1,0.04015,0.04091,-1.8,0.828,258,487.,555.,-0.017,0.029,0,2169841., , , , ,2025-09-06 01:26:37,True,False,False
2025-09-06,FHMRO,FHMRO,2025/09/06,01:29:37,CMA582,LFPGVHHH,390,-14,41 N,28.4,191.7,24.0,18631.0,83.280,-0.188,-0.7,-0.8,10477.0,53951.0,53559.,53559.,0.0,0.,10401.,10401.0,0.,0.0,6025.,0.7,6025.0,0.1,0.0,0.0,0.,0.0,12103.0,12050.,0.4,0.04021,0.04009,0.3,0.828,258,487.,554.,0.006,-0.011,0,2166863., , , , ,2025-09-06 01:29:37,True,False,False
2025-09-06,FHMRO,FHMRO,2025/09/06,01:46:13,CMA582,LFPGVHHH,391,-15,41 N,28.3,190.2,24.0,18626.6,83.275,-0.18,-0.7,-0.7,10477.0,54208.0,53821.,53842.,0.0,0.,10402.,10406.0,0.,0.0,6014.,1.2,6016.0,0.8,0.0,0.0,0.,0.0,12154.0,12030.,1.0,0.03998,0.0401,-0.3,0.828,257,486.,555.,0.013,-0.033,0,2160015., , , , ,2025-09-06 01:46:13,True,False,False
2025-09-06,FHMRO,FHMRO,2025/09/06,02:28:28,CMA582,LFPGVHHH,411,-22,40 N,28.0,186.4,24.0,18629.3,84.170,0.086,0.4,0.3,10230.0,58271.0,58493.,58493.,0.0,0.,10269.,10269.0,0.,0.0,5850.,0.9,5850.0,0.6,0.0,0.0,0.,0.0,11789.0,11699.,0.8,0.04088,0.0413,-1.0,0.832,247,482.,540.,0.014,0.004,0,2329983., , , , ,2025-09-06 02:28:28,True,False,False
2025-09-06,FHMRO,FHMRO,2025/09/06,02:53:38,CMA582,LFPGVHHH,411,-23,39 N,27.9,184.1,24.0,18624.2,83.530,0.105,0.5,0.3,10012.0,57028.0,57301.,57301.,0.0,0.,10060.,10060.0,0.,0.0,5731.,1.5,5731.0,1.1,0.0,0.0,0.,0.0,11610.0,11462.,1.3,0.04147,0.04215,-1.6,0.833,247,482.,544.,0.003,0.004,0,2301965., , , , ,2025-09-06 02:53:38,True,False,False
2025-09-06,FHMRO,FHMRO,2025/09/06,02:56:38,CMA582,LFPGVHHH,411,-23,39 N,27.9,183.9,24.0,18624.2,83.490,0.204,0.9,0.8,9947.0,56659.0,57186.,57186.,0.0,0.,10040.,10040.0,0.,0.0,5718.,1.4,5718.0,0.7,0.0,0.0,0.,0.0,11558.0,11436.,1.1,0.04162,0.04238,-1.8,0.832,247,481.,542.,-0.001,0.021,0,2298562., , , , ,2025-09-06 02:56:38,True,False,False
2025-09-06,FHMRO,FHMRO,2025/09/06,03:18:16,CMA582,LFPGVHHH,411,-22,38 N,27.8,182.0,24.0,18624.9,83.410,0.029,0.1,0.0,9979.0,56841.0,56916.,56916.,0.0,0.,9992.,9992.0,0.,0.0,5691.,1.8,5691.0,0.6,0.0,0.0,0.,0.0,11520.0,11383.,1.2,0.04172,0.04223,-1.2,0.831,246,481.,540.,0.012,0.013,0,2274894., , , , ,2025-09-06 03:18:16,True,False,False
2025-09-06,FHMRO,FHMRO,2025/09/06,17:25:32,CMA583,VHHHUBBB,340,-15,47 N,26.1,264.1,24.0,18625.1,84.695,-0.038,-0.2,-0.2,14187.0,57502.0,57396.,57421.,0.0,0.,14161.,14167.0,0.,0.0,8079.,1.2,8082.0,1.2,0.0,0.0,0.,0.0,16354.0,16161.,1.2,0.02989,0.03018,-0.9,0.834,291,489.,420.,-0.001,0.008,0,2366186., , , , ,2025-09-06 17:25:32,True,False,False
2025-09-07,FHMRO,FHMRO,2025/09/07,16:26:19,CMA626,LFPGZSPD,391,-18,41 N,32.2,198.1,24.0,18618.6,83.735,0.162,0.7,0.5,10743.0,55587.0,55913.,56085.,0.0,0.,10806.,10839.0,0.,0.0,6202.,1.5,6178.0,1.3,0.0,0.0,0.,0.0,12557.0,12380.,1.4,0.03855,0.0393,-1.9,0.83,258,484.,584.,0.011,0.008,0,2248944., , , , ,2025-09-07 16:26:19,True,False,False
2025-09-09,FHMRO,FHMRO,2025/09/09,00:57:16,CMA588,LFPGVHHH,390,-17,41 N,29.7,207.7,28.0,18620.3,84.480,0.276,1.2,1.0,11000.0,56643.0,57347.,57343.,0.0,0.,11137.,11136.0,0.,0.0,6388.,1.9,6389.0,1.3,0.0,0.0,0.,0.0,12982.0,12777.,1.6,0.03742,0.03841,-2.6,0.831,259,486.,576.,-0.011,0.019,0,2347061., , , , ,2025-09-09 00:57:16,True,False,False
2025-09-09,FHMRO,FHMRO,2025/09/09,01:00:16,CMA588,LFPGVHHH,390,-17,41 N,29.6,207.4,30.0,18620.3,84.560,0.118,0.5,0.4,11133.0,57327.0,57631.,57626.,0.0,0.,11192.,11191.0,0.,0.0,6411.,1.5,6412.0,1.0,0.0,0.0,0.,0.0,12982.0,12822.,1.2,0.03736,0.03797,-1.6,0.83,259,485.,576.,0.003,-0.004,2,2343756., , , , ,2025-09-09 01:00:16,True,False,False
2025-09-09,FHMRO,FHMRO,2025/09/09,01:03:16,CMA588,LFPGVHHH,390,-17,41 N,29.6,207.1,30.0,18620.3,84.575,0.069,0.3,0.2,11143.0,57381.0,57547.,57568.,0.0,0.,11176.,11180.0,0.,0.0,6406.,1.6,6410.0,1.0,0.0,0.0,0.,0.0,12982.0,12816.,1.3,0.03738,0.03794,-1.5,0.83,259,485.,577.,0.005,-0.010,0,2340410., , , , ,2025-09-09 01:03:16,True,False,False
2025-09-09,FHMRO,FHMRO,2025/09/09,01:06:59,CMA588,LFPGVHHH,390,-17,41 N,29.5,206.8,29.0,18620.3,84.730,0.317,1.4,1.2,11093.0,57119.0,57928.,57924.,0.0,0.,11250.,11249.0,0.,0.0,6446.,1.4,6446.0,1.0,0.0,0.0,0.,0.0,13043.0,12892.,1.2,0.03721,0.0381,-2.3,0.83,258,485.,577.,0.002,-0.005,0,2336266., , , , ,2025-09-09 01:06:59,True,False,False
2025-09-09,FHMRO,FHMRO,2025/09/09,01:16:07,CMA588,LFPGVHHH,390,-17,41 N,29.4,205.9,29.0,18620.3,84.350,0.266,1.2,1.0,10922.0,56239.0,56917.,56913.,0.0,0.,11053.,11052.0,0.,0.0,6348.,1.9,6349.0,1.0,0.0,0.0,0.,0.0,12884.0,12697.,1.5,0.03772,0.03866,-2.4,0.831,259,486.,579.,-0.01,-0.023,0,2326113., , , , ,2025-09-09 01:16:07,True,False,False
2025-09-09,FHMRO,FHMRO,2025/09/09,01:36:19,CMA588,LFPGVHHH,390,-16,41 N,29.1,203.9,29.0,18620.3,84.400,-0.142,-0.6,-0.7,11118.0,57252.0,56894.,56890.,0.0,0.,11049.,11048.0,0.,0.0,6347.,1.3,6348.0,0.8,0.0,0.0,0.,0.0,12832.0,12695.,1.1,0.03786,0.03801,-0.4,0.83,258,486.,577.,0.015,-0.006,0,2304069., , , , ,2025-09-09 01:36:19,True,False,False
2025-09-09,FHMRO,FHMRO,2025/09/09,01:38:56,CMA588,LFPGVHHH,390,-16,41 N,29.1,203.7,29.0,18620.3,84.290,0.402,1.8,1.6,10774.0,55478.0,56499.,56495.,0.0,0.,10972.,10971.0,0.,0.0,6311.,1.5,6312.0,0.8,0.0,0.0,0.,0.0,12768.0,12623.,1.1,0.03807,0.03911,-2.7,0.83,259,486.,577.,-0.013,-0.033,0,2301189., , , , ,2025-09-09 01:38:56,True,False,False
2025-09-09,FHMRO,FHMRO,2025/09/09,01:45:44,CMA588,LFPGVHHH,390,-16,41 N,29.0,203.0,28.0,18620.9,84.230,0.027,0.1,0.0,10896.0,56105.0,56177.,56172.,0.0,0.,10910.,10909.0,0.,0.0,6284.,1.3,6284.0,0.7,0.0,0.0,0.,0.0,12695.0,12568.,1.0,0.03832,0.03871,-1.0,0.83,258,486.,571.,-0.001,0.006,0,2293943., , , , ,2025-09-09 01:45:44,True,False,False
2025-09-09,FHMRO,FHMRO,2025/09/09,04:25:14,CMA588,LFPGVHHH,411,-24,36 N,27.6,188.2,24.0,18622.4,83.905,0.34,1.5,1.3,10146.0,57792.0,58688.,58658.,0.0,0.,10303.,10298.0,0.,0.0,5838.,1.1,5836.0,1.1,0.0,0.0,0.,0.0,11804.0,11674.,1.1,0.04062,0.04161,-2.4,0.831,246,480.,539.,0.0,-0.010,0,2351652., , , , ,2025-09-09 04:25:14,True,False,False
2025-09-09,FHMRO,FHMRO,2025/09/09,05:02:00,CMA588,LFPGVHHH,411,-25,34 N,27.5,184.9,24.0,18623.8,83.015,0.055,0.3,0.1,9959.0,56729.0,56888.,56857.,0.0,0.,9987.,9982.0,0.,0.0,5665.,1.1,5664.0,0.6,0.0,0.0,0.,0.0,11424.0,11329.,0.8,0.04197,0.04239,-1.0,0.833,247,479.,535.,-0.005,0.004,0,2310727., , , , ,2025-09-09 05:02:00,True,False,False
2025-09-09,FHMRO,FHMRO,2025/09/09,18:03:05,CMA589,VHHHUBBB,340,-9,40 N,22.9,257.9,24.0,18632.8,85.880,0.203,0.9,0.6,14153.0,57362.0,57866.,57866.,0.0,0.,14278.,14278.0,0.,0.0,8219.,1.9,8219.0,1.1,0.0,0.0,0.,0.0,16687.0,16438.,1.5,0.02966,0.03027,-2.0,0.834,292,495.,408.,0.01,0.024,0,2308916., , , , ,2025-09-09 18:03:05,True,False,False
2025-09-09,FHMRO,FHMRO,2025/09/09,18:05:07,CMA589,VHHHUBBB,340,-9,40 N,22.9,257.6,24.0,18632.8,85.735,-0.061,-0.3,-0.5,14220.0,57636.0,57497.,57472.,0.0,0.,14186.,14180.0,0.,0.0,8177.,1.9,8174.0,1.4,0.0,0.0,0.,0.0,16620.0,16350.,1.6,0.02981,0.03016,-1.1,0.835,292,496.,410.,0.015,-0.024,0,2306736., , , , ,2025-09-09 18:05:07,True,False,False
2025-09-09,FHMRO,FHMRO,2025/09/09,18:31:14,CMA589,VHHHUBBB,340,-8,40 N,22.8,254.4,24.0,18632.8,85.335,0.172,0.8,0.4,13794.0,55905.0,56320.,56345.,0.0,0.,13896.,13902.0,0.,0.0,8031.,1.8,8034.0,1.3,0.0,0.0,0.,0.0,16319.0,16065.,1.6,0.03039,0.03101,-2.0,0.835,292,496.,419.,-0.003,0.027,0,2277324., , , , ,2025-09-09 18:31:14,True,False,False
2025-09-09,FHMRO,FHMRO,2025/09/09,18:34:14,CMA589,VHHHUBBB,340,-9,40 N,22.8,254.0,24.0,18632.8,85.370,-0.012,-0.0,-0.3,13929.0,56455.0,56427.,56427.,0.0,0.,13922.,13922.0,0.,0.0,8044.,1.7,8044.0,1.2,0.0,0.0,0.,0.0,16318.0,16089.,1.4,0.03039,0.03073,-1.1,0.835,292,496.,418.,0.008,0.000,2,2274133., , , , ,2025-09-09 18:34:14,True,False,False
2025-09-10,FHMRO,FHMRO,2025/09/10,11:25:54,CMA852,LFPGVHHH,410,-23,41 N,27.4,189.5,23.0,18623.1,83.830,0.324,1.5,1.0,10137.0,57466.0,58306.,58306.,0.0,0.,10285.,10285.0,0.,0.0,5809.,1.5,5809.0,0.8,0.0,0.0,0.,0.0,11751.0,11619.,1.1,0.04091,0.0418,-2.1,0.832,247,481.,582.,-0.009,0.005,2,2356360., , , , ,2025-09-10 11:25:54,True,False,False
2025-09-10,FHMRO,FHMRO,2025/09/10,11:28:54,CMA852,LFPGVHHH,410,-23,41 N,27.4,189.2,24.0,18622.4,83.900,0.195,0.9,0.5,10260.0,58160.0,58666.,58666.,0.0,0.,10349.,10349.0,0.,0.0,5833.,1.7,5833.0,0.9,0.0,0.0,0.,0.0,11821.0,11667.,1.3,0.04059,0.04133,-1.8,0.831,247,480.,581.,0.005,0.000,2,2353050., , , , ,2025-09-10 11:28:54,True,False,False
2025-09-10,FHMRO,FHMRO,2025/09/10,11:31:54,CMA852,LFPGVHHH,410,-23,41 N,27.3,188.9,23.0,18622.4,84.000,0.208,0.9,0.5,10292.0,58347.0,58886.,58886.,0.0,0.,10388.,10388.0,0.,0.0,5854.,1.3,5854.0,1.1,0.0,0.0,0.,0.0,11848.0,11709.,1.2,0.0405,0.04121,-1.7,0.831,247,480.,582.,0.009,0.008,0,2349688., , , , ,2025-09-10 11:31:54,True,False,False
2025-09-10,FHMRO,FHMRO,2025/09/10,11:59:53,CMA852,LFPGVHHH,410,-22,41 N,27.0,186.4,23.0,18626.4,83.550,0.132,0.6,0.2,10064.0,57054.0,57396.,57396.,0.0,0.,10125.,10125.0,0.,0.0,5731.,1.6,5731.0,1.1,0.0,0.0,0.,0.0,11616.0,11463.,1.3,0.04142,0.04208,-1.6,0.832,247,481.,589.,-0.003,0.015,0,2318574., , , , ,2025-09-10 11:59:53,True,False,False
2025-09-10,FHMRO,FHMRO,2025/09/10,12:06:06,CMA852,LFPGVHHH,410,-23,41 N,26.9,185.9,24.0,18621.4,83.330,0.236,1.1,0.7,9953.0,56421.0,57033.,57033.,0.0,0.,10061.,10061.0,0.,0.0,5694.,1.7,5694.0,0.7,0.0,0.0,0.,0.0,11523.0,11387.,1.2,0.04172,0.04251,-1.9,0.832,247,481.,587.,-0.011,0.023,0,2311850., , , , ,2025-09-10 12:06:06,True,False,False
2025-09-10,FHMRO,FHMRO,2025/09/10,12:09:06,CMA852,LFPGVHHH,410,-23,41 N,26.9,185.6,23.0,18621.4,83.350,0.081,0.4,0.0,10055.0,57002.0,57211.,57211.,0.0,0.,10092.,10092.0,0.,0.0,5702.,1.6,5702.0,1.0,0.0,0.0,0.,0.0,11553.0,11404.,1.3,0.04154,0.0421,-1.3,0.831,247,480.,587.,0.002,-0.026,2,2308580., , , , ,2025-09-10 12:09:06,True,False,False
2025-09-10,FHMRO,FHMRO,2025/09/10,12:12:19,CMA852,LFPGVHHH,410,-23,41 N,26.9,185.4,23.0,18621.4,83.610,0.454,2.1,1.6,9994.0,56654.0,57830.,57830.,0.0,0.,10202.,10202.0,0.,0.0,5757.,1.4,5757.0,1.2,0.0,0.0,0.,0.0,11662.0,11513.,1.3,0.04111,0.04231,-2.8,0.83,247,479.,586.,-0.002,0.018,0,2304958., , , , ,2025-09-10 12:12:19,True,False,False
2025-09-10,FHMRO,FHMRO,2025/09/10,13:57:24,CMA852,LFPGVHHH,411,-20,39 N,26.1,176.3,24.0,18628.2,82.920,-0.034,-0.1,-0.4,9669.0,55074.0,55003.,55003.,0.0,0.,9656.,9656.0,0.,0.0,5504.,1.7,5504.0,1.3,0.0,0.0,0.,0.0,11173.0,11008.,1.5,0.04309,0.04356,-1.1,0.829,246,481.,577.,0.006,0.021,0,2203268., , , , ,2025-09-10 13:57:24,True,False,False
2025-09-10,FHMRO,FHMRO,2025/09/10,15:29:56,CMA852,LFPGVHHH,411,-24,33 N,25.8,168.8,24.0,18626.5,81.290,-0.042,-0.2,-0.4,9295.0,52946.0,52856.,52856.,0.0,0.,9279.,9279.0,0.,0.0,5265.,1.3,5265.0,0.7,0.0,0.0,0.,0.0,10635.0,10530.,1.0,0.04498,0.04523,-0.5,0.83,246,478.,525.,-0.002,0.009,0,2111712., , , , ,2025-09-10 15:29:56,True,False,False
2025-09-10,FHMRO,FHMRO,2025/09/10,15:34:33,CMA852,LFPGVHHH,411,-25,32 N,25.8,168.4,24.0,18626.5,81.900,0.185,0.7,0.4,9450.0,53827.0,54224.,54224.,0.0,0.,9519.,9519.0,0.,0.0,5375.,1.4,5375.0,1.1,0.0,0.0,0.,0.0,10885.0,10750.,1.3,0.04378,0.04449,-1.6,0.827,245,477.,507.,0.018,0.002,0,2109702., , , , ,2025-09-10 15:34:33,True,False,False
2025-09-11,FHMRO,FHMRO,2025/09/11,05:09:31,CMA853,VHHHUBBB,320,-13,44 N,25.5,266.5,24.0,18630.1,84.080,0.104,0.4,0.1,14859.0,54851.0,55068.,55068.,0.0,0.,14918.,14918.0,0.,0.0,8498.,1.5,8498.0,1.3,0.0,0.0,0.,0.0,17242.0,16997.,1.4,0.02839,0.02883,-1.5,0.831,303,490.,432.,0.033,-0.005,0,2173915., , , , ,2025-09-11 05:09:31,True,False,False
2025-09-11,FHMRO,FHMRO,2025/09/11,05:58:37,CMA853,VHHHUBBB,320,-8,42 N,25.2,260.3,24.0,18630.7,83.860,0.16,0.6,0.3,14235.0,52547.0,52875.,52875.,0.0,0.,14324.,14324.0,0.,0.0,8298.,1.3,8298.0,0.9,0.0,0.0,0.,0.0,16781.0,16597.,1.1,0.02954,0.02996,-1.4,0.833,304,496.,423..,0.004,0.000,0,2122913., , , , ,2025-09-11 05:58:37,True,False,False
2025-09-11,FHMRO,FHMRO,2025/09/11,21:54:45,CMA574,LFPGVHHH,370,-22,43 N,33.9,238.6,28.0,18624.0,84.375,0.168,0.7,0.4,12626.0,59052.0,59468.,59494.,0.0,0.,12715.,12720.0,0.,0.0,7120.,1.7,7123.0,0.6,0.0,0.0,0.,0.0,14409.0,14243.,1.2,0.0334,0.03393,-1.6,0.832,271,481.,515.,0.0,0.012,0,2451628., , , , ,2025-09-11 21:54:45,True,False,False
2025-09-12,FHMRO,FHMRO,2025/09/12,00:54:48,CMA574,LFPGVHHH,370,-15,41 N,29.9,219.1,28.0,18620.3,83.920,0.205,0.8,0.5,11694.0,54695.0,55144.,55103.,0.0,0.,11790.,11781.0,0.,0.0,6757.,1.5,6765.0,0.4,0.0,0.0,0.,0.0,13647.0,13523.,0.9,0.03564,0.03616,-1.5,0.828,270,486.,563.,0.0,-0.043,0,2249736., , , , ,2025-09-12 00:54:48,True,False,False
2025-09-12,FHMRO,FHMRO,2025/09/12,00:58:36,CMA574,LFPGVHHH,370,-15,41 N,29.9,218.7,28.0,18624.1,83.890,0.047,0.2,0.0,11776.0,55080.0,55200.,55159.,0.0,0.,11801.,11793.0,0.,0.0,6757.,1.5,6765.0,1.4,0.0,0.0,0.,0.0,13714.0,13522.,1.4,0.03544,0.03594,-1.4,0.828,270,486.,562.,0.007,0.013,0,2245814., , , , ,2025-09-12 00:58:36,True,False,False
2025-09-12,FHMRO,FHMRO,2025/09/12,01:01:36,CMA574,LFPGVHHH,370,-15,41 N,29.8,218.4,28.0,18625.3,83.860,0.081,0.3,0.1,11765.0,55029.0,55219.,55178.,0.0,0.,11806.,11797.0,0.,0.0,6755.,1.5,6763.0,0.3,0.0,0.0,0.,0.0,13641.0,13518.,0.9,0.03561,0.03598,-1.0,0.828,270,486.,564.,0.008,-0.024,0,2242710., , , , ,2025-09-12 01:01:36,True,False,False
2025-09-12,FHMRO,FHMRO,2025/09/12,01:04:37,CMA574,LFPGVHHH,370,-15,41 N,29.8,218.1,28.0,18625.3,83.840,0.007,0.0,-0.1,11786.0,55128.0,55164.,55122.,0.0,0.,11794.,11785.0,0.,0.0,6749.,1.6,6757.0,1.4,0.0,0.0,0.,0.0,13712.0,13506.,1.5,0.03543,0.03592,-1.4,0.828,270,486.,565.,0.01,0.018,0,2239579., , , , ,2025-09-12 01:04:37,True,False,False
2025-09-12,FHMRO,FHMRO,2025/09/12,01:22:08,CMA574,LFPGVHHH,370,-15,41 N,29.5,216.4,28.0,18622.2,83.335,0.144,0.6,0.3,11446.0,53533.0,53865.,53803.,0.0,0.,11517.,11503.0,0.,0.0,6621.,1.0,6627.0,0.4,0.0,0.0,0.,0.0,13340.0,13249.,0.7,0.03651,0.03689,-1.0,0.829,270,487.,564.,-0.012,0.012,0,2221410., , , , ,2025-09-12 01:22:08,True,False,False
2025-09-12,FHMRO,FHMRO,2025/09/12,01:31:46,CMA574,LFPGVHHH,390,-19,41 N,29.4,215.3,28.0,18627.4,85.310,0.313,1.4,1.1,11539.0,59417.0,60280.,60230.,0.0,0.,11706.,11697.0,0.,0.0,6635.,1.2,6644.0,0.7,0.0,0.0,0.,0.0,13404.0,13279.,0.9,0.03608,0.03683,-2.0,0.83,258,484.,564.,0.002,0.003,0,2433174., , , , ,2025-09-12 01:31:46,True,False,False
2025-09-12,FHMRO,FHMRO,2025/09/12,01:36:35,CMA574,LFPGVHHH,390,-19,41 N,29.3,214.6,28.0,18629.3,85.100,0.15,0.7,0.4,11517.0,59306.0,59724.,59675.,0.0,0.,11598.,11589.0,0.,0.0,6581.,1.2,6590.0,0.4,0.0,0.0,0.,0.0,13277.0,13172.,0.8,0.03646,0.03692,-1.2,0.831,259,484.,565.,0.002,-0.017,0,2425903., , , , ,2025-09-12 01:36:35,True,False,False
2025-09-12,FHMRO,FHMRO,2025/09/12,01:56:00,CMA574,LFPGVHHH,391,-18,41 N,29.2,212.8,23.0,18629.3,85.140,-0.16,-0.7,-0.8,11581.0,59922.0,59520.,59470.,0.0,0.,11503.,11494.0,0.,0.0,6535.,1.3,6544.0,1.7,0.0,0.0,0.,0.0,13275.0,13080.,1.5,0.03648,0.03672,-0.6,0.83,258,484.,570.,0.016,-0.028,0,2416455., , , , ,2025-09-12 01:56:00,True,False,False
2025-09-12,FHMRO,FHMRO,2025/09/12,02:31:41,CMA574,LFPGVHHH,391,-18,40 N,28.9,209.3,23.0,18625.5,84.470,0.106,0.5,0.3,11122.0,57547.0,57842.,57793.,0.0,0.,11179.,11170.0,0.,0.0,6374.,1.0,6383.0,0.8,0.0,0.0,0.,0.0,12872.0,12758.,0.9,0.0377,0.03814,-1.1,0.832,258,485.,569.,-0.009,-0.021,0,2376156., , , , ,2025-09-12 02:31:41,True,False,False
2025-09-12,FHMRO,FHMRO,2025/09/12,02:58:04,CMA574,LFPGVHHH,391,-17,39 N,28.7,206.5,24.0,18628.0,84.470,-0.079,-0.3,-0.5,11122.0,57547.0,57372.,57324.,0.0,0.,11088.,11079.0,0.,0.0,6335.,1.3,6344.0,0.9,0.0,0.0,0.,0.0,12815.0,12679.,1.1,0.03787,0.03809,-0.6,0.83,258,485.,557.,0.004,0.008,0,2345468., , , , ,2025-09-12 02:58:04,True,False,False
2025-09-12,FHMRO,FHMRO,2025/09/12,03:24:40,CMA574,LFPGVHHH,391,-18,37 N,28.6,204.2,23.0,18627.4,84.125,0.164,0.7,0.5,10876.0,56274.0,56729.,56656.,0.0,0.,10964.,10950.0,0.,0.0,6263.,1.6,6269.0,0.4,0.0,0.0,0.,0.0,12661.0,12531.,1.0,0.03829,0.03888,-1.5,0.83,258,485.,548.,-0.007,-0.004,0,2318658., , , , ,2025-09-12 03:24:40,True,False,False
2025-09-12,FHMRO,FHMRO,2025/09/12,04:01:59,CMA574,LFPGVHHH,391,-18,35 N,28.5,200.5,23.0,18629.3,83.290,0.035,0.1,-0.0,10600.0,54842.0,54941.,54894.,0.0,0.,10619.,10610.0,0.,0.0,6085.,1.7,6093.0,0.8,0.0,0.0,0.,0.0,12335.0,12179.,1.3,0.03939,0.03988,-1.2,0.833,259,486.,532.,-0.02,0.055,0,2276310., , , , ,2025-09-12 04:01:59,True,False,False
2025-09-12,FHMRO,FHMRO,2025/09/12,04:13:56,CMA574,LFPGVHHH,391,-18,34 N,28.4,199.4,23.0,18630.5,83.160,0.234,0.9,0.7,10446.0,54048.0,54567.,54521.,0.0,0.,10546.,10537.0,0.,0.0,6047.,1.4,6055.0,0.8,0.0,0.0,0.,0.0,12236.0,12103.,1.1,0.03968,0.04039,-1.7,0.832,259,486.,525.,-0.027,0.000,0,2264202., , , , ,2025-09-12 04:13:56,True,False,False
2025-09-12,FHMRO,FHMRO,2025/09/12,16:36:18,CMA575,VHHHUBBB,320,-3,41 N,27.0,268.4,23.0,18627.7,85.090,0.024,0.1,-0.2,14625.0,53985.0,54031.,54037.,0.0,0.,14638.,14639.0,0.,0.0,8547.,1.6,8545.0,1.3,0.0,0.0,0.,0.0,17343.0,17092.,1.5,0.0288,0.02918,-1.3,0.833,304,500.,418.,0.008,-0.001,0,2189211., , , , ,2025-09-12 16:36:18,True,False,False
2025-09-12,FHMRO,FHMRO,2025/09/12,16:39:18,CMA575,VHHHUBBB,320,-4,41 N,26.9,268.0,23.0,18627.7,84.920,0.352,1.4,1.0,14362.0,53015.0,53730.,53736.,0.0,0.,14555.,14557.0,0.,0.0,8506.,1.1,8504.0,1.1,0.0,0.0,0.,0.0,17200.0,17010.,1.1,0.02907,0.02968,-2.1,0.834,304,500.,418.,-0.009,-0.010,0,2186112., , , , ,2025-09-12 16:39:18,True,False,False
2025-09-12,FHMRO,FHMRO,2025/09/12,16:49:02,CMA575,VHHHUBBB,320,-4,41 N,26.9,266.7,23.0,18627.7,85.070,0.225,0.9,0.5,14518.0,53589.0,54045.,54051.,0.0,0.,14641.,14643.0,0.,0.0,8546.,1.4,8544.0,1.1,0.0,0.0,0.,0.0,17305.0,17089.,1.3,0.02886,0.02938,-1.8,0.833,304,499.,418.,0.005,0.028,0,2175666., , , , ,2025-09-12 16:49:02,True,False,False
2025-09-12,FHMRO,FHMRO,2025/09/12,17:15:45,CMA575,VHHHUBBB,320,-4,41 N,26.8,263.3,23.0,18622.7,84.255,0.256,1.0,0.7,14103.0,52058.0,52567.,52593.,0.0,0.,14241.,14248.0,0.,0.0,8323.,1.2,8324.0,1.2,0.0,0.0,0.,0.0,16848.0,16647.,1.2,0.02961,0.03016,-1.8,0.833,304,499.,427.,-0.012,-0.002,0,2147223., , , , ,2025-09-12 17:15:45,True,False,False
2025-09-13,FHMRO,FHMRO,2025/09/13,01:04:47,CMA575,UBBBLFPG,340,-20,46 N,25.8,260.5,28.0,18624.8,83.760,0.035,0.2,-0.1,13933.0,56472.0,56555.,56562.,0.0,0.,13954.,13956.0,0.,0.0,7742.,1.4,7741.0,1.6,0.0,0.0,0.,0.0,15710.0,15483.,1.5,0.03,0.03041,-1.3,0.808,281,471.,436.,0.009,0.005,0,2332609., , , , ,2025-09-13 01:04:47,True,False,False
2025-09-13,FHMRO,FHMRO,2025/09/13,08:44:05,CMA634,LFPGZSPD,350,-22,47 N,34.9,257.4,27.0,18634.5,83.700,0.389,1.7,1.4,13333.0,56659.0,57646.,57654.,0.0,0.,13565.,13567.0,0.,0.0,7584.,1.4,7582.0,1.2,0.0,0.0,0.,0.0,15365.0,15166.,1.3,0.03132,0.03215,-2.6,0.831,284,481.,519.,-0.013,0.008,0,2404851., , , , ,2025-09-13 08:44:05,True,False,False
2025-09-14,FHMRO,FHMRO,2025/09/14,04:58:10,CMA635,ZSPDUBBB,320,-13,48 N,26.7,272.6,24.0,18634.7,84.110,0.388,1.5,1.1,14692.0,54236.0,55036.,55040.,0.0,0.,14909.,14910.0,0.,0.0,8497.,1.9,8496.0,1.5,0.0,0.0,0.,0.0,17281.0,16993.,1.7,0.02834,0.02914,-2.7,0.831,304,490.,435.,0.007,-0.013,0,2224520., , , , ,2025-09-14 04:58:10,True,False,False
2025-09-14,FHMRO,FHMRO,2025/09/14,05:15:00,CMA635,ZSPDUBBB,320,-13,48 N,26.6,270.4,24.0,18634.7,83.510,0.155,0.6,0.3,14528.0,53630.0,53951.,53954.,0.0,0.,14615.,14616.0,0.,0.0,8340.,1.6,8339.0,1.0,0.0,0.0,0.,0.0,16895.0,16679.,1.3,0.029,0.02946,-1.6,0.832,304,490.,440.,0.001,-0.009,0,2206725., , , , ,2025-09-14 05:15:00,True,False,False
2025-09-14,FHMRO,FHMRO,2025/09/14,10:16:23,CMA635,UBBBLFPG,320,-12,41 N,27.7,286.3,26.0,18635.1,85.220,0.115,0.5,0.2,15448.0,57027.0,57312.,57315.,0.0,0.,15526.,15527.0,0.,0.0,8847.,1.2,8846.0,0.6,0.0,0.0,0.,0.0,17850.0,17692.,0.9,0.02753,0.02783,-1.1,0.832,304,491.,434.,0.011,-0.006,0,2335597., , , , ,2025-09-14 10:16:23,True,False,False
2025-09-14,FHMRO,FHMRO,2025/09/14,11:19:49,CMA635,UBBBLFPG,320,-10,42 N,26.9,277.8,27.0,18635.3,84.390,0.13,0.5,0.2,14753.0,54458.0,54724.,54727.,0.0,0.,14825.,14826.0,0.,0.0,8511.,1.5,8510.0,1.2,0.0,0.0,0.,0.0,17259.0,17021.,1.4,0.02856,0.02901,-1.6,0.832,304,493.,458.,-0.007,0.010,0,2266659., , , , ,2025-09-14 11:19:49,True,False,False
2025-09-14,FHMRO,FHMRO,2025/09/14,11:32:42,CMA635,UBBBLFPG,320,-9,42 N,26.8,276.2,26.0,18634.3,84.770,0.127,0.5,0.2,14891.0,54968.0,55228.,55232.,0.0,0.,14961.,14962.0,0.,0.0,8594.,1.3,8593.0,1.3,0.0,0.0,0.,0.0,17407.0,17186.,1.3,0.02833,0.02874,-1.4,0.831,304,493.,449.,0.008,-0.014,0,2252880., , , , ,2025-09-14 11:32:42,True,False,False
2025-09-14,FHMRO,FHMRO,2025/09/14,11:42:39,CMA635,UBBBLFPG,320,-9,42 N,26.7,274.9,26.0,18634.3,84.510,-0.017,-0.1,-0.3,14831.0,54746.0,54711.,54714.,0.0,0.,14821.,14822.0,0.,0.0,8524.,1.2,8524.0,1.1,0.0,0.0,0.,0.0,17242.0,17048.,1.1,0.02863,0.02886,-0.8,0.832,304,494.,454.,0.007,0.000,0,2242263., , , , ,2025-09-14 11:42:39,True,False,False
2025-09-14,FHMRO,FHMRO,2025/09/14,11:46:53,CMA635,UBBBLFPG,320,-9,42 N,26.7,274.3,27.0,18638.2,84.535,0.312,1.2,0.8,14674.0,54166.0,54795.,54818.,0.0,0.,14844.,14851.0,0.,0.0,8527.,1.5,8529.0,1.0,0.0,0.0,0.,0.0,17271.0,17056.,1.3,0.02854,0.02914,-2.0,0.831,304,493.,454.,0.0,0.001,2,2237685., , , , ,2025-09-14 11:46:53,True,False,False
2025-09-14,FHMRO,FHMRO,2025/09/14,11:49:53,CMA635,UBBBLFPG,320,-10,43 N,26.7,273.9,27.0,18638.2,84.390,0.248,0.9,0.6,14663.0,54123.0,54632.,54635.,0.0,0.,14800.,14801.0,0.,0.0,8502.,0.9,8501.0,1.1,0.0,0.0,0.,0.0,17173.0,17003.,1.0,0.02872,0.02918,-1.6,0.832,304,493.,453.,-0.001,0.003,0,2234517., , , , ,2025-09-14 11:49:53,True,False,False
2025-09-14,FHMRO,FHMRO,2025/09/14,11:53:57,CMA635,UBBBLFPG,320,-10,43 N,26.7,273.4,27.0,18632.6,84.150,0.103,0.4,0.1,14634.0,54019.0,54230.,54233.,0.0,0.,14692.,14692.0,0.,0.0,8442.,1.3,8441.0,1.1,0.0,0.0,0.,0.0,17092.0,16883.,1.2,0.02884,0.02922,-1.3,0.832,304,493.,462.,-0.001,0.008,0,2228954., , , , ,2025-09-14 11:53:57,True,False,False
