event,delta_fuel_flow,delta_fuel
RH engine  + Airframe wash,1218.8289473684217,1218.8289473684217
LH engine wash,1132.8403361344535,1132.8403361344535
Dual engine wash,-79.63636363636397,-79.63636363636397
New line maintenance provider,-149.68333333333248,-149.68333333333248
RH engine wash,-573.1786283891543,-573.1786283891543
